Frame,BodyID,Shape,PosX,PosY,Angle,VelX,VelY,AngVel
0,0,Box,0,42.5,0,0,0,0
0,1,Box,0,-42.5,0,0,0,0
0,2,Box,-42.5,0,0,0,0,0
0,3,Box,42.5,0,0,0,0,0
0,4,Circle,-13.7384,-26.9966,0,-15,-2.6,0
0,5,Circle,-5.455,-29.705,0,-11.1,4.5,0
0,6,Circle,30.0733,-27.7117,0,-11.2,-6.1,0
0,7,Circle,31.7738,-21.63,0,-3.2,-6.2,0
0,8,Circle,-25.3833,22.67,0,-9.2,-12.6,0
0,9,Circle,-31.5217,-8.46,0,-13.9,-10.8,0
0,10,Circle,-4.75,-12.3433,0,-10.2,-13.4,0
0,11,Circle,32.2517,7.17167,0,-2.9,-10.1,0
0,12,Circle,-9.72833,-4.50333,0,-4.1,-12.2,0
0,13,Circle,-18.1471,-25.5285,0,-9.1,-1.2,0
0,14,Circle,-31.4321,21.4724,0,-4.90042,-10.7294,7.64138
0,15,Circle,-2.46833,-29.8767,0,0.7,-6.4,0
0,16,Circle,-12.0837,20.9682,0,4.4,-13.9,0
0,17,Circle,-28.34,-4.56833,0,-5.4,4.3,0
0,18,Circle,-31.2448,-14.5891,0,1.75126,-6.88497,2.58523
0,19,Circle,23.6583,-8.64353,0,-0.32681,-3.25448,-0.682268
0,20,Circle,13.1846,-11.9377,0,2.01236,-0.35996,0.751368
0,21,Circle,-7.98405,-8.44791,0,-6.6824,3.07021,-1.41505
0,22,Circle,27.225,-19.7617,0,-11.1,-8.5,0
0,23,Circle,-5.96484,28.3409,0,-5.53587,-8.88009,-6.37223
0,24,Circle,-14.9917,-34.2417,0,2.9,-5.5,0
0,25,Circle,-10.325,29.47,0,-4.71121,-10.4838,0
0,26,Circle,-15.2367,-17.2483,0,2,-10.7,0
0,27,Circle,-9.37912,7.9439,0,-3.64249,-2.29309,1.42921
0,28,Circle,19.76,-31.2517,0,-8.4,-7.9,0
0,29,Circle,-19.4367,-32.91,0,-1.6,-1.2,0
0,30,Circle,-8.54333,-7.26667,0,4,-5.2,0
0,31,Circle,-3.6517,-2.20931,0,-8.2,-6.8,0
0,32,Circle,20.0458,25.7158,0,-3.2,-2.4,0
0,33,Circle,-20.2528,16.671,0,-9,-9.6,0
0,34,Circle,16.3249,6.67589,0,-1.05669,-9.29203,1.31779
0,35,Circle,-12.8333,34.49,0,2.2,-15,0
0,36,Circle,9.24167,-23.9217,0,-2.9,-11.5,0
0,37,Circle,-29.2917,-16.0983,0,-10.8832,3.19851,0
0,38,Circle,-18.22,-24.7417,0,-7.2,0.5,0
0,39,Circle,32.97,-28.48,0,-11.4,-0.6,0
0,40,Circle,4.57167,-35.1933,0,-8.3,-6.2,0
0,41,Circle,-7.26981,-8.68396,0,-7.81253,-2.79696,-7.13623
0,42,Circle,-33.8909,-0.314936,0,-0.579516,3.85248,1.9618
0,43,Circle,23.4796,24.7587,0,-12.9,3.4,0
0,44,Circle,28.7233,-2.925,0,-4,3.9,0
0,45,Circle,15.6533,-11.9533,0,-10.6,1,0
0,46,Circle,-29.5267,0.701666,0,-4,-1.7,0
0,47,Circle,-14.9867,35.4767,0,-8.8,-9.8,0
0,48,Circle,3.17333,-7.625,0,2,-10.5,0
0,49,Circle,-3.87247,27.2453,0,-14.7,-9.2,0
0,50,Circle,26.0495,-11.4208,0,4,0.3,0
0,51,Circle,-11.7935,-4.1796,0,-14,-2.9,0
0,52,Circle,-16.5879,-1.66047,0,-0.472162,3.9367,-1.46126
0,53,Circle,30.5017,-1.71333,0,-0.5,-3.8,0
0,54,Circle,17.175,18.3733,0,-3.3,-4.6,0
0,55,Circle,-4.22,35.7183,0,-10.2,-0.1,0
0,56,Circle,-15.6067,-15.0333,0,-2.8,-12.2,0
0,57,Circle,19.3617,-23.5183,0,-2.3,4.9,0
0,58,Circle,4.62152,28.5139,0,-9.25777,-4.50149,4.72393
0,59,Circle,-32.7683,13.3983,0,1.3,-12.1,0
0,60,Circle,-4.25551,-25.5848,0,-9.79189,-6.33611,2.18099
0,61,Circle,6.06667,-5.94,0,-3.2,0.6,0
0,62,Circle,-0.183334,4.995,0,-0.2,-7.5,0
0,63,Circle,-3.165,33.6433,0,2.1,1.4,0
0,64,Circle,16.0983,-31.1783,0,-7.3,3.1,0
0,65,Circle,0.408682,24.7512,0,-5.96906,-7.41808,-6.36138
0,66,Circle,-31.6733,10.8083,0,-8,-1.3,0
0,67,Circle,10.0567,24.6083,0,2.8,3.5,0
0,68,Circle,21.2483,-2.24333,0,-10.3,-14,0
0,69,Circle,19.7083,34.0683,0,-8.5,-1.9,0
0,70,Circle,-18.5883,22.255,0,-1.1,-1.5,0
0,71,Circle,4.96247,-20.4157,0,-3.9,-9.3,0
0,72,Circle,5.82167,-3.125,0,-14.9,0.3,0
0,73,Circle,18.695,-7.79667,0,-1.5,-14.2,0
0,74,Circle,-15.3933,23.0353,0,-1.8,-5.4,0
0,75,Circle,-2.73207,-16.907,0,-3.63254,6.92836,-10.4371
0,76,Circle,-15.4113,24.1877,0,-0.296551,-2.08259,-2.92196
0,77,Circle,33.6772,33.619,0,-1.91535,-7.70262,-7.68487
0,78,Circle,-30.7533,0.168335,0,-14,-4.3,0
0,79,Circle,-12.4333,-23.815,0,-0.2,-14.7,0
0,80,Circle,-0.168331,-33.1933,0,0.1,-1.4,0
0,81,Circle,23.3717,-12.9283,0,-1.1,1.3,0
0,82,Circle,-21.5567,29.3133,0,-4,-5.8,0
0,83,Circle,-10.595,-12.5133,0,-0.9,-11,0
0,84,Circle,-12.2981,28.8256,0,-8.9,-11.6,0
0,85,Circle,31.0639,-26.6175,0,-1.9,2.3,0
0,86,Circle,5.29445,8.58923,0,-4.6,1,0
0,87,Circle,11.7067,6.825,0,-11.6,-7.5,0
0,88,Circle,19.8483,4.665,0,-7.9,-9.3,0
0,89,Circle,-7.635,19.825,0,-5.1,-8.7,0
0,90,Circle,3.26167,-26.19,0,-1.1,-13.8,0
0,91,Circle,-10.6867,-6.55833,0,4.4,-0.5,0
0,92,Circle,-33.8255,-31.4771,0,-8.1,-7.5,0
0,93,Circle,16.8941,24.3768,0,-7.84046,-0.105775,-2.27486
0,94,Circle,20.2794,17.8444,0,-6.56671,3.9887,-9.63263
0,95,Circle,-9.39914,29.9562,0,-12.6,-11.8,0
0,96,Circle,-13.8133,1.47167,0,-6.2,0.7,0
0,97,Circle,-35.1533,23.4233,0,-12.2,-0.4,0
0,98,Circle,34.3522,-27.2698,0,-3.5342,-13.3462,-1.79536
0,99,Circle,-11.7798,-4.91873,0,-13.8,-13.8,0
0,100,Circle,7.95667,35.4483,0,-11.6,2.9,0
0,101,Circle,24.8283,30.86,0,-8.5,-13.8,0
0,102,Circle,-30.8817,25.875,0,-12.1,-14.7,0
0,103,Circle,-4.98833,5.265,0,2.5,4.5,0
0,104,Circle,3.7245,18.9278,0,-1.13015,-2.97147,10.5155
0,105,Circle,1.49833,2.04666,0,-13.3,2.2,0
0,106,Circle,16.4283,10.7867,0,-6.1,-4.4,0
0,107,Circle,-32.0622,-11.5839,0,-0.506623,-9.73785,-0.147329
0,108,Circle,-20.4017,9.98333,0,-0.1,4.4,0
0,109,Circle,-33.7447,-17.8873,0,2.4,-4.8,0
0,110,Circle,10.0837,-27.4932,0,-8.58107,-3.48113,1.75989
0,111,Circle,-12.7872,35.5125,0,-13.4,2.1,0
0,112,Circle,34.9783,20.3133,0,-8.5,-10.6,0
0,113,Circle,-31.6217,0.113332,0,-6.1,-8.8,0
0,114,Circle,15.0813,-19.1307,0,-1.59392,-8.19664,-1.0116
0,115,Circle,9.22334,33.465,0,-6.4,3.3,0
0,116,Circle,11.5943,-26.5074,0,-2.3,-0.7,0
0,117,Circle,21.3567,10.2433,0,-11.6,-0.4,0
0,118,Circle,-3.365,-0.0650006,0,-14.1,2.7,0
0,119,Circle,17.3733,1.46167,0,2.6,4.3,0
0,120,Circle,12.04,-3.06,0,-10.2,-0.6,0
0,121,Circle,-24.125,-8.87,0,-14.7,4.2,0
0,122,Circle,-14.7417,19.8333,0,-5.5,-10,0
0,123,Circle,-7.69167,21.4183,0,-7.9,-3.1,0
0,124,Circle,28.0419,35.1083,0,-8.9,0.5,0
0,125,Circle,-23.9017,0.501665,0,2.3,3.7,0
0,126,Circle,32.8233,-24.5467,0,-11.2,-14.2,0
0,127,Circle,18.27,-18.0717,0,-6,-9.7,0
0,128,Circle,27.335,-8.57333,0,2.7,-10.4,0
0,129,Circle,12.9571,-12.6373,0,1.68764,-2.94004,0.595104
0,130,Circle,3.01122,21.5467,0,-11.8,-14.1,0
0,131,Circle,-30.3317,20.7968,0,-2.55697,-12.187,-10.0121
0,132,Circle,26.6,28.2583,0,-10.8,-4.9,0
0,133,Circle,20.9567,-18.1483,0,-12.8,0.1,0
0,134,Circle,-24.3673,11.0063,0,-2.6,-4.5,0
0,135,Circle,17.6125,2.39926,0,-12.1,-8.8,0
0,136,Circle,22.6083,28.1933,0,-13.9,0.8,0
0,137,Circle,-23.3867,34.5533,0,-9.4,4.4,0
0,138,Circle,2.27,19.4133,0,3,1.4,0
0,139,Circle,-16.9,-3.905,0,-2.4,-5.1,0
0,140,Circle,-33.4017,-9.32333,0,-14.5,-5.6,0
0,141,Circle,-15.2238,23.682,0,-0.803448,-4.21741,-0.397291
0,142,Circle,18.5517,-25.775,0,-0.5,-6.9,0
0,143,Circle,32.0867,-8.78667,0,-8.6,-5.8,0
0,144,Circle,22.34,-25.725,0,1.8,-2.1,0
0,145,Circle,-21.7717,34.43,0,-1.9,-1.2,0
0,146,Circle,28.9833,-20.9467,0,-10.6,-13,0
0,147,Circle,23.3533,15.8983,0,-10.6,-3.1,0
0,148,Circle,-24.4717,12.325,0,2.3,-3.3,0
0,149,Circle,-35.3746,-27.8529,0,-1.6,0.3,0
0,150,Circle,-3.20333,16.8283,0,-8,-1.9,0
0,151,Circle,-12.4596,20.6851,0,-1,-14.1,0
0,152,Circle,18.2367,-1.79167,0,-10.4,-10.3,0
0,153,Circle,5.09294,8.12787,0,-9.97493,-12.041,2.53386
0,154,Circle,-4.24958,-32.7107,0,-0.253134,-3.74987,0.851733
0,155,Circle,31.6245,-26.9425,0,4.2,-6.5,0
0,156,Circle,-9.73237,-12.6683,0,-7.98382,-6.66961,-8.35994
0,157,Circle,-17.21,-31.0133,0,-4.2,-1.4,0
0,158,Circle,-4.22362,-24.8703,0,-10.776,-5.92886,-1.25935
0,159,Circle,-9.6807,-11.9368,0,-2.41618,-4.43039,-6.55043
0,160,Circle,-19.4733,8.35167,0,1.6,2.5,0
0,161,Circle,27.2648,35.1617,0,-14.1,-0.5,0
0,162,Circle,-8.26,-2.08,0,-3,-6,0
0,163,Circle,8.88,16.5817,0,1.8,-8.9,0
0,164,Circle,-9.45833,-26.04,0,-2.3,1.8,0
0,165,Circle,35.94,12.4367,0,-3,-2,0
0,166,Circle,12.8067,-6.075,0,-8.6,-13.5,0
0,167,Circle,-22.9483,31.0567,0,-4.7,-9.2,0
0,168,Circle,-23.5767,-3.4,0,-4.6,-13.2,0
0,169,Circle,10.89,-7.55333,0,-11.4,-6.2,0
0,170,Circle,-20.955,-6.48,0,-7.5,-10.2,0
0,171,Circle,-14.0217,0.433332,0,2.3,-1.6,0
0,172,Circle,10.9747,-28.8402,0,4.12666,-13.3313,1.24636
0,173,Circle,12.7033,-10.73,0,-3.4,-3,0
0,174,Circle,7.00667,29.6333,0,4.6,-14.8,0
0,175,Circle,25.1483,-17.5483,0,-2.5,-4.7,0
0,176,Circle,-13.77,9.10167,0,-6.6,0.1,0
0,177,Circle,-24.2458,-0.383286,0,-5.13758,-6.25182,0.705391
0,178,Circle,25.715,1.53667,0,-7.5,-2,0
0,179,Circle,-25.0583,-30.3917,0,-7.1,3.5,0
0,180,Circle,-30.9954,-26.2481,0,-1.76183,-4.53943,4.48077
0,181,Circle,-0.286667,-22.235,0,3.2,2.7,0
0,182,Circle,10.524,-27.9283,0,-7.51893,-3.41887,0.74245
0,183,Circle,-22.6267,20.5983,0,-5.8,3.5,0
0,184,Circle,-8.52173,13.4643,0,-2.9,-2.3,0
0,185,Circle,35.325,-25.445,0,-7.5,-10.5,0
0,186,Circle,32.1467,-15.345,0,-12.8,2.7,0
0,187,Circle,9.88333,-5.44833,0,0.8,3.1,0
0,188,Circle,-25.1767,-18.7617,0,-6.4,4.7,0
0,189,Circle,32.47,-23.41,0,-7.8,-12,0
0,190,Circle,33.2961,33.3343,0,-8.08465,-2.29738,1.05031
0,191,Circle,-6.19167,-28.8617,0,4.7,-6.1,0
0,192,Circle,7.35,-15.95,0,-10.2,-1.2,0
0,193,Circle,11.3452,-34.6898,0,-4.64338,-7.37576,2.03343
0,194,Circle,-34.635,-2.31333,0,-10.5,-14.6,0
0,195,Circle,-23.3938,-23.032,0,3.53913,-8.06917,-0.168306
0,196,Circle,-35.8499,20.6102,0,-5.23783,-6.89354,-4.4563
0,197,Circle,-0.203334,18.21,0,-11,-4.8,0
0,198,Circle,14.1233,-0.500001,0,-9.4,-7.2,0
0,199,Circle,-0.483332,20.9517,0,1.6,0.1,0
0,200,Circle,33.8,-6.005,0,3.6,3.3,0
0,201,Circle,-4.73167,-5.05,0,-14.5,-0.6,0
0,202,Circle,24.44,-2.32333,0,-3,-5,0
0,203,Circle,-8.77333,35.56,0,-6.8,-3.6,0
0,204,Circle,-14.55,27.8183,0,-1.2,-13.3,0
0,205,Circle,-19.3467,5.05333,0,3.2,2,0
0,206,Circle,-27.08,-27.7733,0,-11.4,-14.6,0
0,207,Circle,-11.1599,3.42364,0,3.47228,-14.1537,1.79483
0,208,Circle,24.2345,24.9752,0,2.3,-4.7,0
0,209,Circle,-10.8569,14.8038,0,4.8,4.6,0
0,210,Circle,-22.2417,-32.0483,0,-10.3,4.3,0
0,211,Circle,-16.6617,-7.15167,0,4.1,-13.9,0
0,212,Circle,-15.2427,-1.27828,0,-0.661942,-8.34904,-0.211834
0,213,Circle,-22.4533,-30.8667,0,-12.2,-14.8,0
0,214,Circle,-29.14,-5.72833,0,-15,4.3,0
0,215,Circle,1.80154,27.1023,0,-8.4,4.4,0
0,216,Circle,20.995,-32.295,0,-11.7,2.7,0
0,217,Circle,-2.89333,-23.7617,0,-4.4,-10.9,0
0,218,Circle,-4.095,-15.7933,0,2.7,0.4,0
0,219,Circle,14.2727,-31.9634,0,-11.7,-14.5,0
0,220,Circle,-18.2379,-26.1532,0,1.6,-10.3,0
0,221,Circle,-16.1261,-1.4388,0,1.24072,2.21327,0.858959
0,222,Circle,31.3017,-9.48,0,-5.9,-7.8,0
0,223,Circle,-28.5576,-2.59287,0,-6.73409,-15.8365,3.62876
0,224,Circle,-3.50587,27.5647,0,-13.4,-8.8,0
0,225,Circle,-7.91712,-31.0655,0,-4.67658,1.74606,-0.918767
0,226,Circle,1.29561,-1.16298,0,-13.5,-2.2,0
0,227,Circle,24.39,8.32833,0,-15,-6.1,0
0,228,Circle,4.96747,-10.8209,0,1,-3.8,0
0,229,Circle,-27.0328,-18.7333,0,-4.59461,-9.48248,-0.739834
0,230,Circle,17.0867,-27.6617,0,-0.8,-7.9,0
0,231,Circle,-11.9914,-1.40052,0,-10,-7.4,0
0,232,Circle,35.5965,24.036,0,-13.4,-0.1,0
0,233,Circle,-10.0433,23.8133,0,2.8,2.6,0
0,234,Circle,-0.704999,8.85667,0,0.3,-2,0
0,235,Circle,-25.39,16.8583,0,-6.6,-0.7,0
0,236,Circle,-12.8283,-18.2433,0,-14.9,1,0
0,237,Circle,20.1433,-33.9133,0,-1.6,-5.6,0
0,238,Circle,33.9183,-29.623,0,-4.5,-2.4,0
0,239,Circle,34.9357,9.63055,0,-2.97783,-0.982567,0
0,240,Circle,-22.9783,19.0817,0,-5.9,-7.1,0
0,241,Circle,19.975,-17.8683,0,-6.3,-3.5,0
0,242,Circle,-5.10781,-32.8741,0,0.954292,-2.66334,-0.928453
0,243,Circle,30.95,-30.67,0,3,-4.8,0
0,244,Circle,0.791668,20.2567,0,0.1,1.6,0
0,245,Circle,-34.0801,33.6052,0,-9.5,3,0
0,246,Circle,-12.2829,35.44,0,-4.89932,-5.20302,2.75643
0,247,Circle,-3.41667,2.41167,0,-5.8,-11.3,0
0,248,Circle,27.8065,-23.2859,0,-2.76588,-0.63051,2.30479
0,249,Circle,22.25,20.56,0,-4.8,2.4,0
0,250,Circle,35.2629,22.8398,0,-9.46948,-3.78699,-4.67747
0,251,Circle,28.155,-6.60167,0,0.3,-5.5,0
0,252,Circle,20.9491,-22.3101,0,-9.1,-7.5,0
0,253,Circle,7.98333,-23.4883,0,-4,-1.7,0
0,254,Circle,2.45493,-16.8762,0,2.45966,-3.44575,-1.6308
0,255,Circle,3.31167,-10.0717,0,-13.1,3.5,0
0,256,Circle,-34.4972,-0.315357,0,-1.02858,2.79993,0.275932
0,257,Circle,4.66333,20.15,0,-4.6,1.8,0
0,258,Circle,32.825,24.78,0,-11.1,-11.4,0
0,259,Circle,-8.21605,25.5787,0,-4.3,-14.1,0
0,260,Circle,-6.47183,28.3474,0,-6.86413,-2.01991,0.158795
0,261,Circle,-2.72833,20.4867,0,3.1,-2,0
0,262,Circle,26.3883,9.03,0,-8.5,1.8,0
0,263,Circle,30.6617,30.8383,0,3.7,-11.5,0
0,264,Circle,-32.252,-12.9054,0,-13,-7.4,0
0,265,Circle,-35.5012,-25.749,0,-0.9,-4.5,0
0,266,Circle,-19.5133,-20.79,0,-13.4,-10.2,0
0,267,Circle,-9.22667,-21.7017,0,-0.4,-9.7,0
0,268,Circle,-30.5036,-19.1603,0,-14.6,-2.2,0
0,269,Circle,-10.19,-1.31833,0,-13.2,-10.7,0
0,270,Circle,-21.8309,8.24814,0,-13.9,-10,0
0,271,Circle,-30.035,-5.175,0,-9.9,-7.5,0
0,272,Circle,-25.7183,-3.96667,0,-8.9,-4.6,0
0,273,Circle,-15.2483,-11.585,0,-11.3,-9.9,0
0,274,Circle,-30.085,-15.9883,0,-14.1168,-2.39851,0
0,275,Circle,-11.14,-27.6733,0,-7.2,-9.2,0
0,276,Circle,-22.7017,-29.7883,0,-1.3,1.9,0
0,277,Circle,-32.76,33.0317,0,-7.2,-11.9,0
0,278,Circle,1.01,1.29667,0,-9.6,-2.6,0
0,279,Circle,16.4667,6.33244,0,-0.0433088,-10.008,-0.670278
0,280,Circle,-2.78833,-26.6317,0,-5.3,-5.5,0
0,281,Circle,-30.6133,16.9067,0,-3.8,-12.2,0
0,282,Circle,11.9433,13.1917,0,-11.2,0.1,0
0,283,Circle,-13.4667,32.0583,0,3.2,-13.3,0
0,284,Circle,-18.9017,-10.575,0,-9.7,-11.1,0
0,285,Circle,28.5583,-10.1167,0,3.5,-4,0
0,286,Circle,23.329,20.4022,0,-10.1552,-2.53034,3.99454
0,287,Circle,-31.9167,14.5417,0,3.2,-5.9,0
0,288,Circle,-28.48,-23.6233,0,4.8,1,0
0,289,Circle,-27.905,-10.3733,0,-5.7,-0.2,0
0,290,Circle,32.625,28.6217,0,-2.7,-7.7,0
0,291,Circle,-34.8967,-8.43333,0,-1,2.8,0
0,292,Circle,-19.58,-1.67833,0,4.8,0.7,0
0,293,Circle,-11.5921,-1.41382,0,-8.3,-9.3,0
0,294,Circle,15.2817,21.8,0,-5.3,-3.6,0
0,295,Circle,-2.54437,-31.5767,0,2.13866,-2.30126,0.991368
0,296,Circle,-33.1651,24.75,0,-9.23159,-0.464728,0.595134
0,297,Circle,18.7917,-27.2133,0,-4.1,-0.2,0
0,298,Circle,6.05833,-34.2633,0,-6.7,-8.6,0
0,299,Circle,-24.8067,19.02,0,-1.6,-13.8,0
0,300,Circle,21.7867,22.5817,0,-14.6,-0.5,0
0,301,Circle,-10.2367,-33.9033,0,3.8,-1.4,0
0,302,Circle,-4.50261,-33.3185,0,-0.701157,-5.78679,0.545757
0,303,Circle,17.8088,-6.04969,0,-12.2,3.5,0
0,304,Circle,8.63836,-0.191362,0,-8.08327,-6.31597,7.436
0,305,Circle,-2.1573,-31.0766,0,-1.63866,0.901263,0.419017
0,306,Circle,27.6667,3.19167,0,-6.2,-1.1,0
0,307,Circle,9.02833,28.9367,0,-9.7,-13.4,0
0,308,Circle,-28.286,-2.99259,0,1.1,-11.4,0
0,309,Circle,-30.7783,15.205,0,-3.5,2.1,0
0,310,Circle,-23.32,-12.0883,0,0.6,-3.5,0
0,311,Circle,-35.5483,-31.4383,0,-7.7,-8.9,0
0,312,Circle,-13.8333,26.775,0,-8.6,-0.3,0
0,313,Circle,10.05,12.865,0,0,-2.7,0
0,314,Circle,3.11333,11.7517,0,-2.2,-5.9,0
0,315,Circle,-23.5083,-32.465,0,-2.9,-0.9,0
0,316,Circle,-8.49827,13.929,0,-4.3,-1.7,0
0,317,Circle,8.08833,-11.6933,0,3.5,-11,0
0,318,Circle,-11.9267,-9.68931,0,-7.68229,-3.8326,-3.8249
0,319,Circle,16.5167,-5.52667,0,-12.8,0.8,0
0,320,Circle,7.05667,-5.49167,0,4.6,-12.7,0
0,321,Circle,33.545,-3.99167,0,-13.5,-6.1,0
0,322,Circle,-34.1533,-12.525,0,-7.4,3.3,0
0,323,Circle,-8.18078,-27.9708,0,-5.3,-5,0
0,324,Circle,-35.2133,7.895,0,-14.6,-3.3,0
0,325,Circle,-18.3684,-30.165,0,-13.431,-8.52503,-2.84268
0,326,Circle,20.9254,27.9031,0,-1.46068,-6.38658,-0.352667
0,327,Circle,-31.7467,-17.9833,0,-13,4.6,0
0,328,Circle,17.8167,-3.30834,0,-14,-13.7,0
0,329,Circle,-35.6267,-6.42167,0,-5.2,-12.7,0
0,330,Circle,16.2467,24.9267,0,4.6,-6.2,0
0,331,Circle,-17.4835,29.4783,0,-10.4,-2.6,0
0,332,Circle,-7.05,-25.3617,0,1.2,-4.3,0
0,333,Circle,21.6833,26.4083,0,-2.8,4.1,0
0,334,Circle,-28.8317,-33.56,0,1.7,-11.4,0
0,335,Circle,17.2889,-6.59477,0,-3.6,-12.6,0
0,336,Circle,25.6339,-12.0526,0,-2,-4.1,0
0,337,Circle,-25.35,-23.0083,0,-0.6,-13.7,0
0,338,Circle,-18.0967,9.18667,0,-4.6,-3.2,0
0,339,Circle,2.25591,-17.4019,0,1.28358,-3.50005,-2.25325
0,340,Circle,1.43215,26.5321,0,0.782748,-1.93284,-3.35134
0,341,Circle,6.54167,33.4317,0,-13.7,0.1,0
0,342,Circle,23.611,19.7511,0,-7.24476,-3.26965,2.78927
0,343,Circle,-32.4328,-11.9711,0,-12.9934,1.63785,-1.87476
0,344,Circle,-19.6567,-2.735,0,1.4,2.7,0
0,345,Circle,34.7817,14.8333,0,-14.9,-7.6,0
0,346,Circle,13.6517,3.50667,0,4.9,1,0
0,347,Circle,13.4,9.685,0,1.8,-11.7,0
0,348,Circle,-2.56167,15.2967,0,-10.3,-9.8,0
0,349,Circle,13.81,-28.2317,0,-2.4,-4.3,0
0,350,Circle,-26.6667,13.97,0,-11.8,1.2,0
0,351,Circle,20.691,-11.5064,0,-0.981283,-1.87074,1.22776
0,352,Circle,-14.5067,-12.83,0,2.6,0,0
0,353,Circle,8.19833,14.2783,0,-9.7,-0.7,0
0,354,Circle,-17.98,-34.9783,0,-1.2,2.5,0
0,355,Circle,-17.071,-5.7612,0,-0.2,-14.4,0
0,356,Circle,-2.415,-10.24,0,-1.5,0,0
0,357,Circle,-27.7775,-18.9777,0,-7.75954,-8.03433,-2.11476
0,358,Circle,16.2967,-20.1567,0,-6.2,4.4,0
0,359,Circle,-33.8833,-5.99333,0,-0.2,1.6,0
0,360,Circle,-5.49833,12.585,0,-13.7,-3.9,0
0,361,Circle,-12.5064,12.0905,0,-2.6,-3.4,0
0,362,Circle,-23.895,-2.56333,0,-2.1,-2,0
0,363,Circle,28.2367,-3.59833,0,-9.8,0.7,0
0,364,Circle,-27.9698,-21.8711,0,-1.8,-11.2,0
0,365,Circle,2.02,-22.0467,0,2.4,0.8,0
0,366,Circle,29.4267,-0.0683318,0,-8.6,-13.1,0
0,367,Circle,15.1967,28.4467,0,-10.4,1,0
0,368,Circle,-21.9533,-27.6333,0,-7.4,2.8,0
0,369,Circle,22.1583,-19.1,0,-4.9,-0.6,0
0,370,Circle,-10.83,26.2867,0,-1.8,-11.6,0
0,371,Circle,15.5833,-21.3817,0,4.4,-14.5,0
0,372,Circle,-12.885,30.3483,0,-6.3,2.3,0
0,373,Circle,3.06421,-16.6969,0,3.65676,-4.2542,-2.01034
0,374,Circle,10.6467,-30.46,0,-13.4,-1.8,0
0,375,Circle,33.7117,19.37,0,-5.3,1.8,0
0,376,Circle,11.7535,33.3568,0,0.7,2.5,0
0,377,Circle,-32.48,5.095,0,-3.6,-14.7,0
0,378,Circle,-23.4679,-27.3226,0,1.3,-4.8,0
0,379,Circle,-31.98,-22.6983,0,0.6,-11.9,0
0,380,Circle,31.5667,-33.7383,0,-8.6,-13.1,0
0,381,Circle,-30.7854,33.5935,0,-3.30037,-12.2139,11.9618
0,382,Circle,24.3924,-28.6143,0,0.1,-14.5,0
0,383,Circle,34.5367,-1.45667,0,-5,-13.6,0
0,384,Circle,-35.9067,-9.675,0,-2.2,-11.1,0
0,385,Circle,-4.72833,18.725,0,-12.5,-8.7,0
0,386,Circle,13.9033,18.1383,0,-6.4,4.1,0
0,387,Circle,-21.8717,-19.0033,0,0.5,-11.6,0
0,388,Circle,30.8683,-19.5783,0,-10.3,-7.1,0
0,389,Circle,-5.14333,6.78833,0,-0.2,-4.9,0
0,390,Circle,-33.315,-34.0167,0,-8.7,-7,0
0,391,Circle,-34.2985,-0.881374,0,-1.79191,2.24759,-0.786401
0,392,Circle,33.6017,4.21,0,-6.5,-10.8,0
0,393,Circle,3.75833,2.435,0,-11.5,2.7,0
0,394,Circle,-4.48009,11.8278,0,-2.6,-1.8,0
0,395,Circle,15.315,-6.15167,0,-13.5,-0.7,0
0,396,Circle,23.865,-1.73667,0,-7.5,-5.2,0
0,397,Circle,-34.6587,-28.0471,0,0.8,0.9,0
0,398,Circle,-7.98134,-20.1467,0,-8.85743,-2.42657,1.77787
0,399,Circle,27.1333,20.8067,0,-6.4,-2,0
0,400,Circle,-4.61089,21.8778,0,-7.5,-1.5,0
0,401,Circle,-8.40862,1.68132,0,-12.0882,-3.81234,3.53179
0,402,Circle,-24.8442,-0.238381,0,-8.06242,-6.44818,1.94169
0,403,Circle,-7.95089,-27.2642,0,1,2.3,0
0,404,Circle,-13.8583,-26.5901,0,-11.2,4.6,0
0,405,Circle,-7.09833,30.57,0,-2.3,-13.8,0
0,406,Circle,7.91379,-33.9638,0,3.9,-7.2,0
0,407,Circle,1.04239,24.5864,0,-5.43094,-14.2819,-4.59646
0,408,Circle,-13.815,-4.70333,0,-5.1,-8,0
0,409,Circle,-13.4983,-9.06833,0,-4.7,-8.9,0
0,410,Circle,-30.9233,-23.865,0,-2.6,-5.7,0
0,411,Circle,-0.555,1.58167,0,-3.3,-1.7,0
0,412,Circle,-0.456666,8.08333,0,-13.6,1.4,0
0,413,Circle,-19.3483,-34.9117,0,-11.9,-12.1,0
0,414,Circle,34.0733,-8.105,0,-5.8,-9.3,0
0,415,Circle,-5.7699,-19.9788,0,2.1,-4.2,0
0,416,Circle,0.126666,-30.5317,0,-10.4,-3.7,0
0,417,Circle,30.055,-8.25833,0,2.7,-11.9,0
0,418,Circle,-5.06305,19.6428,0,-3.28855,-4.22054,2.3794
0,419,Circle,-32.4217,-1.26167,0,-3.1,-3.1,0
0,420,Circle,-21.4933,16.8967,0,-5,-11.6,0
0,421,Circle,4.73333,21.695,0,-13.6,-11.7,0
0,422,Circle,21.2383,-21.16,0,-13.9,-9.6,0
0,423,Circle,14.5383,-7.93167,0,-9.1,4.7,0
0,424,Circle,-23.8142,-23.3604,0,-2.93913,-3.43084,-8.59661
0,425,Circle,-23.375,-20.8833,0,3.3,1,0
0,426,Circle,14.8283,-19.4335,0,1.69392,-12.2034,3.361
0,427,Circle,-8.49121,-30.5795,0,-5.42342,3.35394,-1.07989
0,428,Circle,-10.0452,6.56198,0,-7,-13.5,0
0,429,Circle,-13.7333,22.525,0,-2.6,-14.1,0
0,430,Circle,-31.6183,26.9883,0,-7.7,-13.9,0
0,431,Circle,28.0546,-2.33006,0,-14.7,-5,0
0,432,Circle,-1.595,-2.765,0,3.3,-0.9,0
0,433,Circle,-9.88979,7.16303,0,-4.7,4.2,0
0,434,Circle,24.5083,25.7967,0,4.7,-0.2,0
0,435,Circle,18.7533,30.745,0,-5.2,3.3,0
0,436,Circle,-16.065,-35.835,0,-9.3,-2.7,0
0,437,Circle,-28.2775,-1.14832,0,0.0494514,-10.1714,4.03247
0,438,Circle,-12.5817,33.5467,0,4.1,-13.4,0
0,439,Circle,29.2583,31.3633,0,-2.5,-14.2,0
0,440,Circle,1.23393,24.7457,0,3.3,-6.3,0
0,441,Circle,-24.5083,-13.5433,0,-2.9,-8.6,0
0,442,Circle,28.6567,-1.50167,0,-9.2,-7.3,0
0,443,Circle,10.9817,4.64833,0,-13.1,-7.3,0
0,444,Circle,-33.6517,0.578334,0,-6.1,-7.3,0
0,445,Circle,4.19681,29.0061,0,-13.6422,-6.89851,2.29574
0,446,Circle,7.81,20.2417,0,-12,4.9,0
0,447,Circle,26.195,31.3133,0,3.3,2,0
0,448,Circle,14.699,-31.6432,0,3.4,-5.1,0
0,449,Circle,35.0694,-27.3919,0,-2.9658,-14.9538,-2.35449
0,450,Circle,2.07631,26.2789,0,0.417252,-4.66716,-2.09065
0,451,Circle,-8.85138,2.03035,0,-15.5118,-6.88766,0.628082
0,452,Circle,-23.0211,-0.445513,0,0.403816,1.73738,1.02548
0,453,Circle,-34.4645,0.721433,0,1.31697,-9.96201,2.68814
0,454,Circle,8.995,-4.345,0,-7.5,-5.7,0
0,455,Circle,-16.1046,-33.1203,0,-7.6,-12.4,0
0,456,Circle,-8.75167,5.64,0,-4.3,-10.8,0
0,457,Circle,-27.625,21.0983,0,-13.5,-10.3,0
0,458,Circle,31.6533,0.469999,0,-2.2,-9,0
0,459,Circle,-21.4417,-35.5533,0,-13.9,-12.8,0
0,460,Circle,-0.494998,-31.4217,0,-4.5,-0.1,0
0,461,Circle,13.0033,32.9483,0,-6.4,-9.1,0
0,462,Circle,-29.265,-9.95667,0,-11.7,-1,0
0,463,Circle,1.06333,25.5483,0,-8.8,-7.9,0
0,464,Circle,-35.3012,-25.1132,0,4.2,0.6,0
0,465,Circle,-27.0117,11.3133,0,2.9,3.2,0
0,466,Circle,30.245,-22.9783,0,-6.9,-8.3,0
0,467,Circle,-32.9833,3.215,0,2.8,-11.7,0
0,468,Circle,5.44261,7.57457,0,2.57493,-6.25903,4.04915
0,469,Circle,6.45667,14.185,0,-3.2,3.9,0
0,470,Circle,26.5383,-26.6867,0,-5.5,-5.8,0
0,471,Circle,-18.54,33.7833,0,-3.6,-12.4,0
0,472,Circle,8.86167,21.46,0,-11.9,-3,0
0,473,Circle,-30.8083,-33.42,0,-10.1,-1.8,0
0,474,Circle,24.1076,24.3144,0,2.3,-12,0
0,475,Circle,18.0033,21.0733,0,-8.8,-8.8,0
0,476,Circle,-11.0533,20.82,0,-3.8,-3,0
0,477,Circle,2.55666,23.52,0,-12.2,-13.2,0
0,478,Circle,-9.32764,-24.2051,0,-7.50577,-7.43963,1.69296
0,479,Circle,33.5967,-29.5436,0,-7.8,-14.8,0
0,480,Circle,-7.715,-15.725,0,-1.5,0.9,0
0,481,Circle,6.17333,-23.9633,0,4.4,0.4,0
0,482,Circle,7.945,-9.52,0,-10.5,-2.4,0
0,483,Circle,-0.151665,-6.72333,0,-3.1,4.6,0
0,484,Circle,11.3101,-35.3449,0,-0.256623,-8.52424,4.01306
0,485,Circle,-16.5809,-2.06073,0,2.53144,0.450036,1.87563
0,486,Circle,-32.8683,8.39,0,-5.3,2.4,0
0,487,Circle,0.17,23.08,0,-14.4,-15,0
0,488,Circle,-7.87333,16.9767,0,-4.4,-8.6,0
0,489,Circle,-12.805,-32.97,0,-3.3,4.2,0
0,490,Circle,-13.255,16.2267,0,0.3,-4.4,0
0,491,Circle,-15.1373,-0.918389,0,-7.13806,-6.45096,0.426801
0,492,Circle,-34.2241,-7.66067,0,-0.7,-5.8,0
0,493,Circle,15.76,-22.445,0,-12,-8.7,0
0,494,Circle,-2.86666,29.195,0,-6.4,-11.1,0
0,495,Circle,32.8683,-12.4017,0,-12.1,2.9,0
0,496,Circle,-1.47,-8.50667,0,-2.4,-1,0
0,497,Circle,14.4267,28.7583,0,-12.2,-0.1,0
0,498,Circle,-2.14127,-17.3813,0,-7.36746,-1.42836,-9.08203
0,499,Circle,27.655,-10.4533,0,-8.7,-12.2,0
0,500,Circle,3.26834,-35.905,0,1.7,1.5,0
0,501,Circle,20.5583,11.1617,0,-1.3,0.1,0
0,502,Circle,-13.4283,-14.3717,0,-10.7,-3.7,0
0,503,Circle,24.145,26.64,0,-12.9,0.6,0
0,504,Circle,34.9993,22.3803,0,-11.3962,-3.41437,0.298459
0,505,Circle,-4.585,-22.3383,0,-8.1,-10.1,0
0,506,Circle,24.5383,6.26333,0,-7.3,-2.2,0
0,507,Circle,35.3233,-33.7717,0,-4,4.1,0
0,508,Circle,-19.425,33.4217,0,-10.5,3.7,0
0,509,Circle,-29.14,-4.28,0,-13.2,-3.6,0
0,510,Circle,-20.0367,-19.3267,0,-2.2,-3.4,0
0,511,Circle,32.2317,-30.8467,0,-1.7,2,0
0,512,Circle,22.9863,-10.8185,0,-2.6,-6.6,0
0,513,Circle,-22.3083,-16.645,0,-2.9,-10.5,0
0,514,Circle,-21.495,0.91,0,-0.9,-10.8,0
0,515,Circle,0.811667,-8.63833,0,3.7,-5.9,0
0,516,Circle,-5.23911,21.4556,0,-14.1,-3.7,0
0,517,Circle,13.9886,-19.4914,0,-5.11797,-5.40036,-3.47701
0,518,Circle,-27.1667,-6.105,0,-3.4,-11.1,0
0,519,Circle,-0.515,11.145,0,-6.3,-6.3,0
0,520,Circle,-36.06,14.995,0,-14.4,0.9,0
0,521,Circle,-16.6654,-32.7747,0,-1.4,-0.5,0
0,522,Circle,21.6033,12.5267,0,-4.6,3.4,0
0,523,Circle,-14.5012,2.62482,0,-4.33416,-3.84934,-3.62004
0,524,Circle,25.134,-21.4104,0,-9.35145,2.67746,0.956685
0,525,Circle,22.4033,14.975,0,2,2.1,0
0,526,Circle,20.1842,25.2792,0,-4.6,-9.9,0
0,527,Circle,-12.4385,29.391,0,1.9,4.2,0
0,528,Circle,-26.365,11.8483,0,-14.1,-9.7,0
0,529,Circle,-1.30667,34.0933,0,-5.2,-10.6,0
0,530,Circle,4.82833,-5.77167,0,4.1,-13.9,0
0,531,Circle,0.344976,-16.0264,0,0.3,-14.9,0
0,532,Circle,-4.88745,14.2761,0,-6.61151,3.89218,-2.02821
0,533,Circle,-23.4,-35.185,0,-10.2,-2.1,0
0,534,Circle,-22.9756,22.926,0,-10.9363,-5.55377,-1.36776
0,535,Circle,21.3567,-35.5717,0,-7.4,1.7,0
0,536,Circle,24.8933,-7.69,0,-6.4,2.4,0
0,537,Circle,-15.26,34.6883,0,4.8,1.7,0
0,538,Circle,-29.1733,32.8217,0,-14,-3.5,0
0,539,Circle,-33.6967,-14.63,0,1.4,-8.4,0
0,540,Circle,6.33167,-29.3533,0,2.5,-1.4,0
0,541,Circle,16.0117,-8.055,0,-13.7,-2.7,0
0,542,Circle,28.0367,-13.45,0,-1.4,-13.8,0
0,543,Circle,-35.4723,20.9695,0,0.137831,-11.1065,-1.36175
0,544,Circle,27.3417,19.9017,0,-4.1,-14.9,0
0,545,Circle,-22.61,34.7933,0,-12,4.4,0
0,546,Circle,22.8117,-29.2617,0,4.3,1.7,0
0,547,Circle,-23.4783,-1.20667,0,-10.7,-3.4,0
0,548,Circle,-14.8733,30.3517,0,-11.6,4.9,0
0,549,Circle,-19.0939,2.75832,0,1.1,4.2,0
0,550,Circle,31.2333,-22.8817,0,-1,-8.5,0
0,551,Circle,-3.40663,-2.76402,0,-0.1,-9.6,0
0,552,Circle,-28.04,3.83833,0,4.8,-3.1,0
0,553,Circle,28.0433,-35.6367,0,-9.4,-5.8,0
0,554,Circle,-34.6917,-26.4667,0,0.5,-14.2,0
0,555,Circle,2.62167,34.4,0,2.5,-12.6,0
0,556,Circle,19.255,-4.21667,0,-9.9,-13.6,0
0,557,Circle,-4.80754,-24.4049,0,-4.43208,2.66497,-2.45103
0,558,Circle,-27.091,-4.49457,0,-8.6,3.3,0
0,559,Circle,-8.81667,-6.11333,0,-10,-10.4,0
0,560,Circle,-12.7783,-31.36,0,-14.9,-12.6,0
0,561,Circle,-7.39167,2.565,0,2.3,3.9,0
0,562,Circle,23.02,-2.575,0,-8.4,3.9,0
0,563,Circle,-28.5149,-18.5879,0,-10.5492,-3.95504,5.39597
0,564,Circle,-26.1017,18.4567,0,-3.7,-14,0
0,565,Circle,-25.4717,1.14833,0,-4.9,-7.3,0
0,566,Circle,-29.575,-2.32333,0,-14.7,-8,0
0,567,Circle,-12.2102,25.4013,0,-10.0702,-7.49122,0.361381
0,568,Circle,-28.9117,7.53167,0,-7.3,-3.5,0
0,569,Circle,3.695,-0.0466673,0,-12.9,-11.2,0
0,570,Circle,5.02667,16.885,0,-0.2,-1.5,0
0,571,Circle,-30.328,34.0115,0,-5.29963,-6.08614,4.51306
0,572,Circle,11.0933,13.4967,0,-8.8,-5.6,0
0,573,Circle,21.5683,-5.47167,0,-12.1,4.7,0
0,574,Circle,21.0246,18.3869,0,2.4,-4.9,0
0,575,Circle,-10.4867,-22.7017,0,-7,-5.5,0
0,576,Circle,30.44,9.39333,0,3,-4.6,0
0,577,Circle,8.23833,-32.4917,0,1.7,-10.3,0
0,578,Circle,9.00667,35.3117,0,-14,-4.1,0
0,579,Circle,-24.9067,2.39334,0,0.2,-11.2,0
0,580,Circle,-25.1921,27.791,0,-10.6921,-7.92169,-2.5768
0,581,Circle,30.2133,-33.1217,0,-3.4,-8.5,0
0,582,Circle,-28.9083,-17.7117,0,-0.5,4.7,0
0,583,Circle,-25.9378,-23.7697,0,-4.15587,-3.64968,-2.06405
0,584,Circle,-6.89333,20.5733,0,-7.4,-4.6,0
0,585,Circle,-27.1317,5.155,0,-2.5,-13.5,0
0,586,Circle,-0.943332,-3.42333,0,-0.2,3.4,0
0,587,Circle,-28.0733,-15.0933,0,-11,-11,0
0,588,Circle,5.36333,-22.7333,0,-4.6,-3.8,0
0,589,Circle,34.0067,17.7033,0,-4.4,-14.2,0
0,590,Circle,-34.8796,35.3386,0,1.16374,-1.90487,2.99021
0,591,Circle,19.7117,20.425,0,-7.7,-0.9,0
0,592,Circle,24.6877,-21.9662,0,3.45145,-7.87746,0.679349
0,593,Circle,-8.915,-19.7817,0,-8.1,1.7,0
0,594,Circle,-21.1641,8.08186,0,-14,-11,0
0,595,Circle,-10.9167,8.17667,0,-3.4,-9.8,0
0,596,Circle,-3.37,14.1317,0,-7.2,-2.3,0
0,597,Circle,16.5417,23.1233,0,-7.1,-0.4,0
0,598,Circle,-27.7892,-0.718343,0,-9.44945,1.97139,1.96748
0,599,Circle,-21.7,20.9517,0,-8.4,1.9,0
0,600,Circle,35.3033,0.820002,0,-5.2,-0.6,0
0,601,Circle,8.57665,0.248028,0,-12.6167,-5.28402,-1.86692
0,602,Circle,27.3651,-17.2055,0,-1.9,4.6,0
0,603,Circle,28.7417,-5.14,0,-6.5,-6,0
0,604,Circle,20.59,-9.65667,0,1.2,3.8,0
0,605,Circle,-17.2333,-29.5833,0,-6.8,-6.2,0
0,606,Circle,-28.8501,-19.1104,0,-6.55083,-7.94496,2.0568
0,607,Circle,-28.9417,8.72,0,-12.1,3.6,0
0,608,Circle,-22.4583,26.3233,0,-2.3,0.2,0
0,609,Circle,25.0667,5.31167,0,-3.2,-8.9,0
0,610,Circle,-24.7479,28.169,0,-7.30792,-6.47831,-0.637279
0,611,Circle,-28.876,-35.3139,0,-9.12226,-9.46603,4.5
0,612,Circle,-18.905,-13.77,0,-12.3,-7.8,0
0,613,Circle,5.85667,-7.86333,0,-14.6,-11.6,0
0,614,Circle,-26.085,-13.745,0,2.1,2.7,0
0,615,Circle,11.7825,14.5612,0,-3.94065,-9.9565,-6.10458
0,616,Circle,-11.585,-34.76,0,-8.7,-10.8,0
0,617,Circle,28.6717,32.1567,0,-2.3,-14.6,0
0,618,Circle,-8.78062,25.533,0,-9.3,-9.2,0
0,619,Circle,20.6783,-7.39167,0,-2.5,-6.1,0
0,620,Circle,8.17,-1.17167,0,-8.4,-9.1,0
0,621,Circle,29.7433,4.955,0,-1.6,-11.1,0
0,622,Circle,-30.9552,-13.9059,0,-10.1513,-1.21503,2.10639
0,623,Circle,15.9767,30.8267,0,-5,-10.4,0
0,624,Circle,-33.7467,-2.605,0,-4.6,-1.5,0
0,625,Circle,-2.97667,-18.25,0,-14.8,1.2,0
0,626,Circle,-10.97,-20.55,0,-12,-4.2,0
0,627,Circle,35.2883,-5.47167,0,-9.7,-11.5,0
0,628,Circle,-23.06,5.17333,0,4.2,-1,0
0,629,Circle,18.5583,-34.56,0,-12.1,-3,0
0,630,Circle,-12.4853,11.6245,0,4.9,-11.9,0
0,631,Circle,0.451947,16.8852,0,-11.7,-11.8,0
0,632,Circle,26.4817,-23.7233,0,-3.63276,-12.576,3.65309
0,633,Circle,34.229,10.0095,0,-4.72217,1.08257,0
0,634,Circle,3.4605,19.0372,0,-6.96985,-8.12853,-8.57075
0,635,Circle,6.70833,6.48833,0,-13.3,-0.7,0
0,636,Circle,19.3467,1.94,0,-11.6,-13.8,0
0,637,Circle,-25.8267,6.65,0,3.8,3,0
0,638,Circle,-11.84,10.2133,0,-5.4,-14.8,0
0,639,Circle,3.77834,5.06167,0,-3.1,-9.5,0
0,640,Circle,-34.1233,-29.28,0,-3.8,-7.8,0
0,641,Circle,-8.78,18.33,0,1.2,-6.6,0
0,642,Circle,-1.63,-26.195,0,-11.4,-12.9,0
0,643,Circle,-12.5367,24.06,0,-14.8,-13.8,0
0,644,Circle,-2.74167,-25.2533,0,2.9,-14,0
0,645,Circle,-17.1428,-18.7131,0,-7.23873,-4.58625,-2.93943
0,646,Circle,-27.458,-18.914,0,-4.94586,-8.5832,1.21869
0,647,Circle,20.3417,-4.60667,0,-8.9,1.4,0
0,648,Circle,-24.7827,11.6071,0,-13.6,-2.5,0
0,649,Circle,14.3968,-19.6211,0,-4.88203,-7.59964,0.665976
0,650,Circle,12.1774,-26.0576,0,0.6,2.2,0
0,651,Circle,-20.3533,-27.315,0,-8.6,2.1,0
0,652,Circle,13.2767,-14.135,0,-2,-13.5,0
0,653,Circle,-22.6794,23.409,0,-9.16366,-3.74624,-0.256745
0,654,Circle,-9.58754,8.5161,0,-5.15751,-2.50691,0.484795
0,655,Circle,-5.03028,20.1855,0,-4.11145,-1.87946,0.252643
0,656,Circle,-18.6783,-33.4733,0,-11.9,4.6,0
0,657,Circle,-1.63666,-18.2117,0,-13,-2.5,0
0,658,Circle,26.53,-0.200001,0,1.8,-15,0
0,659,Circle,-25.635,-0.413332,0,4.5,-14.6,0
0,660,Circle,-28.5733,28.5767,0,-10.4,2.8,0
0,661,Circle,-16.605,-13.2583,0,-4.5,0.1,0
0,662,Circle,-18.8067,-12.1783,0,-3.4,-14.9,0
0,663,Circle,-2.5645,8.5932,0,-13.229,-4.61351,8.2111
0,664,Circle,-30.4383,3.65666,0,4.3,-0.8,0
0,665,Circle,-28.849,-35.9794,0,4.02226,-9.93397,2.44317
0,666,Circle,17.7733,-32.8117,0,-11.8,3.5,0
0,667,Circle,-8.85333,-8.89667,0,0.4,-13.6,0
0,668,Circle,0.786668,-10.9233,0,-1.4,-2.6,0
0,669,Circle,22.9583,-26.8383,0,-1.9,4.3,0
0,670,Circle,5.22754,-20.1093,0,1.5,4.8,0
0,671,Circle,-9.495,33.495,0,-10.5,-8.1,0
0,672,Circle,-19.465,23.78,0,-12.9,-6,0
0,673,Circle,5.80333,-18.7867,0,-10,-8.2,0
0,674,Circle,11.3881,33.1782,0,-9,-4,0
0,675,Circle,-7.59614,-8.1798,0,-1.10507,4.42675,-1.6311
0,676,Circle,0.333332,-1.99167,0,-11.8,-9.7,0
0,677,Circle,-11.8033,-19.5,0,-7.4,-15,0
0,678,Circle,12.3367,16.5317,0,-3.2,-6.5,0
0,679,Circle,14.9483,-15.4033,0,-10.3,-11,0
0,680,Circle,18.4517,27.0883,0,-5.9,-3.7,0
0,681,Circle,-2.48383,8.1768,0,3.72901,-3.18649,-2.63526
0,682,Circle,1.81167,-22.8633,0,3.7,-1.4,0
0,683,Circle,-31.55,-1.08333,0,-12.6,4,0
0,684,Circle,-26.6533,22.4633,0,-3.2,-1,0
0,685,Circle,16.5083,-24.115,0,0.5,0.3,0
0,686,Circle,34.1167,-17.2733,0,1.6,-14.6,0
0,687,Circle,-28.17,-17.3483,0,-1.2,-12.5,0
0,688,Circle,15.8117,26.42,0,1.3,3.6,0
0,689,Circle,-2.435,27.2767,0,-7.5,2.8,0
0,690,Circle,16.4217,-10.32,0,-11.9,-12,0
0,691,Circle,-28.1469,-21.3939,0,-11.2,0.7,0
0,692,Circle,13.1733,16.55,0,-5.2,-8.4,0
0,693,Circle,-22.0033,-10.3317,0,0.4,4.1,0
0,694,Circle,-33.6767,-15.715,0,0.8,-7.5,0
0,695,Circle,24.2083,22.565,0,2.3,3.3,0
0,696,Circle,33.2833,14.67,0,-3.4,-12,0
0,697,Circle,22.9642,-11.3448,0,-10.2,-10.6,0
0,698,Circle,-3.45627,-5.40926,0,4.43675,-5.63946,-4.14286
0,699,Circle,-35.73,15.7683,0,4.2,-14.5,0
0,700,Circle,14.1283,20.1867,0,-9.1,-3.2,0
0,701,Circle,20.3523,-11.3136,0,-2.41872,-1.72926,-0.545016
0,702,Circle,27.085,17.6167,0,0.9,4.6,0
0,703,Circle,11.555,9.11167,0,2.7,1.3,0
0,704,Circle,14.4267,-26.2017,0,-13.4,-4.9,0
0,705,Circle,32.06,12.8833,0,-15,-1.6,0
0,706,Circle,19.7518,14.2506,0,-3.7,-9.4,0
0,707,Circle,7.32455,-34.0579,0,-11.8,-5.5,0
0,708,Circle,23.5362,-11.585,0,-3.6,1.1,0
0,709,Circle,24.6595,-27.4682,0,-9.1,-8.2,0
0,710,Circle,18.575,12.2667,0,-6.3,-5,0
0,711,Circle,-29.1467,16.9983,0,-13.6,-14.5,0
0,712,Circle,23.735,9.09667,0,-3.3,1.6,0
0,713,Circle,4.96,18.0483,0,-6,-5.5,0
0,714,Circle,-9.95,-27.08,0,-12.6,-9,0
0,715,Circle,-30.0667,-13.5167,0,-8.2,-0.4,0
0,716,Circle,-21.9807,33.3132,0,-8.24506,2.09109,-4.69746
0,717,Circle,-34.3367,-19.3833,0,3.2,-14.6,0
0,718,Circle,-6.83667,-1.84167,0,-13.6,-12.1,0
0,719,Circle,-6.18333,17.41,0,-0.2,-11.4,0
0,720,Circle,-10.2967,-2.18,0,-5.8,-8.4,0
0,721,Circle,-10.4053,-11.6599,0,-13.5,1.8,0
0,722,Circle,-28.1347,-1.97121,0,-10.4659,-12.7635,3.41524
0,723,Circle,-35.6133,4.59167,0,-3.2,-11.9,0
0,724,Circle,7.75,6.36333,0,-1.2,-5.2,0
0,725,Circle,-2.41,-11.7517,0,4.2,-12.7,0
0,726,Circle,-27.2633,-14.4017,0,1.6,1.7,0
0,727,Circle,-16.4967,20.865,0,-0.4,2.7,0
0,728,Circle,19.4932,14.506,0,-5,-7,0
0,729,Circle,16.6617,19.2567,0,-4.7,3.4,0
0,730,Circle,-16.3283,14.7033,0,-7.7,4.4,0
0,731,Circle,5.65333,3.04667,0,-8.2,-3.2,0
0,732,Circle,20.3363,27.8637,0,-4.43932,-6.21341,-0.10736
0,733,Circle,-6.23333,-11.5517,0,-6.2,-3.1,0
0,734,Circle,26.6383,-35.5067,0,-9.7,2,0
0,735,Circle,16.65,-34.2317,0,-3.6,-4.3,0
0,736,Circle,13.1883,1.56,0,-3.1,-5.4,0
0,737,Circle,-6.78667,23.0567,0,-12.4,-8.6,0
0,738,Circle,27.865,-26.0133,0,-14.7,-14.6,0
0,739,Circle,-30.8895,21.0891,0,-2.34261,-7.78354,0.0607987
0,740,Circle,-20.4317,-17.4883,0,-3.7,0.7,0
0,741,Circle,8.005,-35.9417,0,-11.1,-1.3,0
0,742,Circle,3.93667,24.8417,0,-7.4,-11.3,0
0,743,Circle,7.51333,7.755,0,-12.4,-12.3,0
0,744,Circle,23.3583,1.33,0,-6.7,-13.8,0
0,745,Circle,-32.0567,24.7117,0,0.2,0.1,0
0,746,Circle,29.6984,-6.67087,0,-10.9,0.4,0
0,747,Circle,-0.879999,-30.4083,0,4.8,-14.3,0
0,748,Circle,-12.1633,22.9483,0,-8,-1.3,0
0,749,Circle,-36.1112,20.3619,0,-6.5,-9.5,0
0,750,Circle,-14.8917,-25.3033,0,-6.7,-1.4,0
0,751,Circle,-35.9175,-25.0028,0,-12.3,-5.4,0
0,752,Circle,-7.10333,-35.1067,0,-14,-12.4,0
0,753,Circle,2.31328,-16.1817,0,-9.3,0,0
0,754,Circle,34.6217,-22.585,0,1.3,-8.1,0
0,755,Circle,-33.5732,33.4565,0,-5.1,1.3,0
0,756,Circle,-19.8833,-30.1483,0,1,-8.3,0
0,757,Circle,-34.9867,-9.86833,0,-14.8,-14.9,0
0,758,Circle,-19.4167,-23.93,0,-0.4,-6.6,0
0,759,Circle,34.775,30.575,0,1.5,4.5,0
0,760,Circle,25.3833,-32.69,0,2,-13.2,0
0,761,Circle,11.5833,29.6983,0,-3.4,-9.7,0
0,762,Circle,-15.0844,-28.1165,0,-8.24571,2.23257,-0.170314
0,763,Circle,-5.87176,-20.6029,0,-10.6,-3.1,0
0,764,Circle,-35.83,16.75,0,-15,-9,0
0,765,Circle,-21.82,-5.75167,0,-4.8,1.7,0
0,766,Circle,-30.385,-11.2583,0,-9.3,-5.3,0
0,767,Circle,-18.4849,-29.645,0,-7.16904,-6.47497,-0.19183
0,768,Circle,1.48833,-0.198332,0,0.5,-11.3,0
0,769,Circle,-3.77333,-20.5983,0,2.8,-10.7,0
0,770,Circle,-30.2283,-30.8367,0,-1.1,-2.2,0
0,771,Circle,-28.6667,-31.9733,0,2,1.6,0
0,772,Circle,30.085,17.275,0,-12.9,2.1,0
0,773,Circle,-26.8583,1.73333,0,-14.9,-2.2,0
0,774,Circle,6.03833,31.88,0,4.1,-4.8,0
0,775,Circle,35.6314,23.3139,0,-6.53434,-4.09864,-3.3204
0,776,Circle,35.0817,1.615,0,-7.1,-7.5,0
0,777,Circle,-14.7372,2.62476,0,-12.3,-2.1,0
0,778,Circle,-25.7856,-24.5087,0,-5.04413,-6.45032,-1.77322
0,779,Circle,-8.89402,-24.3615,0,-3.99423,-7.96037,-0.320616
0,780,Circle,20.2449,28.4215,0,-6.9,1.1,0
0,781,Circle,-25.3933,-9.61,0,-6.8,0.6,0
0,782,Circle,14.4733,33.15,0,-13.6,-11.4,0
0,783,Circle,-22.356,33.6084,0,-8.35494,4.60891,0.613597
0,784,Circle,18.1967,29.275,0,-14.6,4.5,0
0,785,Circle,-34.005,-11.52,0,-13.5,2.4,0
0,786,Circle,0.615024,-15.5136,0,-6.9,4.7,0
0,787,Circle,-6.82333,19.445,0,-0.2,3.3,0
0,788,Circle,27.2252,-23.5775,0,-5.40137,-3.99353,4.63351
0,789,Circle,20.2118,-22.7085,0,-11.6,-7.4,0
0,790,Circle,-12.34,-27.0567,0,-4.2,-14.8,0
0,791,Circle,9.02833,-26.1383,0,-12.1,-14.3,0
0,792,Circle,3.38545,22.1116,0,-3.4,-11.2,0
0,793,Circle,-29.215,2.73833,0,1.5,-11.5,0
0,794,Circle,-34.33,2.305,0,-9.6,-1.5,0
0,795,Circle,-30.3417,-20.6167,0,-6.1,-0.4,0
0,796,Circle,15.5321,23.7575,0,-7.11735,1.04253,1.84385
0,797,Circle,8.24833,-27.0067,0,-13.3,-14.2,0
0,798,Circle,-34.7781,35.7013,0,-13.0637,2.10487,-1.40362
0,799,Circle,-6.75667,-22.4583,0,-5.2,-13.7,0
0,800,Circle,4.275,12.9483,0,-3.3,-6.7,0
0,801,Circle,-4.075,7.91833,0,-11.1,-12.7,0
0,802,Circle,-6.055,-15.9417,0,0.9,2.3,0
0,803,Circle,-17.9133,-22.73,0,-6.8,-7.2,0
0,804,Circle,24.0117,-7.19,0,-11.9,1.2,0
0,805,Circle,-4.96167,28.1683,0,4.1,4.1,0
0,806,Circle,29.5717,25.1833,0,2.5,2.6,0
0,807,Circle,-1.705,25.8833,0,0.3,-10,0
0,808,Circle,11.7409,13.9521,0,-10.8594,-10.8435,-2.10486
0,809,Circle,-11.3231,-1.60566,0,-1.9,-13.9,0
0,810,Circle,-19.9483,23.06,0,-3.5,-12.6,0
0,811,Circle,1.49939,-1.46702,0,-0.6,-9.8,0
0,812,Circle,-11.5183,-18.0167,0,-10.1,4.4,0
0,813,Circle,-14.7883,16.1533,0,-13.1,-12.4,0
0,814,Circle,-24.7343,-17.4597,0,-1.31554,-6.04766,-4.40404
0,815,Circle,-30.3417,-36.1033,0,-8.5,-14.6,0
0,816,Circle,-21.2533,18.465,0,-14.6,1.5,0
0,817,Circle,-19.5567,-23.0217,0,-7.6,4.1,0
0,818,Circle,12.16,3.27167,0,0.6,-4.7,0
0,819,Circle,19.9183,-3.10667,0,-1.9,1.4,0
0,820,Circle,-9.90086,30.1255,0,-10.5888,-5.81617,0
0,821,Circle,-18.2817,28.4533,0,-7.9,-11.8,0
0,822,Circle,-33.2128,-31.6363,0,-9.2,-14.9,0
0,823,Circle,-5.95833,-9.805,0,1.9,-0.3,0
0,824,Circle,11.1183,-32.86,0,-1.9,-8.4,0
0,825,Circle,0.748053,17.3748,0,-14.7,-6.8,0
0,826,Circle,10.2406,-28.4518,0,-11,-8.3,0
0,827,Circle,26.4017,-9.945,0,-8.3,1.5,0
0,828,Circle,-17.3372,-19.0969,0,-13.7613,-2.01375,0.879931
0,829,Circle,-32.1683,12.0033,0,-10.1,4.4,0
0,830,Circle,-6.09167,-15.0567,0,-3.1,-10,0
0,831,Circle,26.9099,-17.6912,0,-14,-3.8,0
0,832,Circle,6.865,5.45333,0,-12.3,-12.4,0
0,833,Circle,-4.16,-28.1417,0,4.2,-2.5,0
0,834,Circle,33.4467,3.27167,0,-11,-3.5,0
0,835,Circle,-15.6072,-28.0535,0,-10.4543,2.56743,-0.00766514
0,836,Circle,18.7383,17.85,0,4.7,-6,0
0,837,Circle,20.891,17.7104,0,-5.73329,-3.1887,-3.88345
0,838,Circle,-24.5947,-10.9635,0,-8.2,-8.2,0
0,839,Circle,-25.1533,-29.4417,0,-5,0.5,0
0,840,Circle,11.0853,-29.1881,0,4.87334,-13.5687,-0.663316
0,841,Circle,-35.44,27.1583,0,-10.2,-3.1,0
0,842,Circle,5.09333,-30.11,0,-13,-3,0
0,843,Circle,5.00834,1.20666,0,1.1,2.2,0
0,844,Circle,-10.1283,32.1867,0,4.9,4.6,0
0,845,Circle,-1.36333,1.05,0,-6.8,-10.2,0
0,846,Circle,-16.2417,22.6833,0,1.1,-13.6,0
0,847,Circle,-4.935,17.1783,0,-6.3,0.5,0
0,848,Circle,-35.6883,-30.49,0,-5.3,-5.4,0
0,849,Circle,-31.4367,3.27167,0,-10,-2.9,0
0,850,Circle,-30.2033,18.9433,0,4.6,-12.4,0
0,851,Circle,29.2549,-7.21913,0,-13.5,2,0
0,852,Circle,-33.5717,-8.29833,0,-3.1,-8.9,0
0,853,Circle,-11.2464,14.4678,0,1,3.9,0
0,854,Circle,-4.97158,11.6639,0,-11.3,-2.9,0
0,855,Circle,4.11833,33.5,0,0.5,-10.2,0
0,856,Circle,1.41167,-16.7183,0,-4.7,-2.3,0
0,857,Circle,-14.3383,-23.8133,0,-7.1,2.8,0
0,858,Circle,-27.2717,-16.4233,0,1.7,-6.2,0
0,859,Circle,28.3233,13.3133,0,-0.4,-0.4,0
0,860,Circle,27.6438,-2.81827,0,-10.6,-12.9,0
0,861,Circle,-4.11333,13.025,0,-10.4,-0.9,0
0,862,Circle,13.4833,-1.89333,0,4.4,-12.2,0
0,863,Circle,26.165,18.51,0,0.9,-1.8,0
0,864,Circle,-5.11422,14.7072,0,-4.88849,5.30782,0.19483
0,865,Circle,-17.0015,29.27,0,-3.1,1.3,0
0,866,Circle,-17.8733,11.6833,0,-12.8,-5.2,0
0,867,Circle,32.8029,17.8744,0,-9.2,-11.5,0
0,868,Circle,-33.5466,25.175,0,-10.6684,0.764727,0.121184
0,869,Circle,21.7967,-14.9117,0,-9.2,-10.9,0
0,870,Circle,-14.4133,13.1333,0,-10.4,0.2,0
0,871,Circle,-11.8833,35.2692,0,-1.10068,2.60302,-0.354999
0,872,Circle,-14.71,-18.69,0,1.8,-14.4,0
0,873,Circle,21.0017,23.0783,0,4.3,-11.5,0
0,874,Circle,30.0483,23.2933,0,-1.3,-12.4,0
0,875,Circle,-15.4783,-30.0483,0,-2.3,-11.3,0
0,876,Circle,-23.3139,-0.169489,0,-0.103815,1.56262,-0.408863
0,877,Circle,9.76167,-8.25667,0,-6.5,2.6,0
0,878,Circle,-26.9356,-5.10876,0,-9.2,-13.7,0
0,879,Circle,-10.4018,3.27469,0,4.22772,-12.9463,1.65767
0,880,Circle,6.79167,-8.51333,0,-10.7,-0.2,0
0,881,Circle,-34.3223,34.9984,0,4.1,-0.3,0
0,882,Circle,-9.96333,16.215,0,-11,-10.5,0
0,883,Circle,-3.04667,1.48333,0,-11.8,-7.6,0
0,884,Circle,-19.5911,2.22835,0,-11,-14,0
0,885,Circle,-35.705,-18.4683,0,-6.3,1.3,0
0,886,Circle,-33.9833,-17.2133,0,-12.8,-4.4,0
0,887,Circle,-17.664,-5.4638,0,-13.3,-13.5,0
0,888,Circle,-7.94333,35.1667,0,1,-3.2,0
0,889,Circle,31.8517,4.84834,0,-14.3,-13.9,0
0,890,Circle,1.56167,15.24,0,-10.7,-14.4,0
0,891,Circle,29.9167,-35.645,0,4,-6.3,0
0,892,Circle,-0.901665,-34.16,0,2.3,-1.8,0
0,893,Circle,23.2133,-9.0848,0,-1.37319,-3.84552,-0.274602
0,894,Circle,-3.655,-12.1317,0,-14.1,1.7,0
0,895,Circle,-34.5655,1.2369,0,-13.917,-12.338,0.108144
0,896,Circle,-6.91167,-27.6867,0,4.1,-0.4,0
0,897,Circle,32.4162,-21.4434,0,2,-6,0
0,898,Circle,-3.56707,-6.07407,0,-6.43676,-4.76054,-2.36714
0,899,Circle,23.535,-33.355,0,0.3,3.3,0
0,900,Circle,29.5433,11.4567,0,-4.6,-12.2,0
0,901,Circle,25.1383,9.58167,0,1.7,1.3,0
0,902,Circle,0.721665,9.57833,0,3.1,2.3,0
0,903,Circle,5.59167,-8.835,0,-12.5,-6.3,0
0,904,Circle,-8.18,-22.2533,0,-15,-11,0
0,905,Circle,-24.1633,1.24167,0,-13.4,-0.5,0
0,906,Circle,-19.8772,17.149,0,-4.2,-6.6,0
0,907,Circle,19.635,-27.695,0,-14.1,3.3,0
0,908,Circle,-25.6167,-6.51833,0,-4.6,-10.7,0
0,909,Circle,-25.8433,-5.16333,0,-10.4,1,0
0,910,Circle,-19.0933,-4.55333,0,-13.4,-7.4,0
0,911,Circle,-24.627,-10.3565,0,2.1,-2.6,0
0,912,Circle,12.5,-15.8867,0,-8.4,-10,0
0,913,Circle,-33.8003,-18.2244,0,-6.9,-12.7,0
0,914,Circle,-0.676667,-20.5167,0,-5.2,-14.8,0
0,915,Circle,10.0433,-21.8067,0,3.2,-7.6,0
0,916,Circle,-21.9083,1.80167,0,-11.9,-5.3,0
0,917,Circle,-24.2183,16.205,0,-8.3,-4.5,0
0,918,Circle,28.765,-21.775,0,-9.9,-5.1,0
0,919,Circle,-23.1354,-27.9241,0,3.9,-13.6,0
0,920,Circle,-24.5424,-16.752,0,2.11554,-4.25234,-3.44825
0,921,Circle,-9.15167,-32.8917,0,-14.5,-12.1,0
0,922,Circle,-1.78333,19.485,0,-7.4,1.5,0
0,923,Circle,6.43667,21.5333,0,-1.4,-8.8,0
0,924,Circle,-14.0132,2.25209,0,-9.86584,-14.3507,-2.29898
0,925,Circle,-34.9026,-7.50599,0,-11.1,4.8,0
0,926,Circle,20.3975,-22.0214,0,-11.2,-4.3,0
0,927,Circle,12.1063,-34.7869,0,-2.2,-4,0
0,928,Circle,25.9483,27.2267,0,-12.1,-7.4,0
0,929,Circle,-4.875,-29.0733,0,4.5,-9.2,0
0,930,Circle,-30.4163,-25.7602,0,-3.13817,-1.36057,3.89299
0,931,Circle,-21.29,27.6817,0,4.8,-10.7,0
0,932,Circle,-15.715,21.505,0,-5.7,0.9,0
0,933,Circle,-6.62333,0.81,0,-4.4,4.8,0
0,934,Circle,17.9609,2.73407,0,-6.9,-4.2,0
0,935,Circle,-21.619,-22.7524,0,-5.559,0.670789,5.86939
0,936,Circle,23.8967,-3.05667,0,-9.8,-5.8,0
0,937,Circle,1.51333,-24.4117,0,-8.2,1.7,0
0,938,Circle,-27.6183,-24.68,0,-1.1,-7.8,0
0,939,Circle,-10.8283,-30.5117,0,-7.7,-13.9,0
0,940,Circle,32.7421,18.3973,0,-7.3,2.6,0
0,941,Circle,-33.325,32.3667,0,-0.3,0.4,0
0,942,Circle,-19.8783,1.48167,0,-10.7,3.1,0
0,943,Circle,-7.60333,9.67334,0,-8.6,-13.6,0
0,944,Circle,13.7767,-15.46,0,4,-12.6,0
0,945,Circle,-33.8533,-4.41667,0,-1.4,1.4,0
0,946,Circle,-29.865,-34.4467,0,2.7,-14.2,0
0,947,Circle,10.9517,29.1017,0,-5.3,-1.1,0
0,948,Circle,-15.54,-12.8133,0,-3.6,-3.8,0
0,949,Circle,-13.8567,-18.1883,0,-3.4,1.9,0
0,950,Circle,-20.1983,-24.6867,0,-1.7,-4,0
0,951,Circle,-30.695,-6.975,0,-8.1,-13.5,0
0,952,Circle,-23.3687,-23.7826,0,-2.8,-12.8,0
0,953,Circle,-30.4447,-18.3997,0,-6.3,3.4,0
0,954,Circle,-32.4967,-19.765,0,-7.6,-0.9,0
0,955,Circle,12.76,-4.14833,0,-7.2,-1.7,0
0,956,Circle,-18.2167,0.00911309,0,-4.00393,-1.45775,-7.53385
0,957,Circle,-31.215,31.6133,0,-5.1,-10.6,0
0,958,Circle,-13.8133,25.4533,0,-6.2,-2.2,0
0,959,Circle,29.2483,8.79167,0,2.9,-11.3,0
0,960,Circle,7.53167,0.403335,0,-7.1,-4,0
0,961,Circle,-29.3767,20.7417,0,2.6,-13.1,0
0,962,Circle,11.2483,1.84333,0,4.1,-6.4,0
0,963,Circle,17.6883,-19.5483,0,4.1,-2.9,0
0,964,Circle,32.0183,-20.275,0,-7.9,-5.1,0
0,965,Circle,26.485,-1.88167,0,0.3,-1.9,0
0,966,Circle,-21.8694,-22.601,0,-8.741,-2.07079,-4.64048
0,967,Circle,-6.91,27.2867,0,3.6,-6.2,0
0,968,Circle,-12.87,10.9383,0,0,-6.1,0
0,969,Circle,-11.6165,25.1337,0,-8.92985,-7.80878,0.177059
0,970,Circle,-27.9933,-12.8567,0,-11,1.4,0
0,971,Circle,4.69253,-10.5975,0,-6.4,-6.3,0
0,972,Circle,-31.8033,6.14,0,-5.6,0,0
0,973,Circle,-18.0333,-0.370781,0,-5.59607,-5.84225,2.47953
0,974,Circle,7.93833,-35.02,0,-13.9,-4.8,0
0,975,Circle,-8.55867,-20.5917,0,-9.14257,-4.07343,1.36487
0,976,Circle,-12.18,-9.95236,0,-15.5177,2.5326,2.03279
0,977,Circle,0.0066679,-14.625,0,2.2,-9.3,0
0,978,Circle,-20.7383,-1.285,0,-6.5,-11.1,0
0,979,Circle,-24.295,-35.2983,0,2.7,-11.3,0
0,980,Circle,24.065,-4.89333,0,-9.9,-13.4,0
0,981,Circle,22.5483,-35.6633,0,-13.3,-4.4,0
0,982,Circle,-7.155,-34.17,0,-10.5,-13.2,0
0,983,Circle,-31.8564,-12.7113,0,-9.1,-13.4,0
0,984,Circle,13.08,18.705,0,-10.8,-6.3,0
0,985,Circle,-4.93,-9.73333,0,-14.4,4.6,0
0,986,Circle,-13.445,-6.01333,0,-10.5,-10.4,0
0,987,Circle,-15.1517,-14.31,0,3.5,-14.4,0
0,988,Circle,-28.8817,34.9183,0,-7.3,-13.3,0
0,989,Circle,29.0967,4.36167,0,-2.6,-5.9,0
0,990,Circle,35.3533,3.06833,0,-1.6,-7.9,0
0,991,Circle,-7.73667,22.6733,0,1.4,-5.8,0
0,992,Circle,-5.22667,0.3,0,-1.6,-10.8,0
0,993,Circle,-6.12833,31.0233,0,1.3,0.8,0
0,994,Circle,-10.615,-3.055,0,-9.3,-2.1,0
0,995,Circle,11.5667,27.4867,0,1.6,-13.4,0
0,996,Circle,14,-29.4967,0,-12,2.6,0
0,997,Circle,14.9429,23.5592,0,-6.98264,-0.642528,0.70953
0,998,Circle,-9.13833,22.4133,0,-7.1,-5.8,0
0,999,Circle,17.4643,24.5515,0,-6.05954,-0.594224,-0.669492
0,1000,Circle,-14.445,-22.8417,0,-3.3,-12.7,0
0,1001,Circle,-28.4317,20.595,0,-6.7,-6.3,0
0,1002,Circle,24.1698,-27.8925,0,-10.1,-7.6,0
0,1003,Circle,16.8006,-6.32055,0,-7.1,-0.2,0
100,0,Box,0,42.5,0,0,0,0
100,1,Box,0,-42.5,0,0,0,0
100,2,Box,-42.5,0,0,0,0,0
100,3,Box,42.5,0,0,0,0,0
100,4,Circle,-24.0871,-30.2686,-0.875544,-3.77007,-4.19887,0.747499
100,5,Circle,-17.7695,-33.4848,-4.21517,-5.08633,-4.27845,0.902001
100,6,Circle,13.4276,-36.2777,1.53562,-10.4175,-5.10928,0.729125
100,7,Circle,26.8257,-31.0698,-0.00970906,-2.17116,-3.97068,0
100,8,Circle,-36.3951,6.41456,4.30747,-4.82103,-7.78263,4.34214
100,9,Circle,-36.5494,-22.8262,-4.86827,-0.928672,-6.64644,2.013
100,10,Circle,-16.4972,-26.3369,3.38481,-6.46955,-7.71035,2.05088
100,11,Circle,27.4183,-9.66167,0,-2.9,-10.1,0
100,12,Circle,-22.876,-13.7778,5.19719,-6.73561,-4.2184,1.40132
100,13,Circle,-26.2793,-30.4211,-1.92417,-4.38679,-2.47604,-2.11305
100,14,Circle,-38.979,7.70448,14.9463,-0.606419,-4.97103,9.66327
100,15,Circle,-6.07458,-36.325,5.08748,-1.52711,-5.76041,4.29057
100,16,Circle,-16.3775,8.01723,-0.963861,-5.17687,-2.57322,0
100,17,Circle,-36.5548,-13.9496,12.4439,-4.66724,-5.97851,7.80351
100,18,Circle,-38.0793,-17.4471,4.7045,-0.0147353,-4.07626,3.47322
100,19,Circle,16.5019,-17.8355,11.7022,-4.33439,-6.51076,8.65086
100,20,Circle,5.79806,-16.7084,2.32631,-3.86972,-4.08185,2.7935
100,21,Circle,-15.4455,-13.8093,-7.8491,-3.90293,-4.5869,-4.1277
100,22,Circle,11.262,-33.9054,-1.22419,-5.91187,-8.44541,-2.53281
100,23,Circle,-12.0374,16.6599,-3.26103,-1.41381,-8.27142,-1.66349
100,24,Circle,-14.7036,-37.4764,8.60481,-0.448346,2.31391,6.73918
100,25,Circle,-20.6452,13.4598,-0.558099,-4.98599,-6.617,-1.86416
100,26,Circle,-19.2088,-32.4195,5.94922,-5.61176,-4.72922,3.40714
100,27,Circle,-13.7861,-0.25623,3.42418,-6.41889,-10.4179,3.78198
100,28,Circle,9.57386,-39.6113,-0.492478,-2.92743,-0.728122,-2.09648
100,29,Circle,-28.0325,-36.8217,2.92063,-3.20691,-1.6998,-1.58384
100,30,Circle,-11.1333,-11.0819,8.79126,-7.07896,-6.10582,2.92512
100,31,Circle,-17.4923,-12.483,8.82922e-05,-8.04725,-7.60588,0
100,32,Circle,11.7118,19.5206,3.21657,-6.64145,-4.95805,3.71142
100,33,Circle,-33.5747,5.65161,7.31718,-6.12097,-5.85508,2.15091
100,34,Circle,14.7773,-4.89256,2.36276,-2.61071,-5.65578,-0.827998
100,35,Circle,-13.7544,16.8873,7.41409,-3.18172,-8.53166,5.06803
100,36,Circle,2.82117,-39.5207,3.54298,-0.00430131,1.67359,0
100,37,Circle,-36.4653,-21.0421,1.10112,-3.76721,-4.53838,1.89391
100,38,Circle,-28.1657,-26.6518,12.311,-6.26553,-3.61721,6.40219
100,39,Circle,18.5821,-39.6696,-1.56373,-2.25586,0.665653,-2.60103
100,40,Circle,-3.70852,-39.6208,1.77867,-2.21892,0,6.61298
100,41,Circle,-19.5569,-14.7445,-9.75249,-6.94479,-4.83025,-4.04094
100,42,Circle,-38.9964,-4.67437,1.89706,-0.272349,-2.273,-3.072
100,43,Circle,10.0609,24.5047,8.01328,-3.78883,-1.62476,1.09575
100,44,Circle,23.514,-13.8922,16.8184,-4.20049,-4.82272,6.74211
100,45,Circle,6.14843,-15.7714,-12.3156,-4.44836,-3.3585,-7.69425
100,46,Circle,-37.4027,-6.05817,9.89427,-1.62995,-4.23372,3.0593
100,47,Circle,-24.9768,31.2537,18.6003,-5.96628,-2.48341,11.2729
100,48,Circle,-7.90145,-18.7186,2.18958,-7.50739,-3.90227,4.58133
100,49,Circle,-18.9307,12.4984,-6.01361,-7.58877,-7.63458,-1.7043
100,50,Circle,19.86,-15.0271,-8.70856,-4.2924,-2.70897,2.28938
100,51,Circle,-31.6149,-7.0283,5.424,-10.9756,-2.76451,2.15918
100,52,Circle,-24.5607,2.72318,-10.4354,-5.80753,2.15263,-6.63044
100,53,Circle,27.2589,-10.856,-3.78883,-2.30211,-5.90327,-2.84162
100,54,Circle,12.1794,12.5461,1.28982,-2.04135,-0.0204136,3.22456
100,55,Circle,-21.22,35.5516,0,-10.2,-0.1,0
100,56,Circle,-25.8692,-28.0418,18.8053,-5.54728,-6.59403,14.2704
100,57,Circle,8.93774,-30.7111,3.63456,-4.79491,-4.70133,-1.99606
100,58,Circle,-8.67338,21.1169,4.82924,-4.8814,-4.25169,-1.57396
100,59,Circle,-37.6641,3.70824,-14.1622,-4.87685,-7.51306,-3.63987
100,60,Circle,-17.5628,-38.3376,-1.62749,-2.93342,-3.78821,-1.73994
100,61,Circle,-1.02139,-8.17327,6.31998,-5.28021,-1.77464,5.20316
100,62,Circle,-7.35532,-10.4869,7.00665,-8.57304,-7.4931,9.76599
100,63,Circle,-2.68915,37.907,-3.98866,-5.13418,6.00784,-9.57277
100,64,Circle,8.55448,-31.4548,1.25249,-5.62099,-3.68901,1.06805
100,65,Circle,-7.39721,9.75629,-6.13716,-6.38755,-7.35309,-0.749727
100,66,Circle,-39.602,5.03319,-1.20688,0.593542,-1.75264,-3.3896
100,67,Circle,9.28969,23.7955,-1.76448,-3.97033,-0.96627,-4.48711
100,68,Circle,4.54456,-7.47211,-5.73236,-9.97678,-2.7974,-4.6182
100,69,Circle,5.54168,30.9018,0,-8.5,-1.9,0
100,70,Circle,-22.4288,18.1147,-1.13361,-4.8708,-4.14403,-1.88882
100,71,Circle,2.93113,-30.9173,-6.32463,-4.67705,-3.67997,-2.18886
100,72,Circle,-11.1563,-4.79376,5.3914,-9.2273,-0.911846,4.45757
100,73,Circle,11.3101,-22.6055,4.70229,-7.03395,-3.88967,4.68938
100,74,Circle,-21.4697,12.5297,0.105783,-6.40417,-7.52941,0
100,75,Circle,-5.46818,-15.7209,-3.95878,-6.70236,-5.47465,-2.07047
100,76,Circle,-22.3849,16.6365,-3.89059,-5.21908,-5.31775,-2.2276
100,77,Circle,35.6632,23.6091,-12.8081,3.888,-4.52142,-7.68487
100,78,Circle,-38.027,-5.58827,6.50337,-0.45034,-2.18634,1.90425
100,79,Circle,-12.8463,-38.3005,0.000623537,-0.722878,2.23877,0
100,80,Circle,-5.44119,-38.9281,-3.65997,-5.1598,-0.573288,-3.91516
100,81,Circle,19.5308,-14.264,-0.266119,-4.48755,-2.17204,-2.54384
100,82,Circle,-26.6794,24.1565,-0.0092721,-2.79277,-2.27034,0
100,83,Circle,-21.87,-21.3102,8.27634,-8.0307,-3.31649,4.41674
100,84,Circle,-21.6335,18.8762,0.527164,-4.19246,-3.87475,1.0129
100,85,Circle,21.7511,-34.5957,-3.56383,-3.27312,-4.87111,0
100,86,Circle,-0.199036,5.5656,3.20375,-2.768,-2.96459,2.70739
100,87,Circle,-2.1771,-6.45043,-7.44566,-9.57541,-5.49357,-0.884482
100,88,Circle,10.9193,-5.66245,-2.73298,-4.90385,-5.64724,-4.79416
100,89,Circle,-14.8995,8.92501,0.548611,-2.9646,-4.21283,0.82019
100,90,Circle,1.48093,-39.6029,1.81002,-1.3432,0.715549,7.76293
100,91,Circle,-11.3998,-14.0757,-0.179602,-2.23898,-5.02401,0.893057
100,92,Circle,-39.5888,-38.0903,0.165279,-1.15371,-0.257488,-3.48337
100,93,Circle,10.393,18.3651,-1.69857,-3.4972,-3.40515,-1.07754
100,94,Circle,7.27918,15.8212,-12.0702,-5.64657,-4.39932,-4.11167
100,95,Circle,-22.1058,14.0213,1.73898,-5.73852,-7.80479,-1.23072
100,96,Circle,-21.9317,-1.28021,3.57401,-4.82606,-1.83306,2.30581
100,97,Circle,-42.2295,23.23,0,0,0,0
100,98,Circle,32.9135,-38.249,-2.6318,-0.323489,-2.03888,4.24605
100,99,Circle,-27.5162,-21.5503,-5.44115,-5.86055,-7.19418,-6.79182
100,100,Circle,-11.1833,39.2907,0,-11.6,-1.45,0
100,101,Circle,13.0177,12.0738,-7.04934,-5.85275,-10.0363,-6.63974
100,102,Circle,-37.5509,13.3247,-6.96652,-3.75692,-7.31276,-4.30919
100,103,Circle,1.16541,5.15529,10.452,2.66666,-0.0149681,5.23171
100,104,Circle,-0.963427,12.5922,12.1652,-3.45675,-4.46694,5.49256
100,105,Circle,-19.2788,4.34664,-1.0554,-6.62043,-3.26282,-3.43042
100,106,Circle,6.26168,3.45332,0,-6.1,-4.4,0
100,107,Circle,-38.7331,-20.4735,7.42302,-1.20621,-4.99687,6.43332
100,108,Circle,-29.6182,7.34547,-6.41281,-5.8108,-2.7517,-4.42115
100,109,Circle,-37.3142,-23.3659,2.23772,-3.63701,-3.39874,1.86476
100,110,Circle,-4.25441,-33.2624,2.93315,-8.58107,-3.48113,1.75989
100,111,Circle,-35.1257,39.0118,0,-9.61929,-0.169819,1.18371
100,112,Circle,20.8117,2.64669,0,-8.5,-10.6,0
100,113,Circle,-38.7973,-5.42942,-2.26583,-1.39976,-2.56053,0.170621
100,114,Circle,5.73408,-31.2028,-1.91354,-5.64462,-4.5964,-2.25502
100,115,Circle,-1.44333,38.965,0,-6.4,3.3,0
100,116,Circle,3.23895,-27.8566,-7.5123,-6.37317,-1.4674,-6.63014
100,117,Circle,6.40246,7.14138,3.60621,-8.59948,-5.11193,1.32363
100,118,Circle,-20.1514,0.683975,6.8508,-8.08748,-2.60606,5.97265
100,119,Circle,15.8756,-5.12513,17.1126,-1.42985,-5.25328,8.61648
100,120,Circle,-5.7112,-2.89277,-1.90631,-11.3861,1.24299,-3.00997
100,121,Circle,-36.1879,-12.9343,-7.53881,-6.64685,-3.7781,-3.17896
100,122,Circle,-23.5559,7.07732,-2.16878,-4.98136,-4.17946,-3.25317
100,123,Circle,-20.065,12.9007,-4.58806,-6.93916,-6.14239,0
100,124,Circle,13.2086,35.9418,0,-8.9,0.5,0
100,125,Circle,-30.4703,-3.99653,7.06778,-4.09995,-3.29586,4.95515
100,126,Circle,14.8452,-35.6603,-0.429145,-9.04548,-3.50956,0.866712
100,127,Circle,7.87881,-30.0725,-0.881657,-5.57527,-5.98451,-3.31569
100,128,Circle,25.6247,-22.9319,-4.76323,-2.95146,-8.56664,-2.64415
100,129,Circle,6.54391,-20.6854,2.97957,-3.08296,-2.6149,0.925501
100,130,Circle,-12.7683,2.63595,0.645411,-5.33695,-6.47083,1.07569
100,131,Circle,-37.6048,5.95663,-10.3432,-5.53075,-7.75584,-2.55151
100,132,Circle,12.3133,22.489,1.62536,-4.82894,-1.7494,0
100,133,Circle,8.06247,-21.2687,3.66786,-5.26948,-3.70814,1.49892
100,134,Circle,-29.9943,0.699533,2.98081,-4.40229,-5.00124,2.19659
100,135,Circle,3.94099,-11.4724,-1.61767,-9.78541,-6.79538,3.04975
100,136,Circle,12.7799,27.2804,-8.97959,-3.84737,-0.784587,-7.40401
100,137,Circle,-39.6096,39.3414,-1.33883,0,0,0
100,138,Circle,-5.93229,6.50394,0.000481515,-5.59016,-8.51808,0
100,139,Circle,-25.0622,-14.3135,4.93266,-6.4318,-5.90187,3.77556
100,140,Circle,-39.62,-14.6645,-6.8255,0,-3.11471,-8.4264
100,141,Circle,-22.9473,13.8768,5.1317,-6.28175,-7.06299,2.51577
100,142,Circle,13.1075,-31.8369,-1.92217,-2.73557,-9.00807,-5.84911
100,143,Circle,23.6894,-14.7118,1.62533,-3.29141,-5.67838,-1.87372
100,144,Circle,19.6339,-22.0416,-0.142786,-3.19068,2.997,0
100,145,Circle,-30.4812,34.4615,7.64057,-2.41607,0.559536,6.02039
100,146,Circle,16.6155,-27.9242,-9.66744,-7.23621,-3.15293,-6.67331
100,147,Circle,15.6667,14.9755,9.70868,-7.30238,-1.06088,5.80743
100,148,Circle,-30.5439,7.10858,6.91109,-5.99422,-3.22185,6.12294
100,149,Circle,-36.5651,-31.2925,2.46993,0.74035,-2.71601,3.6286
100,150,Circle,-11.5139,13.9262,1.04397,-4.90679,-2.74528,0
100,151,Circle,-18.9093,6.03121,2.77018,-3.93108,-4.88762,-1.76144
100,152,Circle,7.15735,-13.7994,0.81825,-4.04456,-4.34173,-1.28432
100,153,Circle,-7.36568,-5.80663,5.14355,-6.17354,-4.77096,0.174092
100,154,Circle,-5.89214,-38.2724,0.585016,-4.34029,0.235516,0.948719
100,155,Circle,30.4603,-41.913,4.96371,0,0,3.54551
100,156,Circle,-20.7935,-19.1814,-2.8428,-7.581,-1.44883,-1.09962
100,157,Circle,-22.9341,-37.8623,-0.487927,-5.9345,-2.07267,1.70627
100,158,Circle,-9.16088,-30.8094,1.67613,-1.91917,-3.26904,1.35177
100,159,Circle,-13.7077,-19.3208,-10.9174,-2.41618,-4.43039,-6.55043
100,160,Circle,-23.1658,6.12088,0.557123,-5.9785,-3.07385,-0.719311
100,161,Circle,3.76066,34.3347,0,-14.1,-0.5,0
100,162,Circle,-24.7053,-12.224,-5.99543,-9.42155,-6.538,-2.08606
100,163,Circle,7.49129,3.48468,-0.0431581,-3.43772,-6.77681,0
100,164,Circle,-17.634,-31.1635,-5.15174,-5.0107,-5.50428,-1.00914
100,165,Circle,30.9401,9.10329,0,-3,-2,0
100,166,Circle,-1.52667,-28.575,0,-8.6,-13.5,0
100,167,Circle,-30.7816,15.7233,0,-4.7,-9.2,0
100,168,Circle,-30.4247,-21.1951,-2.30281,-5.83112,-6.30225,0
100,169,Circle,5.36058,-22.2405,-9.24489,0.466791,-4.59921,-7.47643
100,170,Circle,-29.2943,-13.8597,7.18799,-3.88669,-1.86364,6.25043
100,171,Circle,-15.2083,-10.0666,0.877029,-2.90775,-8.24912,0.774893
100,172,Circle,8.66107,-38.5984,-0.198269,-3.89624,0.766282,-6.35673
100,173,Circle,6.48686,-14.4483,0.944839,-4.69258,-5.172,1.83386
100,174,Circle,3.46051,13.262,-2.99736,-4.99809,-9.91036,-2.13008
100,175,Circle,13.1027,-24.404,-5.30005,-6.32634,-4.92165,-5.18767
100,176,Circle,-25.1245,5.3867,-1.29389,-7.11757,-5.57189,-1.77531
100,177,Circle,-33.1865,-8.92091,-2.88896,-6.07429,-6.2725,-2.44297
100,178,Circle,14.0525,-1.24787,0.915081,-6.05171,-1.07123,1.61485
100,179,Circle,-34.0664,-34.4888,-6.34975,-3.02626,-5.66579,-6.53843
100,180,Circle,-35.3256,-34.3256,7.36234,-3.76689,-5.20039,4.43342
100,181,Circle,0.556547,-22.0996,0.737295,-0.928616,-1.31227,0.68058
100,182,Circle,-3.11491,-34.4479,-0.661559,-8.47697,-4.08542,-0.84003
100,183,Circle,-36.2356,22.1922,0.923978,-8.36562,0.422769,0.93639
100,184,Circle,-15.6613,5.07474,2.47314,-6.34189,-4.21988,4.61414
100,185,Circle,31.3686,-37.8402,4.00778,-1.40226,-6.85739,2.8627
100,186,Circle,21.4218,-16.9874,-4.8579,-5.8483,-1.90787,-5.06579
100,187,Circle,-0.67593,-6.31972,-5.36041,-6.53389,-3.45567,0.928067
100,188,Circle,-31.6719,-22.9043,7.7217,-5.00902,-7.97001,3.74539
100,189,Circle,25.2183,-34.0391,-3.5022,-3.57978,-8.77629,-2.49304
100,190,Circle,24.1456,27.9676,-3.85922,-4.11138,-3.67599,-4.04946
100,191,Circle,-4.00727,-36.2671,5.53474,-1.61843,-4.70138,1.23297
100,192,Circle,-4.79819,-20.2916,-0.393359,-4.46025,-4.11298,0
100,193,Circle,7.18961,-39.62,5.9623,-1.46817,0,6.102
100,194,Circle,-39.5002,-11.6894,-2.90098,0.314221,-1.83906,-4.33536
100,195,Circle,-27.4101,-32.9186,0.709712,-4.29783,-5.46624,0.919585
100,196,Circle,-38.9878,9.69369,-8.96486,0.696377,-6.78712,-5.48934
100,197,Circle,-13.8921,10.7293,-4.22194,-6.20173,-4.55247,-2.80415
100,198,Circle,2.72986,-3.90778,2.4536,-5.93538,0.00863844,2.23886
100,199,Circle,-9.34495,8.66968,3.16811,-6.16188,-8.42567,2.16008
100,200,Circle,38.1838,0.09404,-2.47106,2.59181,3.6729,-1.54441
100,201,Circle,-21.9787,-9.09583,9.16751,-5.92738,-3.86609,6.51911
100,202,Circle,15.4205,-8.16317,-5.24097,-5.29103,-4.01267,-4.34436
100,203,Circle,-20.1067,29.5599,0,-6.8,-3.6,0
100,204,Circle,-26.0269,18.7832,0.514018,-7.2551,-4.81267,0
100,205,Circle,-16.5759,7.18593,-1.68696,-5.09329,-2.53695,-4.9092
100,206,Circle,-34.0139,-42.9917,-12.0965,0,0,-8.53872
100,207,Circle,-16.534,-10.1036,-7.6318,-5.79412,-6.20658,-1.56764
100,208,Circle,28.2338,18.1453,-1.38896,2.42299,-3.9567,-1.02886
100,209,Circle,-15.5445,7.03696,9.25003,-4.00741,-3.69035,1.82684
100,210,Circle,-30.371,-38.0961,10.766,-3.90697,-0.991583,2.49037
100,211,Circle,-22.2565,-18.9072,2.68026,-3.55536,-6.44466,3.2355
100,212,Circle,-24.2525,-14.1593,4.08867,-6.31714,-4.56856,1.29643
100,213,Circle,-38.934,-37.6163,9.23946,-0.0999713,-3.07571,5.42467
100,214,Circle,-38.8193,-6.94404,7.28251,0.0509473,-2.74615,0
100,215,Circle,-7.55953,28.6973,-2.7984,-4.63029,-2.1106,-2.82097
100,216,Circle,8.7209,-32.259,-7.79651,-6.86834,-4.56435,-5.00894
100,217,Circle,-10.9531,-38.4644,1.7528,-5.49477,-7.59773,2.23374
100,218,Circle,-6.7981,-13.4837,8.46957,-3.76068,-2.03751,4.50709
100,219,Circle,7.71109,-38.3626,0.349761,-2.73188,0.462926,0
100,220,Circle,-24.5436,-36.8129,7.32594,-5.6635,-6.69828,-0.655965
100,221,Circle,-27.2135,-12.6829,-3.14369,-8.91864,-7.51326,0
100,222,Circle,22.818,-20.89,-11.0457,-5.01012,-7.05794,-8.44818
100,223,Circle,-38.8071,-12.5702,6.86518,-0.190983,-1.09605,6.30353
100,224,Circle,-17.0508,15.9197,3.81742,-7.24576,-6.08021,3.64753
100,225,Circle,-18.9087,-34.7654,2.79685,-7.314,-3.91168,2.38892
100,226,Circle,-19.6694,-1.90739,4.15047,-7.25852,-2.29285,-5.06952
100,227,Circle,-0.610001,-1.83832,0,-15,-6.1,0
100,228,Circle,1.54272,-19.028,-5.30013,-3.68797,-5.47852,-4.8183
100,229,Circle,-31.9405,-31.8071,-1.40134,-2.1177,-5.56884,1.45857
100,230,Circle,16.6477,-36.5786,-4.99,-0.655405,-4.1779,-4.56015
100,231,Circle,-26.4234,-12.5845,0.325323,-8.55944,-6.97075,0
100,232,Circle,13.4995,23.8083,-0.279945,-9.33782,-2.15605,-5.59889
100,233,Circle,-12.3857,14.7608,19.0391,-3.77719,-6.11693,11.9306
100,234,Circle,-0.933165,8.72559,-4.42601,-3.37196,-1.66165,-3.36497
100,235,Circle,-31.3676,6.72755,11.3321,-3.88456,-7.08297,6.40558
100,236,Circle,-23.9557,-20.2516,-7.57216,-6.38448,-2.82514,-3.11353
100,237,Circle,10.5644,-37.312,1.12839,-7.76983,-2.50114,2.90376
100,238,Circle,23.6566,-38.4174,-6.58309,-4.73097,-1.63449,0
100,239,Circle,32.727,6.59946,-2.6207,-0.3144,-2.32952,-2.53616
100,240,Circle,-31.6179,9.05945,-1.94638,-4.68897,-5.2612,-1.97937
100,241,Circle,5.4,-23.0934,-1.27701,-2.46847,-5.35669,-5.5004
100,242,Circle,-6.7599,-38.1445,-2.56397,-4.92508,0.579293,2.09314
100,243,Circle,32.5773,-39.6209,4.13677,-0.946763,0,2.69243
100,244,Circle,-6.54719,18.2955,-12.052,-6.37046,-0.871241,-7.63398
100,245,Circle,-37.6846,36.4017,5.22519,1.9,0.925291,4.89861
100,246,Circle,-20.5394,26.9311,4.34886,-4.92622,-5.05257,2.53685
100,247,Circle,-14.5958,-12.3512,-6.35775,-4.83781,-7.28831,-7.41119
100,248,Circle,21.1516,-33.974,18.9059,-3.9549,-6.7439,12.0239
100,249,Circle,16.4179,17.452,5.98243,-5.00915,-1.83729,3.61582
100,250,Circle,25.8056,15.7293,-2.13131,-1.4243,-1.48884,1.6913
100,251,Circle,16.467,-10.2925,-2.98896,-5.57584,-3.08911,-1.084
100,252,Circle,10.9657,-32.3722,-8.47844,-4.38338,-5.54965,-7.30017
100,253,Circle,6.79135,-23.8647,-3.22782,-1.70721,0.107614,-3.95649
100,254,Circle,5.80694,-20.8438,-5.31585,-5.00706,-0.128774,-9.35604
100,255,Circle,-8.6821,-15.7649,0.228488,-7.43804,-4.55663,1.39519
100,256,Circle,-39.6235,-2.55111,-0.482058,2.98023e-08,-0.90216,-2.32492
100,257,Circle,-2.5473,18.7086,-2.80915,-4.24427,-1.90763,-2.59247
100,258,Circle,19.2801,11.575,-1.56669,-4.51359,-4.74378,-2.59642
100,259,Circle,-17.8291,9.92843,-2.08785,-5.87498,-8.07639,-2.64639
100,260,Circle,-17.5884,17.1783,-0.486825,-5.4116,-6.58247,0
100,261,Circle,-13.9518,14.1292,1.98522,-5.90251,-4.61184,4.60251
100,262,Circle,14.2303,4.89463,-7.10511,-9.90003,-4.5273,-3.34726
100,263,Circle,36.8285,11.6716,0,3.7,-11.5,0
100,264,Circle,-39.3763,-20.9787,-4.9316,0.766767,-4.6298,-4.65486
100,265,Circle,-38.7117,-31.4904,-1.61265,-4.39799,-5.49521,0
100,266,Circle,-30.0004,-26.1616,-10.1379,-4.71929,-0.91608,-5.8531
100,267,Circle,-13.7698,-33.83,-8.02133,-2.79377,-7.21082,-4.96165
100,268,Circle,-39.6111,-27.331,-0.310964,0,-4.31341,-6.36201
100,269,Circle,-25.6718,-12.8353,3.90338,-8.62919,-7.19073,0
100,270,Circle,-34.5802,0.717456,10.9282,-5.32896,-2.52222,8.98211
100,271,Circle,-38.7127,-14.7454,5.30241,0.479844,-3.78427,5.95482
100,272,Circle,-32.1013,-14.3423,-6.63005,-2.87247,-6.78689,-4.82403
100,273,Circle,-27.0166,-22.2974,1.22056,-4.97653,-6.21717,1.66662
100,274,Circle,-38.8963,-18.738,-2.47263,-2.2309,-4.17319,-7.04165
100,275,Circle,-20.0409,-39.397,5.98032,-2.62706,1.50771,9.58396
100,276,Circle,-28.6484,-36.2937,-15.8007,-0.51363,-1.79491,-12.3048
100,277,Circle,-38.396,29.6396,-0.675561,2.1428,0.0163807,0
100,278,Circle,-11.0721,-3.10748,-3.74943,-7.35647,-1.07385,0
100,279,Circle,16.6669,-4.55773,-9.22452,-0.147327,-5.41782,-5.31812
100,280,Circle,-17.0356,-36.9864,-7.95808,-8.68128,-6.2427,-4.9738
100,281,Circle,-38.0306,7.72061,-8.28131,0.0972746,-3.84023,-1.77487
100,282,Circle,-0.79043,2.62343,4.08179,-4.64069,-5.07927,5.37111
100,283,Circle,-20.4535,17.557,1.60248,-3.86771,-6.47701,0.914316
100,284,Circle,-33.584,-26.4468,1.61176,-6.859,-5.14973,0.111605
100,285,Circle,21.4927,-14.6304,-5.15499,-5.64608,-2.71396,-3.52144
100,286,Circle,7.08764,12.9396,2.19274,-9.53831,-5.42363,0
100,287,Circle,-34.819,4.23116,-4.51802,-3.02103,-7.79259,-3.87449
100,288,Circle,-31.0525,-28.2806,3.41972,-4.09769,-1.81842,0
100,289,Circle,-37.2278,-19.1305,8.3379,-5.27848,-2.24545,5.88686
100,290,Circle,28.125,15.7883,0,-2.7,-7.7,0
100,291,Circle,-38.759,-8.56066,-6.43141,-0.967675,-3.16532,3.25048
100,292,Circle,-19.9178,-5.99801,4.85818,-2.59223,-4.86393,2.96074
100,293,Circle,-23.6535,-13.5527,-4.12452,-6.66625,-3.71136,0
100,294,Circle,6.5542,15.5388,-0.938125,-5.60917,-4.5058,-2.46732
100,295,Circle,-5.015,-37.6704,-1.31908,-3.53258,-2.59673,2.53537
100,296,Circle,-37.8884,24.0747,-0.391332,1.94737,-0.450052,0
100,297,Circle,6.85115,-30.6439,-0.54511,-7.26719,-5.48663,2.53378
100,298,Circle,-1.83401,-39.4433,13.0385,-2.2896,0.146659,9.7151
100,299,Circle,-28.7575,1.13484,-4.72163,-1.72715,-5.26319,-4.60674
100,300,Circle,11.0494,17.3094,2.42262,-7.36603,-2.82976,0.689853
100,301,Circle,-12.1191,-37.6398,24.5564,-0.156556,2.61893,15.5512
100,302,Circle,-8.12402,-39.2681,2.6987,-2.6739,1.33627,0.866171
100,303,Circle,8.87164,-11.1555,-8.882,-5.35427,-3.68577,-8.21548
100,304,Circle,-4.66087,-10.8537,12.2826,-5.82091,-7.42769,5.22176
100,305,Circle,-5.93755,-37.4943,-0.943195,-4.10056,0.253221,-1.12322
100,306,Circle,17.3334,1.35833,0,-6.2,-1.1,0
100,307,Circle,6.91369,12.1101,-20.6563,2.35287,-5.00456,-16.4225
100,308,Circle,-38.6535,-7.75561,1.29958,-1.08157,-2.76455,1.06823
100,309,Circle,-38.8583,6.87671,-5.00054,0.836621,-3.41154,-5.24621
100,310,Circle,-28.7283,-19.3605,-0.694902,-6.7764,-4.28172,-1.62436
100,311,Circle,-39.635,-38.8651,-4.27218,-3.43045e-09,-0.323733,-1.10066
100,312,Circle,-21.2875,16.8233,1.71984,-6.32456,-4.88708,0.715573
100,313,Circle,-2.48667,-0.54006,5.82284,-7.92909,-8.3392,3.35907
100,314,Circle,-1.26477,1.09253,0.207631,-4.299,-7.84736,1.0066
100,315,Circle,-32.819,-38.0265,17.6658,-3.67523,0.386084,14.5056
100,316,Circle,-15.7309,6.06005,-6.73601,-4.71291,-3.87762,-4.1044
100,317,Circle,13.0717,-31.0792,1.94473,0.00891732,-6.43209,-3.45118
100,318,Circle,-23.6053,-16.0283,-6.57612,-2.70474,-6.21413,-3.75189
100,319,Circle,0.658243,-6.72649,-9.96823,-8.20779,-1.07096,-8.49382
100,320,Circle,4.42773,-16.5177,-6.5114,-4.86825,-4.31317,-1.30382
100,321,Circle,16.88,-12.76,-0.235349,-7.78636,-4.7058,0
100,322,Circle,-38.9033,-15.5164,-0.51226,0.703424,-3.84534,-1.20414
100,323,Circle,-16.6841,-31.4525,1.15148,-4.01175,-4.82328,3.98359
100,324,Circle,-42.3405,6.52001,0,0,0,0
100,325,Circle,-22.163,-39.642,-4.85196,-1.60486,0,4.35935
100,326,Circle,12.9736,24.455,12.5689,-8.92527,0.387976,1.88423
100,327,Circle,-38.4297,-21.6175,-2.84903,1.46671,-4.64194,0
100,328,Circle,-3.91105,-15.9883,-4.2865,-5.38524,-5.22896,-2.81778
100,329,Circle,-42.1562,-12.8811,18.8797,0,-2.22642,11.6782
100,330,Circle,7.94536,21.4524,-4.42492,-5.25437,-2.26631,-1.18457
100,331,Circle,-34.8406,25.1506,0,-10.4,-2.6,0
100,332,Circle,-10.9606,-30.8887,-2.75512,-2.44288,-4.06853,-0.731474
100,333,Circle,12.3999,28.966,0.505255,-5.7588,1.48941,0
100,334,Circle,-30.7903,-39.2037,-4.53742,-1.97238,-0.871928,-5.7737
100,335,Circle,14.2445,-20.3777,-10.3644,-0.318185,-4.48941,-11.7333
100,336,Circle,21.0458,-19.4695,1.95362,-3.21638,-4.65611,1.9216
100,337,Circle,-33.6765,-37.8499,2.8469,-8.00923,-4.86821,2.6139
100,338,Circle,-21.9769,5.08944,-8.34781,-4.17057,-7.05364,-4.72428
100,339,Circle,-0.497344,-19.2693,-12.6081,-2.35916,-0.463485,-8.89274
100,340,Circle,2.71661,23.3091,-5.58557,0.782748,-1.93284,-3.35134
100,341,Circle,-16.2917,33.5984,0,-13.7,0.1,0
100,342,Circle,12.3197,15.5705,7.23547,-5.62148,-3.34011,4.0368
100,343,Circle,-39.3443,-9.16092,4.75854,-1.15106,-4.46912,-1.2161
100,344,Circle,-19.9702,-4.03586,-9.09978,-0.922358,-0.790691,-5.99986
100,345,Circle,16.155,6.87478,4.79334,-8.35225,-2.78099,4.16737
100,346,Circle,15.9817,2.87744,-1.00364,-1.15719,-2.17451,0.639658
100,347,Circle,16.7967,-7.51046,-3.27785,1.41383,-3.74325,-11.5032
100,348,Circle,-14.9822,5.82485,-2.15274,-4.86364,-4.57214,0
100,349,Circle,3.56967,-31.7298,-0.62064,-4.72828,-6.41632,-1.59415
100,350,Circle,-38.9418,3.30007,-15.1814,-0.623443,-7.30068,-8.1297
100,351,Circle,14.1931,-21.5528,-4.52062,-5.19607,-7.96442,-4.37108
100,352,Circle,-11.9329,-14.6602,0.000430792,-2.2039,-5.05686,0
100,353,Circle,-5.36511,11.0471,1.76805,-7.0087,-2.8347,1.82902
100,354,Circle,-22.8207,-37.034,2.18865,-4.29347,-5.56095,3.1376
100,355,Circle,-25.995,-19.4143,6.59319,-7.18376,-3.48685,6.11624
100,356,Circle,-5.31065,-13.0784,-0.746282,-3.029,-4.34112,0.652116
100,357,Circle,-37.6289,-30.1993,-2.35958,-3.27176,-4.16491,0
100,358,Circle,9.16742,-21.6578,-5.01598,-5.2924,-6.91193,-7.22052
100,359,Circle,-39.2305,-10.7081,9.72736,0.843198,-1.27499,1.65828
100,360,Circle,-20.6463,6.76924,4.95611,-3.87097,-6.80195,0
100,361,Circle,-20.904,4.11035,3.11318,-4.24519,-6.17436,5.45962
100,362,Circle,-27.395,-5.89666,0,-2.1,-2,0
100,363,Circle,16.3664,-8.23612,-7.20736,-4.78818,-3.37836,-6.7958
100,364,Circle,-30.1366,-33.8753,4.69893,-0.595664,-7.06757,1.64699
100,365,Circle,4.67034,-23.3529,-0.613643,-3.08216,-6.27243,2.72794
100,366,Circle,15.5779,-12.1323,4.58518,-8.79834,-5.02811,1.34323
100,367,Circle,1.65312,27.5346,6.58589,-7.48478,-0.983661,5.06607
100,368,Circle,-27.4672,-31.8168,17.2259,-3.08462,-4.1916,8.01569
100,369,Circle,14.9621,-22.0121,-4.15133,-3.52873,-2.6997,-4.43763
100,370,Circle,-17.2186,11.3311,-1.89204,-4.85818,-7.52588,-1.69436
100,371,Circle,11.9946,-35.5828,11.6001,-4.89119,-6.00119,5.4462
100,372,Circle,-23.4595,34.1623,0,-6.3,2.3,0
100,373,Circle,9.2059,-23.7778,-3.35057,3.65676,-4.2542,-2.01034
100,374,Circle,-4.20377,-37.7932,1.54739,-3.25602,-0.966621,4.53988
100,375,Circle,24.8784,22.3701,0,-5.3,1.8,0
100,376,Circle,12.9439,37.5365,0,0.7,2.5,0
100,377,Circle,-39.6469,-1.13089,1.84061,0,0,0
100,378,Circle,-25.1056,-35.9026,2.40992,-3.946,-4.53147,-2.06684
100,379,Circle,-37.0738,-37.8004,4.42994,-7.64385,-6.22504,0
100,380,Circle,25.966,-39.62,8.09643,-1.58076,1.63913e-07,4.63446
100,381,Circle,-41.9233,17.04,27.4686,0,-0.918519,5.36416
100,382,Circle,24.4791,-42.0928,0,0,0,0
100,383,Circle,27.0077,-23.0681,-0.386646,-2.94534,-10.8534,-1.00864
100,384,Circle,-39.6202,-16.7482,-2.46433,0,-2.95297,-7.77126
100,385,Circle,-14.0658,12.3251,12.3667,-3.97324,-3.24018,8.27065
100,386,Circle,5.72602,15.7163,7.70476,-6.30585,-4.52066,2.91143
100,387,Circle,-30.4465,-32.2107,14.3685,-6.72041,-6.28027,10.4503
100,388,Circle,18.6536,-29.262,3.85836,-6.36235,-5.93291,3.26382
100,389,Circle,-13.7263,-3.79383,15.2141,-4.88273,-6.36884,8.46233
100,390,Circle,-39.4338,-39.6199,3.58188,0.527203,-0.991763,0
100,391,Circle,-39.6202,-3.34781,-1.88292,0,-0.91213,0
100,392,Circle,22.5163,-8.79964,-1.50725,-3.80284,-8.88146,1.05346
100,393,Circle,-10.1153,6.74921,6.91226,-5.80158,2.22765,7.41449
100,394,Circle,-14.853,4.9459,-8.19218,-6.13452,-6.14123,-5.99163
100,395,Circle,-5.81312,-4.19746,4.20909,-11.8889,0.370029,1.08071
100,396,Circle,9.28993,-13.0778,1.19252,-9.87492,-6.50582,2.14115
100,397,Circle,-37.2176,-36.1854,2.74216,-3.12771,-0.566152,-3.72929
100,398,Circle,-22.3018,-26.0294,2.57962,-8.25932,-7.88132,-1.46377
100,399,Circle,17.6005,18.0653,-0.43923,-4.06054,-0.719337,-0.804101
100,400,Circle,-15.6045,14.9313,4.63361,-9.01763,-4.40494,-0.561896
100,401,Circle,-23.2542,-11.0992,-9.10486,-9.00126,-6.36054,-5.47303
100,402,Circle,-34.9425,-8.76767,11.5972,-7.38044,-3.94069,7.79988
100,403,Circle,-13.0073,-33.4386,-1.8812,-3.75606,-4.73011,-1.20348
100,404,Circle,-27.3372,-28.3721,1.55445,-6.86276,-1.9749,1.99137
100,405,Circle,-10.4596,19.6025,-13.7109,-2.05111,-4.62434,-10.3402
100,406,Circle,6.91787,-38.3283,-1.05688,-2.78459,0.966432,-0.903163
100,407,Circle,-6.6008,13.5016,-8.40513,-4.45069,-5.58726,-5.10398
100,408,Circle,-23.1261,-15.1506,0.0706649,-4.82402,-6.20803,0
100,409,Circle,-21.9747,-25.092,-0.539891,-7.81126,-6.85995,1.29308
100,410,Circle,-32.7012,-32.8104,1.30459,-2.21078,-4.44824,1.41476
100,411,Circle,-10.268,0.182793,-5.12511,-6.07485,-0.756216,-3.37919
100,412,Circle,-6.12416,5.08983,12.6158,-2.78215,-2.27958,8.70709
100,413,Circle,-29.2073,-39.5129,10.1306,-4.56282,-0.444629,4.53247
100,414,Circle,28.5585,-23.1084,0.768964,-2.2432,-8.87467,0.659112
100,415,Circle,-6.78397,-23.1492,-3.24392,-1.60806,-2.39589,0
100,416,Circle,-7.78358,-37.7436,-2.21244,-4.63704,-5.37128,-3.68411
100,417,Circle,26.1826,-23.9751,-3.81058,-4.28267,-11.3898,-1.74314
100,418,Circle,-12.9818,12.9258,6.68289,-4.45166,-4.53666,3.19608
100,419,Circle,-39.5691,-5.21396,7.21604,-1.50041,-1.52882,1.42704
100,420,Circle,-31.8521,0.626817,2.14773,-8.04299,-6.01953,4.50663
100,421,Circle,-1.20747,10.3136,-2.606,-2.84798,-7.14523,-1.26854
100,422,Circle,9.45674,-31.6257,-2.65225,-5.07635,-5.33489,-1.71963
100,423,Circle,0.284604,-5.74858,4.56798,-6.61595,0.753993,3.60742
100,424,Circle,-30.1871,-27.7998,-9.29324,-6.18027,-2.70737,-3.37218
100,425,Circle,-24.9257,-21.0457,-6.75453,-4.73157,-3.9186,-4.54369
100,426,Circle,10.1614,-32.0043,9.47504,-4.58729,-4.79722,5.15266
100,427,Circle,-18.7844,-33.4949,-5.32385,-6.08269,-5.09808,-1.67548
100,428,Circle,-21.36,-8.15864,0.307974,-6.11601,-7.14329,0.637444
100,429,Circle,-22.1414,5.80785,3.10525,-3.42877,-6.14159,2.5929
100,430,Circle,-38.9525,11.028,-7.62324,-0.442351,-5.67037,-8.05894
100,431,Circle,13.1784,-11.9597,-7.2135,-9.4225,-5.08065,-1.69102
100,432,Circle,-9.59369,-5.55146,-3.92854,-7.11341,-4.2586,-6.88543
100,433,Circle,-17.584,1.23516,-7.8802,-4.86807,-4.53846,-6.11289
100,434,Circle,32.3919,24.0454,2.03225,4.73114,-1.10232,1.29718
100,435,Circle,10.0908,36.2385,0,-5.2,3.3,0
100,436,Circle,-28.2523,-38.4069,-2.30744,-5.78916,-1.4328,-1.8101
100,437,Circle,-35.0074,-11.98,4.93521,-6.05511,-5.44568,5.62111
100,438,Circle,-3.19082,25.1703,-9.23366,5.84125,-3.89162,-6.29567
100,439,Circle,23.3183,12.2229,-0.15146,-4.54259,-9.23371,0
100,440,Circle,-3.27191,20.6466,4.36445,-4.88492,-0.914246,3.20649
100,441,Circle,-34.3574,-26.359,-3.62516,-7.69291,-7.46297,-3.46154
100,442,Circle,20.2326,-12.8608,3.86459,-3.2817,-2.68036,2.33546
100,443,Circle,-6.06626,-6.63101,-0.168339,-6.81566,-6.16112,0
100,444,Circle,-38.7244,-3.34877,-1.99005,0.858837,-1.47094,0
100,445,Circle,-14.3822,14.8434,1.32178,-6.40219,-6.45997,-1.07901
100,446,Circle,2.55792,19.614,18.1631,-0.709161,-5.92937,16.3247
100,447,Circle,27.3193,36.1667,-6.64656,-0.673273,3.3786,-6.04233
100,448,Circle,11.8237,-39.0536,4.06992,-2.57403,-0.57173,-5.53097
100,449,Circle,33.2449,-39.006,-1.97492,1.17343,-2.49715,-1.57607
100,450,Circle,-1.24742,21.1666,-3.72091,-5.35456,-3.11839,-2.41916
100,451,Circle,-23.6133,-17.6486,-19.1971,-6.61374,-8.5174,-12.3938
100,452,Circle,-29.9438,-9.10768,5.38805,-3.52312,-6.26857,3.50565
100,453,Circle,-38.8474,-2.52474,0.306214,0.247566,-1.15597,1.28584
100,454,Circle,-5.45948,-12.1918,3.85814,-7.945,-2.38896,6.20483
100,455,Circle,-24.879,-39.2039,2.22652,-3.87778,0.753851,3.06818
100,456,Circle,-12.6564,-5.97131,2.26924,-0.239495,-1.93995,-3.01529
100,457,Circle,-37.7248,10.131,6.27817,-2.12944,-8.49856,1.53031
100,458,Circle,30.3961,-11.7206,-3.20198,-0.39789,-6.89673,-2.40149
100,459,Circle,-30.1742,-36.326,15.1699,-6.50785,-0.446939,5.44675
100,460,Circle,-7.04973,-39.62,-12.6385,-4.34676,6.03961e-14,-2.09406
100,461,Circle,-1.30301,23.2211,-5.79714,-7.8601,-4.58619,-4.17603
100,462,Circle,-38.8705,-16.4252,3.86306,1.17181,-3.56083,-2.03299
100,463,Circle,-7.72352,14.9431,6.52592,-4.72316,-6.1658,4.50059
100,464,Circle,-34.3514,-29.7502,-12.695,-2.20951,-3.29735,-12.3109
100,465,Circle,-37.6575,1.88809,3.03335,-5.53174,-7.1619,1.71651
100,466,Circle,20.4298,-37.7965,0,-4.95603,-9.43627,0
100,467,Circle,-37.4734,-15.5018,6.80513,-5.1436,-11.249,5.77496
100,468,Circle,3.92102,3.17558,-7.63813,-1.13652,-2.45216,-5.09657
100,469,Circle,1.06696,10.8744,1.483,-3.92854,-5.57492,1.94346
100,470,Circle,13.8041,-37.7804,-10.5628,-6.22685,-2.14296,-8.41123
100,471,Circle,-25.6621,14.3209,2.36493,-6.29312,-9.50979,5.67582
100,472,Circle,-6.51929,16.7173,-4.97137,-8.05979,-4.05731,-1.84121
100,473,Circle,-39.6347,-37.2779,-1.87505,0,0,-2.93598
100,474,Circle,26.3959,17.8151,1.63202,1.31577,-3.68226,0.850879
100,475,Circle,6.96964,7.81059,-5.67139,-5.95976,-5.02703,-6.75887
100,476,Circle,-20.6688,12.3269,1.68776,-6.1942,-7.78403,2.80053
100,477,Circle,-8.23993,1.66991,-13.2716,-5.78887,-13.055,-9.04878
100,478,Circle,-21.6315,-38.6104,7.49308,-2.68649,0.42426,0
100,479,Circle,28.0683,-37.212,2.6154,-1.56942,2.26929,2.69779
100,480,Circle,-15.39,-23.1612,-15.7878,-5.25841,-6.33198,-12.5575
100,481,Circle,5.81242,-25.3912,0.00417885,-0.610623,-0.963949,0
100,482,Circle,-5.83046,-14.1403,2.01563,-6.07606,-2.91465,2.17842
100,483,Circle,-6.08757,-8.66361,6.5524,-6.54372,-5.78189,4.00932
100,484,Circle,8.31767,-37.8073,5.03766,-3.16139,1.31237,2.54707
100,485,Circle,-19.3406,-13.0921,4.52553,-4.5695,-12.6731,3.09402
100,486,Circle,-39.5808,6.30434,-1.98166,-2.7211,-4.64775,-1.33956
100,487,Circle,-9.41725,10.8533,-8.37142,-5.77438,-7.30053,-5.72328
100,488,Circle,-13.476,8.09155,-4.7542,-3.50104,-4.64309,-4.24087
100,489,Circle,-18.4359,-38.8857,5.13981,-8.52143,-4.02377,0
100,490,Circle,-15.5075,8.38005,-0.415209,-3.36132,-4.14484,-1.61682
100,491,Circle,-13.7863,-5.3576,-15.6414,-0.510167,-2.89516,-10.5027
100,492,Circle,-34.4068,-14.1316,-6.69992,-2.36266,-2.83401,-6.79876
100,493,Circle,6.77413,-31.4492,11.2261,-5.30545,-5.31134,9.35453
100,494,Circle,-17.8047,21.8305,10.7161,-9.11447,-4.01082,6.84009
100,495,Circle,25.186,-26.9611,-4.73781,-2.99982,-10.7769,-3.95272
100,496,Circle,-6.24092,-12.7009,4.99812,-4.57543,-5.18528,6.6064
100,497,Circle,-0.4687,21.9607,4.80266,-4.93718,-1.80213,5.80364
100,498,Circle,-8.94036,-22.6515,-10.6471,-4.82374,-3.23773,-7.91119
100,499,Circle,19.3766,-16.5386,-6.32081,-5.06285,-2.767,-1.43936
100,500,Circle,-4.48033,-39.2149,5.95401,-3.35022,-0.169803,-3.40429
100,501,Circle,17.5341,10.7441,-0.619668,-3.85822,-1.46958,-2.63404
100,502,Circle,-29.7266,-20.8527,0.457303,-6.19417,-4.4758,5.26139
100,503,Circle,13.6081,25.5345,5.78639,-5.55501,-0.77799,3.94527
100,504,Circle,16.6657,15.1987,-6.21678,-6.26347,-2.99439,-7.90882
100,505,Circle,-18.0372,-28.155,15.4131,-7.18335,-2.36899,11.509
100,506,Circle,16.4957,2.08712,-2.11863,-1.49226,-2.95334,-2.87043
100,507,Circle,29.863,-39.2756,-2.0814,0.0512621,1.28175,0
100,508,Circle,-29.2049,37.8164,4.04282,-5.26176,2.49232,2.75646
100,509,Circle,-39.613,-6.76721,-2.46441,-0.0221124,-1.55763,-2.55822
100,510,Circle,-27.8662,-25.7889,4.92441,-4.20075,-1.785,-0.752411
100,511,Circle,26.7266,-32.0927,3.36424,-2.62835,-4.52364,3.23811
100,512,Circle,19.7669,-18.0049,4.76784,-0.898228,-4.80123,2.47047
100,513,Circle,-29.8075,-31.7303,0.301666,-6.10013,-7.00987,0
100,514,Circle,-26.4874,-15.6014,1.86677,-7.76268,-7.7003,3.58247
100,515,Circle,-6.34309,-10.629,0.445495,-5.47944,-5.18186,-0.814382
100,516,Circle,-15.8324,12.5735,4.32203,-4.71737,-4.10298,5.62912
100,517,Circle,5.60214,-29.4325,-8.70057,-4.28489,-5.31743,-5.94798
100,518,Circle,-37.8761,-16.6743,3.98981,-0.276805,-3.62451,-0.646857
100,519,Circle,-10.8962,1.71203,3.16648,-5.33555,-4.76368,1.62251
100,520,Circle,-42.0527,13.8613,-2.09519,0,0,-1.33735
100,521,Circle,-23.3595,-38.8332,4.73425,-4.99093,-5.3802,5.90623
100,522,Circle,15.6781,14.0685,1.36437,-4.68361,-2.94872,2.19833
100,523,Circle,-22.2851,0.817648,-2.67792,-3.91945,-0.505763,-1.49639
100,524,Circle,10.4983,-23.9643,-7.83537,-8.25934,-4.73581,-8.68615
100,525,Circle,17.0468,11.8837,13.8269,-4.74936,-0.310607,9.81872
100,526,Circle,11.654,16.487,-4.62582,-6.12873,-2.88381,-4.45196
100,527,Circle,-11.2645,17.7106,2.68023,-2.14521,-7.09098,1.87014
100,528,Circle,-34.0825,6.35255,-3.1794,-5.4583,-3.48279,-4.61962
100,529,Circle,-7.24309,29.7313,-2.35891,-2.72592,-1.95446,-5.36859
100,530,Circle,12.0365,-21.0515,-10.8787,4.02906,-7.16416,-8.33585
100,531,Circle,-0.378373,-38.6504,3.93994,0.482746,-11.936,2.84159
100,532,Circle,-14.6474,11.4266,-6.93395,-5.98595,-3.48609,-4.33225
100,533,Circle,-38.8869,-38.82,-0.817218,0.945107,-2.3899,-3.78647
100,534,Circle,-39.5753,18.9401,-2.32928,2.01201,-0.676336,-2.36123
100,535,Circle,13.7623,-39.624,-1.02653,-3.25777,0.583248,3.6169
100,536,Circle,12.0702,-10.8963,7.9693,-7.54932,-3.74884,7.8768
100,537,Circle,-21.1929,26.2105,4.07962,-5.43059,-4.99457,1.45079
100,538,Circle,-39.2097,26.1523,2.01215,-4.96285,-3.80933,1.2892
100,539,Circle,-39.5278,-21.6151,9.01586,0.359797,0.655887,1.68932
100,540,Circle,1.15604,-34.311,-5.73515,-4.09955,-3.09376,-4.27203
100,541,Circle,-3.5777,-19.4102,-2.40136,-7.20259,-9.93415,-2.5611
100,542,Circle,25.6429,-31.6397,-2.72756,-3.33102,-5.93919,-3.05399
100,543,Circle,-38.1173,5.19696,-1.88208,-3.54678,-6.00746,-2.06831
100,544,Circle,17.7345,15.0853,4.63942,-5.54344,0.486806,1.93976
100,545,Circle,-38.8284,39.0135,-2.26732,1.1331,-3.2831,-7.32787
100,546,Circle,17.5839,-39.5107,10.3965,-3.78385,0.9721,13.5668
100,547,Circle,-34.2368,-10.202,0.291003,-5.50331,-2.31827,1.5314
100,548,Circle,-33.504,38.6113,0.416974,-8.12663,5.35481,2.08487
100,549,Circle,-20.3989,4.80614,3.44073,-8.99524,-2.68121,6.49964
100,550,Circle,29.9317,-34.3389,-2.71722,-0.741879,-6.53555,-1.98821
100,551,Circle,-7.82368,-14.605,11.0354,-2.76061,-4.50892,12.8456
100,552,Circle,-29.2858,-6.46531,-1.84633,-2.02331,-3.28043,-3.04111
100,553,Circle,12.642,-38.2536,0.077485,-6.19453,1.11324,4.38901
100,554,Circle,-35.2451,-35.9534,-1.05217,-0.357977,-5.32748,-0.664531
100,555,Circle,4.57381,14.0475,-0.665872,0.474294,-9.82773,-3.63203
100,556,Circle,4.07128,-26.4079,-1.93587,-4.08146,-11.405,-8.93478
100,557,Circle,-11.1633,-29.7506,3.9524,-3.52235,-3.0703,3.25828
100,558,Circle,-38.3359,-11.5071,-3.03902,-7.01072,-5.85499,-1.34104
100,559,Circle,-23.7512,-23.9303,-1.85927,-9.0725,-6.95137,-0.564566
100,560,Circle,-29.2219,-37.1075,2.48017,-5.70851,-0.472028,1.49183
100,561,Circle,-12.1011,-0.484578,-1.41005,-7.10115,-5.8658,-0.218176
100,562,Circle,4.79171,-4.87065,-14.2539,-11.0914,-4.04727,-12.1523
100,563,Circle,-38.6861,-25.2834,5.15912,1.00349,-5.27311,2.05491
100,564,Circle,-32.8887,1.22464,11.8196,-3.75596,-10.2265,8.70265
100,565,Circle,-36.9781,-10.3533,-0.00512686,-6.2908,-5.44433,0
100,566,Circle,-42.7981,-6.29893,9.0822,0,0,6.66597
100,567,Circle,-24.2694,16.7297,0.580554,-6.51839,-4.35287,0.802928
100,568,Circle,-39.4704,2.13633,-0.757725,1.46,-0.872,-4.54635
100,569,Circle,-13.0117,-6.77652,16.026,-6.79824,-2.58643,7.11462
100,570,Circle,-0.649511,13.6775,-1.44444,-4.55072,-3.15414,-2.00329
100,571,Circle,-39.4988,27.2422,2.8668,1.2051,-2.12404,-5.57988
100,572,Circle,-1.34059,6.62515,6.35835,-7.35911,-4.05372,3.88443
100,573,Circle,8.46669,-16.0128,-3.3156,-6.24247,-7.74854,-3.01376
100,574,Circle,25.0307,10.2336,0,2.4,-4.9,0
100,575,Circle,-20.0153,-34.6733,-4.72835,-5.4635,-8.49989,-4.94132
100,576,Circle,35.4399,1.72666,0,3,-4.6,0
100,577,Circle,4.91277,-38.8226,10.9014,-3.1538,1.06131,10.8856
100,578,Circle,-5.47083,29.3179,-6.88051,-1.11755,-2.22302,-9.68238
100,579,Circle,-32.1171,-4.16242,-14.5496,-4.77455,-3.8676,-9.03125
100,580,Circle,-39.4726,13.1501,-7.2165,0.670332,-10.0032,-9.19912
100,581,Circle,27.2927,-37.5371,-7.22105,-1.80565,1.54,-5.76243
100,582,Circle,-31.8754,-21.0637,2.61163,-4.46932,-7.0817,-1.0459
100,583,Circle,-28.2592,-32.0447,-8.88612,-3.07205,-4.77035,-6.85079
100,584,Circle,-20.2557,9.87735,-1.59132,-8.25672,-7.33503,-1.91941
100,585,Circle,-28.8513,-3.58719,-1.10747,-3.52472,-3.78074,0
100,586,Circle,-7.5521,-12.3037,6.02848,-4.27325,-3.69378,5.03254
100,587,Circle,-35.7371,-22.0406,2.90888,-0.897669,-5.29302,5.73258
100,588,Circle,-2.34197,-33.3004,2.47952,-6.61387,-6.61865,4.56358
100,589,Circle,24.1449,-2.02005,6.72907,-6.56678,-10.8204,5.76777
100,590,Circle,-32.9439,32.1179,4.98368,1.16374,-1.90487,2.99021
100,591,Circle,6.87833,18.9251,0,-7.7,-0.9,0
100,592,Circle,18.2852,-34.8787,3.75069,-5.0647,-7.74622,2.43712
100,593,Circle,-23.4291,-24.6007,0.395581,-8.13664,-7.87765,2.03556
100,594,Circle,-35.931,-7.66632,-8.58321,-5.3492,-6.72939,-6.31934
100,595,Circle,-17.8704,-7.68884,-1.96755,-4.51919,-9.3932,-1.71092
100,596,Circle,-15.6204,4.29041,-5.07309,-3.89642,-4.48085,1.60135
100,597,Circle,9.29063,19.3896,4.19298,-4.62892,-2.7267,2.98858
100,598,Circle,-36.3451,-5.1115,2.59768,-4.23173,-4.7073,3.0732
100,599,Circle,-35.2388,20.4358,-6.26542,-7.73026,-0.826909,-3.72206
100,600,Circle,27.4298,-6.02625,6.48973,-4.7217,-4.1371,3.93317
100,601,Circle,-5.4353,-10.8402,-7.344,-6.55718,-6.93082,-9.3174
100,602,Circle,20.5608,-15.4187,-6.8672,-3.65316,-1.85585,-2.94835
100,603,Circle,16.0364,-8.96249,3.71266,-6.26833,-3.24863,3.32181
100,604,Circle,15.4358,-10.0589,-1.58836,-6.11269,-3.50415,0
100,605,Circle,-27.0604,-37.0765,2.48976,-5.16412,-4.07702,1.46253
100,606,Circle,-39.1542,-23.7103,3.77766,-3.41806,-4.15727,2.49823
100,607,Circle,-38.21,2.82246,-0.666935,-0.502534,-8.30592,3.80581
100,608,Circle,-27.8357,22.1468,-0.00533653,-3.50723,-3.32966,0
100,609,Circle,18.707,-7.6387,2.50869,-5.81527,-5.41976,5.69308
100,610,Circle,-37.2356,20.0053,0.720209,-7.7276,-3.0966,1.68751
100,611,Circle,-33.9923,-39.6173,0.346843,-2.55764,0.00311354,0.771831
100,612,Circle,-32.4702,-28.8838,3.73443,-6.63979,-10.1226,3.52165
100,613,Circle,-2.76854,-24.7069,1.98737,-4.39767,-10.1573,1.25592
100,614,Circle,-25.2144,-16.1005,0.337007,-3.36573,-2.618,-4.85189
100,615,Circle,6.53123,1.59067,-17.797,-2.97312,-8.3823,-10.998
100,616,Circle,-17.9953,-39.6192,10.4159,-1.36409,1.5695e-09,5.41816
100,617,Circle,23.7531,14.5207,-6.13727,-3.48127,-7.25767,-6.66619
100,618,Circle,-18.5445,17.0316,3.59419,-6.39461,-6.91625,1.30948
100,619,Circle,10.7316,-16.1653,-1.04176,-8.30789,-5.60323,-3.16283
100,620,Circle,-6.20996,-11.6699,0.598564,-6.36877,-3.11921,0
100,621,Circle,20.2744,-7.16117,-6.98602,-6.30063,-6.797,-4.01693
100,622,Circle,-37.9888,-20.1534,8.70045,-0.346952,-4.47969,6.24997
100,623,Circle,6.98998,21.0954,1.90889,-6.3552,-2.1133,1.19879
100,624,Circle,-39.368,-7.50647,-1.8274,-1.90839,-2.17073,-2.00385
100,625,Circle,-19.5891,-21.5861,3.94775,-7.58804,-3.57818,3.5353
100,626,Circle,-21.2674,-33.0099,7.90616,-5.7989,-6.98883,4.71621
100,627,Circle,26.1164,-22.0816,0.393764,-3.30975,-8.3584,1.38733
100,628,Circle,-16.4893,3.33894,-0.0500043,-2.23936,-3.51568,-0.750064
100,629,Circle,12.6715,-39.239,0.135953,-1.80379,-2.01079,2.21681
100,630,Circle,-10.6975,5.36623,-4.07989,0.11955,-2.20807,-2.47267
100,631,Circle,-13.9361,1.8275,2.3861,-9.48908,-5.38113,1.46395
100,632,Circle,21.4791,-38.7257,-1.97032,-2.68656,-7.36736,-3.39933
100,633,Circle,30.0136,5.93277,11.29,-2.34422,-3.4176,8.55949
100,634,Circle,-8.25135,5.49031,-14.2846,-6.96985,-8.12853,-8.57075
100,635,Circle,-11.718,0.862652,-3.89279,-7.67378,-4.02801,-2.85338
100,636,Circle,2.25416,-15.4449,-0.00779882,-9.50018,-8.53811,0
100,637,Circle,-25.9779,3.99679,3.24911,-3.34967,-4.92451,2.2879
100,638,Circle,-18.7649,-4.22098,-2.50177,-2.12709,-2.70709,-2.83667
100,639,Circle,-6.64414,-6.0827,-1.965,-6.30258,-5.10821,-2.07023
100,640,Circle,-38.1965,-39.4152,-2.45261,1.82729,0.954613,-6.7751
100,641,Circle,-14.3553,7.85742,6.4184,-3.73093,-5.50071,4.55294
100,642,Circle,-4.81424,-36.9087,-6.7843,-2.16982,-2.22173,-5.96571
100,643,Circle,-20.6612,7.63733,-0.3606,-3.34748,-4.88234,-3.14643
100,644,Circle,-4.83218,-38.4231,0.351615,-2.52398,-2.37555,-1.36747
100,645,Circle,-27.0888,-26.7659,-10.9792,-4.64757,-3.69666,-9.92018
100,646,Circle,-35.7166,-32.06,1.96305,-4.84792,-5.26237,1.03295
100,647,Circle,5.84103,-6.40705,-3.57469,-6.5126,-2.97991,-3.59086
100,648,Circle,-36.8694,4.44598,1.06066,-5.73808,-5.14232,0.992407
100,649,Circle,4.90171,-31.2509,0.924786,-6.04216,-5.82313,1.12024
100,650,Circle,5.43237,-32.1105,6.2562,-6.42183,-5.60147,2.61542
100,651,Circle,-31.0387,-30.236,-0.0899859,-5.77039,-4.22149,-1.30689
100,652,Circle,7.45202,-29.2917,-4.48247,-5.13628,-4.93988,-4.86593
100,653,Circle,-35.6451,19.1749,-0.306621,-7.25906,-2.28726,0
100,654,Circle,-20.9424,2.20134,-4.64387,-9.40508,-1.14609,-3.88157
100,655,Circle,-9.95498,16.443,-1.15613,-1.06941,-2.92058,-1.83211
100,656,Circle,-27.7841,-37.7978,-2.3412,-3.71545,-1.57719,-3.19116
100,657,Circle,-21.1938,-22.5645,2.97708,-7.93707,-2.94687,7.145
100,658,Circle,19.4691,-7.24533,-17.7764,-5.66835,-4.32039,-9.12819
100,659,Circle,-35.0773,-19.6495,3.88648,-4.96175,-6.83581,-1.00611
100,660,Circle,-38.6661,25.3581,-1.07063,-2.69084,-2.60807,0
100,661,Circle,-30.596,-20.2497,-0.842744,-5.31637,-6.01221,-1.27373
100,662,Circle,-24.4374,-29.5335,-2.13861,-3.51809,-3.59767,-2.1303
100,663,Circle,-17.0911,0.50172,10.4164,-5.24647,-5.46569,3.8878
100,664,Circle,-38.2808,-4.48117,2.03767,0.0295922,-3.00696,4.36129
100,665,Circle,-29.5762,-38.7453,-0.00126878,-2.60829,-0.966912,0
100,666,Circle,7.69118,-30.914,-0.766225,-5.94383,-4.18601,2.13166
100,667,Circle,-7.45581,-21.4229,-6.4041,0.932694,-4.62011,-6.35301
100,668,Circle,-9.46145,-15.2797,-10.1291,-6.98609,-2.84846,-5.05199
100,669,Circle,21.9576,-30.1874,5.59523,-1.06081,-4.10498,6.09156
100,670,Circle,2.88417,-25.0846,17.9218,-6.50771,-5.1225,8.15489
100,671,Circle,-16.8459,28.5042,9.55298,-2.54092,-3.0193,5.16531
100,672,Circle,-34.7412,19.3939,-3.51891,-8.40359,-1.94373,-2.54379
100,673,Circle,2.06385,-20.1578,3.8029,0,0,1.36762
100,674,Circle,-3.63556,26.4986,0,-9,-4,0
100,675,Circle,-6.25653,-1.61466,-1.97532,0.743027,2.80749,0
100,676,Circle,-5.41654,-1.11681,-2.88111,-3.72254,0.965162,-2.88059
100,677,Circle,-21.3426,-35.0145,1.53872,-5.10622,-7.3604,2.06519
100,678,Circle,5.20973,5.36069,-2.22116,-4.30317,-6.7096,-1.37391
100,679,Circle,8.74793,-29.6219,6.20345,-4.91243,-6.06137,0
100,680,Circle,10.5808,21.6901,0.105157,-3.18873,-3.42439,-0.699448
100,681,Circle,-13.1624,1.26786,4.80398,-8.03347,-5.15843,1.73791
100,682,Circle,1.57156,-26.2237,-4.12662,-1.06425,-2.17734,-3.09496
100,683,Circle,-39.6323,-4.25813,-4.99621,0,0,-1.30154
100,684,Circle,-36.4441,18.6178,-1.43945,-7.28546,-4.09281,-0.755442
100,685,Circle,20.4853,-36.4055,5.07045,-1.23261,-8.91991,5.54838
100,686,Circle,35.7675,-38.2618,2.14218,0.536553,-11.0921,2.25492
100,687,Circle,-34.4221,-32.3235,1.29369,-3.96366,-8.36989,0.755933
100,688,Circle,10.8822,31.9498,-3.01344,-4.72674,3.18297,-2.58295
100,689,Circle,-10.6636,20.808,5.855,-4.78553,-4.28918,3.73723
100,690,Circle,11.5797,-19.6971,-8.20619,-1.87826,-4.14954,-5.50943
100,691,Circle,-42.0961,-26.7188,0,0,0,0
100,692,Circle,8.83957,4.79593,-3.07232,-2.54833,-5.31082,-3.48816
100,693,Circle,-34.6603,-11.1996,-18.0764,-8.02906,-3.27975,-10.1814
100,694,Circle,-39.67,-23.007,-3.44611,-3.17871,-3.37204,-4.58925
100,695,Circle,27.1028,13.5609,4.26265,-0.248533,-4.81227,2.98588
100,696,Circle,22.3433,-3.31907,9.27215,-7.15887,-10.3657,6.66046
100,697,Circle,6.75541,-27.8555,1.99779,-8.84588,-8.6318,3.32965
100,698,Circle,4.04202,-13.6595,-8.50289,4.52592,-4.61884,-5.57402
100,699,Circle,-39.617,7.08732,-17.4799,0.469296,-3.62224,-10.0427
100,700,Circle,-1.99512,19.5245,4.55376,-9.74266,-0.0314318,3.10484
100,701,Circle,16.6393,-16.012,-0.00908361,-1.84273,-4.22943,0
100,702,Circle,18.5286,11.2921,-3.19005,-6.07888,-3.20575,-2.74563
100,703,Circle,12.1724,11.1576,-4.33458,-1.81227,-1.63307,-2.54119
100,704,Circle,-4.47227,-29.4915,-5.4665,-10.9591,-1.12959,-3.92077
100,705,Circle,15.2584,6.73702,-13.7844,-8.30058,-4.03745,-11.101
100,706,Circle,12.2396,1.05116,3.97959,-5.77746,-5.67206,5.82379
100,707,Circle,-3.32269,-38.9115,-7.22418,-1.83311,-0.201136,-3.10802
100,708,Circle,21.2729,-13.1162,5.46288,-0.831693,-1.54266,4.46805
100,709,Circle,12.2901,-36.3669,-7.14951,-4.57445,-6.86374,-6.22513
100,710,Circle,8.18071,2.90026,-2.37176,-3.43697,-8.05233,-3.86412
100,711,Circle,-37.9801,4.42528,-1.7828,-3.98033,-6.67909,0.75411
100,712,Circle,18.289,10.2674,0.506035,-3.72843,-3.49277,1.06846
100,713,Circle,-6.48897,9.18279,1.23186,-5.42673,-7.78532,1.43096
100,714,Circle,-21.8298,-35.7675,8.44224,-4.4205,-5.91142,5.65086
100,715,Circle,-36.5308,-20.2672,3.62989,-5.47028,-5.32835,0
100,716,Circle,-34.3878,38.0922,-4.18509,-8.89862,3.6892,1.75276
100,717,Circle,-31.1475,-33.1851,-7.99876,-0.392209,-6.66026,-5.33968
100,718,Circle,-21.5812,-13.7476,-8.69481,-8.81631,-4.45158,-3.7111
100,719,Circle,-15.1825,10.7264,16.3703,-4.63195,-4.89297,10.6114
100,720,Circle,-17.8965,-15.0442,-0.00265601,-4.7283,-6.97357,0
100,721,Circle,-25.2477,-16.8853,6.72807,-4.63115,-3.1032,1.80805
100,722,Circle,-39.5799,-12.9759,-3.39293,-0.320214,-2.24759,-4.99496
100,723,Circle,-38.3342,-0.541016,-6.14633,1.37808,-1.44849,-6.25051
100,724,Circle,0.749631,3.53256,2.05602,-4.63853,0.0632057,2.96767
100,725,Circle,-5.22131,-25.7443,12.5038,-2.70895,-7.64037,8.83522
100,726,Circle,-25.842,-17.4245,1.94538,-4.7056,-7.86779,0.639053
100,727,Circle,-24.01,15.8748,-12.9357,-4.44947,-4.59582,-5.09912
100,728,Circle,11.0858,2.91959,0,-5,-7,0
100,729,Circle,6.6205,19.7497,-3.20252,-5.73518,-2.60005,-2.09381
100,730,Circle,-29.1617,22.0367,0,-7.7,4.4,0
100,731,Circle,-10.2623,-10.7986,-6.13581,-5.09707,-5.81016,-5.78012
100,732,Circle,10.8398,23.3769,6.58223,-3.8417,-1.52409,5.75248
100,733,Circle,-16.5667,-16.7183,0,-6.2,-3.1,0
100,734,Circle,11.4089,-36.6567,-4.4899,-8.4538,-3.48036,-2.79108
100,735,Circle,8.80892,-39.5972,5.61268,-3.00868,0.080149,5.4129
100,736,Circle,7.01855,-5.17898,-3.1839,-4.73218,-2.41988,-0.837189
100,737,Circle,-15.1739,14.0604,15.6822,-6.55552,-4.77525,5.78334
100,738,Circle,16.8144,-39.3594,1.14125,-4.10107,1.4496,7.70653
100,739,Circle,-34.7854,8.11724,0.00101331,-2.34261,-7.78354,0
100,740,Circle,-29.4716,-20.0975,-0.459042,-7.66764,-3.69051,-1.22301
100,741,Circle,-2.63499,-39.5044,5.22143,-2.23972,0.406723,5.66878
100,742,Circle,-1.91064,11.5023,-1.79791,-3.83751,-6.41592,-0.904416
100,743,Circle,-4.53072,-10.0695,-5.67876,-5.42548,-7.18115,-4.35269
100,744,Circle,15.0226,-8.90382,-6.3864,-7.27918,-4.08695,0
100,745,Circle,-38.2151,10.7411,-13.2806,0.235301,-5.92584,-11.1237
100,746,Circle,14.219,-12.0262,4.58262,-8.40639,-4.75557,3.61607
100,747,Circle,0.604304,-39.4479,6.69978,-1.73596,1.08365,7.3872
100,748,Circle,-21.5395,13.4416,0.317144,-5.50947,-7.68041,3.3255
100,749,Circle,-39.5505,8.26242,-12.5616,0.0606572,-3.71322,-13.7868
100,750,Circle,-29.414,-27.5384,-0.300438,-4.60282,-3.92054,-0.99592
100,751,Circle,-37.5262,-33.211,-7.54209,0.413805,-5.31798,-3.07382
100,752,Circle,-23.9415,-42.9447,0,-8.4944,0,0
100,753,Circle,-4.50413,-21.2711,-0.950248,-3.44876,-3.43831,0
100,754,Circle,37.8042,-39.4299,1.68589,2.36345,-11.6079,1.77462
100,755,Circle,-39.2165,35.2886,1.02769,1.02,0.57748,2.28375
100,756,Circle,-35.8593,-38.5126,6.36548,-5.78078,-6.8115,2.25838
100,757,Circle,-42.8114,-21.1979,-9.83174,0,-1.54454,-5.74743
100,758,Circle,-27.3827,-29.7101,2.01392,-5.83797,-3.66577,2.09961
100,759,Circle,37.2752,38.0751,0,1.5,4.5,0
100,760,Circle,23.6402,-39.4476,0.361865,-4.05418,-3.41263,4.17595
100,761,Circle,9.20766,25.07,3.75286,-4.64402,-0.581847,-1.43151
100,762,Circle,-26.5971,-32.4373,-7.35339,-4.16944,-4.64046,-5.06687
100,763,Circle,-17.0034,-25.0371,9.43115,-4.38778,-2.39854,8.98205
100,764,Circle,-42.0468,14.9418,-2.00958,0,0,-1.28271
100,765,Circle,-34.2489,-9.25714,-10.9896,-6.76464,-4.14475,-7.34775
100,766,Circle,-39.2814,-19.4449,0.212114,0.66875,-4.72582,1.05598
100,767,Circle,-29.1486,-34.1631,-3.73999,-6.48472,-1.42372,-2.93184
100,768,Circle,-6.95463,-15.3383,-4.26175,-5.43841,-5.05019,-5.37208
100,769,Circle,-0.328312,-39.6859,0.00185464,0.0136911,2.70499,0
100,770,Circle,-34.8772,-39.2648,-5.65993,-1.68984,-6.62611,-4.08961
100,771,Circle,-29.3552,-32.443,-6.8811,-1.83339,-3.29029,-5.52589
100,772,Circle,27.7001,12.1033,0.535422,0.565098,-6.03756,-1.63019
100,773,Circle,-37.9281,-7.26176,8.44333,-6.64334,-4.6711,1.77967
100,774,Circle,9.07904,27.9668,-6.80578,0.941689,-1.39884,-5.67148
100,775,Circle,24.7801,16.5219,-5.534,-6.53434,-4.09864,-3.3204
100,776,Circle,24.4997,-6.9004,8.6269,-5.87455,-5.51428,5.98829
100,777,Circle,-30.4353,-0.858084,-3.18449,-6.98482,-2.08667,-3.47139
100,778,Circle,-31.1607,-34.0767,3.0012,-1.03939,-6.81767,1.87052
100,779,Circle,-11.6183,-30.417,-5.16359,-2.01306,-2.83439,-2.5514
100,780,Circle,2.67071,32.8764,0,-11.2671,2.95432,0
100,781,Circle,-33.9926,-15.8428,4.88431,-2.75649,-5.37037,1.27513
100,782,Circle,0.290602,20.8027,-2.35099,-6.54249,-4.92404,-1.62543
100,783,Circle,-35.7689,39.3524,-1.92657,-10.4764,1.34804,-4.63001
100,784,Circle,-3.11254,34.8449,-2.92152,-7.36582,-0.107838,-7.01165
100,785,Circle,-39.62,-15.8805,5.78342,5.68107e-08,-2.84283,-1.89265
100,786,Circle,-5.53012,-20.8969,-2.85701,-4.77827,-4.11318,-0.798889
100,787,Circle,-9.27417,24.8248,-2.7751,-4.57638,3.0502,-5.74159
100,788,Circle,21.0753,-35.2445,5.47108,-3.26863,-7.13787,5.38337
100,789,Circle,11.5092,-30.628,0.53641,-4.32953,-4.57464,0.945275
100,790,Circle,-22.4317,-38.3823,-0.323027,-4.86696,-1.0958,-1.02588
100,791,Circle,-4.02129,-38.5584,3.79182,-2.13824,-0.756406,-1.7591
100,792,Circle,-6.66981,11.0891,-0.580576,-6.06281,-4.5648,-0.66708
100,793,Circle,-38.1119,-2.27619,-1.36673,0.498574,-1.71441,-3.2407
100,794,Circle,-39.625,-5.98926,-5.42117,0.103565,-1.59958,0.520936
100,795,Circle,-39.0811,-28.5705,-3.35887,-0.711292,-7.68099,-2.20904
100,796,Circle,3.89294,23.723,1.07091,-6.95484,-0.60889,0
100,797,Circle,-2.32417,-38.7511,2.26957,-2.15017,0.522093,-3.43857
100,798,Circle,-42.6366,36.7755,-2.33937,0,0,-1.40362
100,799,Circle,-17.1574,-32.6826,-0.00731982,-6.08681,-3.31345,0
100,800,Circle,-3.39573,6.47768,2.75758,-5.132,-2.73541,2.33035
100,801,Circle,-15.0433,-2.24336,4.35552,-6.35831,-5.61382,2.41885
100,802,Circle,-10.6845,-21.7402,9.96235,-3.87813,-3.97076,5.15921
100,803,Circle,-28.1995,-30.5913,7.05704,-6.48592,-4.77971,5.10489
100,804,Circle,6.40861,-9.91809,0.253919,-7.25056,-4.37328,2.87145
100,805,Circle,-4.70251,23.1298,1.39301,-5.76525,-3.51279,-2.00531
100,806,Circle,28.612,26.7066,0,-3.30334,-0.581193,0
100,807,Circle,-8.46414,11.0274,3.05994,-4.62464,-8.41963,1.75813
100,808,Circle,-1.16141,7.74456,-4.78684,-7.64954,-3.62469,-2.90945
100,809,Circle,-22.7805,-17.0804,0.163631,-7.3969,-8.03324,2.48997
100,810,Circle,-30.6961,7.98135,5.42063,-8.79703,-6.19469,5.91341
100,811,Circle,-6.09257,-17.876,2.8874,-9.86541,-8.15371,1.53496
100,812,Circle,-23.2193,-19.0356,-1.01495,-5.68184,-4.36858,-2.89604
100,813,Circle,-24.1508,4.87587,1.06752,-2.05706,-4.09341,0
100,814,Circle,-28.8736,-26.0754,-7.42525,-7.12905,-1.98855,-4.9744
100,815,Circle,-37.809,-37.3359,19.3202,-4.03156,-1.85775,10.0617
100,816,Circle,-42.6033,16.2611,-2.19689,0,-2.07337,-9.41525
100,817,Circle,-25.5175,-29.9317,-1.30548,-4.59119,-5.97562,-1.21118
100,818,Circle,12.8866,-3.69271,-1.23051,0.2185,-3.48828,-1.71699
100,819,Circle,19.2941,-2.8169,-0.00710934,0.97642,-0.911932,0
100,820,Circle,-18.6078,19.3833,-3.26402,-4.9492,-4.98972,-2.89411
100,821,Circle,-24.461,13.3224,11.9564,-3.13983,-8.71213,8.15206
100,822,Circle,-42.7574,-37.5826,9.4777,0,0,9.90068
100,823,Circle,-15.4266,-12.4157,18.4505,-7.37942,-3.02485,8.69783
100,824,Circle,7.37247,-37.4115,-1.35032,-2.31284,1.47938,-1.05738
100,825,Circle,-13.4302,5.37516,-6.08361,-4.17077,-7.39796,-4.99021
100,826,Circle,1.68541,-38.8603,-11.3623,-1.67343,0.819503,-7.02419
100,827,Circle,17.7961,-14.5582,6.60322,-5.68023,-6.46561,5.67228
100,828,Circle,-28.3092,-24.089,-0.926087,-4.6215,-3.9891,-2.75465
100,829,Circle,-38.553,5.98764,-5.04172,-1.40644,-5.38683,-3.98802
100,830,Circle,-11.9566,-28.5895,14.8732,-3.58692,-8.74905,9.62259
100,831,Circle,14.4206,-24.9299,-0.00091621,-7.10309,-4.37571,0
100,832,Circle,-7.14963,-7.3193,-1.07253,-8.0326,-6.10271,-1.79217
100,833,Circle,-8.87781,-39.4982,5.23011,-3.24647,0.206494,4.26714
100,834,Circle,21.4905,-9.10514,-1.49262,-5.75085,-8.95688,0.633717
100,835,Circle,-24.9976,-30.6226,5.7628,-4.34761,-6.26307,1.30544
100,836,Circle,13.3112,6.44904,3.91665,-4.51388,-6.63031,3.30984
100,837,Circle,18.6944,17.0031,-2.06833,-1.24642,-1.41045,0.93297
100,838,Circle,-35.7272,-20.1314,0.462264,-4.2697,-6.22971,-2.84736
100,839,Circle,-31.3244,-29.0886,3.43921,-3.57492,-2.0039,1.3674
100,840,Circle,8.85163,-37.2179,2.85539,-3.47589,1.69414,4.7845
100,841,Circle,-41.9855,25.505,0,0,0,0
100,842,Circle,-3.06699,-35.7081,5.56206,-1.09896,-3.03654,3.87378
100,843,Circle,4.54532,1.52412,2.59591,-0.917672,-1.23688,2.55718
100,844,Circle,-6.18746,31.4416,8.75359,0,0,4.44285
100,845,Circle,-11.1753,-13.0797,0.385129,-2.78112,-4.00756,1.22757
100,846,Circle,-23.5422,14.8064,3.6069,-5.10557,-6.7312,0.799774
100,847,Circle,-14.6606,13.442,2.00403,-5.26932,-3.95809,-1.98763
100,848,Circle,-39.62,-35.6794,-4.51199,0,-0.959127,-5.27471
100,849,Circle,-38.9848,-1.50093,0.308187,0.0154062,-0.941963,-2.26053
100,850,Circle,-32.6183,-0.993718,1.8599,-2.77482,-11.8662,1.3609
100,851,Circle,18.4381,-13.6695,3.2526,-6.3524,-6.07802,6.52417
100,852,Circle,-39.6168,-17.6069,-7.38643,1.03377e-07,-2.39296,-5.93135
100,853,Circle,-14.8766,12.1817,-5.00679,-4.22725,-2.54629,-0.572985
100,854,Circle,-19.6983,5.41372,-0.206243,-4.95691,-4.77024,-0.643152
100,855,Circle,1.03148,15.194,1.84281,-4.41402,-11.5275,2.01857
100,856,Circle,-3.68437,-22.4358,3.01332,-2.94806,-3.70079,1.88262
100,857,Circle,-23.5589,-25.4356,-17.0306,-3.71711,-0.830574,-8.99554
100,858,Circle,-32.9284,-21.0165,3.47975,-4.03993,-2.29951,2.37256
100,859,Circle,24.8052,14.51,-6.54443,-3.32576,-2.66728,-5.5188
100,860,Circle,12.3281,-14.8648,4.70849,-7.35066,-3.7431,3.24433
100,861,Circle,-14.8192,6.68098,-3.44967,-4.15063,-4.52344,-4.12072
100,862,Circle,0.969231,-17.4911,1.82204,-10.4481,-9.75673,1.81922
100,863,Circle,18.7804,12.7197,-6.06075,-4.24412,-3.32401,-4.66965
100,864,Circle,-13.6336,13.3462,-2.80345,-4.98134,-4.65893,-1.5928
100,865,Circle,-22.1444,31.4311,0,-3.1,1.3,0
100,866,Circle,-25.7525,7.27337,0.237271,-4.84485,-4.4354,0
100,867,Circle,17.4697,-1.29553,0,-9.2,-11.5,0
100,868,Circle,-39.5392,23.3662,1.5965,0.412148,-2.95419,0
100,869,Circle,9.59511,-30.2554,-0.443448,-3.96516,-5.53584,0
100,870,Circle,-26.6873,7.8753,0.757614,-4.64532,-5.16331,0
100,871,Circle,-13.6417,39.6083,-0.00591665,-1.10068,2.60302,0
100,872,Circle,-23.755,-36.5835,-1.74817,-4.89869,-6.38491,1.52881
100,873,Circle,11.1742,14.4018,-3.50692,-5.93331,-4.76998,-3.13563
100,874,Circle,27.8704,2.61991,0,-1.3,-12.4,0
100,875,Circle,-21.378,-39.6024,0.864148,-1.21309,0.493379,4.59158
100,876,Circle,-31.0737,0.456678,-8.68898,-6.88613,-3.72831,-9.37285
100,877,Circle,-0.0963721,-7.58119,1.59522,-6.20699,-1.67039,2.06783
100,878,Circle,-38.831,-17.9603,7.22581,0.277794,-3.97334,3.42536
100,879,Circle,-14.4047,-10.9972,-6.01,-2.81952,-9.05523,-2.35948
100,880,Circle,-6.14083,-15.248,1.703,-6.8436,-3.34733,7.0972
100,881,Circle,-31.6195,32.7846,3.13095,-3.44197,-2.90477,4.66099
100,882,Circle,-15.6928,11.6985,23.4661,-3.91285,-2.02282,15.4439
100,883,Circle,-16.1261,-11.3716,-6.97764,-5.94516,-7.11473,-2.04337
100,884,Circle,-28.814,-2.2105,-0.734119,-4.39583,-2.34002,0
100,885,Circle,-42.2466,-18.7222,-2.94614,0,0,-2.08984
100,886,Circle,-39.6201,-24.6828,-12.7561,0,-3.70775,-9.7577
100,887,Circle,-25.6827,-18.7402,-15.9712,-3.17394,-4.35783,-13.7577
100,888,Circle,-8.29075,30.8401,0.83091,-2.43615,-1.48037,1.42442
100,889,Circle,17.689,-12.8836,-9.42536,-7.6818,-5.72717,-3.30951
100,890,Circle,-12.0163,2.2861,1.58546,-6.6619,-4.98468,1.54808
100,891,Circle,34.4437,-38.4519,-7.04546,2.07322,1.05467,-6.60331
100,892,Circle,-5.13596,-39.6306,4.19714,-3.45968,2.32831e-10,9.41945
100,893,Circle,19.9759,-13.6094,0.143397,-2.99379,-2.7919,-1.58427
100,894,Circle,-22.9606,-18.1817,-4.63771,-7.63738,-7.17594,-1.41326
100,895,Circle,-41.9118,-11.9141,0.00180239,0,-6.15885,0
100,896,Circle,-2.85059,-27.9919,-2.75992,1.92568,-0.122252,-2.17889
100,897,Circle,35.7533,-31.4424,0,2,-6,0
100,898,Circle,-8.64172,-14.7014,-4.72526,-0.975445,-5.42009,-3.122
100,899,Circle,18.5837,-37.2608,5.54304,-5.46202,-4.56869,3.99231
100,900,Circle,21.4497,-8.30302,0.210761,-6.62876,-8.72184,1.57447
100,901,Circle,17.0476,14.1259,-8.29095,-6.76571,-0.330297,-5.09259
100,902,Circle,5.88834,13.4116,0,3.1,2.3,0
100,903,Circle,-8.67829,-23.9892,-6.27543,-6.39267,-7.38075,-4.34256
100,904,Circle,-25.7882,-33.6041,4.58567,-8.34638,-1.50108,6.60051
100,905,Circle,-36.8945,-8.57981,-8.92297,-7.79013,-7.15844,-4.12046
100,906,Circle,-27.4283,7.32482,1.34577,-5.37946,-5.01549,1.68159
100,907,Circle,3.42231,-35.7398,-4.10844,-9.2746,-8.106,-4.44129
100,908,Circle,-34.0404,-12.6954,11.615,-4.44326,-3.75613,7.10909
100,909,Circle,-35.204,-12.7765,-8.03089,-5.64007,-4.95602,-3.06849
100,910,Circle,-31.4664,-19.4899,-4.20781,-6.24555,-4.21968,-5.18919
100,911,Circle,-24.3881,-16.0008,0.611669,-3.28841,-5.06799,0.983939
100,912,Circle,-1.33555,-31.1412,0.984396,-7.43719,-4.69249,-0.736415
100,913,Circle,-38.3957,-35.31,-8.43397,1.47316,-8.02278,-10.3694
100,914,Circle,-6.92934,-34.7487,2.73043,-2.95781,-4.66347,1.79424
100,915,Circle,4.11938,-30.9201,-4.52205,-5.63949,-3.56321,-5.6123
100,916,Circle,-28.8795,0.119697,-0.170165,-2.4598,-7.10012,-1.33248
100,917,Circle,-33.5658,9.02702,2.92346,-4.79569,-4.26313,2.30799
100,918,Circle,16.3575,-28.6975,10.0852,-7.02914,-3.29615,7.3971
100,919,Circle,-23.6066,-39.5736,2.69466,-4.58922,1.28373,12.1659
100,920,Circle,-28.7222,-22.7766,-9.3763,-6.99974,-6.27327,-5.7226
100,921,Circle,-22.4829,-39.0182,5.78019,-4.67125,-1.10808,3.96585
100,922,Circle,-9.48737,14.1857,-0.294669,-3.60704,-2.81674,-1.33347
100,923,Circle,-0.0358587,8.81827,-7.8156,-0.508277,-5.00335,-7.74586
100,924,Circle,-22.9314,-9.07038,-3.92109,-7.48548,-5.10817,-3.31037
100,925,Circle,-39.62,-8.24617,-0.247822,-6.51926e-09,-2.82917,-1.3299
100,926,Circle,6.47011,-29.8928,0.517392,-6.27812,-5.078,0
100,927,Circle,7.9945,-39.62,4.17159,-3.01796,0,1.18787
100,928,Circle,9.07805,15.1066,-2.00161,-7.58648,-6.46256,-1.41299
100,929,Circle,-6.49196,-38.8982,-3.61402,-5.47698,-0.457422,-4.89659
100,930,Circle,-35.6357,-33.2405,0.839777,-4.54223,-6.38308,0
100,931,Circle,-22.4605,6.72929,10.0012,-5.28467,-6.56263,4.24874
100,932,Circle,-24.6025,6.40682,-11.7302,-3.04011,-8.61234,-11.1533
100,933,Circle,-15.6739,3.487,-1.55743,-1.3996,-5.86189,2.95083
100,934,Circle,6.89991,-1.65442,4.30666,-6.76966,-3.11155,2.12722
100,935,Circle,-33.8271,-27.1261,1.10738,-7.3856,-6.10481,-0.742743
100,936,Circle,7.56333,-12.7233,0,-9.8,-5.8,0
100,937,Circle,-7.29454,-26.2077,-2.89757,-3.35701,-2.90897,-2.89757
100,938,Circle,-29.5549,-35.7594,-1.46119,-3.20847,-2.283,-3.06861
100,939,Circle,-17.1539,-39.6201,6.51351,-0.931068,0,2.99363
100,940,Circle,19.7593,18.7111,3.89558,-7.95881,-0.837694,3.51579
100,941,Circle,-39.2576,24.7859,-2.66272,-3.01145,-3.38714,0
100,942,Circle,-26.598,-4.93657,2.59897,-1.26434,-4.50422,1.40688
100,943,Circle,-18.4259,-11.5591,-1.66602,-3.9895,-11.0214,-1.29998
100,944,Circle,5.65603,-30.3649,-0.558794,-6.11596,-6.71949,0
100,945,Circle,-38.5841,-6.17937,-4.1308,-0.826226,-2.39749,1.39126
100,946,Circle,-31.6168,-39.6194,-10.5405,-4.23738,0,0
100,947,Circle,-3.93434,22.6383,-0.18536,-4.98073,-6.06067,-3.11983
100,948,Circle,-24.0572,-19.2004,-4.40743,-6.89702,-2.54872,-2.6514
100,949,Circle,-23.8662,-21.7372,5.21061,-4.32267,-5.71268,3.07865
100,950,Circle,-27.23,-30.9633,3.54233,-3.927,-3.52878,2.05997
100,951,Circle,-39.62,-20.1694,5.38027,1.98561e-11,-4.58413,1.82649
100,952,Circle,-26.2008,-34.5897,12.4698,0.343657,-4.40181,7.02202
100,953,Circle,-37.2397,-19.9722,-7.75837,-0.668015,-2.91699,-2.51021
100,954,Circle,-42.8467,-22.7034,-0.4111,0,-1.9548,-2.37571
100,955,Circle,3.68999,-5.48692,-4.19477,-5.45488,-0.809727,-2.71558
100,956,Circle,-24.9114,-2.35071,-12.5564,-4.00393,-1.45775,-7.53385
100,957,Circle,-39.6274,14.2014,-0.0827635,0,-9.21089,4.25951
100,958,Circle,-25.1397,18.5776,1.65741,-6.89906,-4.01099,1.09477
100,959,Circle,34.0817,-10.0417,0,2.9,-11.3,0
100,960,Circle,-7.16882,-8.09906,-1.01532,-8.02865,-6.10282,0
100,961,Circle,-36.1647,4.87251,11.6548,-3.66959,-6.94733,5.81604
100,962,Circle,5.49323,-5.65245,3.3699,-6.52523,-2.48221,3.25238
100,963,Circle,24.5216,-24.3817,0,4.1,-2.9,0
100,964,Circle,19.4975,-28.5886,-0.0030331,-6.06593,-4.57076,0
100,965,Circle,20.0999,-8.63881,-7.32632,-3.34852,-6.10222,-2.26288
100,966,Circle,-35.71,-28.0742,1.63416,-7.61792,-4.00391,3.68589
100,967,Circle,-19.7653,14.961,-8.41046,-8.75721,-7.94314,-5.31099
100,968,Circle,-17.6264,5.62744,-1.24536,-3.96607,-0.331615,-2.42315
100,969,Circle,-23.1739,15.7865,-1.20737,-6.05337,-4.95752,-1.61979
100,970,Circle,-38.9072,-17.1895,-1.20019,1.18997,-3.8596,2.46063
100,971,Circle,-5.07585,-19.3803,-0.0168948,-5.04112,-3.90523,0
100,972,Circle,-39.5506,4.2375,-1.01083,0.529296,-1.97207,-5.40365
100,973,Circle,-20.1865,-1.22349,4.87605,-6.10994,2.03893,-3.44599
100,974,Circle,-6.2365,-39.6266,4.37812,-3.73364,2.91038e-11,10.1206
100,975,Circle,-18.8004,-30.5599,1.84094,-6.14351,-5.21397,2.81599
100,976,Circle,-24.452,-15.0778,8.38031,-5.02811,-5.92519,3.41488
100,977,Circle,-6.52918,-20.2939,-1.2545,-5.99991,-5.1088,-1.09539
100,978,Circle,-27.027,-13.549,-7.81619,-3.14521,-6.48903,-5.78977
100,979,Circle,-29.1015,-37.8246,-3.35153,-3.78423,-0.837616,2.32631
100,980,Circle,15.5776,-17.7021,-0.808779,-4.86799,-5.43921,-2.01948
100,981,Circle,11.0003,-39.62,4.77402,-1.70075,0,4.63073
100,982,Circle,-18.0524,-42.5215,0,-4.6392,0,0
100,983,Circle,-42.3915,-22.0521,6.32245,0,-1.95479,4.38449
100,984,Circle,-4.51362,7.19776,-1.35539,-10.2059,-7.76601,-1.98349
100,985,Circle,-12.4959,-10.528,0.728068,-6.08682,-4.77964,0
100,986,Circle,-27.2215,-19.503,-3.22172,-5.12689,-5.41031,-3.50685
100,987,Circle,-16.5307,-30.3015,-1.51471,-3.70817,-5.0695,-0.652366
100,988,Circle,-39.561,15.3533,0.473271,0.611398,-5.29546,0
100,989,Circle,19.3636,-4.84247,0.908201,-6.48993,-5.20244,0.712052
100,990,Circle,32.6865,-10.0983,0,-1.6,-7.9,0
100,991,Circle,-22.1528,8.4109,-6.78556,-9.33274,-8.89985,-4.59482
100,992,Circle,-10.1667,-16.9829,1.16182,-6.69078,-9.29177,3.2883
100,993,Circle,-8.53095,33.562,-5.13317,-5.06107,2.47255,-7.16256
100,994,Circle,-24.3007,-18.4466,0.923738,-9.4335,-7.37859,4.0981
100,995,Circle,7.82486,10.5125,11.6481,-2.68656,-9.10691,8.18567
100,996,Circle,-1.57779,-31.9741,4.31848,-7.21037,-6.15077,4.38173
100,997,Circle,4.27535,19.6088,15.2316,-7.38959,-2.29013,11.9848
100,998,Circle,-20.7108,16.3369,-2.5603,-5.40935,-5.10664,0.395986
100,999,Circle,11.3062,22.4395,3.009,-5.67461,-1.85271,0
100,1000,Circle,-20.5293,-35.832,1.62812,-2.87078,-7.51701,-1.50586
100,1001,Circle,-37.9173,6.79305,8.30626,-0.541686,-4.14147,4.27682
100,1002,Circle,12.8889,-33.1086,-7.06094,-5.84694,-3.12259,-4.07692
100,1003,Circle,4.97747,-14.0089,1.23282,-7.24952,-4.63083,3.05418
200,0,Box,0,42.5,0,0,0,0
200,1,Box,0,-42.5,0,0,0,0
200,2,Box,-42.5,0,0,0,0,0
200,3,Box,42.5,0,0,0,0,0
200,4,Circle,-30.3705,-37.2667,0.370288,-3.77007,-4.19887,0.747499
200,5,Circle,-24.7182,-38.7099,-3.65024,-2.42293,-0.39602,0
200,6,Circle,4.32688,-38.3967,3.5488,-4.17962,-0.198196,0
200,7,Circle,24.3026,-38.3948,-0.00970906,-0.233314,-5.21707,0
200,8,Circle,-38.0097,-2.2961,3.46101,0.699753,-4.25705,-2.62341
200,9,Circle,-38.8704,-32.6128,-3.48874,-0.429398,-4.07763,2.82193
200,10,Circle,-26.6806,-37.4008,7.34269,-3.52024,-0.285478,4.14058
200,11,Circle,23.3978,-22.5823,1.53667,-2.38116,-7.60254,0.980853
200,12,Circle,-34.6543,-20.6208,8.02288,-7.30752,-4.11214,1.72029
200,13,Circle,-33.8236,-35.5024,-7.37153,-2.33411,-0.58304,1.07199
200,14,Circle,-38.8158,0.259948,21.6304,0.173902,-4.64995,0.0529575
200,15,Circle,-11.1184,-38.5383,4.41301,-3.48745,-0.378305,-1.71029
200,16,Circle,-24.3276,3.07302,0.566019,-4.93252,-3.41746,0.862085
200,17,Circle,-37.7662,-20.4819,17.2538,0.45047,-2.66115,0
200,18,Circle,-38.369,-25.0049,6.76866,-0.0854872,-4.20007,-1.9884
200,19,Circle,9.37308,-27.2946,25.111,-4.98258,-5.51188,8.65086
200,20,Circle,-0.872222,-23.7101,3.58508,-3.07568,-2.1075,0
200,21,Circle,-23.8393,-22.5151,-11.617,-5.31919,-5.38226,-1.79398
200,22,Circle,3.07961,-38.3768,-3.19705,-4.07017,-0.291103,1.56785
200,23,Circle,-15.1165,6.35373,-8.96352,-3.14333,-4.40501,-3.86749
200,24,Circle,-17.2857,-39.4243,17.353,-1.62217,-1.1063,8.27667
200,25,Circle,-30.1713,3.04229,-3.33559,-5.71567,-6.33901,-1.53192
200,26,Circle,-27.8669,-37.9949,12.7716,-1.60625,-0.314042,3.06266
200,27,Circle,-24.7364,-13.3412,7.94804,-4.99082,-4.29502,1.80481
200,28,Circle,4.87978,-39.62,7.8111,-3.1123,0,8.20366
200,29,Circle,-31.9615,-38.9172,2.38193,-0.0122592,0.0139337,-0.0266647
200,30,Circle,-22.9316,-21.2582,13.6664,-7.07896,-6.10582,2.92512
200,31,Circle,-28.0372,-26.8948,-0.0920859,-6.16004,-8.46038,0
200,32,Circle,2.4807,14.7335,10.6228,-4.97835,-1.485,4.67569
200,33,Circle,-37.1703,-3.5077,7.79251,0.416431,-3.92467,0
200,34,Circle,10.4262,-14.3189,0.982762,-2.61071,-5.65578,-0.827998
200,35,Circle,-20.8572,5.21546,11.5017,-4.62168,-5.51887,0.256683
200,36,Circle,-0.358912,-38.9522,1.65342,-3.57626,0.789585,-3.66083
200,37,Circle,-39.1599,-29.5341,4.2157,0.448954,-3.0932,3.31578
200,38,Circle,-37.6692,-33.086,20.015,-1.70293,-5.06038,3.319
200,39,Circle,14.0083,-38.202,-7.07324,-3.08731,1.1759,-3.80038
200,40,Circle,-6.92856,-39.62,10.288,-2.30051,-3.9998e-31,5.07111
200,41,Circle,-29.9256,-23.395,-17.2408,-4.77674,-4.56808,-3.08403
200,42,Circle,-38.8103,-8.09989,-2.03636,0.114058,-2.98755,-1.11154
200,43,Circle,3.74619,21.7969,9.83956,-3.78883,-1.62476,1.09575
200,44,Circle,16.5132,-21.9301,28.0552,-4.20049,-4.82272,6.74211
200,45,Circle,0.726959,-23.4128,-21.1914,-2.26425,-4.51949,-4.26303
200,46,Circle,-38.2188,-10.6445,6.03013,0.0156372,-2.8534,-4.36685
200,47,Circle,-34.2001,27.6455,36.81,-3.94828,-0.990931,9.62037
200,48,Circle,-19.844,-25.7034,9.9413,-5.23019,-5.82461,5.04599
200,49,Circle,-30.4839,0.100281,-8.61482,-6.04206,-7.68739,-1.33501
200,50,Circle,11.8798,-19.3681,-5.43099,-5.39429,-2.58145,1.38045
200,51,Circle,-37.8546,-12.919,4.11904,-0.182366,-3.25715,-2.38034
200,52,Circle,-35.2775,-1.44827,-18.6465,-6.01854,-6.0826,-3.87371
200,53,Circle,22.6092,-24.6075,-7.06092,-2.82094,-8.40073,-1.9072
200,54,Circle,6.73645,12.0697,5.03676,-4.53515,-1.20355,1.95381
200,55,Circle,-35.2124,37.0661,-0.251,-6.97598,-0.145785,-2.51931
200,56,Circle,-35.3588,-35.1963,37.3369,-5.66525,1.06833,4.21945
200,57,Circle,1.69109,-36.7442,0.180313,-4.71094,-0.950112,0
200,58,Circle,-16.8091,14.0307,2.20596,-4.8814,-4.25169,-1.57396
200,59,Circle,-38.8665,-4.62541,-15.4678,-0.0138119,-3.53082,0
200,60,Circle,-21.0877,-37.7135,-6.74873,-2.02965,0.815298,-3.22084
200,61,Circle,-11.04,-11.3827,13.4539,-6.9777,-1.94457,2.64645
200,62,Circle,-18.4196,-20.0066,20.9057,-5.44202,-4.84781,7.50316
200,63,Circle,-10.5552,38.2136,-24.3674,-4.71133,-1.04083,-12.6675
200,64,Circle,-0.230346,-36.972,6.11032,-3.50866,-0.852865,4.55733
200,65,Circle,-16.2289,-2.59885,-7.83509,-4.559,-7.11316,-1.01228
200,66,Circle,-39.6012,-0.669685,-2.10921,0.041106,-3.95647,0.0100459
200,67,Circle,2.66905,22.2233,-9.18794,-4.01124,-0.508202,-3.82636
200,68,Circle,-10.5941,-12.2978,-14.6656,-7.51948,-3.06113,-6.67856
200,69,Circle,-8.62499,27.7352,0,-8.5,-1.9,0
200,70,Circle,-30.5469,11.208,-4.28164,-4.8708,-4.14403,-1.88882
200,71,Circle,-6.95301,-36.5679,-8.03213,-7.06003,-1.07364,2.50235
200,72,Circle,-25.7527,-7.13381,12.2786,-7.16792,-3.06274,3.00967
200,73,Circle,2.65967,-27.4463,9.04735,-4.16356,-2.92205,1.15997
200,74,Circle,-31.2568,0.243002,-2.45474,-6.02087,-7.23078,-2.29396
200,75,Circle,-14.6214,-26.4055,-4.85308,-5.06938,-6.73843,0
200,76,Circle,-31.7174,7.54766,-7.3634,-5.60075,-5.39496,-1.8586
200,77,Circle,39.2143,16.9132,-23.6256,-0.7776,-3.12175,-4.3672
200,78,Circle,-38.5453,-9.90047,1.31907,-1.46093,-3.16291,-3.66562
200,79,Circle,-14.9069,-36.9787,-0.00964872,-2.08219,-1.60645,0
200,80,Circle,-12.0037,-39.6024,-10.5929,-3.91112,7.16227e-12,-3.70199
200,81,Circle,10.7106,-19.7642,-5.32527,-6.95806,-7.10632,-3.72313
200,82,Circle,-31.3341,20.3725,-0.0092721,-2.79277,-2.27034,0
200,83,Circle,-34.0545,-28.9237,13.1324,-6.73192,-5.01938,2.15172
200,84,Circle,-28.6209,12.4183,2.21533,-4.19246,-3.87475,1.0129
200,85,Circle,16.0944,-38.3015,-2.62254,-3.81173,1.02644,0.903883
200,86,Circle,-5.23295,1.64138,6.51147,-2.6738,-2.66641,2.59703
200,87,Circle,-18.1361,-15.6064,-8.91977,-9.57541,-5.49357,-0.884482
200,88,Circle,2.74618,-15.0745,-10.7232,-4.90385,-5.64724,-4.79416
200,89,Circle,-19.8405,1.90363,1.9156,-2.9646,-4.21283,0.82019
200,90,Circle,-0.768681,-39.6189,12.0539,-2.53994,0.0442384,6.88484
200,91,Circle,-18.9491,-21.7239,-1.57801,-5.30198,-5.05311,-1.67288
200,92,Circle,-39.6326,-38.1475,-1.3073,0.0259165,-0.0738018,0.0472747
200,93,Circle,4.91244,14.118,-6.73633,-3.75184,-0.506578,-4.78937
200,94,Circle,-2.1311,8.48921,-18.923,-5.64657,-4.39932,-4.11167
200,95,Circle,-31.67,1.01326,-0.312229,-5.73852,-7.80479,-1.23072
200,96,Circle,-29.8755,-4.61166,7.55261,-4.32749,-3.21472,2.9837
200,97,Circle,-42.2295,23.23,0,0,0,0
200,98,Circle,32.8041,-39.62,1.6547,0,0,1.39997
200,99,Circle,-36.3122,-31.4056,-13.3711,-5.04164,-5.24591,-3.66602
200,100,Circle,-25.5939,33.6168,-8.46368,-8.28652,-3.63931,-5.70585
200,101,Circle,9.41426,-0.221165,-20.7987,-2.02004,-7.27301,-8.3167
200,102,Circle,-37.8878,2.7626,-10.8747,-0.163729,-3.95976,-1.36197
200,103,Circle,-1.75107,3.03383,10.8754,-2.81712,-4.6119,2.81465
200,104,Circle,-6.72468,5.1473,21.3195,-3.45675,-4.46694,5.49256
200,105,Circle,-29.108,-2.44641,-5.6137,-4.85064,-4.32606,-1.70775
200,106,Circle,-1.07694,-2.63151,1.08711,-3.96194,-3.50762,0.784974
200,107,Circle,-38.8785,-26.7123,7.95813,-0.519169,-5.08232,-0.963601
200,108,Circle,-37.6444,2.00187,-12.2717,-0.478302,-4.06212,0
200,109,Circle,-39.4053,-31.6894,6.49312,-0.820363,-2.70672,4.9713
200,110,Circle,-18.664,-38.8372,6.06668,-6.46884,-2.45508,0
200,111,Circle,-39.351,34.0783,-13.9627,-7.00615,-1.93172e-05,-12.0182
200,112,Circle,11.1106,-11.6525,-0.0262826,-3.78452,-5.59128,1.5581
200,113,Circle,-38.6591,-9.01445,-0.536911,0.189789,-3.26944,1.47304
200,114,Circle,-3.13452,-38.9385,-3.14207,-3.06806,0.499969,0.765953
200,115,Circle,-9.53446,38.529,-4.62472,-4.4907,-0.820733,-3.07694
200,116,Circle,-7.31924,-33.0054,-18.2881,-6.32349,-3.57376,-6.41628
200,117,Circle,-1.15637,-1.79867,3.39517,-3.48616,-5.66158,0
200,118,Circle,-31.8499,-3.70787,16.7908,-5.48901,-3.47871,4.51602
200,119,Circle,11.337,-12.5262,32.786,-3.66527,-4.25696,9.41064
200,120,Circle,-20.5593,-5.0312,-4.29379,-5.10412,-3.96563,2.81022
200,121,Circle,-39.5896,-19.262,-20.1145,0.0967275,-2.25377,-6.97422
200,122,Circle,-33.9354,2.05535,-3.4983,-5.62732,-4.02497,-1.0778
200,123,Circle,-30.1833,1.66632,-4.60091,-5.8701,-6.59918,0
200,124,Circle,-1.62473,36.7753,0,-8.9,0.5,0
200,125,Circle,-37.0007,-9.43235,15.1216,-1.10826,-2.72494,2.90711
200,126,Circle,4.97157,-37.8466,2.56983,-3.21607,-1.28556,2.50015
200,127,Circle,-1.78291,-37.4104,-5.14257,-3.85319,-1.52491,-2.23384
200,128,Circle,22.7462,-34.9533,-0.995691,-1.6507,-7.18149,2.65295
200,129,Circle,1.40596,-25.0434,4.52208,-3.08296,-2.6149,0.925501
200,130,Circle,-24.24,-5.60643,2.12216,-7.13836,-4.43752,0.884135
200,131,Circle,-39.1161,-2.04808,-10.2715,-0.499375,-4.37818,0.0123795
200,132,Circle,4.26501,19.5734,1.62536,-4.82894,-1.7494,0
200,133,Circle,-0.720007,-27.4489,6.16606,-5.26948,-3.70814,1.49892
200,134,Circle,-36.8003,-7.81001,5.90505,-2.1204,-5.74813,-0.97993
200,135,Circle,-12.3456,-22.824,3.41844,-9.13587,-7.5255,1.64573
200,136,Circle,8.54958,24.2045,-18.7929,-1.7187,-2.51997,-4.87728
200,137,Circle,-39.6233,39.0659,-1.18329,0,0,0
200,138,Circle,-19.944,-3.70703,0.00536326,-7.22904,-5.95363,-2.17452
200,139,Circle,-35.7819,-24.1499,11.2253,-6.4318,-5.90187,3.77556
200,140,Circle,-39.3537,-20.0212,-15.876,0.504972,-2.14648,-2.20255
200,141,Circle,-34.2633,2.79791,9.57945,-7.7452,-4.53421,1.60765
200,142,Circle,7.6034,-38.1779,-5.69846,-4.08658,0.394416,1.28138
200,143,Circle,18.2036,-24.1757,-1.49754,-3.29141,-5.67838,-1.87372
200,144,Circle,14.4536,-20.7272,2.02509,-3.14376,-4.62865,2.61239
200,145,Circle,-35.1868,34.8085,18.8055,-3.92295,-0.739555,8.53359
200,146,Circle,4.60522,-33.2636,-20.6506,-6.50284,-4.40515,-4.58835
200,147,Circle,5.39225,12.8758,21.2942,-5.17472,-1.83097,7.93753
200,148,Circle,-37.3654,0.0801244,13.2325,-2.74614,-3.32691,-2.70621
200,149,Circle,-37.8309,-35.6125,7.20467,-2.09746,-0.883786,3.40866
200,150,Circle,-18.2994,6.89018,-4.44463,-4.09865,-4.62356,-4.00676
200,151,Circle,-26.3646,-1.91866,-0.773437,-4.72191,-4.40565,-1.75717
200,152,Circle,-3.23855,-21.1906,0.255294,-6.45956,-4.33769,0
200,153,Circle,-17.6577,-13.7571,5.14645,-6.17354,-4.77096,0
200,154,Circle,-13.8432,-38.7717,0.939777,-5.61356,0.415826,-1.55575
200,155,Circle,30.4603,-41.913,10.8729,0,0,3.54551
200,156,Circle,-31.4252,-25.9618,-5.82098,-5.52932,-5.69955,-2.2794
200,157,Circle,-30.1806,-38.2563,0.664691,-1.73207,0.75776,-1.37454
200,158,Circle,-12.3595,-36.2579,3.92908,-1.91917,-3.26904,1.35177
200,159,Circle,-17.7347,-26.7047,-21.8347,-2.41618,-4.43039,-6.55043
200,160,Circle,-33.7623,-1.9063,3.25258,-6.96091,-5.4822,1.29487
200,161,Circle,-17.5433,36.6299,0.00672511,-12.5679,1.68285,0
200,162,Circle,-38.0291,-21.3666,-7.46733,-2.1834,-3.39772,2.8534
200,163,Circle,1.69529,-7.76349,-0.0535922,-4.42515,-6.08735,0
200,164,Circle,-25.5807,-37.6357,-7.34523,-2.30457,-0.0511142,-1.9126
200,165,Circle,28.1869,4.70459,3.5419,-0.658359,-3.11833,3.72832
200,166,Circle,-13.6345,-38.0056,0.825463,-5.59227,0.4101,-1.76472
200,167,Circle,-36.7171,2.12289,-0.374885,0.643859,-4.10936,0
200,168,Circle,-38.1749,-30.7331,-2.55419,0.0325356,-3.6464,-2.8421
200,169,Circle,3.8912,-28.7669,-18.0923,-1.19442,-3.75607,-4.79988
200,170,Circle,-36.3595,-18.8435,13.4614,-4.1034,-4.40703,1.75658
200,171,Circle,-20.0901,-23.2052,2.01361,-4.2613,-6.16013,-0.984495
200,172,Circle,0.337653,-38.5976,-5.29964,-3.00778,-0.155472,1.42279
200,173,Circle,1.06578,-22.4421,9.35077,-2.46324,-4.14963,6.05577
200,174,Circle,-3.44872,-0.378357,-1.93867,-3.44815,-6.77286,2.89773
200,175,Circle,3.26728,-32.1785,-10.4037,-5.40697,-5.58315,-1.74404
200,176,Circle,-36.3325,-3.48615,-3.7977,-1.60309,-2.10905,2.12496
200,177,Circle,-38.1138,-17.0238,-2.28655,0.0806631,-3.54328,1.51557
200,178,Circle,3.96633,-3.03326,3.60649,-6.05171,-1.07123,1.61485
200,179,Circle,-36.755,-38.8462,-11.242,0.0296598,-0.0706846,-0.110483
200,180,Circle,-37.057,-38.1309,9.23447,0.187256,-0.12018,0.0008136
200,181,Circle,-1.18484,-24.5295,2.1082,-2.57757,-3.37242,2.70858
200,182,Circle,-16.0223,-37.7464,-2.02052,-6.87961,0.137494,0
200,183,Circle,-38.8557,20.4761,-2.92291,7.27543e-07,1.87037e-06,-4.26649
200,184,Circle,-25.316,-2.15173,9.59972,-4.86365,-4.53141,3.7001
200,185,Circle,31.7339,-38.1609,9.07275,0.875665,1.12892,2.45024
200,186,Circle,11.764,-20.1955,-13.2164,-6.09134,-3.71243,-5.06579
200,187,Circle,-12.0849,-11.9981,-3.78411,-7.50333,-3.30431,0.983445
200,188,Circle,-38.6235,-33.3512,12.4749,-0.828634,-4.12938,-2.93208
200,189,Circle,21.9082,-39.6702,0.918434,-1.29332,3.25963e-08,5.20896
200,190,Circle,17.9355,23.7673,-11.8869,-3.27705,-1.16974,-5.71719
200,191,Circle,-6.81926,-37.9293,4.53063,-4.48702,0.747005,-2.36444
200,192,Circle,-13.2232,-26.613,-3.17723,-6.69937,-4.82137,-4.33581
200,193,Circle,1.56489,-39.6245,18.5385,-3.18569,4.65661e-10,8.49197
200,194,Circle,-39.6183,-16.7556,-15.6564,-9.16206e-21,-3.52504,-7.43491
200,195,Circle,-33.9139,-38.1417,-0.683612,-0.871917,-0.777791,-0.0921406
200,196,Circle,-38.8011,1.03889,-13.7529,0.218384,-4.65091,-0.758557
200,197,Circle,-23.0598,3.76072,-10.658,-5.26705,-3.91825,-3.97832
200,198,Circle,-7.16245,-3.89338,6.18504,-5.93538,0.00863844,2.23886
200,199,Circle,-17.969,-2.93998,2.7163,-6.60083,-6.65277,1.00483
200,200,Circle,39.2795,-2.90227,-9.32914,-0.354973,-5.91329,-5.69944
200,201,Circle,-33.0439,-17.3535,17.1043,-6.70079,-5.04904,4.60927
200,202,Circle,6.03345,-13.9714,-12.4228,-5.67438,-3.41973,-4.30473
200,203,Circle,-31.4399,23.56,0,-6.8,-3.6,0
200,204,Circle,-38.1188,10.762,0.514018,-7.2551,-4.81267,0
200,205,Circle,-23.8743,2.23763,-6.82135,-4.22654,-3.47584,-1.98699
200,206,Circle,-36.8771,-42.9922,-23.9644,-5.03767,0,-4.36824
200,207,Circle,-25.8506,-21.98,-8.28955,-5.67477,-7.64275,0
200,208,Circle,32.2721,11.5509,-3.10374,2.42299,-3.9567,-1.02886
200,209,Circle,-22.2235,0.886378,12.2947,-4.00741,-3.69035,1.82684
200,210,Circle,-34.8605,-38.2958,14.2031,-0.0250474,-0.192921,0.348569
200,211,Circle,-28.4248,-28.2057,5.98878,-3.80425,-4.99073,1.11619
200,212,Circle,-34.906,-21.9768,6.05614,-6.48014,-4.83367,1.04439
200,213,Circle,-38.8934,-38.8731,7.62602,-0.0769078,-0.0951337,-0.0237068
200,214,Circle,-38.8213,-11.1604,13.6926,-0.055163,-2.7722,4.11484
200,215,Circle,-15.2767,25.1796,-7.50001,-4.63029,-2.1106,-2.82097
200,216,Circle,-0.915303,-37.3867,-14.9828,-4.50135,0.654486,-3.7801
200,217,Circle,-16.4295,-36.8419,9.91506,-1.48052,0.503612,6.95482
200,218,Circle,-16.0034,-20.1737,9.53865,-5.63688,-4.19349,0
200,219,Circle,0.384733,-37.8021,-2.02544,-4.3848,0.0444514,0
200,220,Circle,-30.8989,-39.6339,7.91733,-0.0621469,0.00401819,0.190645
200,221,Circle,-38.1878,-23.5464,-0.987624,0.272591,-3.64438,1.65026
200,222,Circle,14.4678,-32.6532,-25.126,-5.01012,-7.05794,-8.44818
200,223,Circle,-38.7956,-18.6327,12.5234,0.0753613,-4.03795,2.74901
200,224,Circle,-29.4866,5.75166,7.91556,-7.3423,-6.21262,1.84316
200,225,Circle,-28.1867,-38.7406,2.95915,-2.96974,-0.798439,-4.82004
200,226,Circle,-31.7669,-5.72881,-4.29873,-7.25852,-2.29285,-5.06952
200,227,Circle,-20.3304,-14.2054,-0.730227,-8.25377,-6.71409,2.23647
200,228,Circle,-4.60389,-28.1588,-13.3306,-3.68797,-5.47852,-4.8183
200,229,Circle,-36.4709,-36.2179,-1.95243,-1.06951,0.522182,2.065
200,230,Circle,10.6869,-38.5971,-16.5751,-4.10501,0.478151,-8.80263
200,231,Circle,-37.8004,-22.8679,-1.35495,0.593017,-3.79312,-2.87025
200,232,Circle,2.97785,21.4971,-7.35037,-3.82244,-0.432674,-5.60429
200,233,Circle,-18.3171,4.52078,33.6054,-2.76545,-6.11914,7.68403
200,234,Circle,-7.24899,0.840308,-5.22111,-3.84218,-4.86544,-1.95295
200,235,Circle,-36.7492,-4.20233,21.3965,-0.234437,-4.17994,4.67869
200,236,Circle,-35.0602,-28.3972,-7.46973,-6.81625,-5.16299,0.914171
200,237,Circle,1.05234,-38.2541,4.93163,-3.45852,1.29265,1.80453
200,238,Circle,18.5228,-38.2495,-7.19619,-3.8754,0.766081,-1.48964
200,239,Circle,32.2028,2.71692,-6.84762,-0.3144,-2.32952,-2.53616
200,240,Circle,-36.7065,1.30901,-5.11506,0.211614,-4.56435,-0.814637
200,241,Circle,1.28588,-32.0212,-10.4443,-2.46847,-5.35669,-5.5004
200,242,Circle,-17.4857,-38.5401,1.21181,-6.80019,0.523568,4.74569
200,243,Circle,31.0532,-39.62,7.96697,-0.717057,0,1.88706
200,244,Circle,-17.1646,16.8434,-24.7754,-6.37046,-0.871241,-7.63398
200,245,Circle,-34.6077,38.0947,13.141,1.0028,2.43187,2.41319
200,246,Circle,-28.7498,18.5102,8.57693,-4.92622,-5.05257,2.53685
200,247,Circle,-21.0329,-23.7997,-15.6067,-3.85988,-7.09696,-4.91319
200,248,Circle,14.778,-39.087,35.3544,-2.19908,1.47907,7.56505
200,249,Circle,7.89043,14.4078,12.094,-5.28199,-1.80969,3.74697
200,250,Circle,23.4317,13.2479,0.687523,-1.4243,-1.48884,1.6913
200,251,Circle,7.17391,-15.441,-4.79564,-5.57584,-3.08911,-1.084
200,252,Circle,3.45674,-37.6943,-15.2729,-4.25396,-0.189649,-0.00401503
200,253,Circle,3.9956,-23.7575,-8.95984,-2.26007,0.328607,-3.96371
200,254,Circle,-2.72373,-23.0841,-18.5135,-5.04642,-3.83382,-4.13971
200,255,Circle,-19.4318,-23.8433,3.89348,-3.342,-6.38435,2.47645
200,256,Circle,-39.6185,-6.0508,-5.59343,0,-3.47682,-3.90936
200,257,Circle,-9.64857,15.3177,-6.83651,-4.34128,-2.65429,-1.5568
200,258,Circle,12.5102,4.38693,-5.52837,-3.87843,-4.14456,-2.29416
200,259,Circle,-27.041,-2.32917,-5.72307,-4.65016,-4.97073,-0.95327
200,260,Circle,-26.7233,6.43815,-0.912719,-5.31149,-6.51186,-1.39687
200,261,Circle,-22.8587,7.15931,8.3755,-5.56443,-3.34725,2.62716
200,262,Circle,1.32525,-2.65792,-11.3077,-5.05334,-4.14283,-1.22493
200,263,Circle,39.2528,1.36899,-0.252564,-0.494339,-1.95705,0
200,264,Circle,-39.6257,-26.5299,-7.43114,7.45058e-09,-3.18352,-4.03484
200,265,Circle,-39.5029,-35.8823,-5.75375,-1.54532,-0.234204,-2.26239
200,266,Circle,-38.6395,-31.8021,-13.8258,-1.05365,-4.08238,-0.285856
200,267,Circle,-20.4806,-38.5187,-9.38624,-5.21655,-1.36264,1.92826
200,268,Circle,-39.6218,-32.4335,-10.939,1.49012e-08,-2.8033,-6.93467
200,269,Circle,-37.4098,-23.5726,8.87941,0.246852,-4.49226,-3.6802
200,270,Circle,-38.1109,-4.7768,20.648,-0.0487872,-4.09854,-1.89534
200,271,Circle,-38.8094,-21.1087,10.014,-1.22389,-3.67189,-4.14339
200,272,Circle,-36.6356,-24.7563,-14.2998,-0.156492,-4.29991,-1.36653
200,273,Circle,-34.4319,-30.3335,2.4893,-4.32953,-5.04936,1.79092
200,274,Circle,-39.6218,-23.9933,-13.6053,-2.38419e-07,-2.14861,-4.16117
200,275,Circle,-25.6457,-38.9204,9.77782,-3.08653,-0.187477,2.56273
200,276,Circle,-31.9409,-37.4342,-27.9551,-1.84798,0.379845,-0.0197017
200,277,Circle,-34.8246,29.6668,-0.675561,2.1428,0.0163807,0
200,278,Circle,-22.2438,-6.2344,-2.80035,-6.28526,-3.71652,-1.4393
200,279,Circle,11.9939,-11.9894,-17.841,-2.57324,-4.89697,-3.88421
200,280,Circle,-23.6403,-38.7076,-18.5953,-3.46788,-0.827528,-5.08101
200,281,Circle,-38.0692,-0.323779,-7.91025,0.296863,-4.71887,2.12332
200,282,Circle,-8.52492,-5.84201,13.0336,-4.64069,-5.07927,5.37111
200,283,Circle,-27.3147,7.25235,2.61358,-5.23641,-5.60683,-0.507167
200,284,Circle,-38.8185,-35.0962,-0.49247,-0.662664,-2.19121,-3.13487
200,285,Circle,15.4223,-20.8551,-8.50641,-2.69153,-4.33016,-2.32694
200,286,Circle,-0.0369195,-0.346418,3.8395,-3.62772,-8.28498,1.11017
200,287,Circle,-37.339,-4.70452,-8.64735,0.0881538,-4.5795,-2.83327
200,288,Circle,-38.1535,-33.9681,3.86102,0.608293,-2.94639,5.82969
200,289,Circle,-38.9459,-24.3832,13.7292,-0.421197,-3.86462,-0.538033
200,290,Circle,23.4968,4.18277,1.76207,-2.8101,-6.62347,1.55476
200,291,Circle,-39.62,-12.5959,-1.86156,0,-2.28234,2.60544
200,292,Circle,-25.894,-15.4317,9.79275,-6.14027,-7.70794,2.96074
200,293,Circle,-35.6492,-19.2712,-4.12452,-7.31401,-3.36965,0
200,294,Circle,-2.79509,8.0288,-5.05032,-5.60917,-4.5058,-2.46732
200,295,Circle,-11.0319,-39.4511,1.38371,-3.42922,-0.735534,1.53388
200,296,Circle,-38.3184,21.0852,7.19415,0.975252,-0.284582,2.95553
200,297,Circle,-2.20382,-38.9693,-0.00636722,-3.30091,0.692416,-2.51764
200,298,Circle,-5.09585,-39.6198,23.2854,-2.80709,0,5.84593
200,299,Circle,-31.6361,-7.63714,-12.3995,-1.72715,-5.26319,-4.60674
200,300,Circle,-1.22735,12.5931,3.57237,-7.36603,-2.82976,0.689853
200,301,Circle,-12.38,-33.275,50.4751,-0.156556,2.61893,15.5512
200,302,Circle,-14.673,-39.62,11.0579,-4.33201,2.32831e-10,7.38237
200,303,Circle,-0.75916,-17.3935,-22.1701,-6.63736,-3.85808,-7.4802
200,304,Circle,-12.8404,-21.1968,16.3835,-4.57279,-5.32313,0
200,305,Circle,-11.8553,-38.836,-1.23322,-3.66282,-0.0344319,2.24012
200,306,Circle,10.5202,-4.54192,0,-3.99993,-3.64182,0
200,307,Circle,7.73306,6.88287,-44.4191,-0.588042,-2.04945,-12.9863
200,308,Circle,-38.7167,-11.9532,7.05099,0.270054,-2.74176,2.70907
200,309,Circle,-38.8251,-0.521347,-11.5402,0.220121,-4.65009,-0.00306102
200,310,Circle,-37.3895,-26.3925,-3.37045,-1.05999,-4.3433,2.06134
200,311,Circle,-39.6371,-38.889,-4.2162,2.23517e-08,-0.041782,-0.11495
200,312,Circle,-31.0766,9.02224,2.91246,-5.75974,-4.62982,0.715573
200,313,Circle,-16.9246,-11.8229,6.66989,-8.79168,-6.49705,0
200,314,Circle,-8.63193,-7.24713,-2.95179,-4.5154,-2.87923,-4.08507
200,315,Circle,-36.3307,-38.033,31.8975,0.0580056,-0.00703661,0.49836
200,316,Circle,-23.5857,-0.402654,-13.5767,-4.71291,-3.87762,-4.1044
200,317,Circle,12.9368,-38.7236,-7.03262,-1.386,-0.404592,-5.57896
200,318,Circle,-30.7364,-25.2123,-9.52171,-5.41138,-5.9786,0
200,319,Circle,-13.0214,-8.51142,-24.1246,-8.20779,-1.07096,-8.49382
200,320,Circle,-3.68603,-23.7063,-8.68445,-4.86825,-4.31317,-1.30382
200,321,Circle,3.90276,-20.6031,-0.235349,-7.78636,-4.7058,0
200,322,Circle,-38.9395,-22.0091,-1.20395,0.156296,-2.98818,-2.66699
200,323,Circle,-22.7349,-38.5556,6.63547,-2.2821,-2.25015,0
200,324,Circle,-42.3405,6.52001,0,0,0,0
200,325,Circle,-25.0762,-39.5783,1.1027,-2.15693,0.0953096,1.24399
200,326,Circle,0.487707,25.1656,16.7531,-6.43064,0.452707,2.98304
200,327,Circle,-38.8407,-30.2914,0.212004,-0.204456,-3.731,3.21405
200,328,Circle,-12.8865,-24.7032,-8.98278,-5.38524,-5.22896,-2.81778
200,329,Circle,-42.1656,-18.9737,31.1979,0,-2.85195,3.87901
200,330,Circle,-0.376807,17.2643,-7.03591,-4.01792,-3.42995,-3.0037
200,331,Circle,-39.62,23.0167,3.11543,0,-1.30031,0
200,332,Circle,-13.6912,-36.6653,-3.2104,-0.562967,-2.25565,0.72004
200,333,Circle,2.80193,31.4484,0.505255,-5.7588,1.48941,0
200,334,Circle,-33.8369,-39.5194,-4.89634,-0.0569884,-0.23057,-0.132831
200,335,Circle,14.4189,-27.3809,-28.6956,0.30361,-4.0667,-10.653
200,336,Circle,15.6852,-27.2297,5.15629,-3.21638,-4.65611,1.9216
200,337,Circle,-36.7887,-39.6266,2.73601,0.00443901,7.45058e-09,-0.0118869
200,338,Circle,-28.6997,-3.35796,-13.0911,-4.28079,-4.41507,-1.35454
200,339,Circle,-11.2381,-28.1025,-19.4606,-4.87792,-4.9597,-0.738958
200,340,Circle,-0.431984,18.3691,-5.35866,-2.98891,-2.11167,-1.26793
200,341,Circle,-38.8122,33.5833,-0.163346,-6.3034,-3.85127,-4.90039
200,342,Circle,2.95058,10.0037,13.9634,-5.62148,-3.34011,4.0368
200,343,Circle,-39.62,-13.8361,-4.3885,0,-2.66561,-7.01502
200,344,Circle,-23.6328,-6.35753,-17.5194,-5.16736,-2.79471,-2.83957
200,345,Circle,2.23459,2.23978,11.739,-8.35225,-2.78099,4.16737
200,346,Circle,12.9314,1.34247,-0.911255,-1.89517,-0.800911,0
200,347,Circle,12.8953,-12.8964,-19.8384,-2.67566,-3.88296,-8.8549
200,348,Circle,-23.0883,-1.79539,-2.15274,-4.86364,-4.57214,0
200,349,Circle,-4.31024,-39.6278,0.843219,-2.53606,0,5.44795
200,350,Circle,-38.9197,-3.44638,-12.1102,0.693701,-3.85263,-0.0139024
200,351,Circle,8.57331,-37.828,-15.3978,-3.14646,-9.98776,-6.79272
200,352,Circle,-17.7001,-22.726,2.04361,-3.8913,-4.72692,1.63706
200,353,Circle,-16.5775,4.18504,1.61442,-5.88747,-5.16242,-1.69946
200,354,Circle,-28.9506,-38.6936,-2.96085,-2.94097,-0.0751347,1.34611
200,355,Circle,-36.7597,-25.9226,15.3222,-1.69807,-2.86412,-1.49839
200,356,Circle,-10.359,-20.3136,0.340579,-3.029,-4.34112,0.652116
200,357,Circle,-39.6236,-35.1322,-0.270301,0,0.00599212,0.00480562
200,358,Circle,3.90548,-30.8579,-17.4722,-2.93457,-3.92619,-6.51407
200,359,Circle,-38.8699,-16.4773,16.3962,0.0366121,-3.62284,3.58721
200,360,Circle,-28.0241,-1.82912,4.71085,-4.37677,-4.02046,-0.857159
200,361,Circle,-28.0181,-2.65954,6.03172,-5.38131,-4.33987,-1.80893
200,362,Circle,-30.895,-9.23001,0,-2.1,-2,0
200,363,Circle,8.3861,-13.8667,-18.5337,-4.78818,-3.37836,-6.7958
200,364,Circle,-34.4984,-37.6448,7.8938,-0.360931,-0.250036,-0.620299
200,365,Circle,-0.466595,-33.807,3.93292,-3.08216,-6.27243,2.72794
200,366,Circle,0.914029,-20.5125,6.82388,-8.79834,-5.02811,1.34323
200,367,Circle,-9.1072,24.6499,13.7907,-4.78604,-2.9424,3.11039
200,368,Circle,-33.4964,-36.6532,26.588,-2.18205,1.15979,2.30421
200,369,Circle,12.3682,-26.9053,-5.83407,-0.942044,-3.83622,0
200,370,Circle,-26.8041,2.91145,-1.56516,-6.24593,-3.26085,1.42464
200,371,Circle,3.67958,-38.8728,11.3728,-4.10032,-0.327443,-1.78524
200,372,Circle,-36.1986,36.7494,1.21773,-7.11994,2.13829,2.70438
200,373,Circle,4.64528,-30.4439,-12.4004,-2.4864,-4.13118,-4.6687
200,374,Circle,-8.31482,-38.9225,9.81338,-2.86737,0.385767,4.75145
200,375,Circle,15.4028,23.4438,-1.46483,-6.13433,-0.706245,-1.91065
200,376,Circle,13.5457,39.62,0.994509,0,0,1.21777
200,377,Circle,-39.1986,-5.36344,4.22243,-0.547046,-3.55604,3.17562
200,378,Circle,-31.627,-38.182,2.48081,-1.08056,0.470873,2.50843
200,379,Circle,-38.141,-38.9551,6.53765,-0.0929445,-0.225766,-0.0985665
200,380,Circle,23.3314,-39.62,15.8205,-1.58076,1.63913e-07,4.63446
200,381,Circle,-41.9233,16.0536,36.8411,0,0,6.08449
200,382,Circle,24.4791,-42.0928,0,0,0,0
200,383,Circle,21.5078,-39.0321,-2.33576,-1.69202,1.02212,0
200,384,Circle,-39.6138,-21.5675,-9.84035,0,-2.16215,-5.46951
200,385,Circle,-22.1696,5.84119,19.4204,-5.71789,-3.68225,0
200,386,Circle,-4.78372,8.18186,12.5572,-6.30585,-4.52066,2.91143
200,387,Circle,-35.6009,-38.1514,22.5534,-0.0132729,-0.0839304,-0.904149
200,388,Circle,8.36824,-39.0169,8.75896,-4.45459,-5.13369,0
200,389,Circle,-20.966,-13.1572,29.318,-4.02734,-5.177,8.46233
200,390,Circle,-39.6223,-39.6342,3.10671,-0.0223303,0,0.0608031
200,391,Circle,-39.6182,-6.85777,0.596795,2.86633e-11,-3.5313,1.95887
200,392,Circle,15.5562,-19.0754,2.72832,-4.32851,-5.05611,3.14907
200,393,Circle,-21.8048,5.13003,10.7417,-5.79482,-3.72498,0
200,394,Circle,-21.7374,-3.24041,-15.3854,-3.95927,-4.80013,-4.22774
200,395,Circle,-19.0849,-8.62649,11.7333,-5.85567,-2.55156,7.21893
200,396,Circle,-1.82602,-21.3166,3.89786,-5.73083,-3.67715,2.73662
200,397,Circle,-37.7665,-38.3246,-0.1896,0.395695,-0.647937,1.31368
200,398,Circle,-32.9683,-36.0847,0.861109,-1.73064,0.737012,-4.01221
200,399,Circle,9.46809,15.8631,0.169294,-4.80372,-1.08293,0
200,400,Circle,-28.8806,6.79975,4.39196,-7.55614,-5.11559,0
200,401,Circle,-37.2469,-21.5068,-18.4002,-2.05484,-5.06281,-6.62475
200,402,Circle,-39.4468,-14.9716,20.1765,-0.968721,-3.80045,3.12975
200,403,Circle,-18.0268,-39.7237,-5.57488,-1.66693,-1.93713,-7.95056
200,404,Circle,-37.1257,-33.6474,5.13665,1.12177,-2.50875,3.36416
200,405,Circle,-13.8782,11.8952,-30.9445,-2.05111,-4.62434,-10.3402
200,406,Circle,0.680126,-37.0791,-1.90209,-3.9449,-0.121304,0
200,407,Circle,-13.8595,4.65078,-17.5685,-3.64196,-5.5906,-4.60582
200,408,Circle,-31.2702,-23.3417,2.13417,-5.67408,-4.32644,2.03735
200,409,Circle,-32.0267,-36.0494,1.10866,-1.11743,-2.85526,-1.9611
200,410,Circle,-36.6931,-36.9825,0.80838,-0.00451211,0.215213,0.657518
200,411,Circle,-19.7921,-1.64391,-5.84297,-5.53227,-0.402185,1.0959
200,412,Circle,-11.777,-2.44131,27.6048,-4.31142,-3.11564,9.24744
200,413,Circle,-33.1102,-39.6238,16.041,-0.0323028,1.16415e-10,0.974925
200,414,Circle,24.1527,-34.9464,4.47059,-3.22308,-0.774787,6.13321
200,415,Circle,-10.5975,-29.8284,-4.80673,-2.94033,-4.8423,-1.39414
200,416,Circle,-16.3427,-38.8007,-6.42766,-6.07275,-0.00785072,-1.23717
200,417,Circle,19.142,-38.8201,-5.69398,-3.72081,0.453338,0
200,418,Circle,-19.8642,4.60395,9.59512,-3.62835,-5.3434,0.0340012
200,419,Circle,-39.62,-7.73772,4.10562,9.60426e-10,-2.1488,-0.993079
200,420,Circle,-37.8664,-8.7935,7.607,0.2965,-3.51328,0
200,421,Circle,-6.51599,3.3732,-1.28877,-3.21846,-3.86942,0.993959
200,422,Circle,1.47859,-37.5144,-2.30913,-4.42271,-1.03378,1.52736
200,423,Circle,-11.5865,-8.43338,7.14398,-8.24659,-2.80616,0
200,424,Circle,-38.1209,-32.4535,-15.4687,-0.445889,-4.13706,-3.38505
200,425,Circle,-34.6826,-29.5422,-9.90298,-5.77505,-4.80428,1.6027
200,426,Circle,3.59386,-36.6763,13.3836,-3.91266,-0.89259,0
200,427,Circle,-27.1013,-38.0471,-10.058,-3.78646,-0.120259,-5.54875
200,428,Circle,-30.367,-18.2499,-1.74319,-5.3426,-5.96034,-1.39314
200,429,Circle,-29.8935,-2.53998,2.57023,-4.85284,-4.30781,0
200,430,Circle,-39.1998,2.64418,-9.78604,0.0973425,-3.48299,0.76745
200,431,Circle,-2.52577,-20.4274,-10.0319,-9.4225,-5.08065,-1.69102
200,432,Circle,-20.102,-15.9195,-15.1795,-7.40248,-8.40386,-3.68688
200,433,Circle,-28.6217,-6.27255,-16.6027,-7.6863,-4.48303,-4.69456
200,434,Circle,39.5115,22.2417,4.34221,-0.946229,-0.85119,2.40719
200,435,Circle,2.13688,39.2717,-2.1513,-4.012,-0.66,-3.58549
200,436,Circle,-32.7398,-38.9015,-4.78477,-0.0316861,-0.021045,0.504158
200,437,Circle,-38.5589,-19.4009,14.3214,-0.506254,-3.72727,5.77711
200,438,Circle,2.43321,17.6232,-13.5638,-2.6009,-5.79644,6.44506
200,439,Circle,15.7473,-3.16663,-0.15146,-4.54259,-9.23371,0
200,440,Circle,-10.7154,16.1733,13.8477,-4.93437,-3.32859,5.91175
200,441,Circle,-38.7215,-35.8015,-3.77023,-1.21145,-2.81032,2.23895
200,442,Circle,14.3725,-19.1807,9.65608,-3.05521,-4.46111,4.44018
200,443,Circle,-17.5662,-16.5305,-0.175634,-7.25781,-5.00102,0
200,444,Circle,-36.9277,-6.83573,-2.28505,0.387432,-4.22752,-0.914703
200,445,Circle,-25.3327,7.26234,0.787873,-6.13896,-4.04756,-0.741229
200,446,Circle,1.37598,9.73167,45.371,-0.709161,-5.92937,16.3247
200,447,Circle,25.9391,39.265,-15.9766,-1.10347,-0.675721,-4.80823
200,448,Circle,9.16186,-39.62,5.48135,-1.68238,0,4.42767
200,449,Circle,34.8917,-38.9197,-6.02958,0.955331,0.49943,-2.58398
200,450,Circle,-9.82776,16.1508,-7.90306,-4.52727,-2.44114,-2.39134
200,451,Circle,-34.5357,-27.0131,-30.0079,-6.40614,-4.84303,-5.07343
200,452,Circle,-36.1893,-17.3981,8.4764,-4.00119,-3.5232,0
200,453,Circle,-38.0679,-7.38394,2.4209,1.10248,-3.76958,0
200,454,Circle,-16.4428,-17.815,9.98859,-6.40987,-3.44471,2.92062
200,455,Circle,-30.1595,-39.6172,8.38484,-0.0277554,0.000459445,1.14785
200,456,Circle,-18.1552,-11.6607,0.77303,-5.04621,-4.45976,0
200,457,Circle,-38.0628,0.485699,6.83264,0.111024,-4.43867,0
200,458,Circle,29.417,-23.3181,-7.04314,-1.25961,-7.17738,-1.96151
200,459,Circle,-35.2362,-38.9288,16.1431,-0.0285277,-0.185429,-0.334129
200,460,Circle,-13.7978,-39.6024,-4.46762,-3.86319,9.31323e-10,7.17015
200,461,Circle,-14.0263,17.2,-10.3925,-7.51027,-3.10775,-1.99324
200,462,Circle,-38.7336,-22.8214,1.49556,-0.109451,-4.44265,0
200,463,Circle,-14.6185,4.90586,11.9902,-3.85801,-5.4068,2.52286
200,464,Circle,-37.7589,-34.9261,-31.9519,-1.69829,-1.05656,-3.61596
200,465,Circle,-39.6296,-4.59058,5.82712,0,-2.59728,-3.22174
200,466,Circle,18.3408,-41.9315,0,0,0,0
200,467,Circle,-38.1813,-22.189,13.2795,-0.125784,-4.19646,3.97943
200,468,Circle,-2.56229,-3.55773,-14.7637,-4.59661,-4.45764,-4.02878
200,469,Circle,-4.31075,-1.41683,6.40408,-2.81888,-8.4234,3.54536
200,470,Circle,6.78032,-38.3833,-21.033,-4.6945,0.608755,-3.01283
200,471,Circle,-36.7629,-0.33035,11.6778,-4.54141,-7.82488,0.6286
200,472,Circle,-15.1049,9.06485,-10.3414,-4.25444,-4.75349,-3.65804
200,473,Circle,-39.6289,-37.3797,-3.09142,-4.07454e-10,-0.143659,0.0332225
200,474,Circle,28.5888,11.678,3.05016,1.31577,-3.68226,0.850879
200,475,Circle,-2.11992,0.161837,-15.334,-5.02268,-4.21634,-4.97863
200,476,Circle,-30.9762,-1.06323,5.3729,-6.02834,-8.18153,1.21484
200,477,Circle,-21.1684,-9.0948,-27.0514,-8.37277,-4.27658,-7.75984
200,478,Circle,-26.4697,-39.6095,10.4181,0.166435,-1.54614e-10,3.53734
200,479,Circle,26.4435,-35.329,7.81894,0.58214,-1.99318,4.32983
200,480,Circle,-24.1541,-33.7146,-36.7169,-5.25841,-6.33198,-12.5575
200,481,Circle,0.86992,-28.838,-0.00476226,-4.21349,-2.65484,0
200,482,Circle,-15.4922,-20.8136,0.632944,-5.82426,-4.42741,-1.82844
200,483,Circle,-17.0383,-17.2745,12.7741,-6.28967,-4.83992,2.40641
200,484,Circle,2.59056,-37.7572,7.29846,-3.7351,-0.0263648,-0.0087655
200,485,Circle,-25.2774,-31.687,5.00003,-3.46574,-11.0096,0
200,486,Circle,-39.62,0.154908,-4.73244,2.32831e-09,-3.92429,-4.23968
200,487,Circle,-19.0412,-1.31422,-17.9103,-5.77438,-7.30053,-5.72328
200,488,Circle,-19.3111,0.353068,-11.8223,-3.50104,-4.64309,-4.24087
200,489,Circle,-23.4802,-39.6488,6.95252,-1.79334,-1.64024,2.25321
200,490,Circle,-21.1097,1.47198,-3.10991,-3.36132,-4.14484,-1.61682
200,491,Circle,-19.186,-10.8308,-29.8237,-5.47328,-3.31945,-6.63057
200,492,Circle,-37.753,-19.4209,-18.2521,-0.0175191,-4.17635,-7.10831
200,493,Circle,-1.90514,-38.2295,24.4273,-4.14921,1.26998,4.64517
200,494,Circle,-32.9954,15.1458,22.1163,-9.11447,-4.01082,6.84009
200,495,Circle,20.4501,-38.7752,-9.21114,-3.79182,0.0362539,-5.32518
200,496,Circle,-13.7039,-21.4732,4.09848,-4.77252,-5.35689,-2.37218
200,497,Circle,-8.69734,18.9572,14.4754,-4.93718,-1.80213,5.80364
200,498,Circle,-17.0086,-28.0231,-23.7781,-4.94651,-3.13184,-7.67826
200,499,Circle,10.9385,-21.1502,-8.71974,-5.06285,-2.767,-1.43936
200,500,Circle,-7.7275,-39.613,8.80381,-2.02573,0.00246184,1.49906
200,501,Circle,8.65098,7.597,-3.12633,-5.45665,-1.92414,-1.40573
200,502,Circle,-37.7596,-28.9031,7.30309,0.813467,-4.16999,-1.58814
200,503,Circle,4.34978,24.2378,12.3619,-5.55501,-0.77799,3.94527
200,504,Circle,6.27207,12.735,-15.9276,-4.63615,-0.992699,-6.02599
200,505,Circle,-30.0094,-32.1034,34.5948,-7.18335,-2.36899,11.509
200,506,Circle,11.6101,-0.857426,-8.03445,-2.95435,-1.78512,-3.61665
200,507,Circle,29.477,-39.4829,1.89601,-0.860499,0.308949,2.3342
200,508,Circle,-37.167,39.2079,6.15104,-4.36453,-0.498465,0
200,509,Circle,-39.6135,-9.40518,-7.54519,0,-2.41432,-2.26695
200,510,Circle,-35.4962,-31.4897,3.12188,-4.77056,-4.44734,-1.21776
200,511,Circle,22.56,-39.3026,8.46459,0,0,-1.20932
200,512,Circle,18.2699,-26.0069,8.88529,-0.898228,-4.80123,2.47047
200,513,Circle,-35.9834,-37.2745,0.440436,-0.154401,-0.107954,-1.73069
200,514,Circle,-37.3976,-27.1846,7.93667,-0.0160573,-4.4375,3.0766
200,515,Circle,-15.5535,-17.3811,-1.93432,-5.49045,-3.92447,-1.15689
200,516,Circle,-24.6625,5.93092,8.20087,-5.286,-4.28779,1.69933
200,517,Circle,-3.13274,-38.1587,-8.88624,-5.31852,0.945503,5.26245
200,518,Circle,-38.1548,-24.3045,1.33073,-0.149416,-4.1806,-0.7749
200,519,Circle,-20.63,-3.5597,11.181,-7.1191,-3.1401,5.26518
200,520,Circle,-42.0527,13.8512,-4.08987,-8.90954e-15,-1.89542e-06,-1.10302
200,521,Circle,-30.5641,-38.9372,1.02367,-0.968817,0.348968,2.3801
200,522,Circle,7.87211,9.1539,5.02824,-4.68361,-2.94872,2.19833
200,523,Circle,-30.5126,-4.0111,-3.14439,-5.81658,-3.98491,0
200,524,Circle,4.43322,-35.3717,-21.242,-4.82408,-7.10099,-6.08818
200,525,Circle,9.13119,11.3661,30.1914,-4.74936,-0.310607,9.81872
200,526,Circle,4.78392,11.5124,-15.3672,-4.13358,-3.28879,-6.35729
200,527,Circle,-16.1992,7.07182,8.25126,-3.62269,-5.80676,4.54736
200,528,Circle,-37.3718,-1.85251,-6.05002,1.01612,-4.70971,1.33028
200,529,Circle,-11.7863,26.474,-11.3066,-2.72592,-1.95446,-5.36859
200,530,Circle,12.3154,-30.3775,-24.9809,-0.580836,-5.42589,-8.18989
200,531,Circle,-5.41666,-38.7047,5.49139,-3.1952,-0.228842,0.125631
200,532,Circle,-22.6266,4.44301,-14.1353,-4.62248,-4.20585,-4.21742
200,533,Circle,-38.8466,-39.6317,-2.1286,-0.060075,-0.0991104,0.103671
200,534,Circle,-38.9415,15.0819,-8.56288,0.599411,-2.15321,-5.47618
200,535,Circle,11.1006,-39.5283,2.78367,-1.59484,0.438909,-1.28176
200,536,Circle,0.195028,-17.0493,21.4723,-6.26624,-3.57654,8.55854
200,537,Circle,-30.2439,17.8862,6.49761,-5.43059,-4.99457,1.45079
200,538,Circle,-39.62,25.2032,-6.15366,0,0,-4.66569
200,539,Circle,-39.62,-27.612,5.71756,-1.4013e-45,-2.91563,-3.99139
200,540,Circle,-6.35556,-37.1208,-9.93979,-5.41193,0.0428067,1.63955
200,541,Circle,-9.29013,-29.8421,-5.4668,-2.01219,-5.49025,-1.2703
200,542,Circle,21.0639,-39.6363,-4.7646,-1.17258,-1.74754e-26,3.08868
200,543,Circle,-38.6821,-2.6922,0.963741,0.41024,-3.76419,1.25315
200,544,Circle,8.5311,15.7015,7.63115,-5.74801,-0.131697,0.992825
200,545,Circle,-36.0413,34.8293,-14.7603,2.16969,-1.79745,-7.6508
200,546,Circle,11.9551,-39.6182,27.8448,-1.3725,0.00541845,7.32357
200,547,Circle,-37.5378,-15.4073,0.991039,0.68242,-2.75229,-1.06533
200,548,Circle,-38.477,37.0898,1.14733,-0.606824,-2.11576,0.760483
200,549,Circle,-29.1526,-1.47817,10.7375,-4.78753,-3.87483,3.42226
200,550,Circle,27.6484,-39.2642,-1.08015,-1.38755,0.628252,3.80546
200,551,Circle,-14.891,-21.9828,23.0007,-4.82116,-4.84002,5.85695
200,552,Circle,-32.6388,-12.2197,-6.51046,-1.88141,-5.42647,0
200,553,Circle,5.19395,-38.8719,5.54059,-3.61134,0.162924,1.67349
200,554,Circle,-35.9905,-38.8276,-1.64746,0.0293416,-0.0573355,0.15793
200,555,Circle,-3.65921,3.64639,-3.25305,-5.89852,-3.73633,1.17741
200,556,Circle,-4.07068,-38.1852,-7.92663,-3.47933,1.10997,3.21397
200,557,Circle,-16.29,-34.1474,10.542,-3.07156,-2.63367,3.96077
200,558,Circle,-39.6098,-17.5534,-2.1835,2.50111e-12,-3.52504,0.753907
200,559,Circle,-36.9985,-32.4502,-0.0196988,-3.50739,-4.18286,2.54208
200,560,Circle,-35.2419,-37.4593,3.64669,-0.18664,-0.0304978,1.95375
200,561,Circle,-23.9364,-10.2609,-1.77368,-7.10115,-5.8658,-0.218176
200,562,Circle,-7.46313,-10.1143,-26.1171,-7.16268,-3.10222,-6.85291
200,563,Circle,-38.8223,-34.3417,8.93794,0.313114,-2.18661,-3.66753
200,564,Circle,-37.7849,-9.60288,22.1198,-0.6603,-3.77787,1.46704
200,565,Circle,-38.8399,-17.358,0.482454,0.0751156,-3.58009,0
200,566,Circle,-42.7981,-6.29893,20.1921,0,0,6.66597
200,567,Circle,-35.1334,9.47489,1.91876,-6.51839,-4.35287,0.802928
200,568,Circle,-39.6093,-3.81114,-7.50129,4.65661e-10,-2.59586,-3.86333
200,569,Circle,-23.3323,-15.2897,26.1914,-5.53365,-7.05716,5.23423
200,570,Circle,-8.23404,8.42053,-4.78325,-4.55072,-3.15414,-2.00329
200,571,Circle,-37.4904,23.7022,-6.433,1.2051,-2.12404,-5.57988
200,572,Circle,-13.6058,-0.13106,12.8324,-7.35911,-4.05372,3.88443
200,573,Circle,-1.93742,-28.9271,-8.33855,-6.24247,-7.74854,-3.01376
200,574,Circle,29.0308,2.06691,0,2.4,-4.9,0
200,575,Circle,-27.4224,-38.746,-2.65364,-2.96582,-0.563347,5.99277
200,576,Circle,39.4728,-5.65201,1.29651,-0.6,-3.52,4.86191
200,577,Circle,-1.1103,-38.15,23.2465,-4.065,0.538595,4.5979
200,578,Circle,-9.04771,26.8582,-24.0736,-3.81629,-0.264285,-11.3495
200,579,Circle,-36.5808,-15.5986,-28.0727,-0.0508742,-7.10696,-6.9941
200,580,Circle,-38.5486,3.19214,-13.236,-0.178803,-3.32834,0
200,581,Circle,23.9621,-36.0235,-17.0589,-2.97733,-2.29741,-6.63908
200,582,Circle,-38.8739,-31.0509,-0.58827,-0.19574,-3.73451,-0.650576
200,583,Circle,-33.531,-37.4456,-17.0164,-2.09523,-0.00260028,1.89345
200,584,Circle,-33.2444,-1.22762,-3.52684,-6.84265,-5.12339,-0.988419
200,585,Circle,-34.726,-9.8884,-1.10747,-3.52472,-3.78074,0
200,586,Circle,-16.8873,-19.5822,13.3165,-6.23348,-4.45898,3.65685
200,587,Circle,-38.1995,-29.8339,5.94099,-1.21444,-2.22381,-1.11426
200,588,Circle,-9.79924,-38.197,7.67124,-2.38014,-0.374475,-1.12266
200,589,Circle,13.8236,-18.4407,14.7568,-4.96514,-4.30061,0.705366
200,590,Circle,-34.3824,25.8475,8.8642,-2.6231,-5.10459,1.28601
200,591,Circle,-5.26859,15.4486,-0.00947463,-7.27975,-2.11003,0
200,592,Circle,13.3224,-39.4541,5.03718,-2.67722,-1.69423,1.04421
200,593,Circle,-34.1734,-31.6523,13.4289,-6.4318,-4.1983,7.8784
200,594,Circle,-38.6739,-13.9987,-12.8592,-0.0374568,-3.15714,2.30197
200,595,Circle,-26.566,-21.6224,-2.98368,-5.71076,-7.71013,0
200,596,Circle,-23.9296,-2.92762,1.34675,-5.0336,-4.25719,4.0267
200,597,Circle,1.57578,14.8452,9.17396,-4.62892,-2.7267,2.98858
200,598,Circle,-36.3801,-11.2679,2.4325,1.54887,-3.88204,-1.41622
200,599,Circle,-39.62,20.0613,-4.8448,0,0,0
200,600,Circle,19.5603,-12.9214,13.045,-4.7217,-4.1371,3.93317
200,601,Circle,-15.0648,-18.1453,-21.3695,-5.63643,-4.29888,-8.12724
200,602,Circle,13.1401,-20.0559,-6.95105,-3.97927,-4.63262,2.06414
200,603,Circle,6.1578,-15.2564,9.30646,-5.88499,-3.84157,3.36054
200,604,Circle,5.24795,-15.8992,-1.58836,-6.11269,-3.50415,0
200,605,Circle,-31.6375,-39.6231,5.01614,-0.0642932,-2.79397e-09,0.491527
200,606,Circle,-39.6097,-30.1607,-6.12932,0,-2.54508,-5.52825
200,607,Circle,-38.4327,-5.57751,0.148451,-0.651925,-4.00988,-4.39585
200,608,Circle,-33.6811,16.5974,-0.00533653,-3.50723,-3.32966,0
200,609,Circle,10.3032,-19.031,8.33401,-6.64422,-6.4418,2.18663
200,610,Circle,-39.62,18.1803,8.72836,2.51457e-08,-0.90904,4.73753
200,611,Circle,-35.2969,-39.6518,0.312752,-0.0530897,-0.0897054,0.142648
200,612,Circle,-37.9494,-36.9539,10.6049,0.0139474,-0.807148,1.54607
200,613,Circle,-8.95854,-37.7008,2.59713,-3.00709,0.245323,2.83888
200,614,Circle,-32.6674,-21.7347,-8.31663,-4.55906,-3.4112,-5.22178
200,615,Circle,1.57603,-12.3798,-36.127,-2.97312,-8.3823,-10.998
200,616,Circle,-21.3189,-39.62,19.4283,-2.05851,8.00937e-08,5.40622
200,617,Circle,17.9509,2.42454,-17.2476,-3.48127,-7.25767,-6.66619
200,618,Circle,-30.5061,6.09266,4.43902,-7.80497,-6.45232,0
200,619,Circle,-1.33665,-26.3424,-8.40951,-5.88799,-6.74235,-6.0215
200,620,Circle,-17.3467,-18.0103,-2.75296,-6.65665,-4.71344,-3.27534
200,621,Circle,11.1334,-18.7794,-11.6836,-6.13264,-5.96462,0
200,622,Circle,-38.9227,-25.8929,11.2229,-0.338251,-4.53269,-2.09322
200,623,Circle,-3.45169,17.852,4.31136,-6.17113,-1.77193,1.69408
200,624,Circle,-39.6115,-11.033,-10.9377,0,-2.25431,-5.15995
200,625,Circle,-31.993,-28.9924,8.14323,-7.33915,-5.03211,1.80985
200,626,Circle,-28.6455,-37.9572,10.646,-1.62809,-0.358971,-3.13457
200,627,Circle,21.9536,-32.3159,0.655985,-2.39879,-5.86981,0
200,628,Circle,-22.2091,-4.74364,-0.201263,-4.99084,-4.79999,0
200,629,Circle,10.2155,-39.6121,3.91789,-1.67091,0,2.91272
200,630,Circle,-14.4779,-0.458935,-10.6041,-3.72791,-4.28238,-4.79826
200,631,Circle,-27.6414,-6.95891,6.09894,-8.88964,-4.78663,2.84918
200,632,Circle,17.9609,-38.8077,-1.04564,-3.45046,0.157379,2.03993
200,633,Circle,26.1066,0.236758,25.5558,-2.34422,-3.4176,8.55949
200,634,Circle,-18.7199,-6.73498,-29.194,-5.50447,-6.44052,-9.36845
200,635,Circle,-22.7908,-5.54263,-5.75601,-5.0821,-1.9894,1.29804
200,636,Circle,-12.3719,-26.7913,3.44319,-6.33267,-5.50174,1.87016
200,637,Circle,-33.9999,-3.94201,6.44634,-6.49904,-4.57902,1.4845
200,638,Circle,-24.3394,-8.81498,-10.0889,-4.25702,-2.80844,-5.90028
200,639,Circle,-17.1456,-14.5975,-5.41538,-6.30258,-5.10821,-2.07023
200,640,Circle,-38.0689,-39.6565,-2.7161,-0.0765925,-2.98023e-08,0.222208
200,641,Circle,-20.5734,-1.31044,14.0066,-3.73093,-5.50071,4.55294
200,642,Circle,-10.107,-38.881,-13.6411,-3.85786,-0.00883444,-3.30348
200,643,Circle,-26.2885,-0.48245,-5.67813,-3.40764,-4.86053,-3.23828
200,644,Circle,-8.67873,-39.614,-5.75535,-2.12047,9.31323e-10,-2.7666
200,645,Circle,-34.8348,-32.9271,-27.5128,-4.64757,-3.69666,-9.92018
200,646,Circle,-38.8651,-36.3205,4.58817,-1.28533,-0.319585,1.06858
200,647,Circle,-5.01331,-11.3736,-9.55948,-6.5126,-2.97991,-3.59086
200,648,Circle,-38.059,-3.2913,-2.27422,0.941314,-3.72609,-2.42255
200,649,Circle,-4.68575,-38.9381,0.158695,-3.07186,0.157651,-1.80155
200,650,Circle,-3.45708,-39.6321,11.1395,-2.18283,3.72529e-09,4.53602
200,651,Circle,-37.1149,-35.7991,-4.15112,-1.85166,0.0414722,-0.0398003
200,652,Circle,-1.02706,-36.7671,-11.7999,-5.17563,-3.58069,-3.35063
200,653,Circle,-38.7069,16.0276,11.3206,0.217161,-1.75524,9.33632
200,654,Circle,-33.0221,-3.82065,-6.93339,-6.38095,-5.41422,-1.24368
200,655,Circle,-16.5847,12.4657,-5.7314,-4.87475,-2.2244,-3.0335
200,656,Circle,-32.3748,-39.6085,-4.82938,-0.0405091,-5.58794e-09,-0.580087
200,657,Circle,-32.9001,-28.7564,12.1933,-6.32677,-4.93637,3.38362
200,658,Circle,12.944,-15.8824,-29.1265,-3.44828,-5.41136,-6.30586
200,659,Circle,-37.6917,-27.9284,2.93419,0.11026,-4.48787,1.17356
200,660,Circle,-39.4832,22.0608,0.892637,0.00609348,-0.855591,2.42909
200,661,Circle,-38.5221,-29.0945,-2.92707,0.226613,-2.82086,-2.51022
200,662,Circle,-30.301,-35.5295,-5.6891,-3.51809,-3.59767,-2.1303
200,663,Circle,-25.8351,-8.60777,16.8961,-5.24647,-5.46569,3.8878
200,664,Circle,-37.4665,-10.3733,7.17406,0.518744,-3.84769,2.1711
200,665,Circle,-34.3526,-38.8772,-5.28689,-0.736886,-0.926439,-4.10041
200,666,Circle,-2.54733,-37.6413,1.21577,-5.33237,0.961181,-5.39507
200,667,Circle,-12.3027,-28.4585,-15.3308,-6.21195,-4.63818,-2.54718
200,668,Circle,-16.2424,-23.0721,-17.857,-3.28624,-5.09982,-4.42865
200,669,Circle,20.1897,-37.0291,15.7478,-1.06081,-4.10498,6.09156
200,670,Circle,-3.52312,-27.292,34.1313,-2.81148,0.138684,10.522
200,671,Circle,-21.0808,23.4721,18.1618,-2.54092,-3.0193,5.16531
200,672,Circle,-38.9179,19.695,-3.38436,-7.27543e-07,-1.87037e-06,1.13511
200,673,Circle,-1.80679,-22.5392,4.29902,-4.64719,-3.39597,-0.897936
200,674,Circle,-18.6355,19.8318,0,-9,-4,0
200,675,Circle,-7.41773,-2.09459,1.04337,0.179115,-1.98883,2.08102
200,676,Circle,-8.06254,0.812781,-4.16257,-3.81185,-3.98453,0
200,677,Circle,-27.2306,-39.5327,1.8341,0.0703444,-0.966896,-1.21275
200,678,Circle,-0.0980423,-2.04151,-2.26199,-2.89652,-3.75474,0
200,679,Circle,0.377997,-36.3534,7.11977,-4.65485,-0.377595,2.21597
200,680,Circle,5.26626,15.9828,-1.06059,-3.18873,-3.42439,-0.699448
200,681,Circle,-26.5198,-6.74772,7.06233,-7.87406,-3.65745,0
200,682,Circle,-2.37179,-31.6936,-8.67856,-2.0509,-3.49023,-3.19691
200,683,Circle,-38.9176,-7.28938,-6.83195,0.803227,-2.72452,-1.38872
200,684,Circle,-37.9598,14.5651,-8.33322,1.45734,-1.89529,-5.30136
200,685,Circle,17.9305,-39.62,14.5902,-1.7537,2.6077e-08,4.6863
200,686,Circle,35.6619,-36.6784,4.62814,-0.122847,1.90209,1.27445
200,687,Circle,-37.3324,-37.4121,2.76121,0.302876,-0.195501,-0.018864
200,688,Circle,3.00425,37.2549,-7.31837,-4.72674,3.18297,-2.58295
200,689,Circle,-18.6395,13.6594,12.0837,-4.78553,-4.28918,3.73723
200,690,Circle,7.54923,-27.0479,-15.9578,-3.61454,-4.98631,-2.74026
200,691,Circle,-42.6928,-26.7199,0,-1.14426e-10,-1.16941,1.09974
200,692,Circle,2.57385,-5.47146,-5.42463,-4.56683,-6.72684,-0.0268524
200,693,Circle,-38.189,-17.8178,-25.6944,0.177929,-3.55248,-0.120189
200,694,Circle,-39.6232,-28.91,-12.5647,1.28914e-05,-3.42326,-5.87643
200,695,Circle,26.8167,4.31265,10.7547,-0.138433,-5.88879,4.32312
200,696,Circle,11.5537,-18.0977,19.5956,-6.3879,-5.51019,4.01524
200,697,Circle,-4.69489,-36.9798,11.2714,-3.19829,-0.165691,5.02701
200,698,Circle,-2.88762,-16.1064,-29.9997,-5.00331,-1.25215,-13.5677
200,699,Circle,-39.62,1.1792,-28.7413,2.84761e-08,-3.40517,-7.89584
200,700,Circle,-16.8894,15.5664,4.64467,-8.66884,-3.14226,-0.962214
200,701,Circle,13.4161,-24.3623,1.85107,-1.95932,-5.19344,1.39511
200,702,Circle,10.8499,6.64701,-6.03912,-4.48044,-2.75118,-1.61934
200,703,Circle,6.10283,0.890024,-7.78324,-2.70407,-7.35142,-1.18344
200,704,Circle,-20.3039,-34.5671,-8.59821,-8.15539,-4.80985,0
200,705,Circle,1.42406,0.00794218,-32.286,-8.30058,-4.03745,-11.101
200,706,Circle,3.16965,-8.85806,12.6495,-5.03192,-6.27976,4.44188
200,707,Circle,-6.92471,-38.8016,-10.746,-3.19456,0.0345022,0.283461
200,708,Circle,20.5088,-20.2139,15.3472,-0.306023,-5.36801,6.52796
200,709,Circle,2.43548,-38.8394,-10.0887,-4.52247,0.110291,-3.04173
200,710,Circle,2.45241,-10.5203,-8.81196,-3.43697,-8.05233,-3.86412
200,711,Circle,-39.62,-2.93538,-7.84528,0,-3.63618,-6.5499
200,712,Circle,11.4595,3.86516,2.58034,-4.36359,-4.09199,1.36035
200,713,Circle,-11.5539,-1.64769,2.12791,-1.57927,-5.71101,0
200,714,Circle,-27.9711,-39.6258,10.4658,-0.0480101,8.73115e-11,-1.41677
200,715,Circle,-39.1569,-28.2901,-0.866158,0.0915484,-3.49226,2.78098
200,716,Circle,-39.6041,37.1481,-9.97797,0.252524,-1.94074,-6.41903
200,717,Circle,-34.1665,-36.964,-13.5178,-2.33649,0.73059,-1.44341
200,718,Circle,-33.9755,-21.1809,-14.0373,-7.43364,-4.63445,-3.20048
200,719,Circle,-23.0429,2.89965,30.5028,-4.20689,-4.28336,6.83974
200,720,Circle,-26.7829,-27.8138,2.85912,-5.39422,-8.26497,2.27044
200,721,Circle,-33.266,-23.2585,9.74149,-4.8355,-3.92225,1.80805
200,722,Circle,-39.62,-18.3495,-12.682,0,-3.52505,-6.03206
200,723,Circle,-37.6521,-5.41756,-9.82174,-0.493358,-4.41572,0.0130417
200,724,Circle,-5.7074,0.77298,2.81532,-3.48404,-2.93958,-1.14532
200,725,Circle,-10.0382,-37.4848,27.7294,-4.38385,-0.599067,11.3549
200,726,Circle,-36.1387,-26.4024,3.43951,-4.37172,-6.66972,-4.69993
200,727,Circle,-32.8696,8.85831,-19.1633,-5.33344,-4.20205,-3.70878
200,728,Circle,2.25975,-8.33782,-1.04057,-4.75812,-7.08175,-1.92128
200,729,Circle,-3.77487,17.1139,-7.20376,-6.33951,-1.73139,-2.16353
200,730,Circle,-39.2678,28.5847,1.83131,1.54,1.628,6.46343
200,731,Circle,-19.7374,-19.9686,-16.1425,-6.16421,-5.25097,-6.18722
200,732,Circle,2.15001,20.6506,20.1688,-4.16861,-1.58742,10.573
200,733,Circle,-25.268,-22.8494,2.72357,-4.92832,-3.85151,2.12226
200,734,Circle,1.57146,-38.8517,-10.6125,-4.85228,0.0123348,-4.64649
200,735,Circle,3.91274,-39.6197,14.8398,-3.0438,0,7.76233
200,736,Circle,-0.868427,-9.2121,-4.57922,-4.73218,-2.41988,-0.837189
200,737,Circle,-26.1239,7.13474,22.625,-6.13386,-4.37698,3.35374
200,738,Circle,9.8316,-38.6982,11.0336,-4.15807,0.66619,3.59096
200,739,Circle,-37.2658,-1.07693,0.756431,0.432109,-4.62157,0
200,740,Circle,-38.1043,-26.726,0.0949256,-0.610127,-5.26688,0.542538
200,741,Circle,-6.13329,-39.6221,12.2446,-2.11896,2.79397e-09,5.60347
200,742,Circle,-8.27373,2.21748,-2.26568,-3.71958,-1.46054,2.76474
200,743,Circle,-12.6758,-20.2555,-11.1115,-4.49076,-4.94757,-2.64479
200,744,Circle,1.24368,-17.7203,-9.47036,-9.62327,-6.94471,-4.40565
200,745,Circle,-38.5415,2.15266,-27.3034,-0.183275,-4.41891,-5.80993
200,746,Circle,0.208315,-19.9522,10.6094,-8.40639,-4.75557,3.61607
200,747,Circle,-1.55353,-39.6205,18.7172,-2.53989,0,5.14507
200,748,Circle,-30.7785,0.929172,5.32477,-5.77192,-7.17714,2.27668
200,749,Circle,-39.5972,1.95959,-23.5591,-0.13173,-3.39871,-1.09625
200,750,Circle,-36.7121,-34.4575,-1.2719,0.239583,-5.36247,-3.02356
200,751,Circle,-38.7031,-37.0755,-11.3953,-0.0265287,-0.056618,0.714804
200,752,Circle,-35.068,-42.9525,1.9501,-3.15618,0,3.44135
200,753,Circle,-9.63966,-32.6021,-1.66141,-2.56239,-7.22918,-0.877716
200,754,Circle,39.5896,-35.8833,-4.20888,-0.254031,1.86433,-5.17161
200,755,Circle,-38.2695,34.922,4.74587,0.383869,-1.02732,2.50468
200,756,Circle,-37.4279,-39.2215,9.16904,-0.00116217,-0.0147169,0.0532413
200,757,Circle,-42.8114,-23.7721,-19.4108,0,-1.54454,-5.74743
200,758,Circle,-36.5952,-35.1901,5.36797,-2.77883,0.0627246,1.22772
200,759,Circle,38.1851,38.5559,2.48238,0.244785,-0.9,1.95978
200,760,Circle,19.3341,-39.6217,11.6734,-2.08627,0,6.42615
200,761,Circle,-0.921915,24.0363,2.71694,-7.13866,-0.646578,0
200,762,Circle,-32.7331,-37.4646,-17.4861,-1.8665,0.797019,-0.121675
200,763,Circle,-24.3164,-29.0347,24.4012,-4.38778,-2.39854,8.98205
200,764,Circle,-42.0443,14.6422,-1.27307,6.51762e-07,2.09095e-06,1.00727
200,765,Circle,-37.8294,-14.1824,-19.8204,0.306432,-3.02814,-4.13118
200,766,Circle,-39.1631,-25.0964,1.68225,-0.299706,-3.90163,1.0348
200,767,Circle,-34.9192,-36.749,-3.53696,-2.2416,1.06857,0.719132
200,768,Circle,-15.4688,-24.4596,-10.6431,-5.19422,-5.42497,-3.35921
200,769,Circle,-2.63807,-39.6212,-0.699011,-2.40339,6.25732e-10,5.57047
200,770,Circle,-36.0374,-39.6053,-5.69814,-0.00811829,7.45058e-09,-0.0422153
200,771,Circle,-34.2613,-36.1609,-11.7079,-3.56498,0.216854,1.04786
200,772,Circle,26.3951,3.10599,0.414685,-1.77654,-4.91923,1.1027
200,773,Circle,-38.6091,-13.1569,11.8562,-0.265102,-3.08149,1.96484
200,774,Circle,8.46659,27.4037,-15.1293,-1.18698,0.336542,-4.54257
200,775,Circle,13.8896,9.69085,-11.068,-6.53434,-4.09864,-3.3204
200,776,Circle,14.7087,-16.0909,18.6074,-5.87455,-5.51428,5.98829
200,777,Circle,-37.3305,-6.1363,-6.60659,-0.338341,-4.34639,1.79415
200,778,Circle,-35.715,-36.4381,-3.07484,-1.07595,0.496839,-1.64592
200,779,Circle,-14.9509,-36.0483,-4.23291,-2.10186,-2.36184,2.34886
200,780,Circle,-17.1072,33.5037,-0.000489947,-10.9129,-1.06936,0
200,781,Circle,-37.4477,-24.6676,6.56818,-0.268833,-4.41856,1.17815
200,782,Circle,-10.6135,12.596,-5.06004,-6.54249,-4.92404,-1.62543
200,783,Circle,-39.0876,39.6235,-4.45779,0,0,0
200,784,Circle,-16.5855,35.8331,-14.8971,-9.2521,1.733,-7.46881
200,785,Circle,-39.5629,-20.7876,2.71426,-1.35336,-1.99432,0
200,786,Circle,-13.4242,-27.462,-0.43912,-4.77071,-3.93805,1.89928
200,787,Circle,-16.9015,29.9085,-12.3444,-4.57638,3.0502,-5.74159
200,788,Circle,16.6382,-39.6104,15.2741,-1.95494,0,5.01719
200,789,Circle,4.96522,-37.0692,1.68954,-2.82538,-1.26917,-0.673252
200,790,Circle,-29.7011,-38.8695,-6.2064,-2.84397,-0.513122,0
200,791,Circle,-7.64241,-38.521,0.799134,-2.98079,0.563963,-1.83972
200,792,Circle,-16.8146,3.40701,-1.6191,-6.4636,-5.30527,0
200,793,Circle,-38.0621,-6.52257,-4.61502,0.0804304,-3.28378,1.70028
200,794,Circle,-39.591,-8.57739,-7.95001,0.057486,-2.41188,0.721636
200,795,Circle,-39.6079,-34.3652,-8.11814,0.000288575,0.00536192,-1.41224
200,796,Circle,-3.68041,24.8377,6.72435,-4.41963,0.73358,3.5706
200,797,Circle,-6.16411,-38.848,-3.08272,-3.22058,-0.0626098,-0.598479
200,798,Circle,-42.6366,36.7755,-4.67874,0,0,-1.40362
200,799,Circle,-26.0799,-38.2568,0.329321,-2.59178,0.169171,1.01532
200,800,Circle,-12.9306,1.05229,8.04074,-6.14744,-3.63166,3.77784
200,801,Circle,-23.611,-11.5175,6.13933,-4.22838,-5.51247,0
200,802,Circle,-17.9938,-31.0089,20.9195,-4.7997,-6.85305,7.73206
200,803,Circle,-37.3458,-36.5468,15.8515,-0.430486,-0.437171,2.61446
200,804,Circle,-5.67565,-17.2069,5.03967,-7.25056,-4.37328,2.87145
200,805,Circle,-14.5159,18.2338,-0.59829,-6.02643,-2.28904,-0.280775
200,806,Circle,23.1065,25.7378,0,-3.30334,-0.581193,0
200,807,Circle,-16.7857,-1.97904,3.9227,-5.16598,-7.39383,0
200,808,Circle,-12.929,2.56979,-8.24095,-6.63411,-2.72843,-1.46637
200,809,Circle,-33.3784,-27.7705,5.13763,-6.09418,-6.13991,3.11906
200,810,Circle,-37.3852,0.89565,13.2684,-0.0386826,-4.18412,0.846998
200,811,Circle,-21.6891,-28.8147,7.41483,-8.94384,-5.27142,3.68314
200,812,Circle,-34.4283,-27.81,-5.61018,-7.02317,-5.00263,-2.60941
200,813,Circle,-30.1598,-3.28905,2.59155,-4.6765,-4.37445,0
200,814,Circle,-37.9794,-31.482,-11.0078,-1.06234,-4.10872,-0.728593
200,815,Circle,-38.4309,-38.2805,25.8497,-0.0776161,-0.27563,-0.293894
200,816,Circle,-42.605,15.451,-15.0528,0,0,-6.83056
200,817,Circle,-31.1844,-37.2171,-4.9898,-2.07261,1.15725,-1.29344
200,818,Circle,8.57693,-12.5603,-4.60417,-5.3899,-7.15262,-2.33141
200,819,Circle,20.9215,-4.33679,-0.00710934,0.97642,-0.911932,0
200,820,Circle,-26.8565,11.067,-8.08751,-4.9492,-4.98972,-2.89411
200,821,Circle,-31.6089,-1.54073,24.1947,-5.28029,-9.29892,6.34676
200,822,Circle,-42.7574,-37.5826,25.9789,0,0,9.90068
200,823,Circle,-24.1928,-20.1596,31.3129,-4.55928,-4.89274,7.40965
200,824,Circle,1.92488,-38.1597,-2.07285,-3.73757,-0.558673,1.60804
200,825,Circle,-21.3533,-4.99108,-11.3856,-5.49777,-4.98539,-0.217123
200,826,Circle,-1.20623,-38.9233,-19.8214,-3.34634,0.421101,-2.80561
200,827,Circle,8.532,-24.3599,17.0647,-5.50898,-5.85147,6.27543
200,828,Circle,-37.2565,-31.6665,-3.21975,-1.26246,-4.91714,-1.14082
200,829,Circle,-38.8318,-1.31096,-6.2221,0.201616,-4.64853,-0.0449859
200,830,Circle,-19.4546,-38.8936,30.5649,-7.71739,-0.673047,7.97658
200,831,Circle,4.04509,-32.6859,0.133415,-6.42014,-3.63623,1.92656
200,832,Circle,-20.5373,-17.4905,-4.05946,-8.0326,-6.10271,-1.79217
200,833,Circle,-16.0132,-39.62,11.9879,-4.73831,0,5.32491
200,834,Circle,12.6326,-19.4297,-1.27945,-5.30517,-5.18622,1.61347
200,835,Circle,-30.8924,-37.9493,7.68047,-1.41196,1.4204,-0.0685756
200,836,Circle,5.788,-4.60147,9.43305,-4.51388,-6.63031,3.30984
200,837,Circle,16.6171,14.6524,-0.513377,-1.24642,-1.41045,0.93297
200,838,Circle,-38.3795,-28.3351,1.54336,0.694936,-2.64816,-1.15627
200,839,Circle,-37.4656,-34.2999,4.57555,0.834506,-2.37322,-4.90304
200,840,Circle,2.42979,-36.9921,5.71626,-4.31623,-0.148339,0.00873415
200,841,Circle,-41.9855,25.505,0,0,0,0
200,842,Circle,-5.99158,-37.8491,12.1907,-3.98215,0.198609,2.30893
200,843,Circle,2.25215,-4.07972,11.0289,-2.5222,-5.73412,8.23215
200,844,Circle,-6.18746,31.4416,16.1583,0,0,4.44285
200,845,Circle,-17.0408,-21.1614,-0.473339,-3.83152,-5.13252,-1.57129
200,846,Circle,-32.0515,3.5877,4.93986,-5.10557,-6.7312,0.799774
200,847,Circle,-23.7488,7.74668,0.251975,-5.44063,-3.00767,-1.08308
200,848,Circle,-39.6911,-36.6199,-10.87,-1.19088,-0.274062,3.24837
200,849,Circle,-38.8558,-6.30284,-0.603707,0.181344,-3.07047,0
200,850,Circle,-36.0987,-14.8342,3.85338,-1.93258,-7.49128,1.15743
200,851,Circle,7.79976,-23.4726,13.6766,-6.40707,-5.72815,6.04249
200,852,Circle,-39.6272,-22.4367,-15.5308,-0.957793,-2.11966,-0.741074
200,853,Circle,-22.755,6.38604,-3.69588,-5.4847,-3.33891,-1.02733
200,854,Circle,-26.7664,-3.73193,2.29112,-4.27079,-6.85799,3.42069
200,855,Circle,-6.49265,1.26654,5.90944,-3.37349,-4.80609,1.48189
200,856,Circle,-8.5978,-28.6038,6.15101,-2.94806,-3.70079,1.88262
200,857,Circle,-34.1712,-34.8529,-25.7657,-7.37339,-2.1583,-1.10196
200,858,Circle,-38.7988,-27.5674,5.95233,-0.817692,-2.88322,0.118701
200,859,Circle,19.2622,10.0645,-15.7424,-3.32576,-2.66728,-5.5188
200,860,Circle,0.0770284,-21.1034,10.1157,-7.35066,-3.7431,3.24433
200,861,Circle,-21.737,-0.858093,-10.3175,-4.15063,-4.52344,-4.12072
200,862,Circle,-9.15619,-28.0209,11.505,-5.79165,-6.5444,6.62243
200,863,Circle,11.7068,7.1797,-13.8435,-4.24412,-3.32401,-4.66965
200,864,Circle,-21.626,6.57724,-6.93689,-4.71615,-3.78264,-2.59668
200,865,Circle,-27.311,33.5979,0,-3.1,1.3,0
200,866,Circle,-34.4376,1.39257,1.4885,-6.10939,-4.07629,0.898714
200,867,Circle,3.78333,-18.4573,-2.60327,-6.85591,-8.64223,-3.71895
200,868,Circle,-39.62,20.8413,1.11284,0,0,0
200,869,Circle,2.69991,-36.2591,0.204602,-4.16949,-0.202455,-0.0086766
200,870,Circle,-35.3281,-0.43863,2.22832,-5.32135,-5.29588,1.56515
200,871,Circle,-18.8678,39.121,-13.2342,-3.4281,-0.333741,-8.74799
200,872,Circle,-31.342,-38.9042,0.981129,-0.975908,0.442719,0
200,873,Circle,1.2854,6.45186,-8.73296,-5.93331,-4.76998,-3.13563
200,874,Circle,25.7036,-18.0468,0,-1.3,-12.4,0
200,875,Circle,-24.2883,-39.4651,2.9995,-1.93519,-0.515694,-2.39904
200,876,Circle,-36.664,-5.68725,-18.9888,-1.23865,-2.29756,-2.31373
200,877,Circle,-10.1933,-10.0311,5.04161,-5.99737,-1.38809,2.06783
200,878,Circle,-39.6337,-23.2131,3.44675,0.154663,-2.17597,-3.68462
200,879,Circle,-20.9868,-25.4944,-8.60075,-7.36383,-6.91916,0
200,880,Circle,-12.501,-22.0336,8.41384,-4.0266,-4.80339,1.70548
200,881,Circle,-34.6986,30.5082,10.3237,-1.67314,-1.19753,4.27724
200,882,Circle,-23.6052,6.00219,43.5073,-5.55595,-4.14311,10.231
200,883,Circle,-28.7442,-20.7167,-11.5906,-7.69308,-5.49373,-2.8223
200,884,Circle,-36.0063,-6.19764,-0.72474,-1.71386,-4.08204,0.187586
200,885,Circle,-42.247,-20.1238,-7.8269,0,-2.7064,-4.79508
200,886,Circle,-39.6279,-30.9354,-28.1046,1.49012e-08,-2.54044,-6.28871
200,887,Circle,-35.5335,-29.6262,-26.5528,-6.35476,-6.44205,-3.9501
200,888,Circle,-12.351,28.3727,3.20494,-2.43615,-1.48037,1.42442
200,889,Circle,4.88604,-22.429,-14.9412,-7.6818,-5.72717,-3.30951
200,890,Circle,-20.5132,-7.89673,1.65898,-4.56796,-6.77937,-1.17143
200,891,Circle,37.8997,-36.3989,-18.3925,2.07393,1.37099,-6.9692
200,892,Circle,-9.92574,-39.6253,16.224,-2.58445,2.38419e-07,6.8091
200,893,Circle,14.5802,-19.9316,-4.87909,-2.69013,-4.37884,-3.85366
200,894,Circle,-32.5263,-27.979,-4.33397,-5.61003,-4.80534,-1.16562
200,895,Circle,-41.9072,-18.2056,-4.83918,0,-2.5191,-4.21302
200,896,Circle,-1.97419,-29.9814,-5.81377,-0.833581,-1.9642,-1.71631
200,897,Circle,38.777,-39.3381,-0.997417,0.907254,1.2,-3.52029
200,898,Circle,-15.6605,-22.3026,-12.3403,-4.62862,-4.33827,-4.58366
200,899,Circle,14.1456,-39.62,13.0845,-1.56473,0,4.12713
200,900,Circle,13.0336,-18.6785,-3.25315,-4.45916,-5.09386,-3.65539
200,901,Circle,8.14397,11.4312,-14.5618,-3.84142,-1.47417,-4.51752
200,902,Circle,1.92804,13.5786,-7.96787,-5.41768,-2.09741,-7.0606
200,903,Circle,-21.7671,-33.0985,-10.3507,-9.82187,-5.53576,-3.47939
200,904,Circle,-33.1492,-38.1429,12.0076,-0.923513,0.240215,2.79764
200,905,Circle,-39.6066,-15.854,-10.9379,0,-3.49624,-0.768716
200,906,Circle,-36.394,-1.03432,4.14843,-5.37946,-5.01549,1.68159
200,907,Circle,-4.8526,-38.1651,-1.62984,-3.89953,0.505471,2.25288
200,908,Circle,-37.5165,-18.2961,19.6471,0.71719,-3.01312,2.20901
200,909,Circle,-38.5104,-20.1821,-7.57643,-0.290237,-3.71686,2.12975
200,910,Circle,-37.5126,-25.512,-8.12852,-0.837904,-4.07034,0.582174
200,911,Circle,-31.4443,-24.8021,0.986432,-5.05522,-4.86012,0
200,912,Circle,-8.19459,-37.9568,-0.468676,-2.43606,1.09727,-0.0992278
200,913,Circle,-38.9818,-37.7795,-13.9288,0.0395453,-0.0858684,-0.137094
200,914,Circle,-14.4734,-38.2853,4.43465,-5.5855,0.4531,0
200,915,Circle,-5.2656,-37.5088,-13.2172,-3.87314,0.52881,-6.36061
200,916,Circle,-32.9983,-11.4269,-2.01978,-2.6017,-4.95407,1.45144
200,917,Circle,-38.0954,1.36712,7.96495,0.158047,-4.5213,2.24738
200,918,Circle,4.86654,-34.1701,22.7216,-6.06821,-3.20634,8.71663
200,919,Circle,-29.4262,-39.622,11.2225,-0.0346609,-0.000166263,-1.37923
200,920,Circle,-37.4997,-30.188,-17.6523,-1.25596,-4.53542,-4.68863
200,921,Circle,-28.7002,-39.5512,17.607,-0.0421807,0.0060135,1.6966
200,922,Circle,-14.1398,8.31166,-0.358422,-2.12956,-4.10097,1.02147
200,923,Circle,-2.30391,-2.39753,-16.4123,-2.05822,-8.14084,-3.04064
200,924,Circle,-35.4073,-17.584,-9.43838,-7.48548,-5.10817,-3.31037
200,925,Circle,-39.6166,-11.8159,-7.28457,7.46732e-07,-2.28233,-2.74406
200,926,Circle,-3.42478,-37.2633,-0.786675,-7.38471,-0.946282,0
200,927,Circle,2.37148,-39.62,12.6075,-3.81989,4.65661e-10,10.0548
200,928,Circle,-2.24845,3.71227,-5.95882,-6.76229,-5.83056,-1.01226
200,929,Circle,-15.5814,-38.5569,-7.19677,-6.06315,-0.0373605,0
200,930,Circle,-38.0766,-37.6425,-0.66912,0.326289,-0.655062,-1.33754
200,931,Circle,-32.9349,-3.04703,14.3131,-6.52486,-5.39573,1.75068
200,932,Circle,-34.2128,-2.61314,-22.4028,-7.13926,-4.73949,-3.89576
200,933,Circle,-21.3524,-6.15589,4.33227,-5.35869,-4.75886,3.1297
200,934,Circle,-4.38287,-6.84034,7.85204,-6.76966,-3.11155,2.12722
200,935,Circle,-38.1136,-36.2592,-7.09032,-0.666239,-1.34157,0.65251
200,936,Circle,-4.07454,-22.8491,1.20089,-7.08583,-4.62726,2.88623
200,937,Circle,-12.8896,-31.056,-7.72684,-3.35701,-2.90897,-2.89757
200,938,Circle,-32.3914,-38.1816,-4.10445,-1.03443,0.434102,-2.58394
200,939,Circle,-19.2739,-39.6255,11.3961,-2.38136,-6.51926e-09,6.2669
200,940,Circle,8.00267,18.4957,11.7739,-6.73823,0.116799,5.15252
200,941,Circle,-39.0587,21.3931,-6.34186,0.579633,-0.533614,-1.96033
200,942,Circle,-28.7053,-12.4436,4.94377,-1.26434,-4.50422,1.40688
200,943,Circle,-28.5685,-26.0812,-4.10434,-6.48248,-8.12396,-1.47339
200,944,Circle,-3.9118,-38.9685,0.478057,-3.06357,0.3798,-1.00168
200,945,Circle,-39.3257,-10.2644,-1.04073,-0.270112,-1.88879,3.99776
200,946,Circle,-34.5601,-39.623,-9.43427,-0.0678615,9.31323e-10,-0.0384094
200,947,Circle,-14.7658,16.8415,-5.25018,-6.82403,-3.16828,-2.53054
200,948,Circle,-35.6778,-27.8036,-1.03396,-7.08509,-5.28651,2.24987
200,949,Circle,-31.0706,-31.2583,10.3417,-4.32267,-5.71268,3.07865
200,950,Circle,-35.0882,-35.9694,6.39704,-1.87022,1.55954,3.35477
200,951,Circle,-39.633,-25.76,2.8269,8.9407e-08,-2.10384,-5.34031
200,952,Circle,-29.439,-38.0056,18.6668,-1.68362,0.551408,0.86504
200,953,Circle,-38.1608,-25.9289,-10.8277,-0.383799,-4.77735,1.65252
200,954,Circle,-42.8469,-25.9603,-4.37061,-0.013778,-0.78125,-1.35037
200,955,Circle,-10.5857,-9.13616,-2.27627,-7.53658,-3.16275,1.03297
200,956,Circle,-31.5847,-4.78029,-25.1129,-4.00393,-1.45775,-7.53385
200,957,Circle,-39.62,3.31552,0.7423,5.38421e-09,-3.53093,0
200,958,Circle,-36.6381,11.8926,3.48202,-6.89906,-4.01099,1.09477
200,959,Circle,38.9149,-28.875,0,2.9,-11.3,0
200,960,Circle,-20.5499,-18.2704,-1.01532,-8.02865,-6.10282,0
200,961,Circle,-38.3677,-4.01906,14.3912,0.699925,-3.84545,-0.00547996
200,962,Circle,-5.38216,-9.78947,8.79054,-6.52523,-2.48221,3.25238
200,963,Circle,27.9608,-35.1678,7.61276,1.88829,-6.77373,4.96484
200,964,Circle,9.38761,-36.2066,-0.0030331,-6.06593,-4.57076,0
200,965,Circle,12.1158,-18.6728,-11.4801,-4.18162,-4.05676,2.547
200,966,Circle,-39.393,-33.607,-5.87756,0.00294049,0.00461777,-6.77465
200,967,Circle,-33.2802,2.90466,-16.0189,-6.4968,-5.86655,-5.10718
200,968,Circle,-25.6531,1.36971,-1.18581,-5.10139,-4.11794,1.26597
200,969,Circle,-31.9381,6.76373,-1.25977,-5.35255,-5.53135,0
200,970,Circle,-38.9622,-23.5958,-0.461345,0.456247,-3.54031,-1.18966
200,971,Circle,-13.6124,-25.7705,-0.0380718,-5.71457,-3.31299,-0.105885
200,972,Circle,-39.62,-1.45324,-9.26396,2.03727e-10,-3.95543,-1.74704
200,973,Circle,-29.4433,-3.82,-1.65562,-5.22929,-3.38036,-4.50716
200,974,Circle,-12.9249,-39.6163,16.771,-4.09821,0,5.6362
200,975,Circle,-28.6417,-37.1481,6.91076,-4.30784,-0.20557,4.28728
200,976,Circle,-30.6891,-22.4809,13.5128,-3.63043,-4.31293,3.05033
200,977,Circle,-16.5004,-28.8332,-3.02656,-5.87714,-5.21468,-0.865691
200,978,Circle,-35.0834,-25.8184,-13.6372,-4.90547,-6.23777,-4.25489
200,979,Circle,-33.5269,-38.817,1.16308,-0.0518862,-0.249463,0.0735664
200,980,Circle,8.36434,-26.3326,-3.12348,-3.13171,-4.60244,0
200,981,Circle,6.89027,-39.62,15.0909,-2.70683,-1.4013e-45,7.12343
200,982,Circle,-25.7844,-42.5215,0,-4.6392,0,0
200,983,Circle,-42.3915,-25.31,13.6299,0,-1.95479,4.38449
200,984,Circle,-17.0572,-3.29565,-4.1384,-6.17521,-6.93217,-1.37075
200,985,Circle,-22.6406,-18.494,0.728068,-6.08682,-4.77964,0
200,986,Circle,-36.8826,-28.4536,-7.50572,-6.30206,-5.3403,-1.86394
200,987,Circle,-22.178,-37.8956,-2.86411,-1.85859,-2.19867,-1.29049
200,988,Circle,-38.5421,6.52751,0.473271,0.611398,-5.29546,0
200,989,Circle,14.3541,-14.1488,1.4112,-1.95014,-5.46552,0
200,990,Circle,30.3357,-23.1621,0.00722477,-0.73828,-7.61935,0
200,991,Circle,-32.616,-2.31893,-13.5662,-5.75129,-5.4421,-3.80161
200,992,Circle,-21.3173,-32.4682,6.64231,-6.06533,-7.4565,0.698301
200,993,Circle,-16.9661,37.683,-17.0708,-5.06107,2.47255,-7.16256
200,994,Circle,-35.3997,-26.9688,9.81225,-6.08302,-5.54157,3.99894
200,995,Circle,2.43137,-2.08282,21.6802,-3.99484,-5.4199,3.02757
200,996,Circle,-12.7559,-38.1559,12.7367,-5.54101,-0.654821,4.25933
200,997,Circle,-8.04063,15.792,35.2063,-7.38959,-2.29013,11.9848
200,998,Circle,-29.7252,7.82469,-2.5537,-5.40935,-5.10664,0
200,999,Circle,3.20887,19.2785,4.04322,-2.38001,-2.06601,2.58556
200,1000,Circle,-26.6488,-38.7888,1.3956,-2.85845,0.443875,-3.66341
200,1001,Circle,-38.0577,-1.15245,11.0047,0.305748,-4.82466,-1.41451
200,1002,Circle,4.24915,-37.4801,-13.569,-3.51054,-1.04,-2.93639
200,1003,Circle,-0.521778,-22.2287,5.8581,-3.24818,-3.92953,2.78675
300,0,Box,0,42.5,0,0,0,0
300,1,Box,0,-42.5,0,0,0,0
300,2,Box,-42.5,0,0,0,0,0
300,3,Box,42.5,0,0,0,0,0
300,4,Circle,-30.8602,-36.4837,2.69732,0,0,1.72713
300,5,Circle,-25.6968,-38.8557,-4.89238,-0.140131,-0.0443918,-0.879831
300,6,Circle,-1.13814,-38.868,3.81005,-2.60518,-0.895174,1.2346
300,7,Circle,24.2542,-38.2969,0.145098,1.58433,-0.168684,2.96386
300,8,Circle,-38.6572,-7.4419,0.678713,-0.327251,-2.54376,-0.830741
300,9,Circle,-38.9799,-33.4231,-2.645,-0.000839967,0.000302789,-0.00128686
300,10,Circle,-30.1818,-36.0572,12.509,-0.54636,1.40442,2.52598
300,11,Circle,19.4291,-35.2532,3.17143,-2.38116,-7.60254,0.980853
300,12,Circle,-36.4688,-25.2592,9.08345,1.44025,-1.26743,-1.29317
300,13,Circle,-34.6422,-35.3035,-7.16504,0.000122108,-0.000887396,-5.48808e-05
300,14,Circle,-38.7401,-5.26549,21.7401,0.461606,-2.6259,-0.00928335
300,15,Circle,-16.5714,-39.5569,3.07298,-3.13445,-0.763155,0
300,16,Circle,-32.5814,-2.61106,2.05313,-5.08484,-3.36349,1.09425
300,17,Circle,-37.963,-24.461,17.357,0.0518156,-0.916577,0.113135
300,18,Circle,-37.361,-27.5473,7.34454,0.000635893,-0.00204406,-0.00158611
300,19,Circle,1.32416,-36.1634,38.9459,-2.44447,-2.34513,2.82005
300,20,Circle,-7.38966,-28.9932,1.73907,-4.04622,-3.96468,-2.75072
300,21,Circle,-32.7047,-31.4856,-14.6069,-5.31919,-5.38226,-1.79398
300,22,Circle,-3.12911,-38.829,-4.39939,-3.16005,-0.00843832,-1.56558
300,23,Circle,-20.3554,-0.987946,-15.4093,-3.14333,-4.40501,-3.86749
300,24,Circle,-22.503,-38.5332,22.8023,-2.99826,1.88271,3.16859
300,25,Circle,-35.6446,-5.97354,-3.53337,0.63935,-3.94518,1.12039
300,26,Circle,-29.5818,-36.6133,15.3792,-0.703619,1.3138,1.30104
300,27,Circle,-32.4633,-21.101,9.6939,-4.14646,-5.15424,0
300,28,Circle,0.425646,-39.62,18.8897,-3.22658,1.29202e-08,5.62471
300,29,Circle,-32.0962,-38.9144,2.33409,0.0012193,-0.0312668,-0.0726555
300,30,Circle,-33.4736,-30.0363,16.652,-6.63976,-5.62518,-0.654554
300,31,Circle,-33.1379,-34.6801,-2.3752,0.274079,-0.436241,-3.04256
300,32,Circle,-5.81655,12.2585,18.4157,-4.97835,-1.485,4.67569
300,33,Circle,-38.1476,-10.1693,8.27326,-0.24197,-3.91965,0
300,34,Circle,6.10857,-23.6383,-0.260433,-2.41288,-5.04996,0
300,35,Circle,-28.56,-3.98266,11.9295,-4.62168,-5.51887,0.256683
300,36,Circle,-7.02123,-38.5568,-0.68762,-4.17475,0.27213,2.86384e-08
300,37,Circle,-38.886,-30.5005,4.77904,-0.0334475,0.0143542,-0.0537115
300,38,Circle,-37.7318,-33.8638,20.0691,-0.00593729,-0.00361325,0.00307814
300,39,Circle,8.86275,-36.242,-13.4073,-3.08731,1.1759,-3.80038
300,40,Circle,-10.7564,-39.6074,18.1121,-2.87627,1.45519e-11,2.93565
300,41,Circle,-34.6969,-29.1036,-20.8297,1.27385,-1.15118,-1.5757
300,42,Circle,-38.8259,-14.9403,-2.2449,0.0635339,-4.01842,0.0161194
300,43,Circle,-2.40884,19.5133,11.1314,-4.18385,-0.208003,-1.04198
300,44,Circle,9.51242,-29.9681,39.2921,-4.20049,-4.82272,6.74211
300,45,Circle,-3.48487,-29.8929,-26.9237,-2.70965,-3.84957,-3.10298
300,46,Circle,-38.0714,-16.8902,1.27256,0.509741,-3.68856,1.18918
300,47,Circle,-39.4546,26.3729,51.5534,0.789657,0.430451,4.78083
300,48,Circle,-28.4294,-35.972,17.5301,-5.05807,-6.54996,3.9749
300,49,Circle,-36.3267,-9.13049,-9.32408,-0.891104,-3.80069,-1.50057
300,50,Circle,3.12799,-24.9161,-3.43265,-5.19381,-3.38867,1.29387
300,51,Circle,-37.5715,-18.4682,0.357431,0.667625,-4.48543,-1.71614
300,52,Circle,-37.5142,-8.57889,-23.0731,-1.0442,-3.54965,-1.21673
300,53,Circle,18.0012,-38.4272,-10.4228,-1.12282,-4.98754,-5.57186
300,54,Circle,-0.822136,10.0639,8.29312,-4.53515,-1.20355,1.95381
300,55,Circle,-38.2638,36.5455,-3.57089,1.3952,-0.41896,-1.65476
300,56,Circle,-36.0693,-35.3,38.2656,-0.0308298,0.0242877,-0.0508218
300,57,Circle,-5.12241,-37.0379,0.967614,-3.44588,-0.27763,-0.98175
300,58,Circle,-24.9463,8.48331,1.57924,-4.88259,-3.03688,0
300,59,Circle,-39.6202,-9.91903,-15.5754,0.0071229,-2.26296,-1.96759
300,60,Circle,-26.2487,-36.1689,-14.8292,-2.65997,0.956774,-3.28548
300,61,Circle,-22.5498,-14.8727,17.6431,-6.71168,-2.49794,2.15421
300,62,Circle,-27.4896,-28.0864,33.411,-5.44202,-4.84781,7.50316
300,63,Circle,-18.4073,36.479,-45.4798,-4.71133,-1.04083,-12.6675
300,64,Circle,-7.3298,-37.4289,7.11791,-4.44923,0.109121,-1.04537
300,65,Circle,-24.1365,-11.2916,-8.91601,-4.93771,-3.24071,-0.269958
300,66,Circle,-39.6218,-4.6799,-3.97217,-1.16415e-10,-2.09868,-2.90207
300,67,Circle,-4.01907,21.3968,-15.5354,-4.01296,-0.495248,-3.80759
300,68,Circle,-23.1265,-17.3997,-25.7965,-7.51948,-3.06113,-6.67856
300,69,Circle,-18.2173,25.8839,0.993121,-4.67437,-1.28144,0
300,70,Circle,-38.0924,4.43328,-7.29954,-1.05424,-3.26418,-1.02125
300,71,Circle,-15.0158,-37.9325,-3.40609,-3.55815,-0.540265,0.658522
300,72,Circle,-34.8099,-12.7556,16.0596,0.0915002,-4.32613,-0.00536921
300,73,Circle,-4.2796,-32.3163,10.9806,-4.16356,-2.92205,1.15997
300,74,Circle,-37.0982,-9.26452,-4.75332,-0.934489,-3.55851,0.693874
300,75,Circle,-22.7237,-37.1487,-5.62075,-2.26409,-3.58185,-6.28491
300,76,Circle,-39.3761,0.741791,-7.49107,-1.89113,-2.28144,0.665863
300,77,Circle,37.9185,11.7103,-30.9042,-0.7776,-3.12175,-4.3672
300,78,Circle,-38.8058,-16.5145,-1.48452,0.397135,-3.93889,0.600018
300,79,Circle,-20.6385,-38.0416,-1.86988,-2.34102,0.443464,-1.92187
300,80,Circle,-18.3755,-39.6203,-15.7293,-2.64389,-0.0493762,-3.52194
300,81,Circle,-1.57125,-30.5456,-9.71429,-7.42514,-6.38197,-2.48482
300,82,Circle,-35.9888,16.5885,-0.0092721,-2.79277,-2.27034,0
300,83,Circle,-33.7786,-33.4765,15.9278,0.567258,-1.44278,2.48424
300,84,Circle,-35.6083,5.9604,3.9035,-4.19246,-3.87475,1.0129
300,85,Circle,11.572,-37.5642,1.10067,-1.90222,-1.37879,6.43049
300,86,Circle,-12.2427,-3.87387,8.90941,-4.48728,-3.5669,0.88945
300,87,Circle,-33.5788,-24.8813,-9.87054,-8.71494,-5.69179,0
300,88,Circle,-6.10249,-25.5319,-16.9288,-5.61425,-6.745,-2.91551
300,89,Circle,-26.3789,-6.31603,3.89531,-4.67126,-5.49255,1.47668
300,90,Circle,-5.3226,-39.6112,20.6355,-2.8964,0.000560528,1.78735
300,91,Circle,-27.7857,-30.1458,-4.36615,-5.30198,-5.05311,-1.67288
300,92,Circle,-39.6461,-38.2074,-1.35471,-5.82077e-11,-4.75509e-05,-0.000134403
300,93,Circle,-2.07229,12.5665,-15.1457,-4.36156,-1.09595,-5.14527
300,94,Circle,-11.5421,1.15701,-25.7757,-5.64657,-4.39932,-4.11167
300,95,Circle,-36.1685,-7.58476,-2.54711,-0.94825,-3.7051,-1.39612
300,96,Circle,-35.454,-11.5262,10.8947,-0.231715,-4.30034,0
300,97,Circle,-42.2295,23.23,0,0,0,0
300,98,Circle,32.8041,-39.62,3.98798,0,0,1.39997
300,99,Circle,-36.5314,-32.9394,-14.061,-0.00504904,-0.0151822,0.0238994
300,100,Circle,-38.9765,27.2721,-18.706,-7.17161,-4.36473,-7.61688
300,101,Circle,6.0475,-12.3428,-34.6598,-2.02004,-7.27301,-8.3167
300,102,Circle,-38.8824,-2.45194,-11.7224,-0.917329,-3.18318,-2.79369
300,103,Circle,-9.0529,-5.54752,16.6938,-5.25238,-5.44673,3.87145
300,104,Circle,-13.0049,-2.13169,29.6909,-4.49478,-4.13511,3.92683
300,105,Circle,-34.8593,-9.30789,-7.66953,-0.603368,-3.59319,-0.896941
300,106,Circle,-7.38508,-10.5983,1.12516,-3.93316,-4.8326,0
300,107,Circle,-38.6721,-28.3142,7.33483,-1.49247e-05,0.00283362,-0.00228929
300,108,Circle,-37.851,-3.33606,-11.4898,0.586359,-3.07017,0.835294
300,109,Circle,-39.628,-32.3017,6.72878,-0.000729757,-0.00314272,5.88131e-05
300,110,Circle,-26.1492,-37.07,2.27443,-3.46211,0.922691,0.0444115
300,111,Circle,-37.8355,32.7571,-32.5175,0.941922,-0.943964,-10.6923
300,112,Circle,4.11716,-19.9515,0.812325,-4.21772,-4.94715,0.447641
300,113,Circle,-38.8128,-15.7338,0.847642,0.113444,-3.98091,0.116313
300,114,Circle,-9.17599,-38.1539,-1.9601,-3.95681,0.433206,0
300,115,Circle,-17.0502,37.1506,-9.71301,-6.24125,-1.36168,-0.681039
300,116,Circle,-17.6609,-37.7059,-27.1555,-6.04135,-1.77985,-3.80724
300,117,Circle,-7.31811,-9.12211,3.38721,-3.70287,-4.36393,0
300,118,Circle,-36.1385,-11.9492,18.373,-0.074128,-4.50094,1.17974
300,119,Circle,5.91411,-20.641,46.7046,-3.23208,-4.90108,8.29538
300,120,Circle,-29.4351,-13.2424,2.50451,-5.33413,-5.10312,4.29107
300,121,Circle,-39.6208,-21.6772,-25.007,1.17339e-06,3.91932e-06,-2.77537
300,122,Circle,-38.1129,-2.59787,0.0178417,-0.993973,-3.43101,2.28985
300,123,Circle,-35.0733,-7.0708,-5.31307,0.478942,-3.69723,-2.24904
300,124,Circle,-16.4269,37.6192,0.0438736,-7.14945,1.04095,2.63242
300,125,Circle,-37.2949,-16.1605,15.3449,0.255849,-4.78595,-0.22046
300,126,Circle,-0.684484,-38.2337,4.73264,-3.00469,-0.598446,0
300,127,Circle,-8.98628,-36.3581,-9.14569,-4.47461,0.711935,-2.10427
300,128,Circle,21.3558,-38.871,2.14119,0,0,1.21329
300,129,Circle,-3.44098,-30.8726,7.31535,-2.83767,-3.85578,1.98249
300,130,Circle,-34.0506,-13.861,2.9436,-5.11905,-5.26852,0.253039
300,131,Circle,-39.2477,-6.92359,-7.41044,-0.119212,-2.19386,2.07998
300,132,Circle,-2.53017,17.1399,2.14087,-4.49975,-1.69576,0.873236
300,133,Circle,-9.50248,-33.6291,8.66425,-5.26948,-3.70814,1.49892
300,134,Circle,-37.2857,-15.3626,6.53795,0.38949,-4.79005,-0.0426094
300,135,Circle,-24.6767,-34.1505,6.08302,-5.8273,-6.28809,0.768762
300,136,Circle,5.68508,20.0045,-26.9216,-1.7187,-2.51997,-4.87728
300,137,Circle,-39.62,39.0483,-1.1807,-7.10543e-15,-6.40552e-07,5.37765e-07
300,138,Circle,-30.0496,-11.7558,-0.940756,-5.46586,-4.53317,0
300,139,Circle,-35.8857,-28.3869,13.3216,0.156715,-1.10741,0
300,140,Circle,-39.6206,-22.4488,-13.7341,2.11951e-07,5.345e-06,5.55216e-06
300,141,Circle,-38.8383,-1.39661,11.7097,0.078021,-2.94523,-1.72535
300,142,Circle,0.769993,-37.3032,-3.93794,-3.31921,-2.23668,4.58658
300,143,Circle,12.7179,-33.6395,-4.62039,-3.29141,-5.67838,-1.87372
300,144,Circle,9.11749,-28.6452,6.58419,-3.23424,-4.81956,2.8047
300,145,Circle,-35.2895,34.7752,32.5243,0,0,8.22507
300,146,Circle,-2.51285,-36.9971,-26.7667,-2.57509,-0.435219,-2.1462
300,147,Circle,-1.94865,8.41155,31.8262,-3.1999,-4.00434,3.78795
300,148,Circle,-37.3662,-5.59469,13.7957,0.443978,-2.99539,0
300,149,Circle,-38.1997,-35.6501,7.32904,-0.00354535,0.00168732,0.00161815
300,150,Circle,-25.1306,-0.815746,-11.1225,-4.09865,-4.62356,-4.00676
300,151,Circle,-34.0655,-9.10309,-3.41317,-2.7231,-2.55654,1.70947
300,152,Circle,-15.4284,-29.8355,2.91924,-7.37774,-5.24992,1.71868
300,153,Circle,-27.6101,-21.9144,5.712,-5.75248,-5.02807,0.706935
300,154,Circle,-21.7757,-38.2465,-1.88443,-2.7528,1.27793,-4.56631
300,155,Circle,30.4603,-41.913,16.782,0,0,3.54551
300,156,Circle,-34.7535,-31.6896,-9.24454,0.259111,-0.976132,-2.26546
300,157,Circle,-30.5645,-38.1357,0.0170399,0.0162097,-0.0119625,-1.74694
300,158,Circle,-17.0916,-38.7075,1.91094,-3.04151,0.254251,-3.08542
300,159,Circle,-23.4737,-34.174,-30.2908,-4.74931,-4.54629,-3.19421
300,160,Circle,-37.3644,-9.99862,6.11414,-0.266977,-3.81211,1.17653
300,161,Circle,-37.4608,38.0404,-2.46063,-10.11,-1.62572,-5.92164
300,162,Circle,-37.54,-25.1153,-7.45992,0.560524,-0.581528,-1.95068
300,163,Circle,-5.67996,-17.9091,-0.0535922,-4.42515,-6.08735,0
300,164,Circle,-28.0145,-37.0763,-9.40343,-1.66006,0.738024,0.503434
300,165,Circle,27.0896,-0.492632,9.75576,-0.658359,-3.11833,3.72832
300,166,Circle,-21.1224,-38.6641,-3.90319,-2.99712,0.619385,0.406707
300,167,Circle,-37.6086,-4.11264,4.37433,0.147349,-3.20655,1.92827
300,168,Circle,-38.1985,-31.7151,-2.65065,-0.00132412,-0.00217382,0.00214501
300,169,Circle,1.12408,-35.0646,-25.0814,-2.85818,-3.83657,-2.63413
300,170,Circle,-37.7836,-22.9703,13.3532,0.435763,-1.09607,-0.017867
300,171,Circle,-27.1924,-33.4721,0.372791,-4.2613,-6.16013,-0.984495
300,172,Circle,-6.26641,-38.7534,-5.11599,-4.14321,0.39073,-2.20362
300,173,Circle,-3.77311,-28.8408,18.194,-3.74581,-3.42069,3.91348
300,174,Circle,-9.24873,-10.8656,2.83428,-3.53645,-5.4425,2.80339
300,175,Circle,-4.64947,-36.3952,-7.14164,-3.70626,-0.0339201,2.5164
300,176,Circle,-37.8725,-9.37063,-1.80208,-0.965626,-3.89552,0
300,177,Circle,-37.461,-20.573,-1.93267,1.08221,-2.28256,0
300,178,Circle,-6.11985,-4.81865,6.2979,-6.05171,-1.07123,1.61485
300,179,Circle,-36.7253,-38.8831,-11.2619,-0.00310757,-0.00142461,-0.00576355
300,180,Circle,-37.0414,-38.1821,9.23593,-0.00419652,-0.00256062,0.00685919
300,181,Circle,-5.57087,-30.9111,7.36132,-2.80764,-5.12692,4.48176
300,182,Circle,-24.1304,-37.7276,-2.90895,-2.92308,-0.49193,1.61779
300,183,Circle,-38.873,20.4631,-6.52798,-3.50508e-08,-1.44078e-07,-0.711708
300,184,Circle,-33.4221,-9.70406,15.7666,-4.86365,-4.53141,3.7001
300,185,Circle,33.1934,-36.2795,13.1565,0.875665,1.12892,2.45024
300,186,Circle,2.6398,-26.4969,-19.3659,-5.26525,-3.8135,-3.22259
300,187,Circle,-24.5904,-17.5053,-2.14503,-7.50333,-3.30431,0.983445
300,188,Circle,-38.4626,-33.9254,11.8286,-0.00584501,-0.00473069,0.00276013
300,189,Circle,21.098,-39.6156,4.80226,0,0,0
300,190,Circle,12.4737,21.8178,-21.4156,-3.27705,-1.16974,-5.71719
300,191,Circle,-13.5024,-37.4047,4.23217,-4.51702,-0.157431,2.68645
300,192,Circle,-22.4681,-33.6589,-6.27735,-5.05111,-4.47768,0.637274
300,193,Circle,-3.26732,-39.6201,29.1495,-3.19049,0,2.99047
300,194,Circle,-39.4007,-20.1558,-18.3548,0.232558,-3.13348,-0.178688
300,195,Circle,-34.0074,-38.1725,-0.849512,-0.0293393,-0.0353457,-0.133381
300,196,Circle,-38.8658,-4.50422,-10.9428,0.133791,-2.68243,1.48541
300,197,Circle,-31.8052,-2.78139,-17.2402,-5.11473,-3.97222,-3.75563
300,198,Circle,-17.0547,-3.87898,9.91648,-5.93538,0.00863844,2.23886
300,199,Circle,-28.9704,-14.0279,4.39102,-6.60083,-6.65277,1.00483
300,200,Circle,38.7114,-11.5385,-18.7619,-0.327217,-4.47879,-5.62141
300,201,Circle,-36.012,-24.6199,21.3083,1.36403,-1.2125,1.58582
300,202,Circle,-3.42385,-19.671,-19.5973,-5.67438,-3.41973,-4.30473
300,203,Circle,-39.5631,17.3593,-1.76402,-1.9387,-1.59847,0
300,204,Circle,-37.6216,6.48451,-8.30152,1.45102,-2.20084,-6.15038
300,205,Circle,-30.9185,-3.55543,-10.133,-4.22654,-3.47584,-1.98699
300,206,Circle,-36.8876,-42.3818,-29.6808,-4.12653e-06,6.82121e-13,-3.11785
300,207,Circle,-33.0598,-33.1228,-9.57382,2.73835,-0.11797,-5.36575
300,208,Circle,36.3103,4.95637,-4.8185,2.42299,-3.9567,-1.02886
300,209,Circle,-28.9025,-5.26421,15.3394,-4.00741,-3.69035,1.82684
300,210,Circle,-34.763,-38.2721,14.2988,-0.0338089,-0.00157959,0.0532861
300,211,Circle,-32.4975,-36.0742,9.06654,0.460453,-0.278714,-2.00418
300,212,Circle,-36.2018,-26.6359,3.46712,0.752366,-0.938669,-1.62076
300,213,Circle,-38.9349,-38.8001,7.60347,-0.00149333,-0.00183463,-0.00422216
300,214,Circle,-38.7945,-17.2932,17.5624,0.814063,-3.88311,0.421998
300,215,Circle,-22.9938,21.6618,-12.2016,-4.63029,-2.1106,-2.82097
300,216,Circle,-8.33451,-36.8231,-17.371,-4.55005,0.577127,-1.68363
300,217,Circle,-19.3642,-36.2101,20.8231,-2.84714,-2.33473,4.81714
300,218,Circle,-25.3982,-27.1628,9.53865,-5.63688,-4.19349,0
300,219,Circle,-6.61113,-37.8772,-1.96184,-4.17527,0.272447,2.81935e-08
300,220,Circle,-30.9383,-39.6202,7.96322,0.00241236,-0.000319159,-0.0020787
300,221,Circle,-38.2921,-26.3632,-0.221604,0.000388938,2.22492e-05,0.000535376
300,222,Circle,8.88611,-38.6851,-34.574,-1.77163,0.477202,-2.23059
300,223,Circle,-38.8234,-22.1255,14.4569,-1.19497e-06,1.97265e-06,1.21023
300,224,Circle,-37.3628,-2.39648,10.7914,-1.11114,-3.05184,-1.41091
300,225,Circle,-28.7546,-38.7944,0.579519,-0.0510862,0.00059452,-0.012274
300,226,Circle,-36.12,-12.8863,-7.39965,0.321251,-4.35614,1.60281
300,227,Circle,-34.603,-25.2766,3.25755,-9.11423,-6.51586,2.67035
300,228,Circle,-11.0157,-36.4395,-20.6537,-4.10375,-1.13492,-1.56175
300,229,Circle,-36.6084,-36.1942,-2.0997,-0.016974,0.00599943,-0.0295131
300,230,Circle,3.84522,-37.8002,-31.2462,-4.10501,0.478151,-8.80263
300,231,Circle,-37.5145,-26.4026,-2.83038,0.000523806,-0.0185902,-0.0338252
300,232,Circle,-3.69748,20.6755,-16.6619,-4.01481,-0.49608,-5.586
300,233,Circle,-25.5637,-4.77286,43.6424,-4.29672,-5.39848,5.02505
300,234,Circle,-13.6526,-7.26875,-8.47604,-3.84218,-4.86544,-1.95295
300,235,Circle,-38.2473,-11.1324,22.0744,-0.208622,-3.70431,0
300,236,Circle,-36.186,-32.2224,-11.1827,-0.00787199,-0.0319343,-0.0273073
300,237,Circle,-5.48239,-38.5462,4.86346,-3.7751,-0.353533,0
300,238,Circle,12.17,-36.9477,-9.53142,-2.81283,1.01607,0
300,239,Circle,31.6788,-1.16561,-11.0746,-0.3144,-2.32952,-2.53616
300,240,Circle,-36.4984,-6.12152,-11.202,0.233015,-3.68908,-2.08411
300,241,Circle,-5.91622,-36.5669,-12.8821,-3.8625,-0.109577,1.89638
300,242,Circle,-24.8876,-37.7807,4.2725,-2.97032,0.236667,-3.84389
300,243,Circle,30.024,-39.6192,11.0536,1.54461e-06,4.65649e-07,1.63613
300,244,Circle,-27.7821,15.3914,-37.4986,-6.37046,-0.871241,-7.63398
300,245,Circle,-33.9851,39.4901,15.3419,-0.977501,-0.564439,-3.62052
300,246,Circle,-36.9602,10.0892,12.805,-4.92622,-5.05257,2.53685
300,247,Circle,-27.6864,-34.8183,-24.197,-5.75829,-1.46865,0.86532
300,248,Circle,10.5664,-37.7969,46.2053,-2.39889,-0.51725,6.07995
300,249,Circle,0.388954,10.8058,17.1061,-3.71978,-2.51264,2.26752
300,250,Circle,21.0578,10.7666,3.50635,-1.4243,-1.48884,1.6913
300,251,Circle,-2.11916,-20.5896,-6.60232,-5.57584,-3.08911,-1.084
300,252,Circle,-2.36138,-38.625,-15.2686,-2.83343,-0.605337,0
300,253,Circle,-2.84129,-29.2869,-7.25987,-3.34036,-3.68474,0
300,254,Circle,-11.1344,-29.4737,-25.413,-5.04642,-3.83382,-4.13971
300,255,Circle,-25.9968,-33.9873,7.91737,-5.23942,-5.41762,2.27608
300,256,Circle,-39.6213,-11.6312,-10.4558,-1.48148e-12,-2.79171,-7.34647
300,257,Circle,-17.1473,10.2484,-10.4328,-4.54378,-3.15085,-2.32726
300,258,Circle,6.04622,-2.52068,-9.35197,-3.87843,-4.14456,-2.29416
300,259,Circle,-33.8698,-10.8865,-8.16968,-1.57851,-5.87993,-3.81271
300,260,Circle,-35.5758,-4.41495,-3.24083,-5.31149,-6.51186,-1.39687
300,261,Circle,-32.1328,1.58055,12.7541,-5.56443,-3.34725,2.62716
300,262,Circle,-5.04159,-11.0176,-11.7215,-3.5118,-5.23407,0
300,263,Circle,38.4288,-1.89277,-0.252564,-0.494339,-1.95705,0
300,264,Circle,-39.6233,-28.531,-8.79642,2.32831e-10,-0.00189156,0.00104947
300,265,Circle,-39.6358,-35.9812,-5.83595,-5.70826e-05,-1.71623e-05,-0.000895008
300,266,Circle,-38.9703,-32.6939,-13.9971,-0.000949353,-0.00101352,0.00394396
300,267,Circle,-24.2361,-38.6104,-11.7941,-0.572911,1.04922,1.29284
300,268,Circle,-39.6398,-33.0451,-11.615,1.16415e-10,-0.000936927,-0.00260141
300,269,Circle,-36.929,-26.9147,7.61771,0.0097088,-0.00796581,0.01509
300,270,Circle,-38.8428,-11.6423,18.2548,0.0224692,-4.2698,2.0492
300,271,Circle,-38.8033,-24.375,8.89395,2.53772e-06,2.68247e-05,5.55805e-06
300,272,Circle,-35.4899,-29.0366,-12.4169,1.00572,-1.02908,1.93617
300,273,Circle,-35.0646,-33.2714,0.80635,0.00302304,-0.00267036,-0.00863261
300,274,Circle,-39.6288,-26.2661,-16.7634,1.45519e-11,2.51437e-05,6.77493e-05
300,275,Circle,-26.4378,-38.8618,9.91851,-0.0741787,0.017488,0.158608
300,276,Circle,-32.9519,-37.3519,-28.6791,-0.058099,-0.140041,-0.2121
300,277,Circle,-31.4098,28.9557,0.408894,2.04606,-0.44038,0.670797
300,278,Circle,-32.5842,-12.5448,-5.19919,-6.1456,-3.83677,-1.4393
300,279,Circle,7.70517,-20.151,-24.3147,-2.57324,-4.89697,-3.88421
300,280,Circle,-24.9477,-38.8587,-19.6812,-0.185855,0.0647344,1.42007
300,281,Circle,-37.9881,-6.08419,-8.42681,0.137028,-2.68115,-0.94937
300,282,Circle,-16.336,-12.4878,20.7442,-4.69877,-3.74659,4.45163
300,283,Circle,-35.979,-2.05973,1.84021,-1.45969,-3.64838,3.80777
300,284,Circle,-38.8449,-35.2524,-0.423055,-0.00104229,-0.000764353,0.000352301
300,285,Circle,10.9365,-28.0721,-12.3846,-2.69153,-4.33016,-2.32694
300,286,Circle,-6.38079,-10.0874,6.36951,-3.85144,-5.45904,1.49216
300,287,Circle,-38.2179,-12.1071,-9.02384,0.015472,-4.28357,-2.13624
300,288,Circle,-38.1314,-34.608,4.7002,-0.000242665,-0.000267428,0.00126033
300,289,Circle,-38.676,-27.3778,14.7445,-0.00799905,-0.00665563,-0.0206643
300,290,Circle,18.8133,-6.85635,4.35334,-2.8101,-6.62347,1.55476
300,291,Circle,-39.1595,-17.9834,1.38014,0.581641,-3.66144,-1.09826
300,292,Circle,-34.9471,-27.7479,13.8946,1.44319,-0.696879,0.633394
300,293,Circle,-36.957,-24.6016,-4.36823,1.1561,-1.22748,0
300,294,Circle,-12.1437,0.51914,-9.16253,-5.60917,-4.5058,-2.46732
300,295,Circle,-15.1598,-39.62,8.25909,-2.10479,0,5.20002
300,296,Circle,-38.2171,20.896,8.23414,7.6897e-07,-7.37797e-07,-1.43346
300,297,Circle,-8.46968,-38.4847,-2.92064,-4.23368,-0.194559,-1.20256
300,298,Circle,-9.19824,-39.5918,30.3335,-2.88394,0.128831,-0.0507547
300,299,Circle,-36.4687,-16.9731,-17.6721,0.779293,-6.21272,-3.38081
300,300,Circle,-13.5041,7.87683,4.72212,-7.36603,-2.82976,0.689853
300,301,Circle,-17.3458,-35.9267,64.0146,-4.05449,-3.38214,5.03449
300,302,Circle,-20.6711,-39.6059,22.0401,-1.63123,5.58794e-09,-3.58535
300,303,Circle,-11.8214,-23.8236,-34.637,-6.63736,-3.85808,-7.4802
300,304,Circle,-20.4618,-30.0687,16.3835,-4.57279,-5.32313,0
300,305,Circle,-17.6826,-39.2369,1.07958,-2.76274,0.0165413,3.81618
300,306,Circle,3.85362,-10.6116,0,-3.99993,-3.64182,0
300,307,Circle,3.31879,2.66585,-59.3396,-4.88256,-3.20551,-4.92852
300,308,Circle,-38.0649,-17.6646,9.51032,0.992121,-3.68849,0.00274875
300,309,Circle,-38.891,-6.01788,-11.2155,0.146215,-2.56127,-0.000760281
300,310,Circle,-36.3809,-29.2241,-5.00572,0.825068,-0.210559,0
300,311,Circle,-39.6489,-38.9345,-4.20715,2.32831e-10,-0.000150888,-0.000429874
300,312,Circle,-39.6309,1.49351,2.9709,0,-1.61812,-5.99626
300,313,Circle,-28.5697,-22.4232,2.14258,-5.98601,-5.91761,-4.19266
300,314,Circle,-16.3848,-13.4657,-10.6871,-5.41508,-2.95175,-4.67433
300,315,Circle,-36.2831,-38.1358,31.8701,-0.00592696,-0.00397363,-0.0140604
300,316,Circle,-31.4406,-6.86536,-20.4174,-4.71291,-3.87762,-4.1044
300,317,Circle,10.6002,-38.6928,-15.915,-1.40476,0.0932517,-5.28541
300,318,Circle,-34.1728,-31.1639,-6.6949,0.529391,-1.27513,1.17033
300,319,Circle,-25.7601,-14.5579,-36.2353,-6.72159,-6.87491,-5.19805
300,320,Circle,-11.7998,-30.8949,-10.8575,-4.86825,-4.31317,-1.30382
300,321,Circle,-6.60775,-30.2304,-2.24763,-5.09698,-5.34276,0.820937
300,322,Circle,-38.7907,-25.1485,-2.34316,1.729e-05,2.78588e-05,3.62012e-05
300,323,Circle,-25.6249,-37.6344,9.75315,-2.69528,1.6335,-0.203414
300,324,Circle,-42.3405,6.52001,0,0,0,0
300,325,Circle,-25.7613,-39.6258,1.49606,-0.0987598,-0.0253028,0.0669727
300,326,Circle,-10.23,25.9202,21.7248,-6.43064,0.452707,2.98304
300,327,Circle,-38.9713,-31.2287,0.487689,-0.0326885,-0.00887649,0.0284827
300,328,Circle,-21.6752,-33.3408,-13.5442,-4.45328,-4.84328,-2.14372
300,329,Circle,-42.1656,-23.727,37.663,0,-2.85195,3.87901
300,330,Circle,-7.07333,11.5477,-12.0421,-4.01792,-3.42995,-3.0037
300,331,Circle,-39.62,22.5182,1.36925,1.71438e-07,5.7112e-07,-1.8067
300,332,Circle,-18.0206,-38.4472,-2.86547,-3.72143,-0.271993,0
300,333,Circle,-6.79608,33.9307,0.505255,-5.7588,1.48941,0
300,334,Circle,-33.9083,-39.5698,-4.89591,-0.00124162,-0.00388608,-0.00521773
300,335,Circle,10.849,-34.5302,-46.4508,-2.35459,-4.30888,-10.653
300,336,Circle,14.4005,-34.6187,8.35896,-0.558177,-4.41394,1.9216
300,337,Circle,-36.9048,-39.636,2.74568,-0.00244672,-4.43294e-05,0.0059427
300,338,Circle,-34.6926,-11.086,-14.4189,-1.50945,-5.03194,0
300,339,Circle,-19.1021,-35.4077,-19.825,-3.59155,-0.866549,-0.787344
300,340,Circle,-5.4135,14.8497,-7.47186,-2.98891,-2.11167,-1.26793
300,341,Circle,-38.1404,29.7842,-14.953,-0.931142,-0.589262,-6.94146
300,342,Circle,-6.41856,4.4368,20.6914,-5.62148,-3.34011,4.0368
300,343,Circle,-39.6054,-18.6212,-14.2463,-3.72529e-09,-3.21227,-0.79286
300,344,Circle,-32.5616,-11.0717,-21.8921,-5.82539,-3.16037,-1.81817
300,345,Circle,-9.18939,-1.78331,19.6107,-6.42518,-3.25147,3.43192
300,346,Circle,9.77275,0.00761932,-0.911255,-1.89517,-0.800911,0
300,347,Circle,8.43584,-19.3681,-34.5966,-2.67566,-3.88296,-8.8549
300,348,Circle,-31.1943,-9.41563,-2.15274,-4.86364,-4.57214,0
300,349,Circle,-8.42238,-39.5383,8.23291,-2.88134,0.0647549,-0.0579206
300,350,Circle,-38.8103,-9.40368,-8.62111,0.124647,-3.25737,4.61008
300,351,Circle,5.66921,-38.9125,-34.4693,-2.12387,0.863158,-11.0509
300,352,Circle,-24.1856,-30.6041,4.77204,-3.8913,-4.72692,1.63706
300,353,Circle,-23.9075,-4.31071,-2.08719,-4.70958,-5.34018,-1.32321
300,354,Circle,-29.7871,-38.075,-0.353959,0.0131566,0.00509404,3.01881
300,355,Circle,-35.6273,-29.8194,12.5903,0.8993,-0.930047,-2.34727
300,356,Circle,-16.6853,-27.5588,1.18724,-6.31368,-4.36697,0
300,357,Circle,-39.6162,-35.2486,-0.561467,-0.00106467,-0.000301071,0.00220658
300,358,Circle,-1.15514,-36.6533,-27.4157,-3.77802,-0.194217,-1.94744
300,359,Circle,-38.0626,-20.0394,18.576,1.4551,-1.7554,0
300,360,Circle,-34.855,-8.46278,3.1969,-0.423182,-3.4584,-1.58873
300,361,Circle,-34.2739,-9.91051,3.42526,-0.528844,-4.32769,0
300,362,Circle,-32.5722,-14.056,0,-0.732943,-3.11947,0
300,363,Circle,-1.05008,-22.8149,-24.8802,-5.7475,-5.56164,-3.5124
300,364,Circle,-34.4724,-37.5638,7.67245,0.000713858,-0.013001,0.024447
300,365,Circle,-7.64542,-36.4188,7.19791,-4.4123,0.408709,0.953627
300,366,Circle,-12.2514,-27.2057,7.00641,-7.69238,-3.81049,0
300,367,Circle,-17.0839,19.7459,18.9747,-4.78604,-2.9424,3.11039
300,368,Circle,-34.1058,-35.8671,29.5164,-0.16027,-0.267578,-0.578283
300,369,Circle,10.814,-33.4471,-5.61994,-0.894398,-4.2808,0.64241
300,370,Circle,-36.6024,-2.56105,0.50343,-1.5206,-4.94743,-1.96522
300,371,Circle,-1.79413,-39.2956,5.42107,-3.04746,-0.260592,-3.30595
300,372,Circle,-39.4967,37.9444,7.57879,0,0,4.23088
300,373,Circle,0.585408,-36.5136,-20.2357,-3.17332,-1.52907,-5.03303
300,374,Circle,-13.5257,-39.0212,14.1293,-3.63617,0.32757,-2.29789
300,375,Circle,5.17896,22.2668,-4.64924,-6.13433,-0.706245,-1.91065
300,376,Circle,13.5457,39.62,3.02412,0,0,1.21777
300,377,Circle,-39.6089,-10.8427,4.27756,0.0593679,-2.79266,-4.11322
300,378,Circle,-31.7106,-38.239,3.19987,0.021519,-0.0628994,0.0368302
300,379,Circle,-38.2338,-39.026,6.53561,-0.00251189,-0.00207644,0.000105362
300,380,Circle,23.2674,-39.62,21.0433,0,0,3.10308
300,381,Circle,-41.9233,16.0536,46.9821,0,0,6.08449
300,382,Circle,24.4791,-42.0928,0,0,0,0
300,383,Circle,19.2205,-39.5788,0.591283,-0.895071,0.532361,4.33102
300,384,Circle,-39.5954,-23.9765,-10.4523,2.41409e-06,2.6148e-06,1.4512e-05
300,385,Circle,-31.6995,-0.295894,19.4204,-5.71789,-3.68225,0
300,386,Circle,-15.2935,0.647437,17.4095,-6.30585,-4.52066,2.91143
300,387,Circle,-35.5236,-38.2087,22.4872,-0.0177763,-0.0148772,-0.0203558
300,388,Circle,3.07224,-39.1751,20.0411,-2.68712,0.445399,8.03684
300,389,Circle,-29.6497,-22.3884,40.8716,-6.33869,-5.88624,5.46198
300,390,Circle,-39.594,-39.6506,3.11152,-8.9721e-05,1.45519e-11,0.000256783
300,391,Circle,-39.6202,-12.4908,-1.27384,-9.31323e-10,-2.75422,-6.52238
300,392,Circle,9.67131,-26.595,8.74841,-3.3416,-4.38222,3.7098
300,393,Circle,-31.4628,-1.07827,10.7417,-5.79482,-3.72498,0
300,394,Circle,-31.1633,-10.3759,-20.7253,-4.96053,-4.09693,-2.51699
300,395,Circle,-29.8578,-14.9446,21.203,-6.61483,-4.09944,5.29763
300,396,Circle,-13.6545,-29.4524,4.52956,-7.83629,-5.69694,-0.958517
300,397,Circle,-37.7496,-38.4576,-0.094141,-0.00335942,-0.00204431,0.000270659
300,398,Circle,-33.5037,-35.3775,-4.76281,-0.239004,-0.17077,0.94682
300,399,Circle,1.4619,14.0582,0.169294,-4.80372,-1.08293,0
300,400,Circle,-38.6912,0.375112,8.51088,-0.273518,-0.77558,5.1848
300,401,Circle,-37.0716,-25.761,-21.6379,0.681938,-0.491791,-1.64901
300,402,Circle,-39.6041,-19.4004,23.5631,-9.31323e-10,-3.2151,0.799343
300,403,Circle,-22.1626,-39.6218,-17.5818,-1.38032,7.45058e-09,-3.22251
300,404,Circle,-36.7175,-33.9898,6.34385,-0.00289637,0.00364017,-0.00282879
300,405,Circle,-19.4145,3.1668,-44.8017,-4.03576,-5.58097,-7.17477
300,406,Circle,-6.02071,-37.3399,-2.03011,-3.74127,-0.128558,-1.49394
300,407,Circle,-19.9294,-4.66689,-25.2449,-3.64196,-5.5906,-4.60582
300,408,Circle,-35.0076,-28.4232,1.7344,1.10069,-1.24811,-2.29685
300,409,Circle,-33.0698,-36.5844,-1.17406,-0.00014885,-0.00496457,0.00102621
300,410,Circle,-36.6049,-36.9863,0.865637,-0.0172421,-0.0114696,0.00626492
300,411,Circle,-28.2405,-6.19686,-7.0821,-5.06411,-2.75522,-0.762055
300,412,Circle,-19.0451,-9.20555,40.7563,-4.36133,-4.06807,7.87716
300,413,Circle,-33.1649,-39.6213,16.0989,-0.00311211,-5.82077e-11,-0.00288303
300,414,Circle,18.7809,-36.2377,14.6926,-3.22308,-0.774787,6.13321
300,415,Circle,-12.2444,-35.8249,-9.78188,-2.00515,-0.0216557,-3.94784
300,416,Circle,-23.5083,-38.8395,-6.83769,-0.668036,0.90797,-1.83994
300,417,Circle,12.9406,-38.0644,-5.69398,-3.72081,0.453338,0
300,418,Circle,-26.3459,-4.02759,9.63477,-4.49722,-4.79514,0
300,419,Circle,-39.6201,-13.3059,1.06056,-7.45058e-09,-2.88995,-5.49485
300,420,Circle,-38.0913,-15.3454,6.03819,0.240705,-3.69693,0.0886953
300,421,Circle,-12.9638,-3.55603,0.796578,-4.88283,-4.28723,1.19822
300,422,Circle,-5.16946,-37.8202,-1.94837,-3.91472,-0.288997,0
300,423,Circle,-25.2685,-13.1274,7.21365,-6.9997,-3.14794,1.39327
300,424,Circle,-38.1606,-33.2198,-16.2524,-0.0101214,-0.00553337,0.00231274
300,425,Circle,-35.6958,-32.8201,-8.75422,0.00274453,-0.0126757,0.0336648
300,426,Circle,-3.37915,-37.4663,11.7833,-3.33593,0.195492,0
300,427,Circle,-29.1151,-37.6786,-13.6964,-0.380609,0.696633,-1.81728
300,428,Circle,-35.5088,-25.2477,-4.15061,1.31291,-1.14809,-1.84226
300,429,Circle,-35.5566,-8.9125,3.31258,-0.903618,-3.75191,1.56189
300,430,Circle,-39.6196,-1.38521,-8.12873,0.0960367,-1.15241,0.787263
300,431,Circle,-15.5281,-27.4698,-10.2272,-5.21963,-4.14256,0
300,432,Circle,-31.7863,-29.4847,-22.2317,-5.89823,-7.38691,-5.78098
300,433,Circle,-36.6116,-14.2636,-22.8447,0.129472,-4.93277,1.60305
300,434,Circle,37.9345,20.823,8.35417,-0.946229,-0.85119,2.40719
300,435,Circle,-5.71846,39.62,-5.4473,-4.78581,0,-2.15077
300,436,Circle,-32.8676,-38.9,-4.81271,0.0013765,-0.000523291,0.00211579
300,437,Circle,-38.6282,-22.8788,12.1529,3.13995e-06,5.29e-06,-6.82055e-06
300,438,Circle,-3.18526,9.37513,-5.56447,-4.57572,-3.62307,2.22595
300,439,Circle,8.17625,-18.5561,-0.15146,-4.54259,-9.23371,0
300,440,Circle,-18.9393,10.6257,23.7006,-4.93437,-3.32859,5.91175
300,441,Circle,-38.8859,-36.0006,-3.75407,-0.00114302,-3.16903e-05,0.001997
300,442,Circle,8.8771,-26.6887,16.5272,-3.3562,-4.51699,4.0383
300,443,Circle,-29.6626,-24.8656,-0.175634,-7.25781,-5.00102,0
300,444,Circle,-37.3309,-14.5645,-1.83327,0.080365,-4.81089,-1.78062
300,445,Circle,-35.5643,0.516415,-0.447509,-6.13896,-4.04756,-0.741229
300,446,Circle,0.194046,-0.150619,72.579,-0.709161,-5.92937,16.3247
300,447,Circle,24.1,38.1389,-23.9904,-1.10347,-0.675721,-4.80823
300,448,Circle,6.43056,-39.62,10.9139,-2.11415,8.44797e-09,3.00382
300,449,Circle,36.4839,-38.0873,-10.3362,0.955331,0.49943,-2.58398
300,450,Circle,-19.566,12.2993,-15.0546,-6.21408,-2.2741,-4.8267
300,451,Circle,-35.5173,-31.1124,-30.1058,0.0820616,-0.158296,0.254238
300,452,Circle,-37.3464,-21.7299,4.33001,0.715483,-1.64121,-1.86417
300,453,Circle,-38.1233,-14.5658,2.7273,0.0591141,-3.7092,0.0336542
300,454,Circle,-26.1775,-23.9857,13.3606,-5.83515,-3.70502,2.01414
300,455,Circle,-30.1982,-39.6178,8.86957,0.0112697,4.65661e-10,-0.0294753
300,456,Circle,-27.9386,-18.5132,-1.2995,-5.96161,-4.07284,-1.38169
300,457,Circle,-38.0204,-4.97114,6.52537,0.452686,-2.60413,-0.931322
300,458,Circle,27.3175,-35.2804,-10.3123,-1.25961,-7.17738,-1.96151
300,459,Circle,-35.197,-38.8958,16.1247,-0.00425731,-0.00762764,-0.01087
300,460,Circle,-19.8861,-39.6099,4.89522,-1.71135,-1.86265e-09,3.87444
300,461,Circle,-26.0594,12.1096,-13.0076,-7.21094,-3.05259,-1.55594
300,462,Circle,-38.9309,-25.9099,1.22929,6.53044e-05,5.98052e-05,9.69941e-05
300,463,Circle,-21.4827,-2.37711,13.505,-3.69565,-3.93446,0
300,464,Circle,-37.6152,-35.1661,-32.5912,-0.00077096,0.000728186,-0.000248696
300,465,Circle,-39.5916,-9.14412,-1.08194,0.108728,-2.26563,-4.3929
300,466,Circle,18.3408,-41.9315,0,0,0,0
300,467,Circle,-38.1393,-25.607,12.3285,4.93298e-05,8.70925e-05,0.000139781
300,468,Circle,-9.34809,-11.9091,-20.5079,-3.7672,-5.89918,-3.19359
300,469,Circle,-9.83098,-15.3347,13.4974,-3.55998,-8.31222,4.62204
300,470,Circle,0.0856021,-38.0919,-24.6116,-3.07739,0.197329,0
300,471,Circle,-37.2445,-6.3773,9.45658,-0.0100129,-3.09088,0
300,472,Circle,-22.1956,1.14238,-16.4381,-4.25444,-4.75349,-3.65804
300,473,Circle,-39.6249,-37.4571,-3.06207,0,-0.000131055,-0.000349494
300,474,Circle,30.7817,5.54096,4.46829,1.31577,-3.68226,0.850879
300,475,Circle,-9.83605,-4.98106,-19.6765,-4.12255,-1.83137,0
300,476,Circle,-36.4257,-10.0116,7.38063,-0.727628,-3.66654,1.69497
300,477,Circle,-35.123,-16.2225,-39.9844,-8.37277,-4.27658,-7.75984
300,478,Circle,-26.5083,-39.6252,11.2503,-0.0593109,4.65661e-10,-0.0736088
300,479,Circle,27.4138,-38.6508,15.0353,0.58214,-1.99318,4.32983
300,480,Circle,-27.6086,-36.3908,-42.5879,-2.75622,1.39229,-1.70893
300,481,Circle,-6.15256,-33.2627,-0.00476226,-4.21349,-2.65484,0
300,482,Circle,-25.1993,-28.1925,-2.41446,-5.82426,-4.42741,-1.82844
300,483,Circle,-28.4694,-24.9115,15.3367,-6.86439,-4.5796,1.52873
300,484,Circle,-3.65378,-38.1964,9.30309,-3.0148,0.0711255,1.12761
300,485,Circle,-28.8296,-36.9014,6.90319,-0.779312,0.646119,0.710342
300,486,Circle,-39.555,-3.90339,-8.5778,0.122919,-2.10945,2.11933
300,487,Circle,-25.1929,-11.4267,-32.2355,-3.67021,-6.05512,-8.62413
300,488,Circle,-25.1462,-7.38541,-18.8904,-3.50104,-4.64309,-4.24087
300,489,Circle,-24.2521,-39.6129,10.2774,-0.134043,-0.00489757,-0.278568
300,490,Circle,-26.712,-5.43609,-5.80461,-3.36132,-4.14484,-1.61682
300,491,Circle,-27.3005,-17.4659,-38.73,-4.3946,-4.5003,-4.33271
300,492,Circle,-38.0901,-23.6924,-20.6831,0.0284312,-0.922278,-0.0601441
300,493,Circle,-8.93943,-37.3419,29.3667,-4.66249,0.682337,1.93709
300,494,Circle,-39.3438,7.8981,24.3643,0.708279,-3.59975,-4.11234
300,495,Circle,14.7919,-38.2266,-19.3362,-3.21918,0.549992,-6.13735
300,496,Circle,-21.6049,-30.3214,0.282726,-4.24085,-4.55789,-0.993289
300,497,Circle,-16.926,15.9537,24.1481,-4.93718,-1.80213,5.80364
300,498,Circle,-25.8293,-35.1208,-34.5211,-5.71325,-6.29929,-4.53997
300,499,Circle,2.7206,-27.3777,-9.03565,-4.96522,-3.93151,0
300,500,Circle,-11.5617,-39.6129,10.7982,-2.69755,0,0.766023
300,501,Circle,1.03698,4.99436,-3.31021,-4.30852,-1.71831,0
300,502,Circle,-37.4984,-30.9179,5.92603,-0.0716614,-0.0232091,0.00195642
300,503,Circle,-4.90858,22.9412,18.9373,-5.55501,-0.77799,3.94527
300,504,Circle,-1.45485,11.0805,-25.971,-4.63615,-0.992699,-6.02599
300,505,Circle,-33.998,-34.7692,44.2569,-0.00918191,0.00622918,-0.0149999
300,506,Circle,6.68619,-3.83262,-14.0622,-2.95435,-1.78512,-3.61665
300,507,Circle,29.2441,-39.6202,1.47129,9.2497e-07,-8.96627e-09,-1.61593
300,508,Circle,-38.9813,38.5358,-1.30329,0,0,-5.80256
300,509,Circle,-39.6176,-14.9556,-10.1868,1.09139e-11,-3.17493,-4.16856
300,510,Circle,-36.0217,-33.523,1.97101,0.00215283,-0.00534674,0.000103551
300,511,Circle,22.0593,-39.2927,7.24532,0,0,0
300,512,Circle,16.7728,-34.009,13.0028,-0.898228,-4.80123,2.47047
300,513,Circle,-35.9897,-37.4223,0.224386,-1.17097e-11,7.27596e-12,2.91038e-11
300,514,Circle,-37.4156,-29.3779,10.0441,0,0,0
300,515,Circle,-24.7042,-23.922,-3.86248,-5.49045,-3.92447,-1.15689
300,516,Circle,-33.5279,-1.25173,10.938,-5.38084,-4.35008,1.53631
300,517,Circle,-9.95448,-37.2152,-3.17582,-3.47236,-0.95786,1.54636
300,518,Circle,-37.9618,-27.0616,1.37971,-0.00781028,-0.0128795,0.0101759
300,519,Circle,-29.3729,-9.8164,20.9105,-4.92963,-4.32134,5.09498
300,520,Circle,-42.0527,13.8512,-5.92798,-1.78468e-14,-1.89584e-06,-1.10271
300,521,Circle,-30.5529,-38.925,1.11619,0.0150059,-0.00827464,0.0486934
300,522,Circle,-0.513152,4.83584,9.00521,-5.24406,-2.37158,2.50131
300,523,Circle,-35.6847,-10.5433,-3.42155,-0.646441,-3.87511,1.24645
300,524,Circle,-0.764516,-37.4508,-26.6542,-3.55157,-0.636908,1.62283
300,525,Circle,1.549,11.067,45.9831,-4.51402,-0.156351,9.41442
300,526,Circle,-2.10538,6.03107,-25.9627,-4.13358,-3.28879,-6.35729
300,527,Circle,-22.3919,-2.56906,15.8376,-4.33707,-5.63575,4.58139
300,528,Circle,-38.0821,-7.99035,-4.15905,-0.675469,-3.03666,0
300,529,Circle,-16.3295,23.2166,-20.2542,-2.72592,-1.95446,-5.36859
300,530,Circle,9.95701,-37.297,-36.0997,-3.35312,-1.27433,-3.2152
300,531,Circle,-11.3598,-38.7875,5.20849,-3.405,-0.504763,0.170675
300,532,Circle,-30.3307,-2.56673,-21.1643,-4.62248,-4.20585,-4.21742
300,533,Circle,-38.8169,-39.6198,-2.09972,-6.50521e-19,6.93889e-18,1.249e-16
300,534,Circle,-39.62,13.7222,-12.8708,0,0,-1.16202
300,535,Circle,8.30208,-39.2367,1.7481,-1.913,0.600326,0
300,536,Circle,-10.2487,-23.0102,35.7366,-6.26624,-3.57654,8.55854
300,537,Circle,-39.295,9.562,8.91559,-5.43059,-4.99457,1.45079
300,538,Circle,-39.62,25.2032,-13.9298,0,0,-4.66569
300,539,Circle,-39.6089,-29.2955,3.26948,7.38835e-05,-0.00108486,0.000815768
300,540,Circle,-14.3717,-36.8554,-6.92731,-5.33931,-0.486433,0.668213
300,541,Circle,-13.3796,-36.5608,-8.76881,-3.93903,-0.941821,-1.27774
300,542,Circle,20.3099,-39.62,-2.05827,0,0,0.712826
300,543,Circle,-38.8775,-8.18219,4.12453,0.153942,-2.70799,2.50219
300,544,Circle,-1.04892,15.4819,9.28587,-5.74801,-0.131697,0.992825
300,545,Circle,-38.4005,31.5991,-27.8285,-1.46859,-1.94017,-7.84479
300,546,Circle,9.49545,-39.62,37.6429,-1.51561,6.51926e-08,3.92763
300,547,Circle,-36.4922,-20.2195,-0.56624,-4.0295,-4.98116,-0.0980315
300,548,Circle,-39.0012,33.3257,3.19356,-0.222223,-2.30338,1.37529
300,549,Circle,-35.4243,-7.86123,16.3061,-0.814263,-3.38818,2.30261
300,550,Circle,25.3357,-38.217,5.26228,-1.38755,0.628252,3.80546
300,551,Circle,-22.625,-29.848,32.2394,-4.56816,-4.68474,5.42795
300,552,Circle,-35.7745,-21.2637,-6.51046,-1.88141,-5.42647,0
300,553,Circle,-0.247671,-38.9176,3.58392,-3.03157,0.282387,-2.35226
300,554,Circle,-35.9638,-38.8459,-1.6543,-0.00581902,-0.00958567,0.00797899
300,555,Circle,-11.9234,-2.25303,-1.7031,-3.6296,-3.48826,0
300,556,Circle,-10.5113,-37.8396,-6.00766,-3.78989,-1.09891,0
300,557,Circle,-21.3057,-37.6216,15.9772,-2.33151,0.97144,1.02395
300,558,Circle,-39.6202,-20.9035,-2.21887,0.00182659,-3.05601,-0.0622705
300,559,Circle,-37.1639,-33.3717,0.202734,-0.0099918,-0.00115008,0.00538115
300,560,Circle,-35.2327,-37.4897,3.95555,0.000587457,-0.031396,-0.0160957
300,561,Circle,-35.6943,-20.0171,-2.13529,-2.46242,-4.66126,-0.0970656
300,562,Circle,-19.4009,-15.2846,-37.5386,-7.16268,-3.10222,-6.85291
300,563,Circle,-38.8998,-34.5146,8.38875,-0.00123038,-0.00238561,-0.00166119
300,564,Circle,-38.1172,-16.1189,24.5499,0.274782,-3.69807,-0.00370501
300,565,Circle,-38.6968,-20.5272,1.21787,1.10601,-1.4775,0.974639
300,566,Circle,-42.7981,-6.29893,31.302,0,0,6.66597
300,567,Circle,-39.0734,4.27832,1.01706,-2.51288,-2.88609,-0.885161
300,568,Circle,-39.6251,-8.37264,-11.4159,1.17832e-05,-2.26774,-4.14674
300,569,Circle,-32.7623,-26.7609,34.4315,-6.1553,-6.18515,3.78361
300,570,Circle,-15.8186,3.16363,-8.12207,-4.55072,-3.15414,-2.00329
300,571,Circle,-37.8099,19.2585,-15.8376,-0.68428,-2.94298,-6.12973
300,572,Circle,-22.867,-6.05058,22.1757,-5.5019,-3.53662,5.65924
300,573,Circle,-11.8826,-36.5385,-8.69948,-3.22268,-1.79197,-1.38772
300,574,Circle,33.0309,-6.09975,0,2.4,-4.9,0
300,575,Circle,-27.9767,-38.8401,0.297044,-0.0505868,0.00918026,0.0356143
300,576,Circle,38.4492,-12.738,9.46521,-0.627756,-4.9545,4.93898
300,577,Circle,-7.83052,-38.0255,27.8875,-4.44413,0.104839,1.1228
300,578,Circle,-16.3724,24.3388,-39.8968,-4.41888,-1.5633,-9.41657
300,579,Circle,-36.4943,-23.1942,-32.2242,1.29191,-1.29674,1.30052
300,580,Circle,-38.8304,-0.564808,-12.5839,0.2596,-2.38817,1.77445
300,581,Circle,19.0816,-38.5763,-26.7977,-2.86279,-0.663734,-4.90915
300,582,Circle,-38.9309,-31.9613,-0.598412,-0.00208659,-0.00214776,1.23113e-05
300,583,Circle,-33.7228,-37.3776,-14.8519,0.0493932,-0.152227,-0.156424
300,584,Circle,-36.8502,-8.14863,-2.28492,-0.875477,-3.76712,0.000722654
300,585,Circle,-37.2717,-16.9565,-0.747412,0.626702,-4.77386,1.2075
300,586,Circle,-27.2764,-27.0138,19.4113,-6.23348,-4.45898,3.65685
300,587,Circle,-38.2644,-30.9723,5.25843,-0.0724691,-0.0118408,-0.0331018
300,588,Circle,-14.6812,-38.9829,5.10506,-2.66621,0.445899,-2.67856
300,589,Circle,5.62478,-25.5951,16.0439,-4.91475,-4.29186,0.778847
300,590,Circle,-36.0314,18.2902,11.3004,0.00249709,-4.18826,1.56941
300,591,Circle,-17.334,11.9092,-0.111846,-6.46961,-2.38346,-1.22846
300,592,Circle,10.2784,-39.4897,10.3104,-1.5156,0.151797,3.0831
300,593,Circle,-35.301,-34.0022,16.5486,-0.000405987,-0.000501939,-0.00247886
300,594,Circle,-38.2766,-19.0859,-9.71607,0.605068,-3.49075,1.11038
300,595,Circle,-34.0847,-32.0806,-3.00555,-0.722779,-2.69732,-1.39993
300,596,Circle,-32.5181,-9.78832,7.71205,-5.66278,-3.51625,2.93444
300,597,Circle,-6.06683,10.3861,14.3157,-4.54045,-2.62203,3.18549
300,598,Circle,-34.5901,-18.1188,0.22929,-2.10373,-5.63945,-0.690888
300,599,Circle,-39.62,20.0613,-4.8448,0,0,0
300,600,Circle,11.6908,-19.8166,19.6003,-4.7217,-4.1371,3.93317
300,601,Circle,-24.4589,-25.31,-34.9149,-5.63643,-4.29888,-8.12724
300,602,Circle,6.50798,-27.7769,-3.51081,-3.97927,-4.63262,2.06414
300,603,Circle,-3.09752,-21.8763,15.4067,-4.60888,-4.34298,4.51292
300,604,Circle,-4.65909,-23.5925,-2.06675,-5.68122,-6.35003,-0.735985
300,605,Circle,-31.6794,-39.6141,5.00245,0.00413848,-1.86265e-09,-0.0107264
300,606,Circle,-39.6222,-30.8097,-7.39091,0,0.00160802,0.00425619
300,607,Circle,-38.8423,-12.5706,1.4358,-0.141126,-4.05813,1.54291
300,608,Circle,-39.4201,11.154,0.207645,-2.24288,-2.07833,2.55578
300,609,Circle,-0.770498,-29.7673,11.9784,-6.64422,-6.4418,2.18663
300,610,Circle,-39.62,16.4931,16.6868,4.67116e-08,-2.97551,5.48804
300,611,Circle,-35.4049,-39.6295,0.319984,-0.00292317,-0.00315044,0.00588246
300,612,Circle,-37.8374,-37.017,10.7064,-0.00877549,-0.00176057,-0.000871046
300,613,Circle,-14.0764,-38.4562,4.47774,-3.71783,0.228296,1.9293
300,614,Circle,-35.1404,-26.0987,-14.3527,1.18534,-1.37987,-2.31894
300,615,Circle,-2.70357,-25.305,-52.8287,-2.26271,-7.28454,-9.28387
300,616,Circle,-23.497,-39.6259,24.8409,-0.249216,-2.09548e-09,1.28746
300,617,Circle,12.1488,-9.67157,-28.3579,-3.48127,-7.25767,-6.66619
300,618,Circle,-38.1643,-1.81751,2.3369,-0.132876,-3.29703,-1.71027
300,619,Circle,-10.4707,-35.6971,-15.9846,-4.64681,-1.20797,0
300,620,Circle,-28.4411,-25.8661,-8.21188,-6.65665,-4.71344,-3.27534
300,621,Circle,0.349152,-28.0528,-10.4742,-6.58927,-5.42339,0.980525
300,622,Circle,-39.2907,-27.8417,11.9114,-0.00624353,-0.00108172,0.0118441
300,623,Circle,-13.7369,14.8989,7.13485,-6.17113,-1.77193,1.69408
300,624,Circle,-39.6087,-16.527,-13.9221,0.0479665,-3.40477,0
300,625,Circle,-34.4943,-33.7976,6.53862,-0.0309087,-0.0284413,-0.0682865
300,626,Circle,-30.7113,-35.1747,9.29579,-1.09726,1.4832,1.17313
300,627,Circle,17.3758,-38.9506,0.967219,-4.04021,0.818645,-1.75088
300,628,Circle,-31.4539,-11.439,-2.5656,-6.08832,-4.04504,-1.33493
300,629,Circle,7.27103,-39.4947,5.05936,-2.24124,0.20756,-1.01654
300,630,Circle,-23.695,-8.43292,-15.9516,-5.58512,-4.79948,-3.15931
300,631,Circle,-36.5736,-15.8361,11.9715,0.451429,-5.20283,0
300,632,Circle,12.2102,-38.5452,2.35424,-3.45046,0.157379,2.03993
300,633,Circle,22.2191,-5.21814,39.7666,-2.20502,-1.67737,8.14686
300,634,Circle,-26.871,-15.4492,-47.0846,-4.60373,-5.57573,-10.1237
300,635,Circle,-32.0528,-10.4478,-5.67417,-5.50041,-3.36614,0
300,636,Circle,-21.9364,-34.9542,3.94892,-5.62557,-4.78266,0
300,637,Circle,-37.4457,-12.0256,6.26178,0.0516995,-4.67163,1.2441
300,638,Circle,-31.4344,-13.4957,-19.9227,-4.25702,-2.80844,-5.90028
300,639,Circle,-27.65,-23.1112,-8.86577,-6.30258,-5.10821,-2.07023
300,640,Circle,-37.9583,-39.6702,-2.69106,-0.00112643,1.16415e-10,0.00341704
300,641,Circle,-29.5502,-8.9746,21.2301,-5.42192,-4.11539,3.37902
300,642,Circle,-15.5162,-38.8591,-17.3979,-2.85246,-0.257978,0.307674
300,643,Circle,-31.9678,-8.58334,-11.0753,-3.40764,-4.86053,-3.23828
300,644,Circle,-12.3722,-39.614,-6.32666,-2.20591,0,0
300,645,Circle,-36.0074,-34.293,-31.9058,-0.000650782,-0.0044645,-0.00520802
300,646,Circle,-38.9186,-36.7529,4.78741,-0.00044267,0.000197017,-0.000796013
300,647,Circle,-15.8677,-16.3401,-15.5443,-6.5126,-2.97991,-3.59086
300,648,Circle,-38.3422,-8.74386,-5.87604,-0.252332,-3.18805,-3.22748
300,649,Circle,-10.5691,-38.7723,-1.05143,-3.42188,-0.418692,0.041338
300,650,Circle,-7.6497,-39.618,17.2643,-2.8868,0.0288826,0.00122717
300,651,Circle,-37.4739,-35.901,-3.83804,-0.0037939,0.000962109,-0.00384287
300,652,Circle,-8.81729,-35.5574,-12.1331,-4.60486,0.745903,0
300,653,Circle,-38.3449,13.1022,26.8812,0.217161,-1.75524,9.33632
300,654,Circle,-36.764,-12.4141,-6.98072,0.0590327,-4.67919,-0.661501
300,655,Circle,-24.7078,7.21958,-8.64552,-4.87356,-3.43922,-1.34267
300,656,Circle,-32.4217,-39.6211,-4.79256,-0.00782399,0,0.0206491
300,657,Circle,-32.2535,-33.1382,9.92659,-1.24899,-2.47191,-3.81434
300,658,Circle,5.75607,-24.4165,-39.7635,-4.1762,-5.12253,-4.8352
300,659,Circle,-37.3672,-30.1541,1.22534,6.50218e-06,-1.72865e-06,2.29472e-05
300,660,Circle,-39.6201,21.7256,2.99794,1.77462e-15,-5.19689e-07,5.96708e-07
300,661,Circle,-38.1342,-30.2451,-3.89836,3.45282e-05,-0.000150505,-0.000133002
300,662,Circle,-31.6213,-36.62,-7.10139,0,0,0
300,663,Circle,-33.7878,-17.3365,23.5257,-1.59387,-3.70828,4.57993
300,664,Circle,-37.2439,-17.7413,10.8055,1.25704,-4.75109,0.179013
300,665,Circle,-34.3201,-38.9102,-5.2599,2.87059e-12,2.62901e-12,8.52651e-13
300,666,Circle,-10.2523,-36.465,-4.61585,-3.90519,-1.38177,0.829577
300,667,Circle,-22.4761,-36.4089,-19.1801,-2.98475,-2.25801,5.46687
300,668,Circle,-21.8016,-31.1297,-25.5494,-3.8767,-4.98913,-3.86693
300,669,Circle,17.3531,-39.6755,24.3301,-2.30462,0.255653,7.4058
300,670,Circle,-8.03628,-28.5024,51.1027,-3.84961,-3.10086,8.25857
300,671,Circle,-25.3157,18.4399,26.7706,-2.54092,-3.0193,5.16531
300,672,Circle,-38.9212,19.6845,-0.592475,0,0,1.85839
300,673,Circle,-10.2311,-27.9406,3.73802,-5.65692,-2.47597,0
300,674,Circle,-33.6355,13.1651,0,-9,-4,0
300,675,Circle,-11.0613,-6.78608,6.0217,-4.83974,-3.7401,4.00862
300,676,Circle,-14.4156,-5.8281,-4.16257,-3.81185,-3.98453,0
300,677,Circle,-27.2504,-39.62,1.83359,-0.0315309,0.00189877,0.0444351
300,678,Circle,-6.62692,-10.9035,-0.512413,-4.0264,-5.4621,0.977327
300,679,Circle,-6.77361,-36.8836,7.89581,-4.15121,-0.182924,0
300,680,Circle,-0.618468,11.5685,-3.86074,-4.14122,-2.13207,-2.50576
300,681,Circle,-36.0156,-13.674,7.38564,0.0510351,-4.43973,-1.02793
300,682,Circle,-6.80773,-36.1049,-12.645,-4.35541,-0.184568,0
300,683,Circle,-38.8499,-14.147,-7.12698,0.153861,-4.04798,-0.259178
300,684,Circle,-39.6022,10.332,-20.4733,0,-3.81934,-6.86951
300,685,Circle,14.4696,-39.62,21.7889,-2.41649,0,3.90514
300,686,Circle,35.4571,-33.5084,6.75221,-0.122847,1.90209,1.27445
300,687,Circle,-37.1902,-37.4347,2.75206,-0.00965385,-0.00897595,-0.0110166
300,688,Circle,-3.2164,39.4538,-9.75849,-3.09867,-0.32457,-2.477
300,689,Circle,-26.6155,6.51073,18.3124,-4.78553,-4.28918,3.73723
300,690,Circle,2.30143,-35.3209,-19.5345,-1.95078,-4.90581,-0.617846
300,691,Circle,-42.6928,-28.8127,2.04624,0,-1.25653,1.22904
300,692,Circle,-5.03754,-16.6829,-5.4694,-4.56683,-6.72684,-0.0268524
300,693,Circle,-38.1518,-21.2858,-29.2397,1.18572,-1.52995,-1.30209
300,694,Circle,-39.6301,-30.0574,-15.4683,-2.91038e-11,-0.000978077,-0.00212726
300,695,Circle,26.5859,-5.50199,17.9599,-0.138433,-5.88879,4.32312
300,696,Circle,0.564992,-26.8026,27.03,-6.64137,-5.15562,4.56499
300,697,Circle,-11.9838,-37.3235,15.9148,-3.65579,-1.74501,0
300,698,Circle,-11.2265,-18.1932,-52.6124,-5.00331,-1.25215,-13.5677
300,699,Circle,-39.6145,-3.12636,-37.4205,0.00805826,-2.11795,-3.54901
300,700,Circle,-31.3376,10.3293,3.04097,-8.66884,-3.14226,-0.962214
300,701,Circle,10.1346,-32.8698,4.388,-2.00697,-4.74885,2.03038
300,702,Circle,4.39252,0.876185,-5.499,-3.57701,-3.98527,1.93456
300,703,Circle,1.59605,-11.3623,-9.75563,-2.70407,-7.35142,-1.18344
300,704,Circle,-26.1955,-38.1339,-6.38423,-1.74196,0.549821,4.30502
300,705,Circle,-9.1232,-7.22872,-48.9927,-4.18186,-4.67116,-8.85702
300,706,Circle,-4.96105,-19.315,19.772,-4.81872,-6.27199,4.20809
300,707,Circle,-12.756,-38.8824,-10.7229,-3.51927,-0.53337,0.138857
300,708,Circle,19.9988,-29.1605,26.2271,-0.306023,-5.36801,6.52796
300,709,Circle,-4.00914,-39.2564,-12.8226,-3.2703,-0.398842,0
300,710,Circle,-4.10962,-21.8706,-15.1858,-5.14455,-4.70506,-3.38112
300,711,Circle,-39.6219,-7.59946,-13.4225,0.00419467,-2.26775,-1.78361
300,712,Circle,4.18688,-2.95483,4.84759,-4.36359,-4.09199,1.36035
300,713,Circle,-14.1036,-9.59451,-0.116145,-1.52936,-4.75858,-1.36003
300,714,Circle,-27.9895,-39.6215,10.0236,-0.0112248,0,-0.00781973
300,715,Circle,-38.9292,-29.7632,0.803959,-0.00338924,0.00630535,-0.00626401
300,716,Circle,-39.568,34.1511,-19.9095,0.0660383,-1.75313,-5.81357
300,717,Circle,-34.5256,-36.8047,-14.3877,-0.0392159,-0.0157918,-0.0562037
300,718,Circle,-35.9252,-25.9069,-14.1959,1.14414,-1.04937,1.55688
300,719,Circle,-30.0543,-4.23929,41.9022,-4.20689,-4.28336,6.83974
300,720,Circle,-32.3556,-36.8437,5.01646,-0.0684885,-0.178322,0.521532
300,721,Circle,-35.7741,-27.6059,12.4518,0.657714,-1.06038,-2.42657
300,722,Circle,-38.9363,-21.294,-12.1639,1.18354,-1.41237,0.9789
300,723,Circle,-38.1517,-12.9721,-9.78979,-0.0635543,-4.13813,-1.07272
300,724,Circle,-11.3758,-4.96563,2.1197,-3.5714,-3.87186,0
300,725,Circle,-16.293,-38.6742,38.2899,-3.02803,-0.913109,1.37953
300,726,Circle,-36.6129,-29.9742,1.98791,5.0479e-06,-2.88074e-07,-1.76735
300,727,Circle,-39.6181,2.75633,-26.7134,9.12405e-09,-1.42965,-8.03067
300,728,Circle,-5.92628,-20.15,-4.52017,-4.97131,-7.08952,-2.1525
300,729,Circle,-14.3407,14.2283,-10.8096,-6.33951,-1.73139,-2.16353
300,730,Circle,-36.7013,31.2981,12.6037,1.54,1.628,6.46343
300,731,Circle,-30.0112,-28.7202,-26.4546,-6.16421,-5.25097,-6.18722
300,732,Circle,-4.79767,18.0049,37.7905,-4.16861,-1.58742,10.573
300,733,Circle,-33.5178,-31.5601,6.2999,0.4622,-2.43025,-0.87961
300,734,Circle,-4.77807,-39.0548,-15.295,-3.11357,0.212993,-1.10014
300,735,Circle,-0.638828,-39.62,26.6784,-2.65414,3.0268e-09,6.84666
300,736,Circle,-8.75541,-13.2452,-5.97454,-4.73218,-2.41988,-0.837189
300,737,Circle,-36.3469,-0.160239,28.2144,-6.13386,-4.37698,3.35374
300,738,Circle,2.90147,-37.5878,17.0186,-4.15807,0.66619,3.59096
300,739,Circle,-37.7837,-6.93838,2.22785,-0.0990935,-3.09978,0
300,740,Circle,-38.0188,-28.7829,-1.21412,-0.000480012,-0.000627613,-0.00113203
300,741,Circle,-9.97625,-39.6199,19.6912,-2.87756,-4.36557e-11,0.940082
300,742,Circle,-14.473,-0.216743,2.34222,-3.71958,-1.46054,2.76474
300,743,Circle,-20.1605,-28.5015,-15.5195,-4.49076,-4.94757,-2.64479
300,744,Circle,-13.824,-26.8866,-15.513,-8.6375,-4.5022,-3.08351
300,745,Circle,-38.8325,-3.24633,-28.7416,-0.128761,-3.11426,3.20081
300,746,Circle,-13.9708,-28.3318,16.2972,-8.58238,-5.22616,3.28712
300,747,Circle,-6.09924,-39.616,26.7891,-2.89586,0.00129083,-0.0423704
300,748,Circle,-36.1073,-8.36543,5.29894,-0.857367,-3.70532,-0.733696
300,749,Circle,-39.6096,-2.16233,-26.0037,-1.11759e-08,-1.13758,-2.91434
300,750,Circle,-36.6079,-34.7531,-1.76984,-0.0093629,0.00884942,0.000580559
300,751,Circle,-38.5019,-37.3546,-11.3071,-0.00507162,-0.00145115,0.000836421
300,752,Circle,-36.3711,-42.9662,9.00943,4.12653e-06,-6.82121e-13,4.4995
300,753,Circle,-15.8003,-38.0462,-3.22935,-3.56256,-0.509844,-0.748903
300,754,Circle,39.4912,-37.2095,-6.97355,0.239105,-1.08327,0
300,755,Circle,-37.3005,33.3533,9.42772,0.843176,-0.82726,3.21266
300,756,Circle,-37.4488,-39.1286,9.18657,-0.00280519,-0.000429702,0.00250122
300,757,Circle,-42.8114,-26.3462,-28.9899,0,-1.54454,-5.74743
300,758,Circle,-36.8339,-35.4727,4.30759,-0.010583,0.00800824,0.0237888
300,759,Circle,38.5929,37.056,5.74867,0.244785,-0.9,1.95978
300,760,Circle,15.4131,-39.4487,23.2403,-2.18463,0.218502,6.78109
300,761,Circle,-12.8197,22.9587,2.71694,-7.13866,-0.646578,0
300,762,Circle,-33.8164,-36.5846,-17.7775,0.00368413,-0.157599,0.272919
300,763,Circle,-31.4681,-32.9965,39.3192,0.158291,-1.3668,7.42235
300,764,Circle,-42.0443,14.6422,0.405966,6.51907e-07,2.09141e-06,1.00758
300,765,Circle,-37.5509,-19.3661,-26.7111,0.399359,-4.01068,-3.16095
300,766,Circle,-38.0666,-27.8479,1.58954,3.35479e-05,0.000114309,-0.00215353
300,767,Circle,-35.2567,-36.7155,-2.42191,-0.0663441,-0.0641385,0.17292
300,768,Circle,-25.4496,-33.3356,-14.4062,-5.83863,-4.46164,-1.18744
300,769,Circle,-6.8744,-39.5918,7.23234,-2.89123,0.117644,0.00457762
300,770,Circle,-36.1537,-39.5997,-5.68507,-0.00240475,-0.012528,0.0041123
300,771,Circle,-34.8568,-36.0513,-11.3858,-0.149044,-0.014299,0.0791492
300,772,Circle,23.4342,-5.09273,2.25252,-1.77654,-4.91923,1.1027
300,773,Circle,-38.4607,-18.332,14.3658,0.650297,-3.489,-1.11014
300,774,Circle,6.48829,27.9646,-22.7003,-1.18698,0.336542,-4.54257
300,775,Circle,4.04943,3.61981,-14.7966,-4.36099,-2.52616,0.414816
300,776,Circle,6.53161,-25.7314,28.0731,-4.56966,-5.87788,5.57095
300,777,Circle,-37.4033,-13.741,-5.4585,0.304546,-4.52228,1.00339
300,778,Circle,-35.9765,-36.6008,-3.28149,-0.0409474,-0.0284101,-0.069315
300,779,Circle,-18.966,-37.2771,-4.2222,-3.31035,-2.58049,0
300,780,Circle,-35.2953,31.7215,-0.000489947,-10.9129,-1.06936,0
300,781,Circle,-36.5977,-27.6806,3.31917,0.000924095,-0.000268593,-1.95136
300,782,Circle,-19.3998,5.41046,-4.62881,-4.55784,-3.96741,1.31858
300,783,Circle,-39.0895,39.62,-6.74867,1.83393e-06,5.32907e-14,-1.6968
300,784,Circle,-32.0056,38.7216,-27.3451,-9.2521,1.733,-7.46881
300,785,Circle,-39.5817,-23.2137,0.959976,-8.60338e-07,4.69405e-06,-8.27882e-06
300,786,Circle,-22.892,-35.7276,2.57087,-6.10119,-3.84935,3.29835
300,787,Circle,-24.5288,34.9922,-21.9138,-4.57638,3.0502,-5.74159
300,788,Circle,13.38,-39.6104,23.6361,-1.95494,0,5.01719
300,789,Circle,-0.133126,-36.9229,-0.0767985,-4.39661,-0.388829,0.915838
300,790,Circle,-29.7784,-38.9157,-6.24066,0.0086491,0.00201532,-0.00896424
300,791,Circle,-13.2949,-38.2343,-1.84213,-4.48715,-0.570237,0
300,792,Circle,-25.4597,-5.54723,-2.6123,-4.24621,-5.39308,-0.985751
300,793,Circle,-38.1727,-13.7789,-5.34753,0.293776,-4.31001,-1.66124
300,794,Circle,-39.6223,-14.1771,-7.69982,0.0785834,-3.17423,-3.0074
300,795,Circle,-39.641,-34.5181,-7.89713,1.16415e-10,-0.000723813,-0.00201681
300,796,Circle,-11.0465,26.0603,12.6754,-4.41963,0.73358,3.5706
300,797,Circle,-12.0844,-38.4611,-4.87856,-3.48129,-0.731798,-0.686685
300,798,Circle,-42.6366,36.7755,-7.0181,0,0,-1.40362
300,799,Circle,-28.3259,-37.9133,3.27987,0,0,1.23685
300,800,Circle,-23.1763,-5.00049,14.3371,-6.14744,-3.63166,3.77784
300,801,Circle,-30.6583,-20.705,6.13933,-4.22838,-5.51247,0
300,802,Circle,-25.2952,-36.9167,30.1515,-2.92295,1.99314,2.85625
300,803,Circle,-37.2429,-36.6042,16.2078,-0.0128744,-0.000515627,-0.00485172
300,804,Circle,-17.7599,-24.4957,9.8254,-7.25056,-4.37328,2.87145
300,805,Circle,-24.56,14.4187,-1.06625,-6.02643,-2.28904,-0.280775
300,806,Circle,17.6009,24.7691,0,-3.30334,-0.581193,0
300,807,Circle,-26.0897,-13.186,5.26761,-7.52036,-5.12055,3.63174
300,808,Circle,-23.3376,-3.71998,-12.7833,-5.37056,-4.09542,-2.44204
300,809,Circle,-34.9614,-32.5066,5.30582,2.27374e-13,-8.2423e-13,-4.17386
300,810,Circle,-37.2366,-4.82027,13.8085,0.555926,-3.01357,0
300,811,Circle,-32.6728,-35.3161,15.9206,0.25148,-0.324302,3.08552
300,812,Circle,-35.4979,-31.8902,-9.15014,0.0412257,-0.158955,-0.304267
300,813,Circle,-35.7118,-9.67544,2.36319,-0.658599,-3.80746,-0.915917
300,814,Circle,-38.2612,-32.4595,-11.3398,-0.00382637,-0.00154588,-0.0102447
300,815,Circle,-38.3632,-38.2941,25.8238,-0.0026134,-0.00282169,0.00220532
300,816,Circle,-42.605,15.451,-26.437,0,0,-6.83056
300,817,Circle,-31.9752,-37.5136,-3.85654,0.0445572,-0.0822583,-0.113763
300,818,Circle,1.04964,-21.1637,-4.94525,-4.43058,-4.96935,0
300,819,Circle,22.5293,-6.09776,-0.0129113,0.837219,-2.65217,0
300,820,Circle,-35.1051,2.75083,-12.911,-4.9492,-4.98972,-2.89411
300,821,Circle,-36.1604,-11.159,29.0965,-0.208913,-4.23652,9.84697e-07
300,822,Circle,-42.7574,-37.5826,42.4801,0,0,9.90068
300,823,Circle,-32.7598,-29.6597,42.6161,-5.73523,-6.32692,3.55854
300,824,Circle,-4.43707,-38.3403,-0.455399,-3.03386,0.174889,2.11162
300,825,Circle,-30.228,-13.3501,-11.4376,-5.37519,-4.91557,0
300,826,Circle,-7.75858,-38.8112,-22.4991,-4.10792,0.073925,0.71999
300,827,Circle,-0.649637,-34.1123,27.5239,-5.50898,-5.85147,6.27543
300,828,Circle,-37.5591,-32.726,-3.05829,-0.00834304,-0.0058708,-0.00849995
300,829,Circle,-39.6261,-6.24692,-6.69801,0,-2.11779,-2.60701
300,830,Circle,-27.1281,-35.4585,32.9601,-3.18803,-1.73545,4.61823
300,831,Circle,-3.29898,-36.434,4.99018,-2.4985,-1.07625,-2.42071
300,832,Circle,-32.469,-27.6244,-8.0552,-6.08428,-6.52477,-3.9302
300,833,Circle,-21.4192,-39.4023,16.5514,-1.42535,0.0427582,3.78623
300,834,Circle,3.79398,-28.0739,1.40967,-5.30517,-5.18622,1.61347
300,835,Circle,-31.1887,-37.6509,8.2031,0.0616616,0.0414279,1.07169
300,836,Circle,-1.73514,-15.652,14.9495,-4.51388,-6.63031,3.30984
300,837,Circle,14.5398,12.3017,1.04157,-1.24642,-1.41045,0.93297
300,838,Circle,-38.2116,-29.5041,1.89109,0.000105024,-0.000274042,8.05633e-05
300,839,Circle,-37.3139,-34.4814,3.71979,-0.0050108,0.00190623,0.00825235
300,840,Circle,-4.41389,-37.5472,4.89178,-4.03129,0.231944,0
300,841,Circle,-41.9855,25.505,0,0,0,0
300,842,Circle,-12.5877,-37.8448,13.9212,-4.32151,-1.03402,0
300,843,Circle,-1.95151,-13.6366,24.7492,-2.5222,-5.73412,8.23215
300,844,Circle,-6.18746,31.4416,23.563,0,0,4.44285
300,845,Circle,-23.7202,-29.2149,-1.84394,-4.19842,-4.50653,0
300,846,Circle,-36.7626,-4.18154,8.18913,0.447134,-2.93204,2.0771
300,847,Circle,-32.8165,2.73389,-1.55315,-5.44063,-3.00767,-1.08308
300,848,Circle,-39.6472,-36.7169,-10.9636,-1.61724e-05,4.59137e-05,-3.51895e-05
300,849,Circle,-38.8348,-13.3534,0.500703,-0.0884005,-4.06857,0.920215
300,850,Circle,-36.4711,-22.4074,4.86261,0.773082,-1.26394,0
300,851,Circle,-2.87869,-33.0195,23.7474,-6.40707,-5.72815,6.04249
300,852,Circle,-39.6205,-24.7382,-17.6065,9.09495e-13,-6.14607e-07,-1.61922e-06
300,853,Circle,-31.8962,0.821194,-5.4081,-5.4847,-3.33891,-1.02733
300,854,Circle,-35.6482,-14.4164,6.87933,-2.80577,-7.29454,-2.39114
300,855,Circle,-12.5211,-6.48766,9.06501,-3.64119,-4.63733,1.93403
300,856,Circle,-13.5112,-34.7718,9.28869,-2.94806,-3.70079,1.88262
300,857,Circle,-35.452,-34.8309,-23.4277,-0.00550203,-0.00948407,-0.0131276
300,858,Circle,-38.9498,-29.0177,5.95834,-0.000962213,0.00636195,0.000129577
300,859,Circle,13.7193,5.61906,-24.9404,-3.32576,-2.66728,-5.5188
300,860,Circle,-12.0324,-28.2807,12.7222,-7.00324,-4.2504,1.50222
300,861,Circle,-30.2087,-7.86593,-19.2207,-5.24758,-4.14846,-5.55742
300,862,Circle,-17.4338,-33.3504,20.3743,-4.54616,-1.58253,4.52409
300,863,Circle,5.10587,1.66572,-20.9668,-3.61407,-3.28932,-3.79035
300,864,Circle,-29.4861,0.272829,-11.2647,-4.71615,-3.78264,-2.59668
300,865,Circle,-32.4777,35.7646,0,-3.1,1.3,0
300,866,Circle,-35.9719,-6.80301,6.43363,-0.0749021,-3.8754,1.6518
300,867,Circle,-6.11923,-29.5178,-8.10229,-4.74974,-5.28579,-1.5673
300,868,Circle,-39.62,20.8413,1.11284,0,0,0
300,869,Circle,-3.95712,-36.9073,0.651693,-3.62295,-0.046791,-1.3725
300,870,Circle,-36.79,-7.0811,4.00746,-0.66978,-3.31732,0
300,871,Circle,-24.6346,38.4899,-27.6822,-3.54651,-0.500034,-8.45469
300,872,Circle,-31.3238,-38.9106,1.00311,0.0251753,-0.0317739,-0.00513366
300,873,Circle,-8.49324,-1.21517,-14.3721,-5.42512,-3.46468,-5.04242
300,874,Circle,23.4041,-38.6411,0.0574143,-2.96923,-11.1879,1.14829
300,875,Circle,-25.0086,-39.6251,2.41092,-0.134984,0.0564101,0.14001
300,876,Circle,-37.3746,-12.914,-19.8518,-0.0626377,-4.52196,0.1683
300,877,Circle,-20.189,-12.3447,8.488,-5.99737,-1.38809,2.06783
300,878,Circle,-39.5992,-25.501,3.87823,2.18734e-06,-1.45424e-05,-1.77524e-05
300,879,Circle,-31.6476,-34.8507,-8.52575,-1.19594,0.960647,1.97108
300,880,Circle,-19.212,-30.0393,11.2563,-4.0266,-4.80339,1.70548
300,881,Circle,-37.3903,29.2406,18.2006,-0.499474,-1.74076,5.47711
300,882,Circle,-32.8098,-0.86665,60.4643,-5.46111,-4.08081,10.0687
300,883,Circle,-35.4476,-26.8229,-13.8849,0.694721,-1.24772,0.976041
300,884,Circle,-36.7292,-13.3647,0.166622,0.163728,-4.18707,-0.552458
300,885,Circle,-42.247,-24.6344,-15.8187,0,-2.7064,-4.79508
300,886,Circle,-39.6365,-31.5639,-29.3304,-1.86265e-09,-0.00666682,-0.0183465
300,887,Circle,-36.9426,-32.2807,-28.6342,-0.00563905,-0.0208762,-0.0325313
300,888,Circle,-20.0215,26.6691,3.98337,-5.65919,-0.799913,0
300,889,Circle,-3.96662,-25.9957,-16.8997,-5.11882,-1.87181,-0.989449
300,890,Circle,-29.1341,-18.093,1.70627,-5.64664,-5.59852,0.971074
300,891,Circle,37.7812,-38.0961,-27.7003,-1.03478,-2.09175,-4.96262
300,892,Circle,-14.0444,-39.62,26.8725,-3.17344,1.11759e-08,5.86138
300,893,Circle,9.26725,-27.8604,-9.78814,-3.28556,-4.80594,-2.69234
300,894,Circle,-34.2283,-32.833,-4.78179,-1.05553,-2.61536,0.0566652
300,895,Circle,-41.9072,-22.404,-11.8609,0,-2.5191,-4.21302
300,896,Circle,-2.93177,-35.6271,-6.28631,-0.721936,-0.74492,-2.44103
300,897,Circle,39.6094,-37.9807,-6.10888,-0.0322329,-1.14287,-1.20636
300,898,Circle,-23.3826,-30.2353,-19.6918,-4.51471,-5.11953,-4.00081
300,899,Circle,11.5377,-39.62,19.963,-1.56473,0,4.12713
300,900,Circle,5.5253,-27.1815,-9.23451,-4.50954,-5.10262,-3.58223
300,901,Circle,1.4082,8.75567,-22.6538,-4.07677,-1.62843,-4.9148
300,902,Circle,-7.17367,9.99741,-19.5756,-5.50614,-2.20209,-6.86474
300,903,Circle,-29.9527,-35.2172,-15.307,-0.766058,1.57253,-1.37323
300,904,Circle,-33.2501,-38.0675,12.9949,-0.034956,-0.13072,0.153516
300,905,Circle,-38.7814,-19.6774,-11.8259,0.423328,-3.33317,-1.81153
300,906,Circle,-37.4027,-7.60937,0.487165,-0.489344,-3.36228,-1.47501
300,907,Circle,-11.4465,-37.9791,0.454843,-3.20868,-1.11902,-0.470124
300,908,Circle,-37.9936,-22.219,20.2007,0.215553,-1.15764,0.0109986
300,909,Circle,-38.8986,-23.6065,-6.84871,2.20872e-07,1.00406e-05,1.93872e-07
300,910,Circle,-36.6747,-28.4581,-3.88956,0.000206355,-0.000197691,2.37996
300,911,Circle,-34.8004,-29.9442,4.48404,1.21864,-0.700997,3.02065
300,912,Circle,-14.2531,-37.689,2.10142,-3.9162,0.182605,0.556876
300,913,Circle,-38.9949,-37.8933,-13.9866,-0.00158658,-0.00115284,0.000416309
300,914,Circle,-23.4699,-37.3361,5.05555,-3.58014,0.621358,1.62428
300,915,Circle,-12.7645,-37.0681,-19.6402,-3.86036,-0.847422,-1.07673
300,916,Circle,-36.7497,-19.4571,0.631221,0.532702,-4.04539,3.19137
300,917,Circle,-38.3925,-3.89255,6.60669,0.295942,-2.8126,-1.99502
300,918,Circle,-2.59337,-37.8506,31.1971,-3.7891,-0.655121,2.52107
300,919,Circle,-29.4597,-39.6236,10.3563,0.00609642,-0.000545842,0.0113873
300,920,Circle,-37.4291,-31.6873,-19.6086,-0.000781718,-0.0136495,0.0166212
300,921,Circle,-28.725,-39.571,19.004,-0.000110565,0.00280629,-0.00427565
300,922,Circle,-17.689,1.47671,1.34403,-2.12956,-4.10097,1.02147
300,923,Circle,-5.73428,-15.9656,-21.4801,-2.05822,-8.14084,-3.04064
300,924,Circle,-36.4872,-23.9813,-14.829,1.249,-1.29716,-1.44978
300,925,Circle,-39.6201,-17.3133,-10.9117,0,-3.40425,-6.0069
300,926,Circle,-11.0755,-37.2735,-3.22104,-3.65118,-0.573757,2.09833
300,927,Circle,-2.50251,-39.6085,21.7984,-3.19134,0.0600354,2.514
300,928,Circle,-10.6617,-4.36424,-9.24557,-4.16028,-4.32864,-2.48887
300,929,Circle,-23.2966,-38.0956,-5.56014,-1.42031,1.11085,4.11341
300,930,Circle,-37.8637,-37.7455,-0.730203,-0.0112777,-0.0054572,0.00155364
300,931,Circle,-36.8432,-11.532,15.776,-0.205253,-4.24321,9.29795e-07
300,932,Circle,-37.5693,-10.75,-26.4075,-0.115258,-3.85407,0
300,933,Circle,-30.273,-14.1355,9.47994,-5.32369,-4.91954,2.90136
300,934,Circle,-15.6656,-12.0262,11.3974,-6.76966,-3.11155,2.12722
300,935,Circle,-38.2412,-36.4021,-6.78409,-0.00155815,0.00124039,-0.00233658
300,936,Circle,-15.8843,-30.5612,6.01127,-7.08583,-4.62726,2.88623
300,937,Circle,-18.6467,-36.5753,-11.7915,-2.67885,-2.00926,-1.32118
300,938,Circle,-32.4858,-38.1789,-4.6692,0,0,2.0356
300,939,Circle,-22.8367,-39.2467,22.6624,-0.810572,0.821237,0.984782
300,940,Circle,-2.60992,18.5958,20.3637,-5.3431,-0.820886,4.04678
300,941,Circle,-38.9148,21.2533,-7.03451,-7.33919e-07,8.81875e-07,1.67785e-06
300,942,Circle,-31.4036,-19.3492,6.29935,-2.1087,-3.645,0
300,943,Circle,-33.1218,-33.9001,-7.10797,1.0604,-0.576156,1.3207
300,944,Circle,-9.79768,-38.6246,-0.179088,-3.47539,-0.202746,0.0223879
300,945,Circle,-39.6187,-15.7446,0.142021,0.0161606,-3.40507,-4.38213
300,946,Circle,-34.654,-39.621,-9.41579,-0.000447821,0,-0.000402694
300,947,Circle,-26.6232,11.4718,-8.774,-7.12336,-3.22344,-2.10143
300,948,Circle,-36.7333,-30.7998,0.243832,-0.100903,-0.0548209,-0.105486
300,949,Circle,-34.7378,-34.5335,10.2106,-0.00715674,-0.00703257,0.0192749
300,950,Circle,-35.6177,-35.922,7.08454,-0.106255,0.000327897,-0.099852
300,951,Circle,-39.6219,-27.1406,-2.79656,-2.91038e-11,0.000435371,-0.000470654
300,952,Circle,-30.1044,-37.2454,18.6015,-0.367384,0.876204,0
300,953,Circle,-37.4309,-28.3079,-14.3476,-7.60463e-05,-0.00163548,0.000489556
300,954,Circle,-42.8477,-28.0474,-8.00478,0,-1.25652,-2.18888
300,955,Circle,-23.2663,-14.1584,-0.774537,-7.8026,-2.60938,0.54434
300,956,Circle,-35.5074,-12.4092,-31.6337,0.173484,-4.16078,-0.016429
300,957,Circle,-39.6176,-0.595422,-2.40035,0.178792,-1.15262,-3.79545
300,958,Circle,-38.0552,8.18799,0.00229273,1.37981,-1.52733,-3.32552
300,959,Circle,39.5493,-36.2679,6.16097,0,0,3.22257
300,960,Circle,-33.626,-27.6231,-1.02346,-7.61656,-4.99346,0
300,961,Circle,-38.9209,-10.3122,12.7808,-0.304017,-3.61716,-1.39721
300,962,Circle,-15.9537,-14.3262,14.2489,-5.56748,-3.74237,3.37126
300,963,Circle,28.9384,-38.9029,12.6704,-1.71481e-06,2.05923e-06,2.2059
300,964,Circle,0.852311,-38.2348,-0.725858,-3.08513,0.154205,0
300,965,Circle,5.04001,-24.8082,-7.72372,-4.90341,-4.13514,3.26126
300,966,Circle,-39.6333,-33.7886,-6.98447,-0.000203026,-0.00098658,0.000741627
300,967,Circle,-37.0653,-3.44307,-24.4534,0.615401,-2.8623,-2.52127
300,968,Circle,-34.1554,-5.49353,0.924143,-5.10139,-4.11794,1.26597
300,969,Circle,-37.3111,-1.47754,-1.17365,0.382494,-3.6818,0
300,970,Circle,-38.9934,-26.6833,-0.343702,0.000210533,2.96551e-05,8.61135e-06
300,971,Circle,-23.1078,-31.8141,-0.166784,-5.65578,-4.22269,0
300,972,Circle,-39.6097,-5.45931,-17.0969,0.0452908,-2.11871,-4.28011
300,973,Circle,-35.0392,-10.1074,-4.9602,-0.671848,-3.83737,-1.19556
300,974,Circle,-19.123,-39.4034,24.6204,-2.16048,1.4135,-0.278659
300,975,Circle,-31.8567,-35.6427,16.4188,0.225578,0.070076,2.46526
300,976,Circle,-34.2303,-28.1957,18.1184,2.03009,-3.09107,3.99985
300,977,Circle,-25.1108,-36.1673,-4.19045,-2.46019,-1.31067,0
300,978,Circle,-34.8001,-30.7218,-16.853,0.674764,-0.723633,-3.31329
300,979,Circle,-33.637,-38.8452,1.23799,0.00196203,-0.00886427,0.0146852
300,980,Circle,3.14483,-34.0033,-3.12348,-3.13171,-4.60244,0
300,981,Circle,1.28193,-39.5619,26.4067,-2.96244,0.248933,5.83131
300,982,Circle,-33.5164,-42.5215,0,-4.6392,0,0
300,983,Circle,-42.391,-27.4152,19.4375,0,-1.25651,3.47545
300,984,Circle,-27.3587,-14.8037,-6.33836,-6.31679,-6.24908,0
300,985,Circle,-33.9821,-26.6552,0.722867,-7.31618,-4.98071,0
300,986,Circle,-36.6242,-31.571,-7.45883,-0.0269009,-0.0442765,0.101081
300,987,Circle,-26.8781,-36.6218,0.601286,-2.99569,0.633105,3.6117
300,988,Circle,-38.1385,-1.01713,-1.21462,0.224163,-3.2093,1.02501
300,989,Circle,11.1039,-23.2579,1.4112,-1.95014,-5.46552,0
300,990,Circle,29.1053,-35.861,0.00722477,-0.73828,-7.61935,0
300,991,Circle,-36.7915,-10.7009,-17.2071,-0.0888643,-4.04757,0
300,992,Circle,-27.223,-37.3964,5.44272,-1.37311,0.318691,-1.9645
300,993,Circle,-24.6061,39.3218,-31.2551,-4.05254,-0.328217,-9.72488
300,994,Circle,-36.0119,-30.4976,8.49491,-0.0530607,-0.306093,-0.494597
300,995,Circle,-4.2267,-11.116,26.7261,-3.99484,-5.4199,3.02757
300,996,Circle,-19.9745,-38.7279,16.9943,-3.96549,0.24965,1.39542
300,997,Circle,-17.968,12.4263,50.9796,-6.31042,-1.68719,7.62191
300,998,Circle,-38.0331,-0.1879,-3.3284,-2.11892,-2.07396,0.0735483
300,999,Circle,-2.48104,15.103,8.86666,-3.51521,-2.54827,2.92458
300,1000,Circle,-27.2004,-38.8414,-1.0667,-0.0587478,-0.0107178,-0.0927241
300,1001,Circle,-38.5098,-6.6835,8.68065,0.0572,-2.61223,-4.05318e-05
300,1002,Circle,-1.65871,-37.9696,-14.1966,-3.16931,-0.0697099,0
300,1003,Circle,-8.10395,-27.3179,5.14354,-4.95297,-1.38026,-2.87787
400,0,Box,0,42.5,0,0,0,0
400,1,Box,0,-42.5,0,0,0,0
400,2,Box,-42.5,0,0,0,0,0
400,3,Box,42.5,0,0,0,0,0
400,4,Circle,-31.0105,-36.2918,2.21586,-0.000133946,0.000129908,0.000100321
400,5,Circle,-25.7231,-38.8539,-4.9786,0.015767,-0.0254886,-0.040956
400,6,Circle,-5.38431,-39.62,5.36838,-2.09933,0,2.26379
400,7,Circle,23.7243,-39.2227,5.08486,-0.439326,-0.580236,2.96386
400,8,Circle,-38.9166,-10.7455,-0.258501,0.0373221,-0.380251,0.0295852
400,9,Circle,-38.9595,-33.4638,-2.64733,-7.09227e-05,3.18201e-05,-0.000108675
400,10,Circle,-31.2461,-35.1513,11.646,-0.000262032,0.000159873,-0.000147868
400,11,Circle,16.6958,-38.3092,4.87598,-1.54502,0.698687,1.97414
400,12,Circle,-36.4344,-25.4877,9.30997,-0.00222919,-0.00312931,0.00577484
400,13,Circle,-34.6759,-35.3913,-7.14464,-0.000393463,-0.00205257,0.00239964
400,14,Circle,-38.734,-9.19848,22.9468,0.804762,-0.852802,2.04854
400,15,Circle,-19.2533,-39.5976,5.51369,-0.000244856,-0.00872128,0.013088
400,16,Circle,-35.9013,-7.54539,3.56709,0.767777,-2.34862,0.00503948
400,17,Circle,-38.007,-24.7757,17.3715,-0.000106823,-0.00179581,0.000977647
400,18,Circle,-37.3538,-27.4971,7.36732,5.20488e-06,-8.51368e-06,1.7467e-05
400,19,Circle,-3.35308,-38.8092,41.5893,-2.70605,0.376693,-1.65215
400,20,Circle,-13.7656,-35.4064,-2.22682,-2.46395,-1.81862,-2.57695
400,21,Circle,-32.1673,-33.5576,-15.3426,0.00790806,-0.0105427,0.038543
400,22,Circle,-8.11118,-38.8687,-6.51413,-3.65765,-0.436074,-0.852479
400,23,Circle,-25.5944,-8.32962,-21.8552,-3.14333,-4.40501,-3.86749
400,24,Circle,-24.2828,-38.0762,25.5395,-0.000422753,0.000112672,0.00203991
400,25,Circle,-35.4543,-11.8708,-0.67323,0.680172,-2.17358,1.2892
400,26,Circle,-30.2549,-36.4701,16.0642,-2.84217e-14,7.10543e-15,0
400,27,Circle,-34.4579,-26.0079,9.4993,1.08259,-2.00909,-2.37967
400,28,Circle,-3.47609,-39.62,27.9771,-1.98715,6.98492e-10,5.22948
400,29,Circle,-32.0898,-38.931,2.32699,-2.1248e-06,2.29428e-06,4.08859e-06
400,30,Circle,-34.2152,-31.247,16.2016,-0.0183342,-0.00276869,-0.0392609
400,31,Circle,-33.1684,-34.7267,-3.83091,-0.000148253,-0.000225229,-0.000387412
400,32,Circle,-14.1138,9.78356,26.2085,-4.97835,-1.485,4.67569
400,33,Circle,-38.0469,-14.2065,6.08014,-0.104949,-0.184289,-2.42494
400,34,Circle,2.08711,-32.0549,-0.260433,-2.41288,-5.04996,0
400,35,Circle,-34.9411,-10.3548,10.312,0.409368,-1.93729,-0.954717
400,36,Circle,-12.9801,-38.2948,-0.529771,-2.91242,0.104037,0.0495591
400,37,Circle,-38.9155,-30.452,4.75745,-3.61521e-05,1.17775e-05,-3.09133e-05
400,38,Circle,-37.6527,-33.7473,20.0724,-0.000306047,-0.000314786,-0.000451067
400,39,Circle,4.50869,-36.7575,-16.4416,-1.80413,-3.15683,1.6705
400,40,Circle,-14.8192,-39.5101,18.2784,4.62411e-05,5.33883e-06,5.95536e-06
400,41,Circle,-34.8296,-29.8523,-20.1126,-0.00139663,9.3426e-05,0.000742654
400,42,Circle,-38.8662,-18.3224,-1.40376,-0.0162338,-0.00678782,-0.0518307
400,43,Circle,-9.38192,19.1665,9.39477,-4.18385,-0.208003,-1.04198
400,44,Circle,1.87894,-36.193,52.5624,-5.06835,-2.31275,9.5793
400,45,Circle,-9.02037,-36.5507,-31.3461,-4.21419,-2.40279,-4.32209
400,46,Circle,-36.9306,-20.8287,2.35447,0,1.33227e-15,0
400,47,Circle,-39.1976,24.5401,61.8639,0.303581,-0.92692,5.68149
400,48,Circle,-29.8521,-35.8085,17.9557,-0.000501382,0.000838807,0.00165683
400,49,Circle,-36.5979,-14.316,-10.0641,0.209742,-2.15826,-0.0394168
400,50,Circle,-5.52836,-30.564,-1.27619,-5.19381,-3.38867,1.29387
400,51,Circle,-35.415,-23.3342,-3.36462,-0.0741339,-1.70111,-1.39921
400,52,Circle,-38.1773,-12.6322,-25.0847,0.412087,-1.0815,-2.6428
400,53,Circle,17.6415,-39.613,-10.1189,0,0,0.931624
400,54,Circle,-8.46446,7.99447,11.5494,-4.68292,-1.31563,1.95381
400,55,Circle,-35.9384,35.8474,-6.32882,1.3952,-0.41896,-1.65476
400,56,Circle,-36.1371,-35.3421,38.2612,-0.00133248,-0.000748706,0.000846166
400,57,Circle,-11.8516,-37.4507,-0.288561,-3.05879,0.0112319,-0.800182
400,58,Circle,-33.0839,3.42183,1.57924,-4.88259,-3.03688,0
400,59,Circle,-39.6233,-12.5311,-19.5833,-9.31323e-10,-0.0608462,-0.161589
400,60,Circle,-28.3784,-36.1731,-15.2619,-0.00119073,0.00728824,0.00729711
400,61,Circle,-32.5261,-21.3604,21.4825,-1.04478,-5.52718,-3.81842
400,62,Circle,-32.0266,-32.6951,39.8558,0,0,0
400,63,Circle,-27.1719,34.3362,-65.1562,-5.49343,-1.3907,-11.4365
400,64,Circle,-14.346,-37.1788,6.70511,-4.28525,-0.125235,0.948346
400,65,Circle,-32.1431,-16.7721,-9.11872,-1.44773,-3.35835,3.47688
400,66,Circle,-39.62,-7.78352,-8.122,-2.23517e-08,-1.57342,-2.25857
400,67,Circle,-10.7074,20.5713,-21.8814,-4.01296,-0.495248,-3.80759
400,68,Circle,-32.6849,-22.2247,-36.5001,-1.24948,-2.38709,-6.13835
400,69,Circle,-26.0078,23.7482,0.993121,-4.67437,-1.28144,0
400,70,Circle,-38.2426,-0.720004,-7.06695,0.657846,-2.00543,0
400,71,Circle,-19.5104,-37.4749,-4.22896,-0.900407,1.57906,-2.09343
400,72,Circle,-34.6903,-18.9816,16.5771,1.93588,-1.74985,-0.588373
400,73,Circle,-10.1877,-36.2331,11.6636,-3.22553,-0.275908,0.014124
400,74,Circle,-37.3012,-13.9656,-4.83499,0.337819,-1.63552,-1.39644
400,75,Circle,-24.6802,-37.3815,-9.33447,-1.36424e-12,1.81899e-12,-1.21149
400,76,Circle,-39.6201,-1.58394,-9.87477,2.80345e-06,-1.39168,-2.1062
400,77,Circle,36.6226,6.50743,-38.183,-0.7776,-3.12175,-4.3672
400,78,Circle,-38.7667,-19.8247,-0.253156,-0.0399895,-0.0500934,0.123823
400,79,Circle,-23.1748,-37.1293,-3.93676,0.0133602,-0.0089714,-0.043499
400,80,Circle,-20.6932,-39.6026,-19.0325,-0.000221111,3.86318e-05,0.000230991
400,81,Circle,-9.19709,-37.5254,-15.6294,-3.09339,0.182352,-0.274401
400,82,Circle,-38.6437,13.2803,0.172244,-1.55875,-2.78544,3.80032
400,83,Circle,-33.7535,-34.1304,17.7578,-0.0035549,-0.00430098,-0.00801088
400,84,Circle,-39.2274,1.43968,8.17296,-0.321572,-1.6228,3.99741
400,85,Circle,7.86232,-38.1688,7.28148,-1.86755,-0.0154791,2.28439
400,86,Circle,-19.7215,-9.8187,10.3918,-4.48728,-3.5669,0.88945
400,87,Circle,-34.4921,-27.6013,-15.7028,-0.0567842,-0.0281083,1.31873
400,88,Circle,-13.677,-34.6715,-23.661,-1.65921,-1.48079,0.802977
400,89,Circle,-32.9115,-15.1436,6.41021,0.336509,-5.29467,0.584872
400,90,Circle,-9.45051,-39.6076,24.7349,-2.24744,8.9407e-08,5.72677
400,91,Circle,-31.4658,-33.2127,-4.4465,0.00133347,0.00124506,-0.00249653
400,92,Circle,-39.6411,-38.2254,-1.35484,7.10543e-15,-7.07396e-07,-4.20081e-07
400,93,Circle,-9.34157,10.7399,-23.7211,-4.36156,-1.09595,-5.14527
400,94,Circle,-20.953,-6.17518,-32.6285,-5.64657,-4.39932,-4.11167
400,95,Circle,-36.7407,-12.7436,-2.8631,0.643467,-2.07074,0.40172
400,96,Circle,-35.614,-17.2676,12.5502,0.777201,-1.97326,0.0972162
400,97,Circle,-42.2295,23.23,0,0,0,0
400,98,Circle,32.8041,-39.62,6.32129,0,0,1.39997
400,99,Circle,-36.4308,-32.8973,-14.0306,-0.000940669,-0.000267555,-0.00044659
400,100,Circle,-38.1909,25.6402,-22.3409,0.696177,-1.60278,-2.34658
400,101,Circle,2.68076,-24.4646,-48.5209,-2.02004,-7.27301,-8.3167
400,102,Circle,-38.8017,-6.91735,-12.3499,-0.563956,-1.25884,-0.548618
400,103,Circle,-17.8069,-14.6254,23.1461,-5.25238,-5.44673,3.87145
400,104,Circle,-20.4962,-9.02355,36.2357,-4.49478,-4.13511,3.92683
400,105,Circle,-35.6464,-14.622,-8.89335,0.496211,-1.92658,-0.692541
400,106,Circle,-13.9404,-18.6526,1.12516,-3.93316,-4.8326,0
400,107,Circle,-38.7182,-28.2217,7.32796,-5.69115e-05,-4.89321e-05,0.000136548
400,108,Circle,-37.371,-7.79749,-11.2207,0.824301,-1.92334,0.0140673
400,109,Circle,-39.6219,-32.3158,6.72993,-3.63798e-12,-1.80624e-06,-4.77712e-06
400,110,Circle,-28.0786,-36.8847,3.15629,-0.00292364,0.0111823,-0.0144629
400,111,Circle,-38.7017,33.7439,-43.0373,0.210602,0.182752,-3.50999
400,112,Circle,-2.91237,-28.1968,1.5584,-4.21772,-4.94715,0.447641
400,113,Circle,-38.6702,-19.0665,0.0739378,-0.162472,-0.0349236,0.202857
400,114,Circle,-14.8501,-37.8191,-2.26132,-3.07874,-0.0156555,-1.32404
400,115,Circle,-26.5398,35.2893,-10.0453,-5.45914,-1.01181,0
400,116,Circle,-21.3903,-38.0581,-27.5429,-0.00308414,-0.00352153,0.0158915
400,117,Circle,-13.4895,-16.3953,3.38721,-3.70287,-4.36393,0
400,118,Circle,-36.1684,-17.8113,18.57,0.570445,-1.80634,-0.828957
400,119,Circle,-0.353299,-29.5773,58.8658,-4.35627,-5.88138,6.17059
400,120,Circle,-33.8981,-21.0846,4.07258,-0.711769,-1.05236,-1.28926
400,121,Circle,-39.6516,-21.9347,-24.8316,-0.000778338,-0.00196503,-0.00329835
400,122,Circle,-38.1232,-7.3749,-0.460771,0.278175,-2.08509,-1.48183
400,123,Circle,-35.2921,-12.6996,-7.14245,0.543234,-2.19089,-1.66304
400,124,Circle,-28.3427,39.3541,4.43123,-7.14945,1.04095,2.63242
400,125,Circle,-35.8889,-20.7403,12.1738,0.693635,-0.429697,0
400,126,Circle,-5.7106,-38.8379,4.76709,-2.90967,-0.250482,-0.0984935
400,127,Circle,-16.1149,-35.367,-10.6206,-5.08545,-0.703442,-3.68433
400,128,Circle,21.3558,-38.871,4.16334,0,0,1.21329
400,129,Circle,-10.9297,-35.7187,7.9404,-5.53628,-2.14611,0
400,130,Circle,-34.7066,-19.746,1.99039,1.8566,-1.66901,0.426933
400,131,Circle,-38.8719,-9.96396,-8.06835,0.784792,-0.69899,-2.08235
400,132,Circle,-10.9073,15.0238,3.25234,-5.42349,-0.948242,0.511205
400,133,Circle,-16.8952,-35.222,10.6488,-4.99032,0.320858,1.12911
400,134,Circle,-36.5308,-20.2228,8.60534,0.751708,-0.429363,-2.69729
400,135,Circle,-28.1635,-34.6499,5.63004,-1.59878,0.68302,0
400,136,Circle,2.82058,15.8045,-35.0504,-1.7187,-2.51997,-4.87728
400,137,Circle,-39.6203,39.0455,0.710985,1.12584e-16,-1.03204e-15,1.75321
400,138,Circle,-33.5455,-17.7119,-2.14359,0.143422,-3.13336,-2.82901
400,139,Circle,-35.9835,-28.8962,13.2937,-0.000298321,0.000103932,0.000392713
400,140,Circle,-39.6258,-22.6737,-13.916,-9.31323e-10,-0.00833895,-0.0222669
400,141,Circle,-38.8124,-6.14338,12.2021,-0.0796546,-1.26314,-0.103365
400,142,Circle,-4.2373,-38.0193,-0.125167,-3.17456,0.0782796,2.43963
400,143,Circle,9.4997,-38.3216,-10.4708,-1.31412,-1.13697,-1.86701
400,144,Circle,3.5981,-36.3646,11.3,-3.54845,-4.05126,2.82401
400,145,Circle,-35.2895,34.7752,46.2328,0,0,8.22507
400,146,Circle,-7.49943,-37.4759,-28.4097,-2.89096,-0.463066,0.0717074
400,147,Circle,-7.28183,1.73764,38.1395,-3.1999,-4.00434,3.78795
400,148,Circle,-36.7367,-10.0921,13.9389,0.399692,-1.48363,0.0154298
400,149,Circle,-38.2312,-35.5463,7.32292,-3.66309e-05,-3.00593e-05,-4.83908e-05
400,150,Circle,-31.9617,-8.52168,-17.8005,-4.09865,-4.62356,-4.00676
400,151,Circle,-34.9555,-14.2576,-1.01961,0.415387,-2.15311,0.156325
400,152,Circle,-24.6411,-34.6872,2.37428,-2.43635,1.06049,-3.29028
400,153,Circle,-32.9446,-27.0356,8.02438,1.97267,-2.15049,-1.06258
400,154,Circle,-23.9054,-37.3904,-1.14944,-5.45697e-12,-1.90994e-11,1.14106
400,155,Circle,30.4603,-41.913,22.6912,0,0,3.54551
400,156,Circle,-34.6823,-31.8503,-9.81853,-0.00598162,-0.00156761,0.007548
400,157,Circle,-30.7819,-38.1934,-0.589466,-0.00152637,-0.000538211,-0.00159651
400,158,Circle,-20.8708,-37.5065,-0.255971,-0.593962,0.554958,2.22196
400,159,Circle,-27.2404,-35.8285,-37.0198,0.000177927,0.000349513,0.000563477
400,160,Circle,-37.3465,-14.8922,6.13078,0.615533,-1.28415,0
400,161,Circle,-39.4654,32.0874,-21.0465,0.319064,-3.10731,-8.95133
400,162,Circle,-37.4583,-25.3222,-7.70851,-3.59234e-05,-0.000391802,0.000379812
400,163,Circle,-13.0838,-28.1035,-0.056211,-4.49378,-6.20474,0
400,164,Circle,-29.3113,-37.4591,-6.87038,-0.000494225,-0.000372164,0.00110659
400,165,Circle,25.9923,-5.68986,15.9696,-0.658359,-3.11833,3.72832
400,166,Circle,-23.5211,-38.1331,-2.37465,-0.000496285,-0.000870286,-0.00495571
400,167,Circle,-37.2928,-8.57208,4.91489,1.25036,-1.88087,-0.00578635
400,168,Circle,-38.1856,-31.6586,-2.65037,-6.63673e-05,3.89104e-05,6.67765e-05
400,169,Circle,-3.36056,-38.0133,-29.2167,-2.8553,-0.55078,-2.68073
400,170,Circle,-37.1856,-24.1557,12.9012,0.00153188,-0.00250224,0.00174133
400,171,Circle,-30.0706,-35.0527,1.37455,1.29594e-05,-1.6236e-05,2.78118e-05
400,172,Circle,-12.2347,-38.579,-7.67212,-3.12325,-0.553002,-0.80795
400,173,Circle,-10.0161,-34.5418,24.7164,-3.74581,-3.42069,3.91348
400,174,Circle,-15.008,-19.4694,6.82335,-3.4209,-5.04214,2.21774
400,175,Circle,-11.0788,-37.5466,-7.38687,-3.12411,-0.334668,-0.0645066
400,176,Circle,-38.1404,-13.4409,-3.69261,-0.0913609,-0.148948,-2.27388
400,177,Circle,-37.0396,-22.9124,-2.45655,-0.00387084,-0.0146899,-0.0905311
400,178,Circle,-16.206,-6.60402,8.98933,-6.05171,-1.07123,1.61485
400,179,Circle,-36.6721,-38.8688,-11.2643,-2.41211e-06,-1.75389e-06,-1.77605e-06
400,180,Circle,-37.0381,-38.1777,9.23631,-1.78235e-06,-5.8572e-07,1.05898e-06
400,181,Circle,-11.4575,-36.7397,12.5504,-2.94939,-0.0532194,-0.804582
400,182,Circle,-25.8174,-38.0864,-1.25288,0.00305323,-0.0413717,0.0979993
400,183,Circle,-38.873,20.4631,-7.71414,-3.59701e-08,-1.47857e-07,-0.711687
400,184,Circle,-35.0501,-15.1298,17.3254,0.333295,-2.46859,1.02255
400,185,Circle,34.6529,-34.3981,17.2402,0.875665,1.12892,2.45024
400,186,Circle,-6.13561,-32.8527,-24.7368,-5.26525,-3.8135,-3.22259
400,187,Circle,-32.4682,-23.5314,1.02139,0.0579634,-2.97453,2.6539
400,188,Circle,-38.3707,-33.9325,11.834,-0.000356247,-0.000119523,-6.19961e-05
400,189,Circle,21.098,-39.6156,4.80226,0,0,0
400,190,Circle,7.01193,19.8683,-30.9443,-3.27705,-1.16974,-5.71719
400,191,Circle,-19.6238,-36.6528,5.36441,-1.60698,1.84683,-1.6083
400,192,Circle,-26.4558,-35.9716,-6.86594,6.82642e-06,1.18587e-05,1.96592e-05
400,193,Circle,-7.85247,-39.6175,34.9861,-2.00061,0,5.22999
400,194,Circle,-38.5345,-21.2716,-19.3519,0.00499028,-0.0132757,-0.0168093
400,195,Circle,-33.9896,-38.2118,-0.872878,-8.06856e-06,-1.74582e-06,8.86131e-06
400,196,Circle,-38.8737,-8.44173,-10.0996,0.0902708,-1.12014,-0.366721
400,197,Circle,-35.8137,-8.32421,-19.9653,1.1078,-2.32939,1.07988
400,198,Circle,-26.6513,-5.71952,14.3172,-5.3817,-3.51141,3.53433
400,199,Circle,-34.3848,-21.7158,4.4985,0.0155173,-1.64659,3.67323
400,200,Circle,38.1659,-19.0031,-28.131,-0.327217,-4.47879,-5.62141
400,201,Circle,-35.938,-24.8922,22.4341,0.00795603,-0.0124596,-0.63674
400,202,Circle,-11.1626,-28.1486,-23.6955,-4.13539,-5.90754,-1.54978
400,203,Circle,-39.1336,15.8839,-5.88219,0.220137,-0.784693,-2.39091
400,204,Circle,-35.203,2.81644,-18.5522,1.45102,-2.20084,-6.15038
400,205,Circle,-35.581,-9.08636,-10.8497,1.01895,-2.35525,-0.0109783
400,206,Circle,-36.6926,-42.978,-36.159,0,0,-4.19771
400,207,Circle,-33.1219,-33.6828,-11.0955,0.00253028,-0.0151776,0.0116522
400,208,Circle,39.5224,-1.40554,-5.6681,-0.484597,-3.08443,2.2155
400,209,Circle,-34.8019,-11.4502,16.9919,0.0614271,-1.4409,-0.178482
400,210,Circle,-34.7558,-38.2681,14.3082,-7.43194e-06,-1.03307e-05,1.40521e-05
400,211,Circle,-32.4449,-36.1146,7.99257,-0.000450123,-0.00126843,-0.00243753
400,212,Circle,-36.1121,-27.0893,3.0183,3.56935e-07,2.40907e-07,6.18701e-07
400,213,Circle,-38.9853,-38.6498,7.60246,-8.78881e-07,-5.80845e-07,8.82687e-07
400,214,Circle,-37.7053,-20.8732,18.334,-0.126766,-0.159754,0.351042
400,215,Circle,-30.7109,18.1441,-16.9032,-4.63029,-2.1106,-2.82097
400,216,Circle,-15.3981,-35.7111,-19.1278,-4.04814,1.05402,0
400,217,Circle,-22.4144,-36.9768,25.934,0.0108695,0.00601474,1.3353
400,218,Circle,-31.9942,-31.962,10.0139,-0.0403756,0.0507315,0.170814
400,219,Circle,-13.4079,-37.5718,-1.93674,-3.04892,-0.566222,-0.310689
400,220,Circle,-30.9416,-39.6228,7.96526,-9.22558e-06,-3.83798e-06,-1.38596e-05
400,221,Circle,-38.2875,-26.3794,-0.222109,-0.000649661,-0.000276068,-0.000833275
400,222,Circle,4.80213,-38.5789,-35.6416,-2.76887,0.0158105,0
400,223,Circle,-38.8606,-22.6863,16.2132,-0.031354,-0.0372754,-0.0202974
400,224,Circle,-37.4198,-7.02004,11.5491,0.217652,-1.96462,1.78432
400,225,Circle,-28.8389,-38.8776,0.801478,-0.00733071,-0.000598588,0.00545779
400,226,Circle,-35.8287,-18.6379,-5.33843,0.844236,-1.96978,-0.175108
400,227,Circle,-35.234,-26.2352,4.54411,0.0113051,-0.00311988,-0.0232175
400,228,Circle,-17.5011,-36.1973,-19.1152,-2.04354,1.73634,1.23449
400,229,Circle,-36.5778,-36.1305,-2.10267,2.19734e-06,-6.45337e-05,0.000112678
400,230,Circle,-1.91272,-38.6883,-40.6747,-2.59745,-0.222555,-2.25183
400,231,Circle,-37.5372,-26.5211,-2.88328,-0.000883087,-0.00149053,2.58446e-05
400,232,Circle,-10.3888,19.8487,-25.9718,-4.01481,-0.49608,-5.586
400,233,Circle,-31.9076,-13.3265,50.7118,-3.65151,-5.04813,3.99422
400,234,Circle,-20.0563,-15.3778,-11.7309,-3.84218,-4.86544,-1.95295
400,235,Circle,-38.7493,-14.5286,20.925,-0.158789,-0.0254405,0.309757
400,236,Circle,-36.169,-32.1773,-11.2476,-0.00144896,-0.000313123,0.00181956
400,237,Circle,-11.1354,-38.8508,4.34545,-3.04011,-0.131,-0.276122
400,238,Circle,7.111,-37.6816,-9.76002,-2.50251,-0.391289,0
400,239,Circle,31.1549,-5.04814,-15.3015,-0.3144,-2.32952,-2.53616
400,240,Circle,-36.1846,-11.5515,-13.0844,0.491017,-2.60626,-3.49419
400,241,Circle,-12.6099,-36.7946,-10.2266,-4.02548,0.41173,1.84473
400,242,Circle,-26.5862,-38.0893,2.0024,-0.0871527,-0.123902,0.0121258
400,243,Circle,30.0361,-39.6182,13.8749,0,0,1.7014
400,244,Circle,-38.2605,14.0073,-50.0631,-1.8954,-1.46307,-0.123733
400,245,Circle,-38.138,38.8535,8.72593,0.782137,-0.651039,-2.55519
400,246,Circle,-38.5582,2.39045,16.2798,0.265872,-4.20029,2.48841
400,247,Circle,-30.6084,-35.6301,-23.8443,-0.00065303,0.000196545,-7.4495e-06
400,248,Circle,4.9986,-39.5827,53.837,-3.97878,-1.22668,1.66938
400,249,Circle,-5.82332,6.65645,20.9434,-3.87153,-2.05186,2.96452
400,250,Circle,18.6839,8.28519,6.32517,-1.4243,-1.48884,1.6913
400,251,Circle,-10.4607,-26.5725,-6.60072,-3.80422,-4.64805,2.30652
400,252,Circle,-7.26386,-38.8489,-15.4076,-3.06183,-0.275683,-1.65127
400,253,Circle,-10.1831,-35.3901,-9.09901,-4.60025,-2.83835,-3.04241
400,254,Circle,-19.1199,-35.2208,-32.2622,-1.5929,1.73445,-3.82999
400,255,Circle,-29.6809,-34.3708,9.95899,-1.70244,1.15183,1.35225
400,256,Circle,-39.5905,-14.0222,-15.7722,-0.105883,-0.0458761,-0.0620244
400,257,Circle,-24.7202,4.99694,-14.3116,-4.54378,-3.15085,-2.32726
400,258,Circle,-0.387863,-9.4194,-13.2159,-2.14659,-3.6127,-4.71888
400,259,Circle,-34.9853,-16.8131,-10.0782,0.64567,-1.98673,-0.0355635
400,260,Circle,-36.1017,-10.5577,-5.87979,0.149603,-1.74798,-0.951733
400,261,Circle,-38.87,-2.89617,17.5821,0.00631019,-1.44464,3.72603
400,262,Circle,-11.2727,-19.8006,-11.7271,-3.74568,-5.27089,0
400,263,Circle,37.6048,-5.15452,-0.252564,-0.494339,-1.95705,0
400,264,Circle,-39.6246,-28.5428,-8.78491,-2.72848e-12,-2.93988e-05,2.83802e-05
400,265,Circle,-39.63,-36.0088,-5.83701,1.11146e-06,-8.46231e-06,-9.31093e-06
400,266,Circle,-38.9556,-32.7117,-13.9877,-2.84639e-05,1.07104e-05,0.000108454
400,267,Circle,-25.0485,-38.077,-9.84925,0.00194928,-0.015394,0.0327779
400,268,Circle,-39.6292,-33.0683,-11.6196,-7.27596e-12,-8.6489e-06,-2.33305e-05
400,269,Circle,-36.8622,-26.8936,7.61389,0,0,0
400,270,Circle,-38.8106,-15.2809,21.4589,-0.0314418,-0.0173735,0.0341494
400,271,Circle,-38.8251,-24.4783,9.14662,-0.0015811,-0.00162833,7.0833e-05
400,272,Circle,-35.8532,-29.8161,-10.1668,-0.00113192,-0.000225193,0.00187344
400,273,Circle,-35.0673,-33.3267,0.796213,-0.00198193,-0.000938165,0.00227023
400,274,Circle,-39.6246,-26.3778,-16.781,-2.91038e-11,-8.11586e-05,-0.000216095
400,275,Circle,-26.5027,-38.8553,9.98445,-0.0123597,-0.0764746,0.108125
400,276,Circle,-32.9182,-37.4624,-28.5192,-7.43706e-06,-1.53741e-05,5.86826e-05
400,277,Circle,-27.9997,28.2218,1.52689,2.04606,-0.44038,0.670797
400,278,Circle,-34.7326,-17.5367,-3.45489,0.688347,-1.92281,0.118724
400,279,Circle,3.41645,-28.3125,-30.7884,-2.57324,-4.89697,-3.88421
400,280,Circle,-24.9435,-38.8492,-19.5133,0.0161086,-0.00505229,0.010767
400,281,Circle,-37.4369,-10.4184,-8.98721,0.608931,-1.93241,0
400,282,Circle,-24.9367,-18.4782,26.7809,-5.15889,-3.52186,3.60327
400,283,Circle,-36.615,-6.97096,1.75527,0.543339,-2.58973,-1.78542
400,284,Circle,-38.9211,-35.214,-0.42082,-8.61167e-06,-2.40272e-05,2.85692e-05
400,285,Circle,6.45056,-35.2891,-16.2628,-2.69153,-4.33016,-2.32694
400,286,Circle,-12.7999,-19.1858,8.85644,-3.85144,-5.45904,1.49216
400,287,Circle,-38.1857,-16.3348,-11.963,-0.0402269,-0.208276,-1.0818
400,288,Circle,-38.1545,-34.667,4.70087,-3.46945e-18,-1.73472e-18,0
400,289,Circle,-38.6953,-27.4697,14.7212,-0.000369066,-0.000205763,-0.000268188
400,290,Circle,14.1298,-17.8955,6.94462,-2.8101,-6.62347,1.55476
400,291,Circle,-38.4557,-20.5192,0.349218,0.0100596,-0.018392,0.0102919
400,292,Circle,-35.261,-28.5078,13.0467,-0.00019341,-0.000548571,-0.00102636
400,293,Circle,-36.8551,-24.8464,-4.52627,-4.70949e-05,-0.00170047,-0.00473356
400,294,Circle,-21.4923,-6.99052,-13.2748,-5.60917,-4.5058,-2.46732
400,295,Circle,-18.532,-39.6367,16.0648,0.000177257,-5.38741e-06,0.000299838
400,296,Circle,-38.2171,20.896,5.84516,7.63357e-07,-7.32412e-07,-1.43331
400,297,Circle,-14.2915,-38.7391,-4.1102,-2.75835,-0.464544,0.0734848
400,298,Circle,-13.3532,-39.614,32.3215,-1.9493,0,1.98726
400,299,Circle,-34.0004,-23.7292,-18.14,0.202203,-2.59984,0
400,300,Circle,-25.7807,3.16057,5.87187,-7.36603,-2.82976,0.689853
400,301,Circle,-21.6709,-37.0059,68.0204,-1.42177,1.06605,4.45861
400,302,Circle,-22.1397,-39.6158,18.3569,-0.00012106,-2.92634e-06,-1.71659e-05
400,303,Circle,-22.8836,-30.2537,-47.1038,-6.63736,-3.85808,-7.4802
400,304,Circle,-26.2045,-35.2105,17.761,-1.35562,0.621019,3.29534
400,305,Circle,-19.9732,-39.6067,3.83833,-0.000280743,-2.12019e-05,-0.000391766
400,306,Circle,-2.81293,-16.6813,0,-3.99993,-3.64182,0
400,307,Circle,-4.81882,-2.67666,-67.5539,-4.88256,-3.20551,-4.92852
400,308,Circle,-36.304,-21.393,8.2139,0.000335185,0.000457608,-1.66458
400,309,Circle,-38.0929,-9.70136,-10.8787,0.717098,-1.08246,2.63092
400,310,Circle,-36.6596,-29.2761,-5.0023,-0.000115948,1.85985e-05,-1.31809e-05
400,311,Circle,-39.6478,-38.9543,-4.20719,-1.42109e-14,-3.18122e-07,-9.06269e-08
400,312,Circle,-39.5575,-0.8073,-1.1087,0.155389,-1.40269,1.81312
400,313,Circle,-32.7477,-28.5342,-4.52588,0.00221838,0.00122444,-1.71274
400,314,Circle,-25.5165,-19.5918,-18.6328,-5.48586,-3.75376,-4.77776
400,315,Circle,-36.2823,-38.2018,31.8698,-5.33184e-06,-3.95885e-06,-1.88458e-07
400,316,Circle,-34.5036,-12.6644,-22.3114,0.578895,-3.69906,3.01583
400,317,Circle,7.284,-38.7675,-22.2233,-2.29451,0.161719,-3.33704
400,318,Circle,-33.4701,-32.2241,-7.49631,-8.61981e-05,-0.0394947,-0.0728283
400,319,Circle,-33.5467,-21.9021,-38.4347,-0.045867,-1.92153,3.65345
400,320,Circle,-19.6527,-35.8874,-11.0054,-1.72543,0.865922,0
400,321,Circle,-14.6045,-35.6244,-1.83554,-3.88874,0.0151605,-2.898
400,322,Circle,-38.8432,-25.2357,-2.44409,-0.000679805,-0.00164808,0.00244133
400,323,Circle,-27.1297,-37.3683,10.573,0,0,0
400,324,Circle,-42.3405,6.52001,0,0,0,0
400,325,Circle,-25.7725,-39.6244,1.48537,-0.000237917,-0.0122709,-0.00155658
400,326,Circle,-18.6037,26.241,26.6965,-5.00998,0.189877,2.98304
400,327,Circle,-38.9672,-31.2092,0.511794,-1.65293e-05,4.25297e-06,-4.39661e-06
400,328,Circle,-25.6717,-35.9559,-13.5616,-0.642418,-0.0957043,2.08406
400,329,Circle,-42.1677,-27.5946,43.188,0,-1.38583,2.19787
400,330,Circle,-14.0574,6.12387,-16.9053,-4.34341,-3.09853,-2.84175
400,331,Circle,-39.62,22.5182,-1.64192,0,0,-1.8067
400,332,Circle,-21.2074,-38.8669,-0.925769,0.000994019,-0.000427567,0.858648
400,333,Circle,-16.3941,36.4129,0.505255,-5.7588,1.48941,0
400,334,Circle,-33.9459,-39.6117,-4.89816,-1.77671e-07,-2.52951e-06,1.2236e-07
400,335,Circle,6.42043,-38.8076,-59.0096,-2.4427,0.192734,-4.03455
400,336,Circle,12.523,-38.2759,9.45906,-1.42049,-0.245639,0
400,337,Circle,-36.9322,-39.6447,2.74717,-1.45426e-06,-2.84217e-14,-1.7296e-06
400,338,Circle,-35.6927,-16.4856,-14.3599,0.228184,-2.05669,0.04062
400,339,Circle,-23.6956,-36.5643,-20.8136,0.0167043,-0.0100279,0.0310919
400,340,Circle,-10.395,11.3303,-9.58509,-2.98891,-2.11167,-1.26793
400,341,Circle,-39.1252,27.9382,-25.0379,-0.1403,-1.79441,-4.87043
400,342,Circle,-15.7877,-1.13005,27.4194,-5.62148,-3.34011,4.0368
400,343,Circle,-39.6309,-19.9138,-15.2437,1.86265e-09,-0.0410007,0.0610162
400,344,Circle,-34.4221,-16.2832,-20.288,0.603145,-2.04725,0.188075
400,345,Circle,-19.4348,-6.75419,26.1492,-5.86934,-2.71359,4.41418
400,346,Circle,6.6141,-1.32723,-0.911255,-1.89517,-0.800911,0
400,347,Circle,4.69743,-29.8065,-43.5847,-2.23905,-6.30267,-5.32226
400,348,Circle,-33.6334,-15.8914,-4.30782,0.240868,-2.61798,2.86178
400,349,Circle,-12.6037,-39.3958,8.14616,-2.11495,0.698313,0
400,350,Circle,-38.8692,-13.0254,-6.73345,-0.0243826,-0.157657,-0.119306
400,351,Circle,2.12941,-37.474,-52.8874,-2.12387,0.863158,-11.0509
400,352,Circle,-30.0934,-32.9938,8.4353,-0.670213,1.18476,1.47472
400,353,Circle,-32.8387,-12.023,-5.02076,-1.97997,-4.9402,-3.36041
400,354,Circle,-30.0091,-38.183,-0.238878,-0.00177496,0.000328529,0.00297338
400,355,Circle,-35.3069,-30.447,11.6574,-0.00201877,-0.000840209,0.00176262
400,356,Circle,-26.9111,-33.399,2.23263,-5.2655,0.70494,3.68959
400,357,Circle,-39.6535,-35.2806,-0.559192,-1.76234e-06,-1.44573e-05,2.03677e-05
400,358,Circle,-6.67604,-37.3885,-28.2867,-3.07462,0.0762388,0
400,359,Circle,-37.3444,-22.2112,18.1535,0.0177607,-0.0460662,0.100281
400,360,Circle,-35.1645,-13.4878,1.39077,0.0973728,-2.26562,0.66898
400,361,Circle,-35.1359,-15.9124,4.48844,0.684891,-2.50711,-0.105965
400,362,Circle,-33.8585,-19.9653,-1.26771,2.20318,-2.25617,-2.09606
400,363,Circle,-10.6293,-32.0843,-30.7343,-5.7475,-5.56164,-3.5124
400,364,Circle,-34.4234,-37.581,7.69021,-1.6875e-05,-4.82669e-05,5.91412e-05
400,365,Circle,-14.7168,-36.488,7.14022,-4.51819,-0.228345,0
400,366,Circle,-25.0721,-33.5565,7.00641,-7.69238,-3.81049,0
400,367,Circle,-25.0606,14.8419,24.1587,-4.78604,-2.9424,3.11039
400,368,Circle,-34.1056,-35.9086,29.3881,-3.38824e-05,-0.00035706,-0.000125722
400,369,Circle,8.72313,-37.8335,-5.21532,-1.51716,-0.736032,0
400,370,Circle,-36.5968,-7.89822,1.07343,0.768476,-2.35,-0.00499179
400,371,Circle,-6.27042,-39.6081,1.99181,-1.87378,0.099821,-1.85761
400,372,Circle,-39.62,38.0485,5.55572,1.12466e-13,-2.30052e-06,-1.16873
400,373,Circle,-5.16495,-37.3084,-25.1489,-3.39987,-1.49652,-1.2951
400,374,Circle,-18.6427,-38.8851,12.4883,-1.11963,-0.0408876,2.07265
400,375,Circle,-5.04493,21.0898,-7.83366,-6.13433,-0.706245,-1.91065
400,376,Circle,13.5457,39.62,5.05373,0,0,1.21777
400,377,Circle,-39.6209,-13.2784,-0.679976,-3.72529e-09,-0.0582983,-0.153817
400,378,Circle,-31.6852,-38.2696,3.20692,-9.65339e-07,1.69615e-06,-1.19356e-07
400,379,Circle,-38.3046,-38.991,6.5364,-6.5315e-07,-1.05538e-06,1.00387e-06
400,380,Circle,22.7663,-39.62,24.4571,3.17337e-07,-5.55112e-16,1.78196
400,381,Circle,-41.9233,16.0536,57.1231,0,0,6.08449
400,382,Circle,24.4791,-42.0928,0,0,0,0
400,383,Circle,18.4215,-39.6067,4.82914,0,0,1.33791
400,384,Circle,-39.6192,-24.1499,-10.4744,-0.00199043,-0.00220055,-0.000530871
400,385,Circle,-37.2059,-3.77951,17.7278,0.666167,-0.937158,0.963053
400,386,Circle,-25.8032,-6.88699,22.2618,-6.30585,-4.52066,2.91143
400,387,Circle,-35.5217,-38.2383,22.4782,-5.79943e-06,-1.30944e-05,-2.29598e-05
400,388,Circle,-0.949114,-39.4792,33.0661,-1.77999,-0.623556,6.99906
400,389,Circle,-33.6579,-27.421,47.5326,1.34165e-06,2.99994e-05,4.3144e-05
400,390,Circle,-39.567,-39.6565,3.11157,-1.54189e-07,0,4.48952e-07
400,391,Circle,-39.6228,-14.763,-6.922,-9.31323e-10,-0.0299473,0.0163478
400,392,Circle,4.10195,-33.8987,14.9314,-3.3416,-4.38222,3.7098
400,393,Circle,-36.6299,-5.95291,13.9221,-0.261181,-1.50441,1.75715
400,394,Circle,-33.4748,-16.6492,-25.0689,0.920114,-2.47632,-1.73396
400,395,Circle,-34.9148,-21.1036,25.8721,0.976805,-1.20659,-0.737342
400,396,Circle,-23.6787,-35.7496,3.45175,-1.35537,-1.87696,-2.52537
400,397,Circle,-37.7249,-38.4784,-0.093079,-3.94768e-07,-1.62901e-06,-2.37254e-06
400,398,Circle,-33.4999,-35.4324,-3.9774,0.000621198,-0.00118962,0.002293
400,399,Circle,-6.5443,12.2532,0.169294,-4.80372,-1.08293,0
400,400,Circle,-38.8372,-1.30193,11.9977,0.343572,-1.22641,0
400,401,Circle,-37.0255,-25.9648,-21.7342,-0.00227495,-0.00354083,-0.00387067
400,402,Circle,-39.2305,-20.5563,25.2155,0.0136964,-0.018244,-0.00268609
400,403,Circle,-22.865,-39.6792,-18.0997,-0.000872089,-0.00243742,0.00314981
400,404,Circle,-36.6721,-33.976,6.33461,-0.000582562,-0.000608022,-0.00132384
400,405,Circle,-26.4365,-4.27988,-55.6538,-4.58944,-2.06093,-5.03438
400,406,Circle,-12.6207,-37.5918,-3.54022,-3.06082,0.169111,0.435813
400,407,Circle,-25.9993,-13.9846,-32.9212,-3.64196,-5.5906,-4.60582
400,408,Circle,-35.3114,-29.2669,0.0867468,-0.00144187,-0.000465705,-0.00233008
400,409,Circle,-33.066,-36.5522,-1.17794,-0.000320595,-0.000315365,-9.93827e-05
400,410,Circle,-36.5089,-36.9833,0.870748,-3.90332e-06,-4.7227e-06,2.03697e-05
400,411,Circle,-34.2239,-11.9505,-7.24781,-1.36395,-2.95041,-0.678383
400,412,Circle,-26.5404,-15.8697,53.5225,-5.71056,-3.38104,5.70182
400,413,Circle,-33.1947,-39.6202,16.1027,-2.5696e-06,-2.84217e-14,2.29578e-06
400,414,Circle,14.278,-39.3134,20.5403,-1.85489,-0.798043,2.15322
400,415,Circle,-17.6803,-35.3495,-15.6,-5.02487,0.513619,-1.60533
400,416,Circle,-24.1367,-38.8524,-7.23463,-0.00169649,-0.00038637,-0.000804155
400,417,Circle,8.76099,-38.6205,-6.70482,-1.48839,-0.734683,0
400,418,Circle,-33.5161,-11.8129,9.96633,-1.43568,-3.30085,-0.182021
400,419,Circle,-39.5559,-15.5017,-3.6059,-0.0203074,-0.0209545,-0.0139736
400,420,Circle,-37.9087,-19.408,5.70906,-0.670999,-0.294815,-0.50835
400,421,Circle,-21.1019,-10.7014,2.7936,-4.88283,-4.28723,1.19822
400,422,Circle,-11.5461,-38.1901,0.00447952,-3.27066,-0.283309,1.2798
400,423,Circle,-33.8063,-18.6344,6.62992,0.840389,-3.11311,-4.08191
400,424,Circle,-38.1939,-33.1864,-16.2513,-0.000133125,-4.80721e-05,0.000167779
400,425,Circle,-35.6767,-32.8308,-8.75292,-0.00258345,-9.53564e-05,0.00134219
400,426,Circle,-8.72351,-38.1882,12.2895,-2.95767,0.386164,0.0928584
400,427,Circle,-29.2398,-38.2247,-14.3682,-0.00264289,-0.000475893,-0.00677538
400,428,Circle,-35.6803,-25.6183,-6.82425,0.00278323,-0.0110018,0.649669
400,429,Circle,-35.869,-13.8758,3.55939,0.326261,-1.97711,0.186465
400,430,Circle,-39.62,-4.10316,-11.5482,0,-1.79977,-4.77979
400,431,Circle,-25.4378,-34.6774,-7.62287,-2.44176,0.299154,2.54168
400,432,Circle,-32.7273,-33.0166,-26.2467,-0.00149818,-0.0202546,-0.00501403
400,433,Circle,-35.9492,-19.7736,-22.9925,1.44627,-1.27109,0.0438158
400,434,Circle,36.3575,19.4043,12.3662,-0.946229,-0.85119,2.40719
400,435,Circle,-13.6948,39.62,-9.03191,-4.78581,0,-2.15077
400,436,Circle,-32.8652,-38.9023,-4.81429,-7.32027e-07,8.44706e-08,2.85079e-06
400,437,Circle,-38.3644,-23.2767,11.1616,0.0016789,-0.010891,-0.0114557
400,438,Circle,-10.8115,3.33669,-1.85455,-4.57572,-3.62307,2.22595
400,439,Circle,0.76487,-29.2111,2.65047,-3.85501,-5.83369,0.60023
400,440,Circle,-27.1632,5.07803,33.5536,-4.93437,-3.32859,5.91175
400,441,Circle,-38.8738,-35.9695,-3.74989,-1.01244e-05,-1.01719e-05,9.2128e-06
400,442,Circle,3.28342,-34.217,23.2577,-3.3562,-4.51699,4.0383
400,443,Circle,-33.4648,-28.1869,1.70782,6.98125e-05,4.634e-05,-1.07326
400,444,Circle,-37.0271,-19.6431,-3.30809,0.157415,-0.894271,-2.55492
400,445,Circle,-38.8527,-3.9383,-0.20196,0.125303,-2.13305,3.30599
400,446,Circle,-1.17212,-9.45466,98.8714,-2.71323,-5.42513,12.1827
400,447,Circle,22.2609,37.0128,-32.0041,-1.10347,-0.675721,-4.80823
400,448,Circle,2.79575,-39.62,15.8913,-2.44571,0,2.96022
400,449,Circle,38.0762,-37.255,-14.6428,0.955331,0.49943,-2.58398
400,450,Circle,-29.9228,8.50913,-23.0991,-6.21408,-2.2741,-4.8267
400,451,Circle,-35.8227,-31.2927,-30.021,-0.000632616,0.000666137,0.000939831
400,452,Circle,-36.602,-23.536,4.04298,-0.0728907,-0.0511227,0.946322
400,453,Circle,-38.0366,-18.6328,1.57857,0.0372495,-0.341024,-1.10205
400,454,Circle,-32.2079,-27.9804,19.6905,0.00117194,0.00224825,3.69539
400,455,Circle,-30.1933,-39.6225,8.86715,-1.9128e-05,-4.54747e-13,1.76485e-05
400,456,Circle,-33.1302,-24.6373,-0.238736,1.3805,-3.63993,2.81218
400,457,Circle,-37.981,-8.93347,5.78381,0.838844,-1.01751,-2.42175
400,458,Circle,26.051,-38.2621,-10.0704,-1.08725,0.682543,2.07925
400,459,Circle,-35.1316,-38.9311,16.1284,4.59732e-07,-1.28335e-05,1.37985e-06
400,460,Circle,-21.4151,-39.6162,8.94837,-0.000164637,-3.1801e-05,-7.43669e-06
400,461,Circle,-38.0776,7.02189,-15.6008,-7.21094,-3.05259,-1.55594
400,462,Circle,-38.9492,-25.9918,1.2542,-0.000228253,-0.000360656,0.000149568
400,463,Circle,-27.6421,-8.93454,13.505,-3.69565,-3.93446,0
400,464,Circle,-37.5741,-35.1531,-32.585,-9.5562e-05,-0.000160137,0.000116368
400,465,Circle,-39.6243,-11.7783,-3.39875,0.00253335,-0.0727955,-0.0945599
400,466,Circle,18.3408,-41.9315,0,0,0,0
400,467,Circle,-38.1702,-25.6161,12.3153,-0.000177652,-0.000180296,-0.000327707
400,468,Circle,-16.7976,-19.2575,-23.1096,-4.58741,-4.29042,-1.46088
400,469,Circle,-15.7448,-29.1541,21.1441,-2.38961,-6.2545,1.22088
400,470,Circle,-5.26094,-38.0638,-23.8654,-3.7703,-1.44913,0.49391
400,471,Circle,-36.787,-10.9329,9.11723,0.414085,-2.23105,0.000541739
400,472,Circle,-29.2864,-6.7801,-22.5348,-4.25444,-4.75349,-3.65804
400,473,Circle,-39.64,-37.4706,-3.06219,0,-4.10431e-06,9.84942e-07
400,474,Circle,32.9747,-0.596139,5.8864,1.31577,-3.68226,0.850879
400,475,Circle,-16.707,-8.03335,-19.6765,-4.12255,-1.83137,0
400,476,Circle,-36.8441,-15.582,7.12798,0.488022,-1.78025,-1.41715
400,477,Circle,-34.8631,-22.348,-43.6392,0.613051,-2.11486,-1.74384
400,478,Circle,-26.5026,-39.6251,11.2558,0.00578891,-3.72529e-09,-0.0154402
400,479,Circle,27.7044,-39.62,18.6165,0,0,1.06432
400,480,Circle,-29.6476,-36.7561,-44.4552,0,0,0
400,481,Circle,-13.1046,-36.1677,-0.224001,-4.18342,0.290485,0
400,482,Circle,-31.2161,-32.0231,-2.98576,0.066961,1.4926,2.30122
400,483,Circle,-33.1038,-29.2147,15.1489,-0.000297631,0.00360478,0.00818777
400,484,Circle,-9.13043,-38.8738,8.6726,-3.12376,0.485835,-0.631437
400,485,Circle,-30.0835,-37.4105,6.91606,-0.00041928,0.00029888,-0.00117382
400,486,Circle,-39.5982,-7.00424,-11.1398,0.0448973,-1.61042,-0.585486
400,487,Circle,-32.119,-19.2368,-45.8206,-4.56917,-3.51975,-7.74803
400,488,Circle,-30.9814,-15.1239,-25.9585,-3.50104,-4.64309,-4.24087
400,489,Circle,-24.3169,-39.6097,10.3367,0.000513361,-0.00023972,0.00212142
400,490,Circle,-33.1351,-12.8004,-9.81678,-4.05975,-4.68293,-2.39136
400,491,Circle,-32.4417,-25.5123,-45.8467,2.23819,-4.19141,-5.3241
400,492,Circle,-38.1766,-24.0234,-20.2455,-8.42888e-06,-0.00478369,-0.00256207
400,493,Circle,-15.5335,-36.4936,33.2417,-3.14693,0.877161,4.69674
400,494,Circle,-38.172,1.67718,17.8183,0.688662,-4.09162,-3.42818
400,495,Circle,10.5261,-37.8138,-27.8378,-1.48329,-0.245486,-3.41
400,496,Circle,-27.7289,-34.0032,0.826658,-2.42873,1.33468,1.45239
400,497,Circle,-25.1547,12.9501,33.8208,-4.93718,-1.80213,5.80364
400,498,Circle,-29.3022,-35.2382,-37.0979,6.12785e-05,3.45077e-05,-0.939191
400,499,Circle,-5.55477,-33.9302,-9.03565,-4.96522,-3.93151,0
400,500,Circle,-15.5831,-39.6034,13.8041,5.50452e-05,0,4.35425e-06
400,501,Circle,-6.1439,2.13052,-3.31021,-4.30852,-1.71831,0
400,502,Circle,-37.5252,-30.9301,5.91464,-0.000122628,1.56662e-05,-0.00022364
400,503,Circle,-14.1669,21.6446,25.5127,-5.55501,-0.77799,3.94527
400,504,Circle,-9.18177,9.42592,-36.0143,-4.63615,-0.992699,-6.02599
400,505,Circle,-34.0171,-34.8592,44.3341,-0.00276474,-0.00427285,0.00878347
400,506,Circle,1.76227,-6.8078,-20.09,-2.95435,-1.78512,-3.61665
400,507,Circle,29.2561,-39.62,0.967115,0,0,0
400,508,Circle,-39.0021,38.5533,-6.71886,3.21665e-06,1.33552e-06,0.977543
400,509,Circle,-39.6036,-16.9842,-12.3544,-2.23517e-08,-0.0752665,-0.190029
400,510,Circle,-36.0049,-33.5485,2.00801,-0.000789825,-0.000284548,0.00232729
400,511,Circle,22.0512,-39.2916,6.47393,-3.3125e-07,4.63789e-08,-0.680655
400,512,Circle,12.3065,-39.6816,14.2422,-3.01446,0.500506,2.72951
400,513,Circle,-35.9515,-37.5065,0.220607,-3.60047e-06,-4.78393e-06,-2.15883e-05
400,514,Circle,-37.4311,-29.3768,10.0367,-0.000117407,4.40316e-06,-6.0576e-05
400,515,Circle,-31.8147,-30.1685,-4.94491,0.752655,-2.76095,1.3646
400,516,Circle,-35.8103,-6.77085,11.566,0.52457,-2.31977,0
400,517,Circle,-15.4076,-37.2632,-3.16899,-2.14178,0.967048,-1.9818
400,518,Circle,-38.0233,-27.1076,1.37525,-0.000239263,-0.00044635,-0.00045683
400,519,Circle,-32.8475,-17.1365,26.1808,-1.39352,-5.92527,3.23735
400,520,Circle,-42.0527,13.8512,-7.76557,1.86517e-14,-1.89531e-06,-1.1024
400,521,Circle,-30.5368,-38.9287,1.12512,-1.16951e-05,-1.99149e-05,4.39673e-05
400,522,Circle,-8.76894,0.314814,14.2469,-4.6629,-3.05366,3.78876
400,523,Circle,-36.4823,-16.2853,-0.830982,0.533723,-1.7258,1.75093
400,524,Circle,-6.26576,-38.2789,-25.8933,-2.68444,-0.0277633,-0.014667
400,525,Circle,-5.97436,10.8064,61.6737,-4.51402,-0.156351,9.41442
400,526,Circle,-9.47897,1.11813,-35.5017,-4.71474,-2.60671,-5.08941
400,527,Circle,-29.6203,-11.962,23.4733,-4.33707,-5.63575,4.58139
400,528,Circle,-38.1478,-11.7592,-6.13541,-0.0691718,-1.69183,-2.57774
400,529,Circle,-21.4592,19.4551,-28.0906,-3.33268,-2.47598,-4.21906
400,530,Circle,5.68191,-38.4591,-39.1737,-2.5446,-0.875421,-1.87256
400,531,Circle,-16.4399,-38.3723,4.16293,-2.23608,1.00935,-2.36457
400,532,Circle,-35.0186,-8.25022,-25.7732,1.09533,-2.31572,-1.02654
400,533,Circle,-38.792,-39.6196,-2.0995,-1.42271e-07,-2.84217e-14,3.74084e-07
400,534,Circle,-39.3774,12.0052,-16.0202,0.250933,-1.74767,-2.4166
400,535,Circle,4.20282,-39.0989,1.75855,-2.60835,-0.205047,0
400,536,Circle,-20.6924,-28.971,50.0009,-6.26624,-3.57654,8.55854
400,537,Circle,-39.62,3.63791,0.537351,5.79166e-09,-3.74322,-6.00057
400,538,Circle,-38.7242,22.9615,-23.9181,0.608544,-1.50113,-6.17393
400,539,Circle,-39.6228,-29.2979,3.25696,-9.09495e-13,-1.20219e-05,-3.18569e-05
400,540,Circle,-21.1255,-36.4152,-5.73478,-2.47458,2.34897,0
400,541,Circle,-18.8755,-36.6751,-12.6181,-1.63143,0.730771,-1.20084
400,542,Circle,20.3099,-39.62,-0.870225,0,0,0.712826
400,543,Circle,-38.897,-11.5132,5.36255,0.0787953,-0.379209,0.0805674
400,544,Circle,-9.75138,14.5523,10.6006,-4.82427,-0.879213,0.63499
400,545,Circle,-39.6203,28.9062,-36.3119,2.24783e-09,-1.56044,-2.49613
400,546,Circle,6.73159,-39.62,43.7987,-1.85243,0,4.87494
400,547,Circle,-35.5175,-24.2188,-1.30667,0.854663,-0.472268,-1.55085
400,548,Circle,-39.5901,29.676,5.1121,-0.393498,-1.53815,1.52023
400,549,Circle,-35.9826,-13.097,18.064,0.451121,-1.9551,0.688088
400,550,Circle,26.1935,-36.5252,11.6047,0.636107,1.0398,3.80546
400,551,Circle,-27.5936,-33.133,39.6161,-2.23208,1.62695,1.42846
400,552,Circle,-33.5454,-26.4821,-11.9526,1.35535,-2.64932,-3.66193
400,553,Circle,-4.91679,-38.7596,2.51044,-2.80123,-1.35458,1.90672
400,554,Circle,-35.9048,-38.9053,-1.65213,-3.47118e-06,-3.89235e-06,5.51644e-06
400,555,Circle,-18.436,-8.51501,-0.925336,-4.18543,-4.02613,0.93332
400,556,Circle,-16.0386,-37.7134,-5.15004,-2.12308,0.940886,2.20093
400,557,Circle,-24.4382,-36.4771,17.2992,0.00973446,-0.104004,0.176802
400,558,Circle,-39.6597,-21.1838,-3.10569,-0.00135238,-0.00423677,-0.00580472
400,559,Circle,-37.0507,-33.3095,0.182122,-0.000607334,-0.000266299,0.00087782
400,560,Circle,-35.1855,-37.551,3.95635,-6.85061e-06,-3.93047e-05,4.19698e-05
400,561,Circle,-33.951,-25.4078,-1.84396,1.36318,-2.23212,0.900844
400,562,Circle,-31.3386,-20.455,-48.9602,-7.16268,-3.10222,-6.85291
400,563,Circle,-38.8951,-34.4595,8.38613,-6.62933e-05,-5.92272e-05,7.0062e-05
400,564,Circle,-37.6256,-20.1251,24.2303,-0.418482,-0.187832,0.316493
400,565,Circle,-38.2591,-22.2113,2.26903,-0.0156556,-0.0570801,-0.0467674
400,566,Circle,-42.7981,-6.29893,42.412,0,0,6.66597
400,567,Circle,-39.0663,0.610391,-2.25681,0.727806,-1.69118,0
400,568,Circle,-39.6284,-11.0178,-15.4384,-3.72529e-09,-0.099741,-0.26823
400,569,Circle,-33.8093,-28.885,34.8249,-0.000980218,0.000735106,0.00180259
400,570,Circle,-23.4032,-2.09327,-11.4609,-4.55072,-3.15414,-2.00329
400,571,Circle,-38.8647,14.2917,-25.8976,-2.76264,-1.04302,-3.48766
400,572,Circle,-31.6747,-12.4723,30.6886,-5.21223,-3.9585,4.92398
400,573,Circle,-18.1295,-36.6307,-8.91015,-1.62283,0.876172,1.70113
400,574,Circle,37.031,-14.2664,0,2.4,-4.9,0
400,575,Circle,-28.0599,-38.8554,0.251144,-0.00696775,-0.00366647,-0.0133258
400,576,Circle,37.4028,-20.9955,17.6968,-0.627756,-4.9545,4.93898
400,577,Circle,-14.0807,-37.9835,29.2433,-3.16113,-0.371559,-0.0619241
400,578,Circle,-24.4544,22.0982,-54.4351,-5.72283,-0.899852,-7.31456
400,579,Circle,-34.9312,-25.3901,-35.2545,0.996499,-2.08033,-4.11716
400,580,Circle,-38.7935,-4.89255,-11.6117,0.196938,-2.35768,2.65373
400,581,Circle,15.5553,-39.3329,-31.6891,-1.58081,-0.935694,-1.6901
400,582,Circle,-38.9036,-31.9603,-0.590725,-6.43764e-05,3.67838e-06,6.45404e-06
400,583,Circle,-33.6845,-37.3816,-14.8618,-2.92767e-06,-0.000102412,0.00016018
400,584,Circle,-37.3897,-13.1955,-3.04622,0.37632,-1.64161,-1.66539
400,585,Circle,-35.6407,-22.411,1.04228,0.493298,-0.906484,-1.40627
400,586,Circle,-32.6933,-31.4619,21.6568,-3.70537e-15,0,1.5819
400,587,Circle,-38.2815,-30.9008,5.22998,-0.000121443,4.70068e-05,0.000162763
400,588,Circle,-19.4472,-38.8337,3.24824,-1.69288,-0.437082,-1.84772
400,589,Circle,-2.56647,-32.7482,17.342,-4.91475,-4.29186,0.778847
400,590,Circle,-36.0272,11.3097,13.916,0.00249709,-4.18826,1.56941
400,591,Circle,-28.1166,7.93675,-2.15928,-6.46961,-2.38346,-1.22846
400,592,Circle,7.55305,-39.62,16.7858,-2.18675,6.98492e-10,4.27394
400,593,Circle,-35.2619,-34.0647,16.5614,-0.000146035,-0.000584183,0.000290624
400,594,Circle,-36.5639,-22.1254,-10.2207,0.0086115,-0.00191277,0.0124432
400,595,Circle,-34.2006,-32.4465,-3.06995,-0.00456169,-0.00568861,-0.0100507
400,596,Circle,-34.3178,-14.724,7.26824,0.5553,-1.78935,0.852161
400,597,Circle,-13.3467,5.72337,19.767,-4.21496,-2.95345,3.34647
400,598,Circle,-33.9175,-24.6123,-2.95357,1.38332,-2.23297,-4.91017
400,599,Circle,-39.62,20.0613,-4.8448,0,0,0
400,600,Circle,3.82125,-26.7119,26.1557,-4.7217,-4.1371,3.93317
400,601,Circle,-31.8792,-31.2426,-47.7888,0.0178293,0.0367293,-5.7197
400,602,Circle,-0.12414,-35.4978,-0.0705816,-3.97927,-4.63262,2.06414
400,603,Circle,-10.779,-29.1147,22.9284,-4.60888,-4.34298,4.51292
400,604,Circle,-14.1572,-34.0933,-3.24432,-6.0057,-4.77363,0.736338
400,605,Circle,-31.6934,-39.6213,5.00545,-4.20873e-06,-5.00005e-08,1.00988e-06
400,606,Circle,-39.624,-30.8061,-7.39296,9.09495e-13,-5.84979e-07,-1.5557e-06
400,607,Circle,-38.8907,-16.0323,3.00867,-0.0155562,-0.0134522,0.00385424
400,608,Circle,-39.1492,7.14341,2.88821,-1.22161,-1.05506,0
400,609,Circle,-9.75024,-36.9173,16.0794,-4.88561,-1.29771,2.43731
400,610,Circle,-39.62,13.3932,21.4474,0,-1.0225,-1.05142
400,611,Circle,-35.4473,-39.6274,0.320409,-8.4734e-07,-7.81721e-06,-1.14842e-05
400,612,Circle,-37.8106,-36.9781,10.7059,-1.28298e-05,-1.09512e-05,1.65003e-05
400,613,Circle,-18.9839,-38.1766,5.75303,-1.85685,-0.339954,0.844328
400,614,Circle,-35.2317,-26.9947,-13.6123,0.00111409,-0.00200333,-0.00268699
400,615,Circle,-9.06187,-35.8458,-65.4781,-4.35965,-5.71844,-6.25055
400,616,Circle,-23.5909,-39.6231,25.4083,-0.000547559,-1.74623e-10,0.00145256
400,617,Circle,6.34665,-21.7676,-39.4682,-3.48127,-7.25767,-6.66619
400,618,Circle,-38.089,-6.56153,2.03207,-0.0558658,-1.77251,-0.429338
400,619,Circle,-16.7021,-36.0338,-16.0301,-3.67419,0.384857,0
400,620,Circle,-33.3068,-29.9532,-11.2349,-0.00244712,0.00556761,-0.0162962
400,621,Circle,-8.22467,-36.475,-10.2777,-3.97003,-1.52015,2.17553
400,622,Circle,-39.3785,-27.8321,11.9319,-0.000131946,-6.76081e-05,4.91913e-05
400,623,Circle,-24.0221,11.9456,9.95831,-6.17113,-1.77193,1.69408
400,624,Circle,-39.6272,-18.4734,-12.9108,0.00175579,-0.0231741,-0.0298801
400,625,Circle,-34.5435,-33.9043,6.50618,-0.00720783,-0.00657411,0.0155058
400,626,Circle,-30.7148,-34.586,12.4294,1.37838e-05,-1.5096e-05,-3.16848e-05
400,627,Circle,11.6116,-38.8304,-5.32344,-2.68018,0.168811,-5.52902
400,628,Circle,-34.1463,-17.0335,-5.14816,0.67388,-1.98513,-0.120666
400,629,Circle,3.3857,-39.0753,3.12377,-2.72483,0.429968,-1.71282
400,630,Circle,-32.7609,-16.0958,-20.5898,-3.66369,-2.58548,1.08645
400,631,Circle,-35.4422,-21.6667,12.546,0.834935,-1.04001,0.194232
400,632,Circle,8.22565,-39.2148,2.62288,-1.98647,-0.317556,-1.6992
400,633,Circle,18.544,-8.01375,53.3446,-2.20502,-1.67737,8.14686
400,634,Circle,-33.2027,-23.7967,-57.6918,0.173839,-3.3326,-1.81039
400,635,Circle,-34.3269,-15.5115,-5.93113,-0.231835,-1.94355,2.02896
400,636,Circle,-25.8872,-36.7108,4.99581,0.0230241,-0.228666,-0.442932
400,637,Circle,-37.004,-17.5137,6.41613,0.541976,-0.968966,-0.755338
400,638,Circle,-34.4914,-18.2549,-22.5831,1.41828,-1.60856,2.19309
400,639,Circle,-32.5533,-30.4305,-11.336,0.387374,-1.7311,-4.27044
400,640,Circle,-37.9184,-39.6415,-2.68949,-9.23363e-07,0,2.57718e-06
400,641,Circle,-33.6484,-15.1163,23.8803,0.0543983,-2.57079,-3.58551
400,642,Circle,-19.8862,-38.1728,-16.7431,-0.15107,1.10504,0
400,643,Circle,-34.3833,-13.7115,-9.97836,0.52683,-2.30554,-0.152253
400,644,Circle,-16.339,-39.6132,-5.47206,7.07581e-05,4.54747e-13,6.28215e-06
400,645,Circle,-35.9786,-34.3251,-31.9909,-0.00031113,-0.000517928,-0.000886235
400,646,Circle,-38.8635,-36.7268,4.78707,-2.98205e-06,-4.92756e-06,-4.29283e-06
400,647,Circle,-26.722,-21.3067,-21.529,-6.5126,-2.97991,-3.59086
400,648,Circle,-38.8941,-12.2708,-7.27997,0.0548568,-0.256068,-0.220732
400,649,Circle,-15.7939,-38.813,-0.645589,-2.71764,-0.0175653,-0.0110344
400,650,Circle,-11.85,-39.6011,17.0223,-2.27861,-0.11567,-1.79726
400,651,Circle,-37.5361,-35.9205,-3.8388,-2.92478e-06,-3.66464e-05,4.20721e-05
400,652,Circle,-16.6479,-34.3955,-12.3856,-5.53956,0.258412,-1.5146
400,653,Circle,-37.9829,10.1768,42.4417,0.217161,-1.75524,9.33632
400,654,Circle,-36.6763,-18.397,-7.10105,0.295653,-1.5379,-0.143825
400,655,Circle,-32.8304,1.48756,-10.8833,-4.87356,-3.43922,-1.34267
400,656,Circle,-32.4445,-39.6216,-4.78878,-2.68225e-06,-3.55271e-15,-7.48575e-07
400,657,Circle,-31.7426,-34.2204,6.20342,0.00436124,-0.00801676,-1.18172
400,658,Circle,-1.20427,-32.954,-47.8221,-4.1762,-5.12253,-4.8352
400,659,Circle,-37.418,-30.1575,1.0869,-7.90922e-05,2.65898e-05,-2.64077e-06
400,660,Circle,-39.62,21.7256,2.99794,0,0,0
400,661,Circle,-38.1949,-30.1485,-3.86668,-1.28226e-05,3.74398e-06,-1.0337e-05
400,662,Circle,-31.7564,-36.4686,-6.03883,1.52985e-06,-9.96626e-05,0.00048907
400,663,Circle,-34.0658,-22.5089,27.5671,0.507018,-2.39453,-1.84115
400,664,Circle,-34.596,-23.0993,12.9077,0.331985,-2.23487,1.26975
400,665,Circle,-34.3233,-38.9162,-5.24845,8.72363e-07,-7.83592e-06,2.20232e-06
400,666,Circle,-16.2863,-36.7633,-6.15208,-3.00486,0.468948,-3.43131
400,667,Circle,-25.1419,-36.7024,-15.1044,0.00672063,-0.0580174,-0.0847246
400,668,Circle,-27.0189,-35.0702,-26.2885,-1.69758,0.98841,4.28964
400,669,Circle,13.5155,-39.5651,35.7717,-2.53528,0.240829,5.08375
400,670,Circle,-15.6091,-34.7274,61.8333,-3.39236,-0.620085,0
400,671,Circle,-29.5506,13.4077,35.3795,-2.54092,-3.0193,5.16531
400,672,Circle,-38.9212,19.6845,2.50485,0,0,1.85839
400,673,Circle,-19.6593,-32.0671,3.73802,-5.65692,-2.47597,0
400,674,Circle,-38.8039,10.7956,1.66745,0.98886,0.19063,1.1964
400,675,Circle,-18.7039,-12.7427,11.9756,-4.44872,-3.48448,3.33745
400,676,Circle,-20.7687,-12.469,-4.16257,-3.81185,-3.98453,0
400,677,Circle,-27.2345,-39.6308,1.83379,-0.000933696,-1.86265e-09,0.00252951
400,678,Circle,-13.3376,-20.0071,1.11646,-4.0264,-5.4621,0.977327
400,679,Circle,-13.5837,-36.7986,7.77133,-3.62498,-0.736855,1.89835
400,680,Circle,-7.43677,8.0785,-8.03702,-3.99346,-2.01999,-2.50576
400,681,Circle,-35.3915,-19.2779,7.14037,1.63917,-1.45105,0
400,682,Circle,-13.9772,-36.1194,-12.4548,-4.42923,-1.22415,-0.301963
400,683,Circle,-38.879,-17.555,-8.01589,0.00254732,-0.0123085,0.00431237
400,684,Circle,-39.62,6.12278,-27.534,0,-1.41113,-2.34246
400,685,Circle,10.692,-39.5412,27.7916,-2.02941,0.200117,1.83926
400,686,Circle,35.2522,-30.3383,8.8763,-0.122847,1.90209,1.27445
400,687,Circle,-37.1248,-37.4108,2.7487,-4.45207e-06,-3.93299e-06,-8.39342e-06
400,688,Circle,-8.38083,38.9129,-13.8868,-3.09867,-0.32457,-2.477
400,689,Circle,-34.5914,-0.637912,24.5411,-4.78553,-4.28918,3.73723
400,690,Circle,-2.65789,-38.4025,-20.2274,-2.55338,-0.0948467,0
400,691,Circle,-42.6928,-30.9724,4.19181,0,-1.38584,1.4209
400,692,Circle,-12.7679,-27.3036,-2.88491,-5.05602,-5.66792,2.11788
400,693,Circle,-37.7988,-22.7926,-29.9649,0.00909288,-0.0212724,0.00376868
400,694,Circle,-39.6196,-30.0514,-15.4674,-9.09495e-13,-1.45449e-05,-1.18327e-05
400,695,Circle,26.3552,-15.3166,25.1651,-0.138433,-5.88879,4.32312
400,696,Circle,-7.44831,-35.9973,36.0169,-3.79284,-0.115048,3.97613
400,697,Circle,-17.7424,-37.3145,16.3429,-2.56213,0.117438,-1.11179
400,698,Circle,-19.5653,-20.2801,-75.2252,-5.00331,-1.25215,-13.5677
400,699,Circle,-39.5996,-6.22462,-44.0054,-0.0321104,-1.60919,-4.5987
400,700,Circle,-38.7153,6.4817,3.75808,-1.70561,-2.23049,-3.58544
400,701,Circle,6.34647,-38.0414,7.6741,-2.46725,-0.977554,1.62552
400,702,Circle,-1.56916,-5.76593,-2.27473,-3.57701,-3.98527,1.93456
400,703,Circle,-2.91073,-23.6147,-11.728,-2.70407,-7.35142,-1.18344
400,704,Circle,-27.3517,-38.1133,-4.30474,-0.0627128,-0.0223062,-0.108271
400,705,Circle,-16.0929,-15.014,-63.7544,-4.18186,-4.67116,-8.85702
400,706,Circle,-13.4201,-29.0988,26.9869,-5.73552,-4.83706,4.63962
400,707,Circle,-17.0797,-39.6272,-10.8245,9.57831e-05,-2.13163e-14,-1.6536e-05
400,708,Circle,19.4888,-38.1071,37.107,-0.306023,-5.36801,6.52796
400,709,Circle,-8.65108,-39.593,-13.6403,-2.04295,-0.0817633,0
400,710,Circle,-12.3547,-29.2966,-19.9421,-4.44931,-3.85448,-1.59292
400,711,Circle,-39.6202,-10.2419,-13.953,0,0,-0.800328
400,712,Circle,-2.93151,-10.3619,6.34206,-4.09136,-5.1281,0
400,713,Circle,-16.6525,-17.5255,-2.38286,-1.52936,-4.75858,-1.36003
400,714,Circle,-27.9694,-39.6232,10.0591,-0.000896554,-1.16415e-10,0.0023797
400,715,Circle,-38.9248,-29.6942,0.797347,-3.36959e-06,-2.22641e-05,-4.78883e-06
400,716,Circle,-39.5984,31.2758,-29.3876,-0.86331,-1.44183,-4.40543
400,717,Circle,-34.5162,-36.8306,-14.3894,-0.000194392,-0.000175674,6.4952e-05
400,718,Circle,-36.2057,-26.285,-13.0397,0,0,0
400,719,Circle,-35.5079,-11.0877,51.4326,-0.0864844,-1.90173,0.373328
400,720,Circle,-32.3893,-36.8988,4.8847,-9.54605e-05,5.82358e-05,-0.000219208
400,721,Circle,-35.9613,-28.1208,11.8296,-8.71256e-05,-0.000125098,-0.000436723
400,722,Circle,-38.932,-21.9108,-14.9548,-0.00153119,-0.00613145,-0.00458941
400,723,Circle,-38.0276,-17.1022,-11.0004,-0.476495,-0.317615,-0.715094
400,724,Circle,-17.8555,-11.6513,2.12901,-3.92697,-4.02868,0
400,725,Circle,-20.6486,-38.329,39.142,0.000215957,0.000382507,1.06011
400,726,Circle,-36.6483,-30.0513,2.29376,-0.000170775,0.000140234,1.95431e-05
400,727,Circle,-39.5315,-0.0285826,-35.5872,0.177223,-1.4034,-1.97445
400,728,Circle,-14.2118,-31.9659,-8.10766,-4.97131,-7.08952,-2.1525
400,729,Circle,-24.9065,11.3427,-14.4155,-6.33951,-1.73139,-2.16353
400,730,Circle,-38.2974,29.6503,26.4671,0.718873,-1.05603,8.8724
400,731,Circle,-32.7047,-32.243,-34.6686,-0.00329971,-0.025391,0.048994
400,732,Circle,-11.7454,15.3593,55.4121,-4.16861,-1.58742,10.573
400,733,Circle,-33.4758,-32.9947,5.65496,-0.0114119,-0.0267418,0.0382276
400,734,Circle,-9.90596,-38.935,-16.6532,-3.16269,0.326662,0.909085
400,735,Circle,-4.44452,-39.62,36.382,-2.15547,0,5.67245
400,736,Circle,-15.6064,-20.229,-4.33763,-4.02752,-4.429,1.23023
400,737,Circle,-38.0342,-4.03175,32.8918,0.489849,-1.38403,0
400,738,Circle,-1.80331,-39.5737,21.4819,-2.01527,-0.529052,4.37974
400,739,Circle,-37.5757,-11.204,2.07519,0.088747,-1.85304,-1.49177
400,740,Circle,-38.0701,-28.633,-1.19154,-3.63605e-05,-1.66857e-05,1.89175e-05
400,741,Circle,-14.0441,-39.5659,19.7217,4.59073e-05,6.77791e-07,-1.86755e-05
400,742,Circle,-20.6723,-2.65097,6.95013,-3.71958,-1.46054,2.76474
400,743,Circle,-27.0061,-34.2894,-19.3877,-2.51375,1.10995,-2.21982
400,744,Circle,-25.9031,-33.5001,-17.4074,-6.92155,-3.84284,-0.68
400,745,Circle,-38.8474,-7.6788,-27.2538,-0.114777,-1.21613,1.32889
400,746,Circle,-26.2279,-34.4215,20.7476,-2.34457,0.674013,-0.847646
400,747,Circle,-10.2502,-39.6427,28.9,-1.96412,-0.13676,2.35942
400,748,Circle,-36.632,-13.539,5.62591,0.588582,-2.15664,-0.0810402
400,749,Circle,-39.6106,-5.07089,-33.2856,0,-1.95527,-5.02182
400,750,Circle,-36.6161,-34.7414,-1.75999,-0.000382329,-0.000288691,0.000220018
400,751,Circle,-38.4585,-37.3615,-11.3068,-4.04896e-06,-3.45334e-06,-3.6419e-06
400,752,Circle,-37.1362,-42.3735,15.9853,0,0,4.05467
400,753,Circle,-20.2836,-37.0243,-2.96517,-1.57968,1.79803,1.95598
400,754,Circle,39.6198,-38.8668,-6.97076,0,0,0
400,755,Circle,-35.8952,31.9747,14.7821,0.843176,-0.82726,3.21266
400,756,Circle,-37.3986,-39.101,9.18803,-1.51285e-06,-5.02324e-07,-3.63857e-07
400,757,Circle,-42.8129,-28.9067,-35.9127,-1.42109e-13,-1.38583,-1.41223
400,758,Circle,-36.8805,-35.4506,4.30671,-0.000125863,-0.00013421,0.00019741
400,759,Circle,39.0007,35.5561,9.01497,0.244785,-0.9,1.95978
400,760,Circle,11.4854,-39.6098,34.0422,-2.04206,0.0341881,5.84168
400,761,Circle,-23.4137,22.0203,4.87557,-5.22794,-0.788503,3.09594
400,762,Circle,-33.8057,-36.6153,-17.7556,-0.000191908,-0.000143168,-0.000317091
400,763,Circle,-31.0332,-33.8652,45.4292,0.000290197,8.67419e-05,0.000397685
400,764,Circle,-42.0443,14.6422,2.08552,6.51726e-07,2.09083e-06,1.00789
400,765,Circle,-36.2787,-22.8418,-26.8639,-0.0658853,-0.0803605,-1.17726
400,766,Circle,-38.0295,-27.8793,1.61204,-0.00013812,-0.000154127,0.000364336
400,767,Circle,-35.2598,-36.792,-2.43138,-0.000204189,-0.000362621,2.91034e-05
400,768,Circle,-30.2587,-33.7761,-13.2684,-0.0710292,1.05815,2.94074
400,769,Circle,-11.0456,-39.6221,9.24389,-2.05243,5.58794e-09,2.94498
400,770,Circle,-36.1918,-39.6224,-5.68339,-7.57095e-07,-4.54747e-13,2.00461e-06
400,771,Circle,-34.8448,-36.1385,-11.3954,4.56131e-05,-0.000531975,-0.000923128
400,772,Circle,22.3565,-10.9001,4.46779,-0.521001,-3.32504,1.35432
400,773,Circle,-37.0632,-21.5392,14.8494,5.32907e-15,-7.10543e-15,5.68434e-14
400,774,Circle,4.50998,28.5256,-30.2714,-1.18698,0.336542,-4.54257
400,775,Circle,-3.21888,-0.590446,-14.1053,-4.36099,-2.52616,0.414816
400,776,Circle,-1.0845,-35.5279,37.3581,-4.56966,-5.87788,5.57095
400,777,Circle,-37.2755,-18.9193,-4.66106,-0.126681,-0.991848,-1.54619
400,778,Circle,-35.9327,-36.4982,-3.29221,-1.83492e-05,-1.87205e-05,-7.08964e-05
400,779,Circle,-22.0683,-37.6845,-4.10278,-0.00050592,0.000864491,-0.000524534
400,780,Circle,-38.7742,31.3426,4.58891,-0.53087,-0.832259,4.52649
400,781,Circle,-36.6062,-27.6925,2.81569,3.11002e-06,-9.9038e-07,-1.2399e-07
400,782,Circle,-26.9962,-1.20189,-2.43118,-4.55784,-3.96741,1.31858
400,783,Circle,-39.0938,39.6203,-9.67765,0,0,-1.6366
400,784,Circle,-39.598,36.2093,-39.9271,0.480761,-3.0069,-10.6086
400,785,Circle,-39.6343,-23.4072,0.939238,-0.00101712,-0.00419467,0.00391925
400,786,Circle,-26.6394,-36.7489,3.03351,0.000277728,-3.93078e-05,-0.000126956
400,787,Circle,-32.8287,39.6194,-30.3151,-5.76333,2.24432,-3.68035
400,788,Circle,9.91558,-39.6069,31.5997,-2.01811,0.0480473,2.69112
400,789,Circle,-5.90142,-37.0354,0.537985,-2.8929,-0.0581153,-1.04342
400,790,Circle,-29.7594,-38.9167,-6.02138,-5.92377e-06,6.93419e-06,-1.3103e-05
400,791,Circle,-18.1896,-38.2638,-2.47568,-1.70124,0.465906,0
400,792,Circle,-32.4806,-14.4858,-4.19402,-2.17832,-3.6114,1.67362
400,793,Circle,-38.1708,-17.8677,-5.35505,-0.0893413,-0.373981,1.81525
400,794,Circle,-39.6274,-16.2413,-10.0481,-4.65661e-09,-0.00816625,-0.0218609
400,795,Circle,-39.6357,-34.55,-7.9006,-7.27596e-12,-3.02957e-05,-8.31006e-05
400,796,Circle,-20.7566,27.7167,18.6263,-5.84029,0.99641,3.5706
400,797,Circle,-17.0416,-38.855,-2.88184,-1.85448,0.497567,4.34612
400,798,Circle,-42.6366,36.7755,-9.35746,0,0,-1.40362
400,799,Circle,-28.4666,-38.1969,3.68499,-0.00585494,-0.00292802,0.00824723
400,800,Circle,-32.1206,-11.7808,18.965,-1.51727,-3.68335,6.59227
400,801,Circle,-34.2469,-26.8627,3.73149,-0.0556369,-0.0368835,-3.60327
400,802,Circle,-27.3792,-36.589,30.5042,0.000318884,0.000323946,-0.000947214
400,803,Circle,-37.1704,-36.5978,16.2095,-3.51794e-06,-4.24186e-05,-4.0157e-05
400,804,Circle,-29.8441,-31.7844,14.6111,-7.25056,-4.37328,2.87145
400,805,Circle,-34.6041,10.6036,-1.5342,-6.02643,-2.28904,-0.280775
400,806,Circle,12.0953,23.8003,0,-3.30334,-0.581193,0
400,807,Circle,-33.1866,-20.7436,11.4011,-0.441477,-1.58177,0
400,808,Circle,-32.2886,-10.5457,-16.8534,-5.37056,-4.09542,-2.44204
400,809,Circle,-34.9593,-32.5682,4.69852,-0.00540249,-0.00259269,0.00099732
400,810,Circle,-37.1361,-9.37913,12.8875,0.00645328,-2.16717,-1.17195
400,811,Circle,-32.731,-35.3944,17.4023,0.000308312,-0.000103726,0.000217993
400,812,Circle,-35.4386,-31.9615,-8.99098,-0.00210614,0.000116028,-0.00348023
400,813,Circle,-36.3022,-15.0343,3.29167,0.543761,-2.00014,0.989574
400,814,Circle,-38.2539,-32.4165,-11.3502,-0.000122703,6.23409e-05,-4.79894e-05
400,815,Circle,-38.3874,-38.2108,25.8237,-2.96556e-06,-4.13799e-06,-7.09213e-06
400,816,Circle,-42.605,15.451,-37.8212,0,0,-6.83056
400,817,Circle,-32.0592,-37.5904,-3.86568,-0.000312511,9.03675e-05,0.000570391
400,818,Circle,-6.33466,-29.4459,-4.94525,-4.43058,-4.96935,0
400,819,Circle,22.0414,-12.9094,-0.00889307,-0.418324,-4.24636,0
400,820,Circle,-38.8807,-2.09242,-18.475,-0.00529492,-1.37723,-2.11979
400,821,Circle,-36.3776,-17.056,27.0176,0.895678,-1.60484,-1.14562
400,822,Circle,-42.7574,-37.5826,58.9814,0,0,9.90068
400,823,Circle,-33.4776,-31.4601,45.1709,-0.041068,-0.0399512,1.12013
400,824,Circle,-9.62333,-38.2011,1.13871,-3.35401,0.346763,-0.49736
400,825,Circle,-33.3743,-19.3473,-9.83607,2.27049,-2.30889,1.95505
400,826,Circle,-13.5226,-38.8533,-21.9383,-2.66421,-0.130686,0.0144462
400,827,Circle,-6.55948,-36.5862,29.7588,-2.66831,0.269857,0.0517787
400,828,Circle,-37.5618,-32.7396,-3.05907,-0.000264548,6.68303e-05,-0.000115403
400,829,Circle,-39.62,-9.46017,-9.76453,0,-1.41287,-2.40625
400,830,Circle,-29.1541,-36.1439,34.6107,-0.000770355,0.00108049,-0.00131004
400,831,Circle,-8.4403,-37.2571,2.39103,-2.58836,-1.42096,-2.83841
400,832,Circle,-33.2904,-30.7186,-13.4074,-0.287478,0.00332633,-0.411039
400,833,Circle,-22.5995,-38.9495,20.4541,-0.00224637,-0.00194679,-0.00356407
400,834,Circle,-5.01479,-36.6109,4.12192,-3.81844,-1.01318,3.00097
400,835,Circle,-31.2879,-37.6093,8.57165,-0.000306699,0.00031519,-0.000574838
400,836,Circle,-9.25829,-26.7024,20.4659,-4.51388,-6.63031,3.30984
400,837,Circle,12.4624,9.95096,2.59652,-1.24642,-1.41045,0.93297
400,838,Circle,-38.2085,-29.3866,1.88626,-6.08332e-06,-4.04562e-06,4.03334e-06
400,839,Circle,-37.3157,-34.4311,3.71184,-0.000418006,-0.000267652,0.000518717
400,840,Circle,-10.6472,-38.24,4.43331,-2.74929,-0.387635,-0.687127
400,841,Circle,-41.9855,25.505,0,0,0,0
400,842,Circle,-17.4213,-38.1789,13.9433,-1.71312,0.59619,0
400,843,Circle,-6.15516,-23.1934,38.4695,-2.5222,-5.73412,8.23215
400,844,Circle,-6.18746,31.4416,30.9677,0,0,4.44285
400,845,Circle,-29.4229,-33.5578,-3.26076,-1.17255,1.27623,-1.52651
400,846,Circle,-36.2933,-9.45435,9.69927,0.430082,-1.5086,-0.000685987
400,847,Circle,-37.9841,-1.52832,-2.6527,0.537659,-2.29157,0
400,848,Circle,-39.6277,-36.7394,-10.9636,2.97773e-07,-4.28695e-06,-4.69383e-06
400,849,Circle,-38.8327,-16.7945,1.34046,-0.174605,-0.0122134,0.489816
400,850,Circle,-34.7302,-24.6387,7.5354,0.978319,-2.08186,4.41989
400,851,Circle,-10.6034,-36.9071,27.531,-3.22018,-0.273894,-0.00313832
400,852,Circle,-39.6196,-24.8906,-17.6031,-2.91038e-11,-0.00065375,0.00062912
400,853,Circle,-38.0594,-3.03442,-6.95632,0.31765,-0.82703,-2.43129
400,854,Circle,-35.2992,-20.24,5.66297,1.33942,-1.15463,-2.30889
400,855,Circle,-19.0134,-14.4934,11.5736,-4.0322,-4.89294,1.27421
400,856,Circle,-18.6453,-35.9086,9.93059,-2.07489,0.863757,0.0478223
400,857,Circle,-35.4799,-34.9226,-23.4532,-0.00195191,-0.00188964,-0.00330874
400,858,Circle,-38.94,-28.9372,5.98474,3.46321e-06,-2.64318e-05,-3.62132e-05
400,859,Circle,8.17632,1.17359,-34.1384,-3.32576,-2.66728,-5.5188
400,860,Circle,-23.2871,-35.0016,15.6695,-2.11843,-0.0637766,6.82597
400,861,Circle,-33.8506,-13.1242,-23.5961,1.156,-2.88304,-1.24298
400,862,Circle,-23.0042,-36.2348,26.858,0.00835575,0.00755014,2.32033
400,863,Circle,-0.917587,-3.81648,-27.2841,-3.61407,-3.28932,-3.79035
400,864,Circle,-36.3066,-5.22023,-15.0712,-1.70844,-1.16403,0.081654
400,865,Circle,-37.6443,37.9314,0,-3.1,1.3,0
400,866,Circle,-36.0839,-12.3257,5.57758,0.545144,-1.99778,-0.249804
400,867,Circle,-12.7887,-35.3946,-13.4077,-2.73765,0.0452131,-5.91127
400,868,Circle,-39.62,20.8413,1.11284,0,0,0
400,869,Circle,-10.1893,-37.5912,-0.21212,-3.05422,-0.172666,1.64586
400,870,Circle,-36.9468,-11.7527,4.14955,0.266386,-1.69533,1.16616
400,871,Circle,-30.5455,37.6564,-41.7733,-3.54651,-0.500034,-8.45469
400,872,Circle,-31.3123,-38.944,1.00963,-3.67047e-06,2.00083e-07,-8.2113e-06
400,873,Circle,-17.5351,-6.98962,-22.7761,-5.42512,-3.46468,-5.04242
400,874,Circle,19.8546,-35.2273,2.0341,-2.11389,2.2922,1.18678
400,875,Circle,-25.0439,-39.6212,2.46045,0.00069994,-4.65661e-10,-0.00184799
400,876,Circle,-37.4235,-18.1619,-21.0153,0.299903,-0.752772,-0.10943
400,877,Circle,-30.1846,-14.6582,11.9344,-5.99737,-1.38809,2.06783
400,878,Circle,-39.6259,-25.6309,3.86679,9.47298e-06,-7.06892e-05,-0.000110311
400,879,Circle,-32.1527,-34.8804,-7.83798,0.00570577,-0.00673421,-0.00402546
400,880,Circle,-25.1492,-35.3787,9.64041,-1.06838,0.226137,-0.722937
400,881,Circle,-38.1443,26.5767,27.2355,-0.222841,-0.903045,5.14648
400,882,Circle,-37.7521,-4.86411,70.7529,0.0240359,-1.85459,1.63393
400,883,Circle,-35.283,-27.7491,-14.391,0.00018347,-0.000998112,-0.000157983
400,884,Circle,-36.4343,-19.1435,0.217019,0.777189,-1.79579,-0.226428
400,885,Circle,-42.2443,-28.3728,-21.7249,2.84217e-14,-1.38583,-1.3811
400,886,Circle,-39.6318,-31.5667,-29.3455,-2.27374e-13,1.53075e-07,4.1578e-07
400,887,Circle,-36.9296,-32.3041,-28.6311,-0.000369378,1.11909e-05,-0.000863373
400,888,Circle,-29.4535,25.3359,3.98337,-5.65919,-0.799913,0
400,889,Circle,-12.3993,-30.2006,-18.0317,-4.89727,-4.15732,0
400,890,Circle,-33.1833,-25.775,5.52708,1.49842,-2.72556,1.97586
400,891,Circle,37.0004,-39.62,-33.0795,0,0,-1.80802
400,892,Circle,-17.8091,-39.5964,33.3202,0.00013185,6.286e-05,-0.000166006
400,893,Circle,3.76151,-35.5211,-14.6021,-3.38667,-3.75147,-3.72408
400,894,Circle,-34.2188,-33.2128,-4.86319,-0.0109748,-0.00480818,-0.00561317
400,895,Circle,-41.9072,-26.6025,-18.8826,0,-2.5191,-4.21302
400,896,Circle,-7.34074,-36.7432,-12.5375,-2.50393,-0.546862,-1.48759
400,897,Circle,39.5614,-39.63,-7.94558,0,0,0
400,898,Circle,-28.5308,-33.7845,-28.7376,-3.15025,0.904917,-4.54903
400,899,Circle,9.1409,-39.6201,26.0726,-2.01744,0,2.76579
400,900,Circle,-1.99061,-35.6859,-15.2049,-4.50954,-5.10262,-3.58223
400,901,Circle,-5.37376,6.00321,-30.788,-3.92501,-2.0892,-4.23005
400,902,Circle,-16.3506,6.32727,-31.0168,-5.50614,-2.20209,-6.86474
400,903,Circle,-30.8473,-32.733,-17.2456,-0.701393,1.09442,-1.76513
400,904,Circle,-33.2242,-38.176,12.9903,-9.47118e-06,-1.17104e-05,-3.87224e-05
400,905,Circle,-37.8306,-21.606,-14.459,0.00514633,-0.0937892,-0.0699944
400,906,Circle,-37.4422,-12.3733,0.465062,0.719083,-2.03292,0.208312
400,907,Circle,-16.8243,-37.6818,1.57354,-2.11666,1.12803,2.29403
400,908,Circle,-37.5923,-23.5136,19.376,0.00355848,-0.0131487,0.00267295
400,909,Circle,-38.9592,-23.7365,-6.97217,-0.00285407,-0.00502255,-0.0080472
400,910,Circle,-36.641,-28.4957,-4.58549,-0.0001318,-8.88115e-05,-2.65073e-05
400,911,Circle,-34.5209,-30.548,4.86143,-0.0033969,0.00374641,-0.00162984
400,912,Circle,-20.3544,-36.235,2.45237,-2.19968,1.74644,-1.64559
400,913,Circle,-39.0129,-37.8511,-13.9864,-7.66932e-07,-9.43123e-07,1.56598e-06
400,914,Circle,-26.2292,-37.4069,6.66575,-0.10498,-0.106941,0.0472151
400,915,Circle,-18.5232,-37.5176,-19.4626,-2.88291,0.567051,2.58667
400,916,Circle,-34.7884,-23.8553,-0.638768,0.0382829,-2.15658,-2.1419
400,917,Circle,-38.1299,-8.17059,5.06524,0.310698,-1.72647,-1.2741
400,918,Circle,-7.94549,-38.101,33.4928,-2.85953,-0.484576,-0.0369591
400,919,Circle,-29.4479,-39.6235,10.3288,-0.000153451,-1.77014e-05,-9.02582e-05
400,920,Circle,-37.4104,-31.6974,-19.6132,-7.50455e-05,0.000103389,0.000103899
400,921,Circle,-28.7066,-39.629,19.1303,-0.00040945,-0.000222494,-0.000232514
400,922,Circle,-21.2382,-5.35824,3.04648,-2.12956,-4.10097,1.02147
400,923,Circle,-11.6872,-26.4629,-24.9974,-4.81102,-5.03561,0
400,924,Circle,-36.3635,-24.2539,-15.8104,0.0225378,-0.00982729,-0.0223433
400,925,Circle,-39.4276,-19.1921,-13.6293,-0.124072,-0.03941,-0.196601
400,926,Circle,-17.0718,-36.8751,-2.494,-3.14275,1.21951,1.54647
400,927,Circle,-7.05082,-39.6077,24.8726,-1.88607,0,4.80712
400,928,Circle,-17.0681,-11.346,-12.5716,-3.80472,-4.17182,-1.93462
400,929,Circle,-25.4551,-37.4043,-4.75866,-0.0217624,-0.0332744,-0.0189052
400,930,Circle,-37.7982,-37.7358,-0.726882,-2.61215e-07,-7.48906e-06,5.25065e-06
400,931,Circle,-37.2589,-16.7682,17.1847,0.133588,-1.11079,2.02806
400,932,Circle,-37.9866,-15.3893,-27.2704,0.113923,-0.918214,-2.44127
400,933,Circle,-34.4373,-20.4934,8.00399,1.63985,-1.72563,-1.07313
400,934,Circle,-25.8459,-16.3757,13.5105,-4.88953,-3.2213,0
400,935,Circle,-38.1971,-36.3218,-6.7838,-1.87231e-05,-2.18898e-05,5.65629e-06
400,936,Circle,-24.4528,-35.7076,8.94354,-1.26331,-0.131736,-0.259948
400,937,Circle,-21.9089,-36.1804,-12.7153,-0.550024,1.47735,0
400,938,Circle,-32.4587,-38.2536,-3.82682,-1.88352e-05,-3.75734e-05,3.62192e-05
400,939,Circle,-23.3626,-38.8872,22.1615,-0.00175057,-0.000919639,0.00254367
400,940,Circle,-11.5151,17.2277,27.1083,-5.3431,-0.820886,4.04678
400,941,Circle,-38.9148,21.2533,-7.03451,-7.27387e-07,8.80269e-07,1.67259e-06
400,942,Circle,-32.4543,-26.3423,6.71906,2.57394,-1.887,-2.23178
400,943,Circle,-32.5693,-34.2254,-7.02316,0.00628736,-0.00790947,0.00833143
400,944,Circle,-15.0516,-38.5822,-0.0103721,-2.6835,-0.127552,-0.0310867
400,945,Circle,-39.6271,-17.729,-3.07586,-1.86265e-09,-0.0440221,0.0751823
400,946,Circle,-34.6963,-39.6201,-9.41417,-1.14392e-07,-3.41061e-13,1.15916e-07
400,947,Circle,-38.0965,6.01179,-12.5618,-2.66293,-4.11407,-5.50437
400,948,Circle,-36.7757,-30.8172,0.749365,-0.000240826,0.000115005,0.00027465
400,949,Circle,-34.757,-34.6382,10.1935,-0.001079,-0.00429101,-0.00368528
400,950,Circle,-35.5485,-35.8335,7.07321,1.98952e-12,2.84217e-13,2.50111e-12
400,951,Circle,-39.6303,-27.1294,-2.82182,7.27596e-12,-6.15343e-05,-0.000166428
400,952,Circle,-30.7679,-37.0463,18.3863,-0.00040392,0.0003278,0.000646494
400,953,Circle,-37.3791,-28.2931,-14.3401,-7.91617e-05,-6.165e-05,-9.72604e-05
400,954,Circle,-42.848,-30.2076,-11.703,-1.42109e-14,-1.38584,-2.26831
400,955,Circle,-32.9448,-18.6882,0.489147,1.62207,-1.87154,0
400,956,Circle,-35.3643,-18.0138,-32.3413,0.819225,-1.95924,0.278682
400,957,Circle,-39.6094,-3.15194,-7.24286,7.10543e-15,-1.42637,-3.63988
400,958,Circle,-35.7557,5.64244,-5.54024,1.37981,-1.52733,-3.32552
400,959,Circle,39.5493,-36.2679,11.5319,0,0,3.22257
400,960,Circle,-34.5412,-29.1436,-1.16071,-0.000367922,-0.0104304,-0.00193959
400,961,Circle,-38.8543,-13.7799,13.8442,-0.117123,-0.0953712,-0.0670103
400,962,Circle,-25.2328,-20.5635,19.8677,-5.56748,-3.74237,3.37126
400,963,Circle,28.3734,-39.1948,17.6783,0,0,2.59481
400,964,Circle,-4.13921,-38.8155,-3.02952,-2.70318,0.0162298,0.808842
400,965,Circle,-3.13234,-31.7001,-2.28829,-4.90341,-4.13514,3.26126
400,966,Circle,-39.6302,-33.8146,-6.98322,-1.86528e-06,-1.29319e-05,1.5077e-05
400,967,Circle,-36.5202,-8.69524,-26.0475,1.166,-2.41038,-1.39433
400,968,Circle,-35.5957,-9.91241,3.91129,0.548924,-1.70118,0
400,969,Circle,-37.3647,-6.23457,-2.41471,-0.044606,-1.93829,0.00256306
400,970,Circle,-38.9555,-26.7584,-0.346968,-0.000173539,-0.000113882,0.000377224
400,971,Circle,-28.9268,-34.5197,6.24865,-1.85363,0.159038,2.05672
400,972,Circle,-39.6205,-8.65961,-22.138,0,-1.20012,-3.1607
400,973,Circle,-35.9357,-15.7292,-6.92775,0.666151,-1.91031,-1.18776
400,974,Circle,-21.9312,-38.5906,22.6441,-0.000650472,-0.00570669,-0.00857711
400,975,Circle,-31.8707,-35.605,18.6708,0.00427136,-0.00658735,-0.00194117
400,976,Circle,-34.0615,-29.7841,17.7636,-0.00202616,0.00218599,-0.980258
400,977,Circle,-28.0895,-35.4458,-0.801467,-0.881312,0.56241,2.87075
400,978,Circle,-35.0431,-31.1694,-18.4976,-0.000338359,-0.000225409,9.41629e-05
400,979,Circle,-33.6402,-38.8989,1.24337,7.32196e-07,-2.45798e-06,-1.73417e-06
400,980,Circle,-0.717809,-38.7026,-2.04129,-1.90146,-1.79628,1.12263
400,981,Circle,-2.60712,-39.62,34.4159,-2.14405,1.52977e-09,3.83303
400,982,Circle,-35.8146,-43.0955,0.0223801,0,0,0
400,983,Circle,-42.3907,-29.5758,24.6655,1.42109e-14,-1.38583,2.36137
400,984,Circle,-33.4356,-23.0206,-6.7465,0.47696,-3.00369,0
400,985,Circle,-34.4901,-28.3754,-0.209529,0.013835,-0.0201413,-0.0447419
400,986,Circle,-36.6564,-31.5785,-7.43479,-0.00067275,0.000317948,-0.00111515
400,987,Circle,-28.8428,-36.8507,0.121005,-0.00263026,0.000941353,0.0054577
400,988,Circle,-38.3341,-5.524,0.0419996,0.784882,-1.93008,-1.41447
400,989,Circle,7.85369,-32.367,1.4112,-1.95014,-5.46552,0
400,990,Circle,26.4947,-37.5557,-2.9702,-1.10628,1.10948,-1.47987
400,991,Circle,-37.481,-16.0163,-18.5512,0.186218,-0.958351,-0.78185
400,992,Circle,-27.9429,-37.6337,6.48538,-0.0256371,0.0154706,-0.0261919
400,993,Circle,-30.6878,39.2315,-46.3232,-2.86559,0.477668,-7.71276
400,994,Circle,-36.0616,-30.5588,7.87089,-0.000468325,0.000221873,0.000229294
400,995,Circle,-10.5067,-20.0896,31.2249,-3.76096,-5.38308,2.68908
400,996,Circle,-22.8239,-37.8199,17.8201,0.00265563,-0.0133034,0.0146949
400,997,Circle,-28.4853,9.61432,63.6829,-6.31042,-1.68719,7.62191
400,998,Circle,-39.6209,-2.3735,-0.174319,0,-1.39168,2.14654
400,999,Circle,-8.33974,10.8559,13.741,-3.51521,-2.54827,2.92458
400,1000,Circle,-27.2818,-38.8723,-0.967154,-0.00973416,-0.0175301,0.0188587
400,1001,Circle,-38.2041,-10.4676,7.49183,0.51987,-1.05464,-3.14874
400,1002,Circle,-7.03878,-38.1029,-14.1474,-2.7601,-0.366019,0.894656
400,1003,Circle,-16.3785,-29.6527,0.291808,-6.12334,-3.43797,-6.19451
500,0,Box,0,42.5,0,0,0,0
500,1,Box,0,-42.5,0,0,0,0
500,2,Box,-42.5,0,0,0,0,0
500,3,Box,42.5,0,0,0,0,0
500,4,Circle,-31.0229,-36.2677,2.22493,-1.07124e-09,-5.86939e-09,2.10105e-09
500,5,Circle,-25.7059,-38.8512,-4.97912,6.68235e-09,5.20406e-08,-7.07954e-08
500,6,Circle,-6.79286,-39.6194,7.39204,-0.0277315,-0.00104126,-0.0677173
500,7,Circle,23.5165,-39.5458,9.49059,2.03151e-06,8.27493e-07,2.48556
500,8,Circle,-38.9057,-10.7119,-0.242857,-1.88742e-07,-2.6084e-07,1.16378e-06
500,9,Circle,-38.9403,-33.4842,-2.64742,3.55732e-08,-3.15164e-07,2.56323e-07
500,10,Circle,-31.2432,-35.1332,11.6464,-1.14003e-09,-6.82141e-09,-8.48776e-09
500,11,Circle,14.1207,-37.1446,8.16621,-1.54502,0.698687,1.97414
500,12,Circle,-36.3684,-25.5494,9.30832,0.000277436,-0.00138379,-0.00347535
500,13,Circle,-34.7164,-35.4219,-7.14522,-7.43168e-09,-4.90498e-09,-9.90199e-09
500,14,Circle,-38.4157,-9.24882,23.4979,1.38705e-06,8.96628e-07,3.47382e-06
500,15,Circle,-19.2965,-39.6198,5.59503,-8.6243e-12,1.56982e-13,3.97479e-13
500,16,Circle,-34.4487,-10.2764,3.4995,0,0,0
500,17,Circle,-38.0364,-24.82,17.3703,-6.62748e-06,5.9837e-06,4.08143e-06
500,18,Circle,-37.3394,-27.482,7.36766,-5.78071e-15,-1.39077e-16,-8.315e-15
500,19,Circle,-6.71215,-38.7895,42.7007,-1.5541,0.622228,1.94503
500,20,Circle,-17.6593,-34.7136,-3.9505,-2.3518,0.854116,-0.000214533
500,21,Circle,-32.238,-33.5658,-15.3692,-5.27872e-07,-2.96994e-08,7.72988e-07
500,22,Circle,-11.6375,-38.7745,-6.21224,-1.57595,-0.221465,0
500,23,Circle,-30.8333,-15.6713,-28.3011,-3.14333,-4.40501,-3.86749
500,24,Circle,-24.3308,-38.096,25.5608,-0.000705853,1.82839e-05,-0.000371626
500,25,Circle,-34.9061,-14.7726,-0.847331,0.0274607,-2.30083,-0.952055
500,26,Circle,-30.2808,-36.4302,16.0491,-9.44686e-09,-2.04667e-08,-4.59714e-09
500,27,Circle,-34.4995,-26.1836,13.2088,4.19593e-05,5.56325e-06,-1.824e-06
500,28,Circle,-5.29228,-39.6026,32.3634,-6.52096e-08,0,-1.31008e-08
500,29,Circle,-32.0625,-38.9422,2.32485,-1.33269e-09,-1.50075e-10,-2.19173e-09
500,30,Circle,-34.1517,-31.2494,16.1978,1.11291e-07,-2.09689e-07,-3.03499e-08
500,31,Circle,-33.1978,-34.738,-3.85461,-1.42214e-07,-1.22044e-07,-1.54966e-07
500,32,Circle,-22.4111,7.30857,34.0013,-4.97835,-1.485,4.67569
500,33,Circle,-38.0876,-14.2969,3.72649,0,0,-0.947688
500,34,Circle,-2.83918,-38.3378,0.156893,-2.64035,-0.357176,2.41037
500,35,Circle,-34.7132,-13.7207,10.7459,0.306102,-1.80985,-1.46664
500,36,Circle,-16.6624,-38.1263,-0.889626,-0.919952,-0.172475,0.986258
500,37,Circle,-38.9415,-30.4536,4.75658,1.30532e-06,-3.33686e-06,3.19921e-06
500,38,Circle,-37.6214,-33.686,20.0718,5.75831e-08,-1.67742e-08,9.51952e-08
500,39,Circle,1.41535,-38.9629,-14.1739,-2.04624,-0.365659,3.70416
500,40,Circle,-14.9444,-39.4206,17.8956,-0.000500452,0.000208612,0.000180766
500,41,Circle,-34.7881,-29.8674,-20.0981,-2.99739e-08,-5.3827e-07,-2.11231e-07
500,42,Circle,-38.8691,-18.3395,-1.43075,-1.06765e-09,4.53725e-09,1.45196e-09
500,43,Circle,-16.3221,18.8087,7.65813,-4.00461,-0.268414,-1.04198
500,44,Circle,-3.86285,-37.3042,67.8624,-1.36091,1.39747,6.92898
500,45,Circle,-13.2649,-37.038,-31.9749,-1.4191,-0.30501,-1.12584
500,46,Circle,-36.9079,-20.7202,2.36788,0,0,0
500,47,Circle,-38.6918,22.9951,71.3329,0.303581,-0.92692,5.68149
500,48,Circle,-29.8669,-35.7812,18.142,-4.78341e-09,-2.34406e-08,-9.98654e-09
500,49,Circle,-36.1643,-16.2325,-10.7869,-8.23119e-08,8.70076e-07,1.09682e-06
500,50,Circle,-12.2019,-34.4467,-0.705558,-2.9507,0.465313,-1.10319
500,51,Circle,-35.3962,-23.5459,-3.39563,-0.000671537,0.000979008,-0.00218195
500,52,Circle,-38.1534,-12.7116,-24.7604,-1.31188e-20,-1.64019e-19,6.66416e-20
500,53,Circle,17.6358,-39.613,-9.64991,0,0,0
500,54,Circle,-16.2693,5.80174,14.8058,-4.68292,-1.31563,1.95381
500,55,Circle,-33.6129,35.1494,-9.08675,1.3952,-0.41896,-1.65476
500,56,Circle,-36.1832,-35.3583,38.2615,-6.97107e-09,4.22816e-09,6.43696e-09
500,57,Circle,-15.5742,-37.1011,-1.02875,-1.3835,0.0871315,0.0638502
500,58,Circle,-36.3516,-0.0136409,7.85493,-1.48665,-1.90352,4.37839
500,59,Circle,-39.6202,-12.5267,-19.5917,0,-1.50882e-07,-1.10036e-07
500,60,Circle,-28.3772,-36.1484,-14.8494,-9.91384e-09,4.38467e-08,-2.94776e-08
500,61,Circle,-32.5981,-25.573,20.4125,0.310758,-2.41628,0
500,62,Circle,-32.0573,-32.7023,39.7644,-8.69174e-09,1.47134e-08,2.43144e-08
500,63,Circle,-36.3276,32.0184,-84.2167,-5.49343,-1.3907,-11.4365
500,64,Circle,-17.5774,-36.8074,7.25034,-0.720744,0.379594,-0.84286
500,65,Circle,-31.571,-21.0294,-8.09645,0.585289,-2.03006,0
500,66,Circle,-39.6173,-8.00848,-8.55033,0,-0.00291182,-0.000355299
500,67,Circle,-17.3971,19.7578,-28.2099,-4.0209,-0.429416,-3.71232
500,68,Circle,-33.2923,-25.9766,-37.6957,-0.130208,-1.89068,-2.22068
500,69,Circle,-33.7984,21.6126,0.993121,-4.67437,-1.28144,0
500,70,Circle,-36.7632,-4.63335,-6.94229,1.27715,-2.48969,0
500,71,Circle,-21.8162,-35.5638,-3.56379,-0.460038,0.769678,2.2636
500,72,Circle,-33.0919,-21.6085,16.4669,0.530294,-1.51029,0
500,73,Circle,-14.3275,-35.4356,13.8528,-2.45836,0.345471,0.00516226
500,74,Circle,-37.2763,-15.2686,-4.87098,-1.54976e-09,-6.81653e-09,1.7106e-08
500,75,Circle,-24.7361,-37.3802,-9.4564,-0.000176021,-6.25505e-05,-0.0002625
500,76,Circle,-39.6225,-2.69972,-11.8866,-1.71391e-15,-2.86004e-07,-1.96414e-07
500,77,Circle,35.3268,1.30452,-45.4619,-0.7776,-3.12175,-4.3672
500,78,Circle,-38.837,-19.8565,-0.190681,2.30067e-09,1.42379e-08,3.0804e-08
500,79,Circle,-23.2393,-37.2332,-4.35845,-0.0013893,0.000655034,-0.00257892
500,80,Circle,-20.731,-39.4651,-19.0244,-0.000243054,-1.65448e-05,-0.000285611
500,81,Circle,-13.0193,-37.9431,-14.8477,-1.31636,-0.074612,0.262651
500,82,Circle,-39.4027,9.80873,4.55855,0.0569168,-1.39868,1.26457
500,83,Circle,-33.7946,-34.1289,17.763,-1.79938e-08,-1.45e-08,-2.62134e-08
500,84,Circle,-39.4736,-0.446138,13.7775,0,0,1.86331
500,85,Circle,4.66698,-38.975,10.676,-1.92931,0.0938957,0.813657
500,86,Circle,-27.1697,-15.7608,11.8302,-4.43173,-3.56193,0.809422
500,87,Circle,-34.5924,-27.6034,-15.5391,2.73202e-06,-1.28036e-05,2.00933e-05
500,88,Circle,-17.0128,-34.3255,-23.1327,-1.99377,0.286047,-2.72281
500,89,Circle,-31.6507,-18.8093,8.31407,0.712779,-1.76529,2.02366
500,90,Circle,-10.507,-39.5909,25.5379,-0.0151722,-3.35436e-05,-0.00313259
500,91,Circle,-31.5191,-33.2534,-4.46191,-3.87108e-07,-3.52302e-07,-1.7347e-06
500,92,Circle,-39.6382,-38.2118,-1.35485,0,-9.21857e-09,2.33474e-09
500,93,Circle,-15.5068,7.91763,-30.2356,-3.58222,-1.79879,-3.69047
500,94,Circle,-30.3638,-13.5074,-39.4812,-5.64657,-4.39932,-4.11167
500,95,Circle,-36.5763,-14.7245,-2.88496,-1.58167e-07,-3.12065e-07,1.17787e-07
500,96,Circle,-34.659,-19.3896,11.1423,0.771395,-0.844576,-1.83457
500,97,Circle,-42.2295,23.23,0,0,0,0
500,98,Circle,32.8041,-39.62,8.65458,0,0,1.39997
500,99,Circle,-36.377,-32.8616,-14.0318,9.04704e-09,-1.86372e-08,1.7561e-08
500,100,Circle,-37.0673,22.9001,-26.1397,0.579897,-1.82029,-1.99222
500,101,Circle,-0.525712,-35.0069,-63.9555,-1.88792,-5.93428,-9.66543
500,102,Circle,-38.8307,-7.04697,-12.3419,-3.21633e-11,-1.41857e-10,1.01643e-10
500,103,Circle,-25.8579,-23.7696,28.57,-4.35743,-5.43315,2.56131
500,104,Circle,-28.0181,-15.9181,42.7365,-4.55033,-4.14007,3.84671
500,105,Circle,-34.9014,-17.0983,-9.36289,0.617265,-1.0019,-0.127528
500,106,Circle,-20.4957,-26.707,1.12516,-3.93316,-4.8326,0
500,107,Circle,-38.6954,-28.234,7.32854,-3.06164e-05,-3.02156e-05,-1.35512e-05
500,108,Circle,-35.9466,-10.483,-11.1899,0.375068,-1.45256,0
500,109,Circle,-39.618,-32.3271,6.72994,-8.25321e-08,-9.74436e-07,1.03879e-07
500,110,Circle,-28.0796,-36.8608,3.12979,-6.92642e-08,3.43416e-08,-5.33654e-08
500,111,Circle,-37.7605,33.1435,-47.338,0.800852,-0.722053,-1.96075
500,112,Circle,-9.74092,-35.7853,1.87966,-2.73784,0.260416,-1.5287
500,113,Circle,-38.7424,-19.0962,0.0847158,-4.00307e-09,1.50233e-08,-1.63018e-08
500,114,Circle,-17.9452,-37.4824,-2.03661,-0.0404229,0.0106203,-0.132002
500,115,Circle,-35.6384,33.6028,-10.0453,-5.45914,-1.01181,0
500,116,Circle,-21.4136,-38.0375,-27.5372,-0.0301655,0.0229871,0.0513796
500,117,Circle,-19.6609,-23.6686,3.38721,-3.70287,-4.36393,0
500,118,Circle,-35.697,-19.2289,18.3961,-8.54747e-06,3.70707e-05,3.95704e-05
500,119,Circle,-6.74075,-37.6617,67.6955,-1.24433,0.447581,1.73224
500,120,Circle,-33.0989,-23.9158,1.64689,0.378593,-1.78472,0
500,121,Circle,-39.6347,-21.8505,-24.8308,-8.27454e-09,2.06173e-07,1.87006e-08
500,122,Circle,-38.1084,-8.3483,-0.817797,-8.73305e-08,-5.12453e-07,8.18041e-07
500,123,Circle,-34.77,-15.6189,-7.61119,-0.202062,-1.71456,0
500,124,Circle,-36.6872,39.5665,8.59802,-4.37614,-0.0183076,2.6968
500,125,Circle,-35.4665,-21.3969,11.7117,-5.97016e-05,0.000180592,0.000290997
500,126,Circle,-9.49392,-38.7721,7.77459,-2.28691,-0.502634,3.01469
500,127,Circle,-21.9079,-33.1922,-9.6215,-3.22484,1.95081,1.41975
500,128,Circle,21.3558,-38.871,6.18546,-2.02629e-06,5.29756e-07,1.21318
500,129,Circle,-16.2865,-35.9363,9.73198,-1.95219,0.267133,0
500,130,Circle,-33.2407,-22.3742,1.88511,0.441471,-1.49444,0
500,131,Circle,-38.7321,-9.95817,-9.93286,-1.21657e-07,5.12114e-07,-0.860412
500,132,Circle,-18.5612,13.3381,1.29891,-4.54858,-1.01474,-1.26065
500,133,Circle,-22.1034,-32.4037,6.88899,-2.89745,2.1236,-3.90128
500,134,Circle,-36.0879,-20.7071,7.55002,5.19825e-07,5.06123e-07,1.40721e-06
500,135,Circle,-28.8859,-34.5869,5.91392,-1.19587e-07,1.46347e-08,3.25824e-07
500,136,Circle,-0.0439248,11.6046,-43.1791,-1.7187,-2.51997,-4.87728
500,137,Circle,-39.6253,38.9908,1.9752,0,0,0
500,138,Circle,-32.3469,-22.0146,-3.27565,0.211249,-2.17332,0.758992
500,139,Circle,-35.9729,-28.9112,13.2956,4.52846e-07,-1.335e-07,-4.66265e-07
500,140,Circle,-39.624,-22.605,-13.9208,-4.85898e-09,3.35244e-07,-4.96866e-08
500,141,Circle,-38.8305,-6.26776,11.6888,1.67894e-11,1.27327e-10,-8.10131e-11
500,142,Circle,-8.74297,-37.7592,3.20894,-1.47943,0.0518134,0.905807
500,143,Circle,7.04979,-38.5619,-12.9279,-1.89565,0.385235,-0.817903
500,144,Circle,-2.54714,-38.978,17.2257,0,0,2.61153
500,145,Circle,-35.2895,34.7752,59.9413,0,0,8.22507
500,146,Circle,-11.7643,-36.9731,-28.1742,-1.99679,0.7541,-0.00709513
500,147,Circle,-12.615,-4.93627,44.4529,-3.1999,-4.00434,3.78795
500,148,Circle,-36.4366,-11.5041,13.5327,7.80626e-17,-1.11022e-16,-1.38778e-16
500,149,Circle,-38.199,-35.5404,7.32313,-1.29616e-10,-1.23435e-10,-2.26488e-10
500,150,Circle,-34.2806,-13.0718,-19.8911,0.538687,-1.95753,0
500,151,Circle,-34.1213,-17.0785,-1.11091,0.613591,-1.47497,-0.218214
500,152,Circle,-26.7199,-32.5909,-1.07268,-3.23085,1.5538,-1.24736
500,153,Circle,-30.5663,-28.7612,6.55984,1.12155,-0.15923,0
500,154,Circle,-23.9736,-37.4123,-1.0534,-0.000333147,3.54688e-05,0.000403849
500,155,Circle,30.4603,-41.913,28.6003,0,0,3.54551
500,156,Circle,-34.6405,-31.8398,-9.82202,1.04003e-08,-2.50676e-08,-2.04606e-08
500,157,Circle,-30.823,-38.2035,-0.584724,-1.62259e-09,4.93584e-09,5.52632e-09
500,158,Circle,-21.783,-36.8622,2.40788,-0.00201381,0.00320227,0.00449571
500,159,Circle,-27.2374,-35.7529,-37.0037,0,-1.30104e-18,0
500,160,Circle,-37.0521,-16.0143,5.46154,3.52141e-09,-4.59388e-09,-5.65272e-09
500,161,Circle,-38.948,30.0833,-31.8489,0.280281,-1.1099,-6.37286
500,162,Circle,-37.4557,-25.3352,-7.70934,-2.00494e-05,1.51774e-05,-3.85697e-05
500,163,Circle,-19.4274,-34.0391,0.00392123,-1.95347,0.978008,-1.8995
500,164,Circle,-29.2878,-37.4744,-6.87338,1.70935e-09,1.46183e-09,-2.26668e-09
500,165,Circle,24.895,-10.8871,22.1836,-0.658359,-3.11833,3.72832
500,166,Circle,-23.5566,-38.1139,-2.38564,-0.00128185,-0.00103379,-0.00227835
500,167,Circle,-35.6549,-11.2429,5.04933,0.74417,-1.15015,0
500,168,Circle,-38.1786,-31.6254,-2.65024,2.52584e-07,-1.49865e-06,1.82999e-07
500,169,Circle,-8.02238,-37.429,-30.5962,-1.71414,0.761656,0
500,170,Circle,-37.1615,-24.2228,12.8914,2.87964e-16,3.40006e-16,-9.15934e-16
500,171,Circle,-30.1082,-35.0319,1.40124,9.72948e-09,-2.25053e-08,-2.14764e-08
500,172,Circle,-15.8934,-38.1493,-6.76163,-0.920374,-0.186983,-0.290961
500,173,Circle,-14.9083,-34.8313,24.4104,-1.66358,0.448805,-1.43965
500,174,Circle,-20.7095,-27.873,10.5196,-3.4209,-5.04214,2.21774
500,175,Circle,-14.8103,-36.9744,-6.13045,-1.39222,0.113888,0.0246298
500,176,Circle,-38.1361,-13.4913,-3.82692,7.16709e-21,-1.63568e-19,-1.67568e-20
500,177,Circle,-37.0286,-22.908,-2.46803,1.8735e-16,1.80411e-15,2.19269e-15
500,178,Circle,-26.2923,-8.38939,11.6808,-6.05171,-1.07123,1.61485
500,179,Circle,-36.6809,-38.8824,-11.2644,-3.13669e-10,-2.59637e-11,1.23521e-10
500,180,Circle,-36.9986,-38.1036,9.23646,-1.27377e-10,-5.16824e-11,3.6561e-10
500,181,Circle,-15.6019,-36.3215,13.6545,-2.05328,0.0637647,0
500,182,Circle,-25.87,-38.0919,-1.25485,-0.000156075,-8.95923e-06,-2.8712e-05
500,183,Circle,-38.8807,20.4598,-9.15169,-8.66995e-08,3.56168e-07,-1.01485
500,184,Circle,-34.1446,-17.857,17.5278,0.600639,-1.44105,0.13413
500,185,Circle,36.1124,-32.5167,21.3241,0.875665,1.12892,2.45024
500,186,Circle,-12.9483,-35.0354,-28.3538,-2.80621,0.633708,-1.25186
500,187,Circle,-30.3972,-27.236,4.43031,2.08443,-0.215263,0
500,188,Circle,-38.3225,-33.9341,11.834,1.10562e-07,-1.66839e-07,2.70465e-07
500,189,Circle,21.098,-39.6156,4.80226,0,0,0
500,190,Circle,1.55019,17.9188,-40.4731,-3.27705,-1.16974,-5.71719
500,191,Circle,-23.257,-33.6992,6.35046,-2.9257,1.5382,1.66215
500,192,Circle,-26.4669,-36.0031,-6.56803,2.9449e-08,3.11638e-07,0.734876
500,193,Circle,-9.00728,-39.6234,36.5308,-0.0327947,-1.86265e-09,-0.0473295
500,194,Circle,-38.4816,-21.1962,-19.3558,-5.29181e-08,3.52125e-08,3.8195e-08
500,195,Circle,-33.9712,-38.2689,-0.873501,-4.47635e-10,-1.87928e-10,7.38996e-10
500,196,Circle,-38.8572,-8.60527,-10.093,-6.77675e-08,-1.64797e-07,-5.15725e-07
500,197,Circle,-34.2673,-11.5477,-19.3634,0.00101064,-2.01049,1.12678
500,198,Circle,-33.6694,-10.2784,20.089,0,0,2.43557
500,199,Circle,-34.0481,-23.6501,4.07677,-0.193226,-1.20664,-1.51514
500,200,Circle,37.6204,-26.4677,-37.5,-0.327217,-4.47879,-5.62141
500,201,Circle,-35.9273,-24.9167,22.4449,-0.000958016,-0.00073338,0.679315
500,202,Circle,-17.9339,-33.9821,-24.4796,-2.4927,0.800639,3.05139
500,203,Circle,-38.9744,14.5485,-9.80234,-2.78181,-1.12367,-1.09726
500,204,Circle,-37.043,-2.4386,-22.8673,-0.431819,-2.85177,0
500,205,Circle,-34.4674,-12.3145,-12.2205,0.124131,-2.044,0
500,206,Circle,-36.6633,-42.9741,-43.1538,0,0,-4.19615
500,207,Circle,-33.1268,-33.7282,-11.1043,-9.45078e-09,-2.87257e-08,-1.61288e-08
500,208,Circle,38.7149,-6.54626,-1.9756,-0.484597,-3.08443,2.2155
500,209,Circle,-34.2375,-14.3432,16.8442,-0.0549588,-2.17069,1.35561
500,210,Circle,-34.7404,-38.2548,14.3087,-4.53044e-10,-4.93157e-10,7.36732e-11
500,211,Circle,-32.4418,-36.1006,8.00496,3.89126e-09,-1.38441e-08,-5.07356e-09
500,212,Circle,-36.0684,-27.1001,3.01819,1.73957e-15,1.08335e-15,2.94555e-15
500,213,Circle,-38.9674,-38.5921,7.60247,2.02963e-09,-2.5764e-09,5.08438e-09
500,214,Circle,-37.6714,-20.8574,18.3655,-9.83854e-09,2.215e-08,-5.27228e-08
500,215,Circle,-38.2203,14.654,-21.5737,-1.62834,-1.77163,-2.19777
500,216,Circle,-20.161,-35.2498,-21.2169,-0.86307,0.675956,0
500,217,Circle,-22.5329,-36.9656,26.8416,-0.00128576,0.000600757,0.00272116
500,218,Circle,-31.9532,-31.9191,10.0805,1.06739e-08,1.21673e-08,-2.4828e-08
500,219,Circle,-17.0346,-37.3578,-2.70372,-1.33598,-0.230742,-0.765926
500,220,Circle,-30.9484,-39.6254,7.96436,-4.39274e-08,-1.05416e-09,-3.90949e-09
500,221,Circle,-38.2696,-26.3747,-0.226397,-3.49676e-05,-1.86521e-05,-0.000105258
500,222,Circle,0.426851,-38.9086,-38.5062,-2.33736,-0.102439,-1.31968
500,223,Circle,-38.8593,-22.7086,16.2104,-6.26237e-07,1.00152e-06,3.47923e-07
500,224,Circle,-36.2553,-9.65636,12.3607,0.47903,-1.42876,0
500,225,Circle,-28.8421,-38.8792,0.805974,-2.98731e-08,1.71613e-08,1.21342e-09
500,226,Circle,-35.2838,-19.8841,-5.7407,4.42644e-05,0.00012052,0.000162152
500,227,Circle,-35.2622,-26.2851,4.9763,0.000100885,-0.000142522,0.000256692
500,228,Circle,-22.0046,-34.0171,-20.0295,-2.64815,1.65304,0
500,229,Circle,-36.5324,-36.0982,-2.10349,-1.64017e-11,-9.70681e-10,-1.84677e-09
500,230,Circle,-5.17944,-38.6691,-44.4569,-1.54581,0.758921,-0.147935
500,231,Circle,-37.5098,-26.5408,-2.88389,-0.000103723,-0.000135276,-2.88111e-05
500,232,Circle,-17.1116,19.0208,-35.2648,-4.18611,-0.501501,-5.49319
500,233,Circle,-32.7666,-16.9017,51.4085,0.763334,-1.82028,0.201093
500,234,Circle,-26.6326,-23.5215,-15.2353,-4.31284,-4.95965,-2.63329
500,235,Circle,-38.8378,-14.5402,21.053,-8.10859e-10,-3.40825e-08,1.71526e-08
500,236,Circle,-36.1583,-32.1242,-11.2458,3.75463e-08,-4.13689e-09,5.5889e-08
500,237,Circle,-14.1805,-38.7511,4.00227,-0.206751,-0.856356,0
500,238,Circle,3.00973,-37.9333,-9.76262,-2.04541,0.0891356,0
500,239,Circle,30.6309,-8.93068,-19.5284,-0.3144,-2.32952,-2.53616
500,240,Circle,-36.1865,-14.0357,-13.5946,-7.65903e-07,4.48993e-08,1.68556e-06
500,241,Circle,-16.6484,-36.6333,-9.84355,-1.58393,0.0168431,0
500,242,Circle,-26.639,-38.0892,2.00709,-1.55342e-05,-5.41548e-06,1.54227e-05
500,243,Circle,30.0361,-39.6182,16.7106,0,0,1.7014
500,244,Circle,-38.4175,11.6359,-48.7363,0.413731,-1.39522,1.04143
500,245,Circle,-38.4222,39.6217,3.40364,0,0,0
500,246,Circle,-37.8564,-2.18171,17.5085,0.485992,-1.04107,-3.08099
500,247,Circle,-30.6259,-35.6067,-23.8551,-6.01045e-09,-1.22133e-08,-2.47037e-08
500,248,Circle,0.832758,-39.6197,58.3847,-1.84148,0,4.33455
500,249,Circle,-12.2759,3.23668,25.8842,-3.87153,-2.05186,2.96452
500,250,Circle,16.31,5.80378,9.14402,-1.4243,-1.48884,1.6913
500,251,Circle,-16.4809,-33.7752,-2.98005,-1.14976,0.143174,0
500,252,Circle,-10.8587,-38.7661,-14.5364,-1.57306,-0.416364,-7.95267e-05
500,253,Circle,-15.0781,-35.6986,-8.54595,-2.43513,-0.219009,0
500,254,Circle,-24.6551,-32.5055,-31.9097,-3.91,1.35697,4.01593
500,255,Circle,-30.742,-33.0871,12.3997,1.70461e-06,9.3595e-07,1.53755
500,256,Circle,-39.6169,-14.0317,-15.7697,-8.48215e-09,-3.88377e-08,2.99668e-09
500,257,Circle,-32.2931,-0.254466,-18.1904,-4.54378,-3.15085,-2.32726
500,258,Circle,-3.96552,-15.4406,-21.0807,-2.14659,-3.6127,-4.71888
500,259,Circle,-33.797,-19.3739,-10.3097,0.611768,-1.42147,-0.00166529
500,260,Circle,-35.837,-12.0292,-6.69471,2.99209e-07,8.53557e-08,-1.20372
500,261,Circle,-38.8678,-4.00062,20.9002,-0.0112704,-0.54438,0.542514
500,262,Circle,-17.5155,-28.5855,-11.7271,-3.74568,-5.27089,0
500,263,Circle,36.7808,-8.41628,-0.252564,-0.494339,-1.95705,0
500,264,Circle,-39.6252,-28.5567,-8.78448,9.09495e-13,-1.04827e-05,1.45655e-05
500,265,Circle,-39.627,-36.014,-5.83703,1.35893e-09,-6.86272e-08,-4.52557e-09
500,266,Circle,-38.9441,-32.7221,-13.9875,-6.14289e-08,-1.1655e-06,5.07494e-07
500,267,Circle,-25.1,-38.0853,-9.84056,-0.000602298,-3.72941e-05,9.59513e-05
500,268,Circle,-39.6255,-33.0762,-11.6196,0,-5.11928e-07,7.5374e-08
500,269,Circle,-36.8212,-26.903,7.61388,6.09864e-19,-2.71051e-19,-3.25261e-18
500,270,Circle,-38.7238,-15.295,21.465,6.65845e-09,-1.99263e-08,-8.80237e-09
500,271,Circle,-38.8125,-24.4985,9.1464,1.1742e-07,5.49097e-06,3.29897e-06
500,272,Circle,-35.9173,-29.7915,-10.1664,-5.62768e-08,-7.9155e-08,-1.39447e-07
500,273,Circle,-35.0088,-33.3186,0.802602,-4.4355e-09,-7.90808e-09,1.32077e-08
500,274,Circle,-39.6238,-26.3827,-16.7816,-3.63798e-12,-1.90539e-06,-5.06502e-06
500,275,Circle,-26.4847,-38.8487,10.0013,-5.79934e-07,-2.38914e-06,3.44013e-06
500,276,Circle,-32.8546,-37.5031,-28.5169,4.89573e-09,-4.30329e-09,1.24644e-08
500,277,Circle,-24.5895,27.4878,2.64488,2.04606,-0.44038,0.670797
500,278,Circle,-33.5222,-20.1028,-3.67544,0.618902,-1.41479,0.0282916
500,279,Circle,-0.872277,-36.4741,-37.262,-2.57324,-4.89697,-3.88421
500,280,Circle,-24.927,-38.8514,-19.5123,1.59505e-08,4.78225e-09,-2.26629e-08
500,281,Circle,-37.2106,-11.6421,-8.18955,5.20417e-18,0,0
500,282,Circle,-30.8727,-23.8944,33.8896,0.0750648,-4.54034,4.80741
500,283,Circle,-35.507,-9.38791,1.1806,0,0,0
500,284,Circle,-38.8659,-35.1615,-0.420792,-2.72461e-11,-9.84643e-11,1.42714e-10
500,285,Circle,2.19152,-38.1526,-16.8041,-2.58318,0.095733,1.59768
500,286,Circle,-19.2189,-28.2843,11.3433,-3.85144,-5.45904,1.49216
500,287,Circle,-38.1838,-16.372,-11.9938,2.02165e-10,-3.54599e-09,6.80465e-09
500,288,Circle,-38.1986,-34.6987,4.7008,1.72734e-08,-3.88584e-08,-6.08051e-08
500,289,Circle,-38.6901,-27.4763,14.7188,-8.59138e-05,-6.00064e-05,-6.71565e-05
500,290,Circle,9.4463,-28.9347,9.53587,-2.8101,-6.62347,1.55476
500,291,Circle,-38.3206,-20.437,0.349803,1.54059e-08,2.27183e-08,1.10903e-08
500,292,Circle,-35.2409,-28.5536,13.0351,1.29429e-06,-4.83024e-06,-3.97272e-06
500,293,Circle,-36.8055,-24.908,-4.53314,-2.55943e-11,-7.2749e-11,-1.10802e-10
500,294,Circle,-30.841,-14.5002,-17.387,-5.60917,-4.5058,-2.46732
500,295,Circle,-18.5697,-39.6265,16.0839,-3.74294e-12,2.17129e-13,5.96064e-13
500,296,Circle,-38.2163,20.8797,4.63129,0,0,0
500,297,Circle,-16.3469,-38.8603,-2.99603,-4.5528e-21,-9.74088e-21,2.20229e-20
500,298,Circle,-13.488,-39.6285,33.4157,-0.00193832,-1.16415e-10,0.00440728
500,299,Circle,-31.9507,-27.2224,-22.4041,1.47775,-0.893048,-2.15483
500,300,Circle,-37.9667,-1.40567,7.25299,-2.61464,0.444695,1.05605
500,301,Circle,-22.338,-36.1955,69.7976,-1.1141e-16,-3.53234e-17,-4.97809e-16
500,302,Circle,-22.166,-39.4812,18.3188,-0.000423629,-3.80543e-05,-0.000611097
500,303,Circle,-29.0595,-32.786,-55.8788,0,0,-2.64838
500,304,Circle,-27.024,-35.0067,20.0898,9.62279e-08,7.78933e-08,-6.14639e-08
500,305,Circle,-20.023,-39.6278,3.81443,-0.00133592,-4.65661e-10,0.00358796
500,306,Circle,-9.47949,-22.751,0,-3.99993,-3.64182,0
500,307,Circle,-12.9564,-8.01918,-75.7685,-4.88256,-3.20551,-4.92852
500,308,Circle,-36.2109,-21.4763,5.75054,5.82574e-07,1.63351e-07,-1.18666
500,309,Circle,-37.8062,-10.4236,-9.70383,5.39751e-20,1.92071e-19,-4.69151e-20
500,310,Circle,-36.6708,-29.2625,-5.00182,8.08652e-08,-1.29859e-07,-3.33117e-07
500,311,Circle,-39.6368,-38.9446,-4.2072,-5.55112e-17,-5.7765e-09,1.29813e-09
500,312,Circle,-39.4404,-1.96169,0.749741,-1.77956e-07,-2.42219e-07,7.27219e-07
500,313,Circle,-32.6534,-28.5541,-5.67549,4.54586e-07,3.77943e-07,-1.51161
500,314,Circle,-31.111,-25.8342,-25.6046,-0.0333235,-3.7328,-3.25284
500,315,Circle,-36.2548,-38.2291,31.8697,-2.33634e-10,-1.25445e-10,-4.8019e-10
500,316,Circle,-33.797,-15.8701,-22.2937,0.487973,-1.68055,-0.644384
500,317,Circle,3.44098,-38.8245,-27.5265,-2.44898,0.0105521,-1.89681
500,318,Circle,-33.4294,-32.2569,-7.4936,1.2974e-09,-3.3471e-08,-8.71597e-09
500,319,Circle,-32.8788,-24.769,-35.0424,-0.334788,-2.30544,0
500,320,Circle,-23.5248,-32.8905,-10.6204,-2.85589,1.71986,0.736529
500,321,Circle,-18.7452,-35.8599,0.734698,-1.02105,-0.173905,0
500,322,Circle,-38.8818,-25.2512,-2.44451,-5.41569e-06,5.99813e-06,-1.93199e-05
500,323,Circle,-27.1509,-37.3708,10.5673,-7.57863e-07,-5.53022e-07,1.34793e-06
500,324,Circle,-42.3405,6.52001,0,0,0,0
500,325,Circle,-25.8032,-39.6218,1.48443,-3.53953e-06,9.03869e-07,3.16346e-06
500,326,Circle,-26.9537,26.5574,31.6682,-5.00998,0.189877,2.98304
500,327,Circle,-38.9575,-31.2127,0.512767,7.12721e-07,-1.87789e-06,-4.20691e-07
500,328,Circle,-25.7172,-35.9521,-10.6871,-9.12329e-06,1.18082e-06,1.67891
500,329,Circle,-42.1765,-29.9323,47.0913,0,-1.40035,2.36232
500,330,Circle,-21.2964,0.959641,-21.6416,-4.34341,-3.09853,-2.84175
500,331,Circle,-39.62,22.5182,-4.6531,0,0,-1.8067
500,332,Circle,-21.2239,-38.8805,-0.89308,-0.00967245,-0.00366519,0.0197993
500,333,Circle,-25.992,38.8952,0.505255,-5.7588,1.48941,0
500,334,Circle,-33.953,-39.6656,-4.89875,-7.21745e-11,-2.02263e-10,-2.7245e-10
500,335,Circle,2.6172,-39.5921,-61.4643,-0.783256,0.0993094,-0.316114
500,336,Circle,10.1547,-38.6349,9.45699,-1.42189,-0.159402,0
500,337,Circle,-36.9313,-39.6401,2.74702,-8.74932e-11,-1.89194e-11,2.85899e-10
500,338,Circle,-34.8532,-18.6168,-15.558,0.599099,-0.890176,0.711676
500,339,Circle,-23.7323,-36.6313,-20.7554,-0.000189354,0.000237447,-0.000110087
500,340,Circle,-16.4806,8.80652,-9.89808,-3.76825,-1.40883,0
500,341,Circle,-39.359,24.9474,-33.1554,-0.1403,-1.79441,-4.87043
500,342,Circle,-25.1568,-6.6969,34.1474,-5.62148,-3.34011,4.0368
500,343,Circle,-39.6238,-20.0498,-15.229,-4.44089e-16,8.62994e-09,2.29443e-08
500,344,Circle,-32.9821,-19.3992,-20.9022,0.677437,-1.68983,0
500,345,Circle,-28.7631,-12.4561,31.6994,-5.49133,-3.69103,2.9085
500,346,Circle,2.90035,-3.50552,0.539467,-2.65217,-1.95105,1.97826
500,347,Circle,1.34967,-38.1783,-51.3454,-1.8421,-0.342002,-4.31454
500,348,Circle,-31.8772,-19.5749,-4.41171,1.1801,-1.9593,0
500,349,Circle,-14.9192,-38.5604,9.88953,-2.5411e-21,0,-1.35525e-20
500,350,Circle,-38.8713,-13.0147,-6.75896,3.62603e-08,-1.51507e-07,-4.19717e-08
500,351,Circle,-3.55259,-38.0514,-69.1029,-2.22149,0.644619,-5.72943
500,352,Circle,-30.182,-30.2196,8.27831,1.24249,-0.296595,-1.74219
500,353,Circle,-32.2316,-15.6691,-4.80487,0.910023,-1.95085,0.146842
500,354,Circle,-30.0475,-38.1745,-0.239059,-1.76731e-09,3.90527e-09,9.14327e-10
500,355,Circle,-35.2898,-30.4528,11.6511,-1.71054e-07,-2.93763e-07,-4.25591e-07
500,356,Circle,-29.5726,-31.6023,-1.4248,-1.56363,0.575127,-4.46281
500,357,Circle,-39.6249,-35.2862,-0.559165,5.53931e-10,-1.20587e-07,9.67421e-09
500,358,Circle,-10.972,-36.9432,-28.708,-1.98631,0.477016,-0.000326686
500,359,Circle,-37.3267,-22.198,18.1286,-1.98272e-07,-5.5193e-08,-4.09294e-07
500,360,Circle,-34.4325,-16.347,1.48121,0.369941,-1.53446,0
500,361,Circle,-33.9911,-18.62,4.58485,0.631182,-1.42394,-0.0421067
500,362,Circle,-32.4489,-23.463,-3.98468,0.622208,-2.10871,-0.702081
500,363,Circle,-15.7777,-35.285,-34.4113,-1.6793,0.354331,-1.035
500,364,Circle,-34.3527,-37.5976,7.6928,-4.49049e-10,-9.96576e-10,1.60358e-09
500,365,Circle,-18.0423,-36.1937,8.31999,-0.67108,0.412154,1.32404
500,366,Circle,-28.0875,-33.3076,8.5631,-0.895475,0.544351,1.39364
500,367,Circle,-33.027,10.371,28.7204,-4.77049,-2.2929,2.17697
500,368,Circle,-34.1236,-35.9165,29.3623,-4.88165e-08,-7.17662e-08,-1.35215e-07
500,369,Circle,6.18431,-38.1083,-5.21244,-1.52477,-0.021076,0
500,370,Circle,-35.2279,-10.1372,1.31342,0,0,0
500,371,Circle,-7.54578,-39.6231,2.23661,-0.0255721,-4.65661e-10,0.0678596
500,372,Circle,-39.62,38.0434,3.7518,0,0,-0.777774
500,373,Circle,-9.34126,-37.2223,-25.7449,-2.04621,-0.362855,1.277
500,374,Circle,-19.3773,-38.911,13.1296,-0.166567,-0.0654785,0.0709154
500,375,Circle,-15.2688,19.9127,-11.0181,-6.13433,-0.706245,-1.91065
500,376,Circle,13.5457,39.62,7.08334,0,0,1.21777
500,377,Circle,-39.6201,-13.2788,-0.694075,8.88178e-16,-7.90182e-08,-4.80036e-10
500,378,Circle,-31.6703,-38.2684,3.2134,-1.37211e-09,-4.01641e-10,1.11328e-09
500,379,Circle,-38.2774,-38.9246,6.53645,5.72615e-10,-2.69399e-10,-1.91601e-10
500,380,Circle,22.74,-39.62,26.4777,5.50401e-07,-5.06262e-14,0.931695
500,381,Circle,-41.9233,16.0536,67.2641,0,0,6.08449
500,382,Circle,24.4791,-42.0928,0,0,0,0
500,383,Circle,18.4158,-39.606,5.48484,0,0,0
500,384,Circle,-39.6747,-24.1162,-10.4754,-1.1313e-07,8.66379e-07,5.17895e-07
500,385,Circle,-36.0955,-5.34144,19.3328,0.666167,-0.937158,0.963053
500,386,Circle,-32.9367,-13.9966,25.5597,0.722589,-1.8303,0
500,387,Circle,-35.499,-38.2706,22.4773,-2.8722e-10,-9.52714e-10,-1.87031e-09
500,388,Circle,-3.02145,-39.6202,39.185,2.20739e-07,6.26942e-08,1.51225
500,389,Circle,-33.8017,-27.5838,49.1784,4.75019e-06,1.92979e-06,1.39992
500,390,Circle,-39.4888,-39.6496,3.11158,6.09998e-11,0,-1.74115e-10
500,391,Circle,-39.6226,-14.7858,-6.91952,-1.11022e-16,-1.63053e-08,4.14273e-09
500,392,Circle,0.462605,-38.1133,17.1605,-1.94718,-0.112743,0
500,393,Circle,-36.2154,-8.079,16.1541,0.271209,-1.26458,1.32686
500,394,Circle,-32.3481,-20.8847,-25.7439,0.614318,-1.84619,0
500,395,Circle,-34.3653,-22.4129,25.5651,1.88503e-05,8.50169e-06,2.68614e-05
500,396,Circle,-23.9345,-35.7856,4.12501,-8.88178e-16,-4.44089e-16,-7.10543e-15
500,397,Circle,-37.6656,-38.4485,-0.0930287,-9.5506e-11,-1.39717e-10,-9.86214e-11
500,398,Circle,-33.4971,-35.4579,-3.95042,-5.05804e-08,-6.93592e-08,1.51607e-07
500,399,Circle,-14.5505,10.4483,0.169294,-4.80372,-1.08293,0
500,400,Circle,-38.5852,-2.50152,13.0691,-0.318085,-0.497252,2.28028
500,401,Circle,-37.0079,-25.9687,-21.7396,-0.000454289,-0.000269414,0.000156207
500,402,Circle,-39.0698,-20.5884,25.2105,4.38544e-08,6.66984e-08,-1.06095e-07
500,403,Circle,-22.8875,-39.6249,-18.0619,-0.000853804,0,0.00227623
500,404,Circle,-36.6456,-33.946,6.33239,-7.998e-10,-1.90498e-10,-3.32909e-09
500,405,Circle,-33.948,-8.02128,-63.562,-4.21445,-2.89684,-3.71807
500,406,Circle,-16.2669,-37.4427,-2.85111,-1.30631,0.0239645,0.173887
500,407,Circle,-30.4895,-23.1188,-42.0849,0.717332,-4.05377,-6.36197
500,408,Circle,-35.3137,-29.3142,0.0771416,-3.32269e-07,-4.67439e-06,-1.23417e-07
500,409,Circle,-33.0493,-36.5625,-1.19204,-1.97983e-09,-6.27857e-09,-6.44998e-09
500,410,Circle,-36.4153,-36.9297,0.870681,-4.30685e-10,-5.36981e-10,-2.99924e-10
500,411,Circle,-34.1305,-15.1438,-7.33607,-0.0228386,-1.9019,0
500,412,Circle,-30.3024,-19.6704,59.2858,0.968516,-1.53462,1.25572
500,413,Circle,-33.203,-39.6214,16.1036,-1.43519e-10,0,3.78965e-10
500,414,Circle,11.4977,-39.606,25.6618,-1.61548,-1.4013e-45,3.33233
500,415,Circle,-23.1058,-32.0278,-12.9686,-3.29782,2.50703,1.75816
500,416,Circle,-24.1924,-38.8568,-7.2289,-0.00118649,-4.57913e-05,-8.45928e-05
500,417,Circle,5.59176,-38.8475,-8.55501,-1.98061,0.0211935,-1.35496
500,418,Circle,-33.1744,-15.3723,10.2558,0.595052,-1.81444,0.00155636
500,419,Circle,-39.4676,-15.5252,-3.61297,1.08837e-09,-6.53899e-09,1.29168e-09
500,420,Circle,-38.0483,-19.4424,5.75483,-4.11189e-09,9.11562e-09,1.05787e-08
500,421,Circle,-29.24,-17.8468,4.79063,-4.88283,-4.28723,1.19822
500,422,Circle,-15.2097,-37.7979,-0.245697,-1.04123,-0.0649387,0.584343
500,423,Circle,-32.0819,-22.7683,5.61256,0.5476,-2.06861,0
500,424,Circle,-38.2096,-33.1676,-16.2509,1.66271e-08,-2.59283e-08,-2.16466e-08
500,425,Circle,-35.6235,-32.849,-8.74744,-2.35924e-09,-2.7036e-09,3.72836e-09
500,426,Circle,-12.2257,-38.2128,13.1114,-1.03108,0.681405,3.07662
500,427,Circle,-29.2767,-38.2454,-14.3693,-9.13994e-09,1.66675e-08,5.40156e-09
500,428,Circle,-35.5973,-25.6048,-6.84547,0.00030132,-0.000115286,-0.000586432
500,429,Circle,-35.2282,-16.3906,3.64021,0.34064,-1.13085,0.00793042
500,430,Circle,-39.6205,-4.97906,-14.4786,1.86265e-09,-0.0325384,0.0662666
500,431,Circle,-27.2218,-33.2283,-4.18492,-0.526791,1.17856,0
500,432,Circle,-32.7895,-33.0141,-26.2491,-3.62834e-07,1.22377e-07,-7.64019e-07
500,433,Circle,-35.2342,-20.6575,-23.0341,-1.18999e-05,0.00011691,-0.000292644
500,434,Circle,34.7805,17.9857,16.3782,-0.946229,-0.85119,2.40719
500,435,Circle,-21.6711,39.62,-12.6165,-4.78581,0,-2.15077
500,436,Circle,-32.8335,-38.9397,-4.8146,-3.36093e-10,-1.20587e-10,2.09601e-10
500,437,Circle,-38.3674,-23.307,11.1552,2.30584e-07,1.66555e-06,2.91587e-06
500,438,Circle,-18.4377,-2.70176,1.85538,-4.57572,-3.62307,2.22595
500,439,Circle,-5.50116,-37.4157,3.8106,-2.33156,-0.141759,0
500,440,Circle,-35.3872,-0.469626,43.4066,-4.93437,-3.32859,5.91175
500,441,Circle,-38.8648,-35.9343,-3.74987,-2.17832e-11,-8.48124e-12,1.89576e-11
500,442,Circle,-1.64007,-38.2285,31.2578,-3.21768,-0.699228,5.21475
500,443,Circle,-33.4015,-28.2531,1.57669,9.55325e-07,-7.26444e-07,-1.88445e-06
500,444,Circle,-36.8763,-19.9416,-4.62293,1.18765e-09,1.73531e-08,-4.64576e-09
500,445,Circle,-38.881,-4.7314,1.70456,-1.37216e-11,2.46925e-10,1.7834e-10
500,446,Circle,-5.69416,-18.4965,119.176,-2.71323,-5.42513,12.1827
500,447,Circle,20.4219,35.8867,-40.0176,-1.10347,-0.675721,-4.80823
500,448,Circle,-0.885969,-39.62,21.9178,-2.28542,1.67347e-10,3.52282
500,449,Circle,39.0811,-36.7746,-18.943,0,0,-2.57542
500,450,Circle,-38.9968,4.61918,-29.5812,-0.394447,-0.592771,0.75017
500,451,Circle,-35.8466,-31.3036,-30.0182,-2.12867e-08,-2.39285e-08,-6.99958e-09
500,452,Circle,-36.696,-23.5969,4.35808,-1.41526e-10,3.05333e-10,4.3999e-10
500,453,Circle,-38.0961,-18.6722,1.37905,-1.42922e-09,4.31262e-09,-6.07328e-09
500,454,Circle,-30.2729,-29.4617,22.7864,1.56226,-0.00846188,1.03862
500,455,Circle,-30.2052,-39.623,8.86665,-3.99468e-08,0,-8.28274e-09
500,456,Circle,-30.542,-27.9958,2.6406,1.5678,-0.147477,-1.2459
500,457,Circle,-37.0264,-10.1077,2.0137,0,0,-2.00907
500,458,Circle,24.2388,-37.1245,-6.60502,-1.08725,0.682543,2.07925
500,459,Circle,-35.1003,-38.9382,16.1291,-1.32964e-10,-5.51678e-10,2.75568e-10
500,460,Circle,-21.4478,-39.6299,9.02022,-0.00128421,-0.00283285,0.00079394
500,461,Circle,-38.889,5.85971,-10.2024,0.229763,-2.19524,3.52384
500,462,Circle,-38.9471,-26.0044,1.25457,-5.52645e-06,6.67641e-06,3.84224e-06
500,463,Circle,-31.9102,-14.9431,12.6801,1.00882,-1.99459,-0.901803
500,464,Circle,-37.5596,-35.1242,-32.5845,7.54829e-10,-1.57109e-09,4.72876e-09
500,465,Circle,-39.6185,-11.7748,-3.39735,3.55271e-15,-2.11147e-07,3.5315e-07
500,466,Circle,18.3408,-41.9315,0,0,0,0
500,467,Circle,-38.1867,-25.6025,12.3129,-6.64599e-06,-3.95991e-07,9.56551e-06
500,468,Circle,-24.4432,-26.4081,-25.5443,-4.58741,-4.29042,-1.46088
500,469,Circle,-20.0831,-34.4757,22.6654,-1.86794,0.846869,2.23971
500,470,Circle,-9.5015,-37.9974,-24.2664,-1.50125,-0.481728,0
500,471,Circle,-36.4972,-12.4516,9.31663,-1.23875e-07,2.63501e-08,3.12556e-07
500,472,Circle,-33.7368,-13.727,-28.8731,0.626618,-2.41274,-3.10319
500,473,Circle,-39.6387,-37.4659,-3.0622,0,-2.05457e-08,-1.24281e-09
500,474,Circle,35.1677,-6.73323,7.30451,1.31577,-3.68226,0.850879
500,475,Circle,-23.5778,-11.0857,-19.6765,-4.12255,-1.83137,0
500,476,Circle,-36.6774,-17.098,4.74949,1.09741e-06,4.60557e-07,-2.31789
500,477,Circle,-34.8008,-23.0495,-45.7162,-2.02551e-06,5.7451e-06,-4.88446e-05
500,478,Circle,-26.5321,-39.6224,11.2527,-1.62021e-06,-2.31504e-08,-2.25446e-07
500,479,Circle,27.7044,-39.62,20.3904,0,0,1.06432
500,480,Circle,-29.6026,-36.7695,-44.4448,1.39761e-09,-1.04774e-09,3.36169e-09
500,481,Circle,-17.0036,-35.3595,-0.0615647,-1.48947,0.915513,-0.000953877
500,482,Circle,-31.2408,-30.748,0.30092,3.11665e-08,1.35899e-07,1.09543e-07
500,483,Circle,-33.0825,-29.201,15.187,-1.08738e-07,-8.66424e-08,3.09136e-07
500,484,Circle,-12.656,-38.8469,8.12687,-0.0123781,-0.00812588,0.00301886
500,485,Circle,-30.0802,-37.3958,6.91591,-8.95984e-10,3.93634e-09,-3.34152e-09
500,486,Circle,-39.5946,-7.25273,-11.0831,6.43678e-05,-0.00996041,0.000785936
500,487,Circle,-31.0644,-24.8703,-56.2758,1.1902,-3.23091,-2.54829
500,488,Circle,-30.9133,-19.1573,-29.9393,0.931515,-1.57732,-1.121
500,489,Circle,-24.3481,-39.6168,10.3433,-0.000141374,7.27596e-12,0.000344466
500,490,Circle,-32.0753,-16.4826,-12.2814,0.964797,-1.79455,-1.54243
500,491,Circle,-27.587,-28.836,-51.5911,3.42481,-0.416577,-3.78051
500,492,Circle,-38.1772,-24.0573,-20.246,-2.48846e-06,6.75141e-06,-1.22417e-05
500,493,Circle,-19.1672,-36.5789,34.7035,-0.0141842,0.0227205,-0.013079
500,494,Circle,-37.6933,-3.3945,12.7885,0.197107,-1.83711,-3.26868
500,495,Circle,8.01585,-37.7168,-32.7917,-1.52145,0.262104,-2.67863
500,496,Circle,-29.9523,-33.1472,4.06582,-0.812826,-0.0135733,0.676988
500,497,Circle,-33.3938,9.51353,42.8858,-4.95273,-2.45163,4.89214
500,498,Circle,-29.3559,-35.2025,-37.1256,-7.419e-10,-4.21953e-08,8.068e-09
500,499,Circle,-12.292,-35.4857,-6.10982,-2.79509,0.499751,1.0159
500,500,Circle,-15.6484,-39.6461,13.8559,-0.000193712,-7.57769e-06,0.000204226
500,501,Circle,-13.3248,-0.733324,-3.31021,-4.30852,-1.71831,0
500,502,Circle,-37.5252,-30.9383,5.91317,2.04003e-07,-1.34405e-07,4.17461e-07
500,503,Circle,-23.4252,20.348,32.0881,-5.55501,-0.77799,3.94527
500,504,Circle,-16.9087,7.7714,-46.0576,-4.63615,-0.992699,-6.02599
500,505,Circle,-34.0138,-34.8763,44.343,-5.09269e-09,-1.15505e-08,1.52864e-08
500,506,Circle,-3.16164,-9.78298,-26.1178,-2.95435,-1.78512,-3.61665
500,507,Circle,29.2561,-39.62,0.967115,0,0,0
500,508,Circle,-38.997,38.5361,-7.05286,0,0,0.923823
500,509,Circle,-39.604,-17.0214,-12.3762,-1.50078e-10,-4.98672e-10,7.17962e-10
500,510,Circle,-35.9852,-33.5368,2.01167,9.75541e-09,-9.89013e-09,-1.75197e-08
500,511,Circle,22.0356,-39.2851,5.07177,-9.40523e-07,-7.42347e-08,-0.920565
500,512,Circle,8.6202,-38.518,16.95,-1.90409,0.597158,2.03971
500,513,Circle,-35.9158,-37.5272,0.220238,-3.37192e-11,-2.15034e-10,1.14017e-10
500,514,Circle,-37.442,-29.3785,10.035,1.73472e-18,1.38778e-17,2.77556e-17
500,515,Circle,-31.0976,-29.9817,-4.8101,1.22034e-08,1.39442e-07,-6.46085e-08
500,516,Circle,-34.667,-9.52762,11.5454,0,0,0
500,517,Circle,-18.429,-36.8691,-5.71262,-0.0103548,0.032801,0.0409134
500,518,Circle,-38.0203,-27.1034,1.37328,-8.23063e-05,-6.64923e-05,5.30139e-05
500,519,Circle,-31.3295,-22.1609,29.7737,-0.0789033,-2.42692,3.78791
500,520,Circle,-42.0527,13.8512,-9.60264,1.78434e-14,-1.89537e-06,-1.10209
500,521,Circle,-30.5153,-38.9145,1.12501,-1.12854e-08,6.89626e-09,-2.15062e-08
500,522,Circle,-16.5404,-4.77461,20.5616,-4.6629,-3.05366,3.78876
500,523,Circle,-36.0367,-17.716,-0.439939,-5.48711e-07,1.8397e-06,-4.4448e-07
500,524,Circle,-10.2223,-38.2998,-25.9699,-1.46985,-0.557279,-7.73729e-05
500,525,Circle,-13.4977,10.5459,77.3643,-4.51402,-0.156351,9.41442
500,526,Circle,-17.3369,-3.22639,-43.984,-4.71474,-2.60671,-5.08941
500,527,Circle,-31.4663,-18.0178,21.7497,0.81497,-1.8144,-2.29237
500,528,Circle,-38.1794,-11.9324,-6.90341,-4.93553e-20,-7.40609e-20,2.49902e-20
500,529,Circle,-27.0135,15.3285,-35.1224,-3.33268,-2.47598,-4.21906
500,530,Circle,1.88715,-39.6232,-42.2057,-1.17835,7.25777e-10,0.672564
500,531,Circle,-18.3123,-38.1547,4.17399,-0.00405752,-0.00938424,0.0101531
500,532,Circle,-32.8846,-12.0989,-27.4038,1.28637,-2.30968,-0.973804
500,533,Circle,-38.7156,-39.6162,-2.09949,2.99729e-10,-1.04083e-17,3.31163e-10
500,534,Circle,-39.3912,9.01676,-19.2993,-0.432936,-1.50087,-1.99608
500,535,Circle,-0.097965,-39.5103,2.05645,-2.26206,-0.168055,-0.820499
500,536,Circle,-28.7837,-31.8756,63.6064,-0.700122,1.11779,7.08049
500,537,Circle,-39.6209,0.311452,-7.27802,0,0,-1.99026
500,538,Circle,-37.3456,21.5945,-32.535,1.05782,-0.102318,-4.11168
500,539,Circle,-39.6243,-29.3145,3.25644,0,-9.9711e-06,-1.00148e-05
500,540,Circle,-25.2198,-33.2561,-5.71929,-3.11257,1.6488,0
500,541,Circle,-22.7804,-34.3816,-13.3705,-2.86847,1.59689,0
500,542,Circle,20.3099,-39.62,0.317819,0,0,0.712826
500,543,Circle,-38.8781,-11.482,5.36548,1.57754e-07,-2.48549e-07,-3.2063e-07
500,544,Circle,-17.7918,13.087,11.6589,-4.82427,-0.879213,0.63499
500,545,Circle,-39.62,26.3018,-40.4722,2.24783e-09,-1.56044,-2.49613
500,546,Circle,3.41078,-39.6158,51.5093,-1.78836,9.31323e-10,3.6324
500,547,Circle,-35.4513,-24.317,-1.77928,-0.00404363,0.00121384,0.000350295
500,548,Circle,-39.62,27.2028,6.89585,0,-1.7222,1.3294
500,549,Circle,-35.5665,-15.6874,18.0813,-0.247421,-1.38164,0
500,550,Circle,27.2536,-34.7922,17.9471,0.636107,1.0398,3.80546
500,551,Circle,-29.1056,-30.7832,41.4668,0.966115,0.27108,1.46375
500,552,Circle,-31.4065,-28.594,-17.3846,1.16124,-0.986685,-3.06438
500,553,Circle,-8.71337,-38.6465,0.392258,-2.35873,-0.0128782,-3.26494
500,554,Circle,-35.902,-38.9211,-1.65191,-3.195e-10,-2.51802e-10,4.58158e-10
500,555,Circle,-25.4117,-15.2253,0.630198,-4.18543,-4.02613,0.93332
500,556,Circle,-19.0069,-37.3894,-1.88678,0.000486861,-0.00031401,0.00083237
500,557,Circle,-24.4587,-36.3585,17.2796,-0.000187218,5.21577e-05,0.000526695
500,558,Circle,-39.6297,-21.0925,-3.1117,-3.55271e-15,1.45562e-07,-7.08609e-08
500,559,Circle,-37.0047,-33.2657,0.183154,1.18872e-08,7.66253e-10,-6.86347e-09
500,560,Circle,-35.1268,-37.6035,3.95641,-3.76784e-11,-2.76333e-09,1.9116e-09
500,561,Circle,-32.1145,-27.9824,0.989403,0.805501,-0.758505,0
500,562,Circle,-31.9053,-25.1743,-51.8983,0.336342,-2.45947,0
500,563,Circle,-38.9093,-34.3959,8.38616,-1.6702e-09,-2.31558e-09,-3.53792e-09
500,564,Circle,-37.6324,-20.0888,24.2977,4.66609e-09,2.14164e-08,1.77719e-08
500,565,Circle,-38.2393,-22.2447,2.26209,7.7081e-09,1.53734e-07,5.54928e-08
500,566,Circle,-42.7981,-6.29893,53.5219,0,0,6.66597
500,567,Circle,-38.5971,-1.7286,-4.57966,-3.71,-0.509361,-0.260348
500,568,Circle,-39.6204,-11.0229,-15.4655,-7.10543e-15,-3.0203e-07,-7.95564e-07
500,569,Circle,-33.8068,-28.9184,34.7428,-2.61407e-08,-9.81316e-08,-1.3798e-07
500,570,Circle,-30.9878,-7.35016,-14.7997,-4.55072,-3.15414,-2.00329
500,571,Circle,-39.5743,13.9007,-31.6387,0,0,-3.46757
500,572,Circle,-31.3563,-16.9948,33.2185,1.0165,-2.26688,-0.00799434
500,573,Circle,-21.5022,-34.8041,-8.33276,-1.54822,1.3665,1.72668
500,574,Circle,39.4039,-21.9723,1.43376,-0.48,-4.036,2.6883
500,575,Circle,-28.0551,-38.8392,0.253451,-9.3611e-08,-1.92024e-08,-1.81149e-07
500,576,Circle,36.3564,-29.253,25.9284,-0.627756,-4.9545,4.93898
500,577,Circle,-17.4297,-38.0598,31.1269,-0.937574,-0.791936,-0.152443
500,578,Circle,-33.9924,20.5985,-66.6261,-5.72283,-0.899852,-7.31456
500,579,Circle,-34.9622,-25.5517,-39.9128,0,2.27374e-13,-2.95733
500,580,Circle,-38.7259,-5.49547,-10.4831,3.20537e-11,2.56216e-10,-6.48705e-11
500,581,Circle,13.2808,-39.62,-32.347,-1.3001,0,0
500,582,Circle,-38.8931,-31.9649,-0.590719,2.03995e-07,-1.18349e-06,-1.30675e-06
500,583,Circle,-33.6171,-37.371,-14.8682,3.46585e-09,-1.55111e-08,-1.20094e-08
500,584,Circle,-37.3184,-14.4913,-3.70241,-6.27488e-08,-1.54242e-08,-4.6496e-08
500,585,Circle,-35.5272,-22.7823,0.458885,-0.000114207,0.000668939,0.000276749
500,586,Circle,-32.6523,-31.4531,22.1193,6.17763e-09,5.33374e-08,5.16519e-08
500,587,Circle,-38.283,-30.8622,5.22887,6.35956e-07,-6.10319e-06,-1.95816e-06
500,588,Circle,-20.1449,-38.861,3.19017,-0.164681,-0.036487,-0.155461
500,589,Circle,-8.69999,-36.6544,18.054,-2.21445,-0.0154952,0
500,590,Circle,-39.1916,8.03053,11.7974,-1.18789,-2.15067,-1.51454
500,591,Circle,-38.6319,3.82696,-4.57444,-2.52162,-4.38252,-6.74423
500,592,Circle,4.19896,-39.6187,21.6784,-1.79185,2.32831e-10,1.24954
500,593,Circle,-35.2366,-34.0533,16.5597,-2.14763e-10,-6.7175e-09,-4.69355e-09
500,594,Circle,-36.5485,-22.1784,-10.1257,-2.09937e-07,-8.89609e-07,9.2978e-07
500,595,Circle,-34.1663,-32.4524,-3.06505,8.3182e-10,-1.67088e-08,-3.1693e-09
500,596,Circle,-33.4063,-17.4543,9.30545,0.662495,-1.57557,0.885664
500,597,Circle,-20.3717,0.80096,25.3445,-4.21496,-2.95345,3.34647
500,598,Circle,-33.4905,-26.8474,-3.84762,2.62366e-06,2.67478e-07,2.57667e-06
500,599,Circle,-39.62,20.0613,-4.8448,0,0,0
500,600,Circle,-4.20852,-35.1864,31.487,-4.85382,-5.47583,2.88401
500,601,Circle,-31.9503,-31.1232,-48.6398,-3.12055e-08,1.35557e-07,2.54296e-07
500,602,Circle,-4.40685,-38.6178,-2.09924,-1.52003,0.34991,-2.19242
500,603,Circle,-15.7671,-34.3583,25.1233,-0.971494,0.663961,-1.90089
500,604,Circle,-19.5203,-35.7204,-2.69632,-0.911264,0.607337,0
500,605,Circle,-31.6974,-39.6232,5.00602,-1.30253e-09,-4.47171e-10,1.90103e-09
500,606,Circle,-39.6247,-30.8221,-7.39287,-5.32907e-15,-3.24787e-06,-8.62491e-07
500,607,Circle,-38.8865,-16.0412,2.98403,-5.42647e-10,-1.04978e-08,-7.17349e-09
500,608,Circle,-39.6193,5.53028,-1.04857,1.23691e-09,-1.79367,-4.71133
500,609,Circle,-13.7215,-36.2928,15.3239,-1.70191,0.299853,0.852847
500,610,Circle,-39.62,11.4197,18.5086,0,-1.23241,-1.97593
500,611,Circle,-35.4504,-39.6244,0.32009,-6.16625e-11,-3.6609e-10,-5.00691e-10
500,612,Circle,-37.7723,-36.9421,10.706,-2.32873e-10,-1.6822e-10,-1.5284e-10
500,613,Circle,-20.4191,-37.5818,5.01796,-0.00119541,0.00625993,0.832245
500,614,Circle,-35.1392,-27.0355,-13.653,-1.0835e-05,-9.47218e-05,-0.656836
500,615,Circle,-13.5832,-35.518,-64.4256,-2.44061,0.539925,0.568322
500,616,Circle,-23.6197,-39.6236,25.4125,-0.000428523,-1.45519e-11,0.000295849
500,617,Circle,0.544541,-33.8637,-50.5785,-3.48127,-7.25767,-6.66619
500,618,Circle,-37.8881,-7.59643,-0.626589,1.01327e-06,1.55869e-06,-1.85094
500,619,Circle,-20.9202,-34.2706,-16.0541,-1.72424,1.57482,0
500,620,Circle,-33.2683,-29.9523,-11.248,-3.28922e-08,-7.49049e-08,-1.4648e-07
500,621,Circle,-12.548,-36.6594,-9.43609,-2.42585,0.376121,0.763518
500,622,Circle,-39.3653,-27.8479,11.933,-3.9558e-05,-1.22886e-05,4.86535e-05
500,623,Circle,-34.0808,9.02189,12.4741,-4.94505,-1.6099,0
500,624,Circle,-39.6219,-18.5398,-12.909,9.91043e-11,2.40748e-09,1.35025e-09
500,625,Circle,-34.5276,-33.9268,6.50561,-4.56572e-09,-5.75407e-09,7.69849e-09
500,626,Circle,-30.7209,-34.5627,12.5222,1.91157e-08,-2.4507e-08,-1.14287e-08
500,627,Circle,7.82897,-38.5706,-12.5395,-1.89424,0.206783,-2.55809
500,628,Circle,-32.5714,-20.0821,-6.23413,0.807908,-1.61786,0
500,629,Circle,-1.03556,-38.8376,-0.32213,-2.38552,-0.0191969,-3.29591
500,630,Circle,-31.2805,-20.0956,-18.586,1.15736,-1.98575,0.680774
500,631,Circle,-35.1573,-22.107,12.3608,0.00023901,0.000381114,-0.000519482
500,632,Circle,5.31903,-39.6017,0.466461,-1.40687,0,0
500,633,Circle,14.8689,-10.8093,66.9227,-2.20502,-1.67737,8.14686
500,634,Circle,-31.3213,-27.8105,-60.969,1.26968,-1.86637,-2.84338
500,635,Circle,-33.2371,-18.3077,-5.60096,0.753315,-1.84065,-0.00102919
500,636,Circle,-25.9118,-36.7071,4.95513,-1.9886e-05,2.74014e-06,2.75053e-05
500,637,Circle,-36.6248,-18.2245,4.73112,-2.38654e-06,1.99194e-06,4.92986e-06
500,638,Circle,-33.1328,-20.7878,-22.2566,0.655631,-1.39391,-1.19815
500,639,Circle,-32.5904,-30.6528,-12.281,-8.37993e-08,6.40915e-08,-3.29554e-08
500,640,Circle,-38.0238,-39.6379,-2.68926,1.85262e-11,0,-5.11608e-11
500,641,Circle,-32.4414,-18.8135,21.5395,0.678306,-1.69063,0
500,642,Circle,-21.1574,-37.3115,-15.2919,-0.00625696,0.0050589,-0.0153204
500,643,Circle,-33.5005,-16.6069,-9.90683,0.683077,-1.60803,-0.148087
500,644,Circle,-16.3821,-39.6388,-5.41032,-6.63832e-05,-1.29239e-05,-5.18217e-05
500,645,Circle,-35.9595,-34.3149,-31.9923,-4.40545e-10,-1.02269e-08,-8.43683e-09
500,646,Circle,-38.8548,-36.7081,4.78706,-2.14024e-11,-1.45665e-11,-2.89873e-11
500,647,Circle,-32.7317,-26.7021,-27.5617,0.447728,-1.91092,-4.95484
500,648,Circle,-38.8914,-12.2496,-7.28708,3.70931e-08,-2.10296e-07,2.67279e-08
500,649,Circle,-17.856,-38.8191,0.935193,-0.234793,-0.329575,-1.13852
500,650,Circle,-12.7442,-39.6138,16.8628,-0.0039461,4.65661e-10,0.0101891
500,651,Circle,-37.5121,-35.9049,-3.83897,3.49065e-10,-7.74696e-10,-2.00421e-09
500,652,Circle,-23.5096,-31.2971,-11.0356,-3.5415,2.42458,1.41643
500,653,Circle,-38.9116,6.88512,54.7368,-1.97667,-0.277981,3.70992
500,654,Circle,-36.4761,-19.2407,-7.16047,-5.98647e-06,4.03291e-06,1.41475e-05
500,655,Circle,-36.8246,-3.19119,-10.3632,0.553077,-2.87192,2.76622
500,656,Circle,-32.4501,-39.6199,-4.78739,-3.91736e-10,-5.55112e-17,1.03073e-09
500,657,Circle,-31.7594,-34.2043,6.0765,-1.55701e-08,-1.41155e-08,-3.01947e-08
500,658,Circle,-7.3288,-38.181,-53.7335,-1.68801,0.949967,-3.54491
500,659,Circle,-37.4151,-30.1647,1.08748,-1.80695e-08,-6.40797e-09,-1.68474e-08
500,660,Circle,-39.62,21.7256,2.99794,0,0,0
500,661,Circle,-38.189,-30.1061,-3.86739,-7.1252e-07,-5.93547e-06,5.91541e-06
500,662,Circle,-31.7551,-36.453,-6.05662,3.43247e-09,-9.2063e-09,5.58699e-09
500,663,Circle,-33.6971,-24.4507,23.6132,-0.552081,-0.976172,-2.98167
500,664,Circle,-34.7058,-24.1507,13.1079,-0.00694566,0.0141795,-0.0203043
500,665,Circle,-34.3737,-38.9323,-5.24762,-1.81345e-10,-5.54954e-10,1.49415e-11
500,666,Circle,-19.9204,-36.3876,-7.55568,-0.0152334,0.0131685,0.674281
500,667,Circle,-25.1415,-36.718,-15.0639,-3.76993e-05,2.3626e-06,-8.09114e-05
500,668,Circle,-27.8694,-35.1901,-25.4397,2.65691e-09,1.02248e-09,-1.10078e-09
500,669,Circle,9.29081,-39.2141,44.1738,-2.53388,0.154593,4.96229
500,670,Circle,-21.0427,-33.4466,57.7399,-2.95809,1.74505,-3.59783
500,671,Circle,-34.9291,9.05281,42.0673,-5.38557,-1.93417,0.824422
500,672,Circle,-38.9218,19.6808,5.6772,8.66995e-08,-3.56168e-07,1.94931
500,673,Circle,-26.9,-34.1167,3.08788,2.97304e-07,2.82093e-07,-0.941453
500,674,Circle,-37.1559,11.1133,3.66146,0.98886,0.19063,1.1964
500,675,Circle,-26.1186,-18.5502,17.538,-4.44872,-3.48448,3.33745
500,676,Circle,-27.1216,-19.1099,-4.16257,-3.81185,-3.98453,0
500,677,Circle,-27.2623,-39.6273,1.83294,-7.80669e-07,-9.03712e-10,3.34049e-08
500,678,Circle,-20.0482,-29.1106,2.74534,-4.0264,-5.4621,0.977327
500,679,Circle,-17.2548,-36.0954,8.0194,-0.699042,0.633759,-0.00365467
500,680,Circle,-14.0926,4.71183,-12.2133,-3.99346,-2.01999,-2.50576
500,681,Circle,-33.9247,-20.9319,6.89951,5.18829e-06,1.06131e-05,4.90701e-06
500,682,Circle,-17.8845,-35.4413,-12.8346,-1.66147,0.628195,1.31362
500,683,Circle,-38.8716,-17.5722,-7.99628,7.66595e-11,-5.93712e-10,-8.65483e-10
500,684,Circle,-39.62,2.74971,-36.602,7.63976e-10,-2.04255,-5.57619
500,685,Circle,7.66208,-39.3799,27.8717,-1.37868,-0.0532097,0
500,686,Circle,35.0474,-27.1681,11.0004,-0.122847,1.90209,1.27445
500,687,Circle,-37.0625,-37.3398,2.74861,-4.70319e-10,-2.46044e-10,1.41314e-10
500,688,Circle,-13.5453,38.372,-18.0152,-3.09867,-0.32457,-2.477
500,689,Circle,-36.9534,-5.56573,24.5551,0.661912,-1.53013,-1.57241
500,690,Circle,-5.93332,-38.8422,-20.3882,-1.41723,0.170064,3.4186
500,691,Circle,-42.6928,-33.3025,6.59031,0,-1.40036,1.44243
500,692,Circle,-20.2885,-33.6912,1.28804,-3.13827,0.84516,1.34528
500,693,Circle,-37.7752,-22.8318,-29.9381,1.00768e-07,3.04692e-07,-3.27766e-09
500,694,Circle,-39.6195,-30.0683,-15.4671,0,-5.11747e-06,8.03736e-06
500,695,Circle,26.1244,-25.1313,32.3703,-0.138433,-5.88879,4.32312
500,696,Circle,-12.9241,-35.957,40.2516,-2.62273,0.270719,-0.206862
500,697,Circle,-20.5554,-36.8293,14.6803,-6.38959e-05,-0.0065065,-0.020049
500,698,Circle,-27.9043,-22.3669,-97.838,-5.00331,-1.25215,-13.5677
500,699,Circle,-39.6098,-6.49563,-45.1279,-0.000786639,-0.0230535,0.000880245
500,700,Circle,-38.6436,2.07721,9.30616,0.155345,-2.61639,3.50538
500,701,Circle,2.66721,-38.7841,10.2537,-2.43555,0.207182,0.137636
500,702,Circle,-7.53086,-12.4081,0.949543,-3.57701,-3.98527,1.93456
500,703,Circle,-7.41751,-35.8672,-13.7004,-2.70407,-7.35142,-1.18344
500,704,Circle,-27.4059,-38.1068,-4.30047,-1.59542e-05,-3.8873e-06,-1.78944e-05
500,705,Circle,-23.0628,-22.7992,-78.5157,-4.18186,-4.67116,-8.85702
500,706,Circle,-21.2348,-32.6181,33.5201,-2.65312,1.04887,3.05686
500,707,Circle,-17.113,-39.6182,-10.6529,-1.24088e-05,8.34055e-07,2.02994e-06
500,708,Circle,18.821,-37.9083,43.6458,-0.317329,1.32046,3.28443
500,709,Circle,-9.75843,-39.6188,-13.3506,-0.0231688,0.00639756,0.023205
500,710,Circle,-18.6689,-34.2979,-21.8786,-2.1999,0.0495067,0
500,711,Circle,-39.6203,-10.2703,-13.9674,0,-0.000104642,-9.70393e-06
500,712,Circle,-9.75047,-18.9088,6.34206,-4.09136,-5.1281,0
500,713,Circle,-19.2015,-25.4564,-4.64959,-1.52936,-4.75858,-1.36003
500,714,Circle,-27.9942,-39.6159,10.0587,-3.82926e-07,-7.10543e-15,-3.15445e-08
500,715,Circle,-38.9352,-29.699,0.79713,9.49077e-09,-9.83016e-06,-1.82275e-07
500,716,Circle,-39.5901,27.9825,-37.323,0.0995951,-1.7222,-4.4029
500,717,Circle,-34.507,-36.8526,-14.3893,-5.4908e-09,-2.03494e-09,-7.40704e-09
500,718,Circle,-36.2057,-26.285,-13.0397,0,0,0
500,719,Circle,-35.5117,-13.6185,50.4594,9.91653e-07,2.66274e-07,-1.62565
500,720,Circle,-32.3692,-36.9017,4.89419,-2.14997e-10,-1.48508e-09,9.01133e-10
500,721,Circle,-35.9377,-28.1191,11.8169,-8.01733e-06,-7.52599e-06,-1.58233e-05
500,722,Circle,-38.8834,-21.8541,-14.9549,-1.87679e-08,2.02297e-08,3.89289e-08
500,723,Circle,-38.0785,-17.139,-10.9912,-2.52209e-10,-1.10441e-10,-1.60697e-09
500,724,Circle,-24.4004,-18.3658,2.12901,-3.92697,-4.02868,0
500,725,Circle,-20.6901,-38.314,39.7232,-0.0521476,0.0342117,-0.0906898
500,726,Circle,-36.65,-30.0377,2.2924,-4.60455e-08,-6.27269e-08,8.35542e-08
500,727,Circle,-39.3626,-1.20378,-38.8004,2.25197e-07,5.42395e-07,-1.78265
500,728,Circle,-19.3632,-34.9553,-10.0044,-1.85715,0.862299,2.02529
500,729,Circle,-34.5551,7.75029,-19.6778,-4.72093,-2.97855,-5.08662
500,730,Circle,-37.0992,27.8902,41.2544,0.718873,-1.05603,8.8724
500,731,Circle,-32.6646,-32.2297,-34.6832,-1.12601e-08,5.36104e-08,-1.01118e-07
500,732,Circle,-20.0783,12.8189,71.1079,-5.04352,-1.52092,9.35678
500,733,Circle,-33.4596,-33.0291,5.65651,-6.2958e-09,-2.9812e-08,-1.63666e-08
500,734,Circle,-13.4233,-38.8637,-14.6597,-0.0102893,0.000278567,-0.0106364
500,735,Circle,-6.04201,-39.6204,40.7312,-0.0309974,1.11759e-08,0.0816693
500,736,Circle,-22.3189,-27.6106,-2.28725,-4.02752,-4.429,1.23023
500,737,Circle,-37.8774,-6.06973,32.0796,-0.441057,-1.32628,-1.14741
500,738,Circle,-3.78686,-39.6089,27.4151,-6.5896e-08,2.27596e-15,-9.9147e-08
500,739,Circle,-37.2862,-12.4351,0.346957,-1.25116e-07,-3.23833e-08,-1.70328e-07
500,740,Circle,-38.027,-28.6252,-1.19045,1.04948e-05,-4.51182e-05,-4.02134e-05
500,741,Circle,-14.2306,-39.625,20.0517,-0.00107233,-0.000151994,-0.00183332
500,742,Circle,-26.8715,-5.08519,11.558,-3.71958,-1.46054,2.76474
500,743,Circle,-28.2782,-34.1025,-21.1222,-2.38681e-07,1.64099e-07,-3.14302e-07
500,744,Circle,-29.9229,-32.3536,-15.9452,0,0,-0.740455
500,745,Circle,-38.8588,-7.82573,-27.2107,-2.95916e-12,-4.88612e-10,-6.95339e-11
500,746,Circle,-27.591,-34.4656,22.0179,-6.59076e-07,3.9029e-08,1.06308
500,747,Circle,-11.2542,-39.598,29.4895,-0.008833,0.000364307,0.00125658
500,748,Circle,-36.3765,-15.4833,5.70532,-2.50901e-08,3.93541e-08,0.945542
500,749,Circle,-39.5934,-5.73751,-35.7149,0.00941319,-0.0232696,-0.0294505
500,750,Circle,-36.6153,-34.7135,-1.76021,-2.43732e-09,-1.49035e-10,-2.32438e-10
500,751,Circle,-38.4197,-37.3427,-11.3068,-7.51786e-11,-4.7492e-11,4.21102e-11
500,752,Circle,-37.1654,-42.3773,22.7444,0,0,4.05615
500,753,Circle,-23.5553,-34.6188,-1.65621,-2.82172,1.21145,0
500,754,Circle,39.6201,-38.8446,-6.97076,0,0,0
500,755,Circle,-34.4899,30.5958,20.1366,0.843176,-0.82726,3.21266
500,756,Circle,-37.4535,-39.1383,9.18799,-3.10583e-11,-5.45438e-12,8.92995e-12
500,757,Circle,-42.8145,-31.2409,-36.2222,0,-1.40035,0
500,758,Circle,-36.8674,-35.4303,4.30658,1.23455e-09,-4.54315e-10,-2.99575e-09
500,759,Circle,39.4085,34.0561,12.2813,0.244785,-0.9,1.95978
500,760,Circle,8.43774,-39.5743,39.6773,-1.35645,0.0243327,2.66027
500,761,Circle,-32.1269,20.7061,10.0355,-5.22794,-0.788503,3.09594
500,762,Circle,-33.7956,-36.6139,-17.7494,-1.10368e-09,-1.87451e-08,3.38569e-08
500,763,Circle,-31.0511,-33.8664,45.4898,-1.07373e-09,-4.45139e-08,1.08808e-07
500,764,Circle,-42.0443,14.6422,3.76559,6.51744e-07,2.09089e-06,1.0082
500,765,Circle,-36.2726,-22.9391,-27.3399,5.19048e-11,1.81248e-10,-2.58971e-10
500,766,Circle,-38.0165,-27.8636,1.61687,-1.66566e-05,-8.08474e-05,0.000146911
500,767,Circle,-35.2608,-36.853,-2.42664,-1.25083e-08,-1.30183e-08,2.24006e-08
500,768,Circle,-31.2574,-32.3044,-7.98459,1.90332e-07,-6.1846e-07,1.32849
500,769,Circle,-11.9991,-39.6261,10.1703,-0.0046939,-8.56904e-05,0.000127394
500,770,Circle,-36.1934,-39.6271,-5.68312,-9.49299e-11,0,2.54576e-10
500,771,Circle,-34.872,-36.1765,-11.3952,-2.23138e-08,-7.6486e-09,1.00888e-09
500,772,Circle,21.4881,-16.4419,6.725,-0.521001,-3.32504,1.35432
500,773,Circle,-37.0042,-21.4923,14.8531,0,0,0
500,774,Circle,2.53168,29.0865,-37.8424,-1.18698,0.336542,-4.54257
500,775,Circle,-10.4872,-4.80071,-13.414,-4.36099,-2.52616,0.414816
500,776,Circle,-4.86432,-37.937,41.9432,-1.2776,0.64342,0.860651
500,777,Circle,-37.2556,-19.2602,-5.74647,-5.86898e-06,-6.73874e-07,-2.50321e-06
500,778,Circle,-35.8517,-36.4,-3.2939,-1.54747e-09,-3.7142e-10,-8.57937e-10
500,779,Circle,-22.0802,-37.6351,-4.05346,-0.0195229,0.0109233,-0.0169319
500,780,Circle,-38.5861,28.514,13.2852,0.161327,-1.7623,5.2698
500,781,Circle,-36.5879,-27.6888,2.81586,4.04089e-15,-9.46658e-16,-5.03666e-15
500,782,Circle,-34.7301,-7.50774,0.240367,-4.93283,-3.13149,2.61109
500,783,Circle,-39.1924,39.6252,-11.3164,0,0,0
500,784,Circle,-39.5978,31.9198,-56.0882,-0.320092,-2.28485,-9.08866
500,785,Circle,-39.6279,-23.3574,0.937901,-1.50865e-07,6.17567e-07,-2.29487e-07
500,786,Circle,-26.6805,-36.7506,3.02083,-1.34979e-05,6.06719e-06,-2.14062e-05
500,787,Circle,-38.0922,38.3966,-40.1525,0.527596,-0.954605,-4.70448
500,788,Circle,6.84485,-39.3392,31.5269,-1.48043,0.503727,-1.40144
500,789,Circle,-10.1613,-37.301,-0.606338,-0.917822,-0.707305,0
500,790,Circle,-29.7384,-38.8911,-6.01983,-5.48583e-09,3.32376e-09,-1.88103e-08
500,791,Circle,-19.8648,-38.1315,-2.89334,-0.00388563,0.000405704,0.00122322
500,792,Circle,-32.5187,-17.979,0.882367,0.67715,-1.67418,0.884923
500,793,Circle,-38.169,-17.9054,-5.00437,1.36952e-10,1.30707e-09,3.08012e-09
500,794,Circle,-39.6263,-16.2655,-10.0408,-1.11022e-16,-2.15481e-09,-5.76699e-09
500,795,Circle,-39.6375,-34.5567,-7.9007,0,-2.09146e-07,-6.09885e-09
500,796,Circle,-30.4903,29.3774,24.5773,-5.84029,0.99641,3.5706
500,797,Circle,-18.6165,-38.8598,-0.69346,-0.208882,0.0455965,0.229307
500,798,Circle,-42.6366,36.7755,-11.6968,0,0,-1.40362
500,799,Circle,-28.5001,-38.1906,3.67539,-4.35626e-08,4.80052e-09,7.16489e-08
500,800,Circle,-32.6787,-14.7495,22.0608,0.646622,-1.85622,-0.000467289
500,801,Circle,-34.2549,-26.9132,0.932254,3.13604e-06,-7.47059e-06,-9.60555e-06
500,802,Circle,-27.4058,-36.5058,30.5225,-1.75971e-06,7.93229e-07,7.80004e-07
500,803,Circle,-37.1159,-36.5727,16.2097,-7.49174e-11,-1.04963e-09,8.64221e-10
500,804,Circle,-29.2492,-30.0046,15.1848,0.887928,0.259604,-1.29473
500,805,Circle,-39.6553,4.29825,-5.06215,5.57066e-11,-1.71264,-5.61289
500,806,Circle,6.58977,22.8316,0,-3.30334,-0.581193,0
500,807,Circle,-32.2814,-24.2608,12.743,-0.0389487,-2.58312,-0.669916
500,808,Circle,-33.4769,-14.6292,-19.3347,0.282786,-1.88739,0
500,809,Circle,-34.9242,-32.5528,4.69033,-4.20524e-10,-1.03206e-08,-2.19328e-08
500,810,Circle,-36.9008,-10.8774,11.9324,5.55112e-17,-2.77556e-17,0
500,811,Circle,-32.7249,-35.3788,17.4,-6.01973e-09,-1.77309e-08,3.3775e-08
500,812,Circle,-35.4074,-31.9445,-8.99387,4.65144e-09,3.64468e-10,-1.73912e-09
500,813,Circle,-35.8794,-16.9561,3.53941,1.72936e-07,1.01964e-06,-4.35243e-07
500,814,Circle,-38.2473,-32.3924,-11.3504,1.81687e-07,-3.37659e-07,3.61093e-07
500,815,Circle,-38.3419,-38.1564,25.8237,3.10184e-10,-1.95935e-10,-8.81037e-11
500,816,Circle,-42.605,15.451,-49.2054,0,0,-6.83056
500,817,Circle,-32.0651,-37.6023,-3.87845,-3.31631e-09,-5.81742e-10,3.07177e-09
500,818,Circle,-14.1732,-34.4842,-3.11543,-3.43062,1.38981,4.03519
500,819,Circle,21.3443,-19.9866,-0.00889307,-0.418324,-4.24636,0
500,820,Circle,-38.8806,-3.22159,-20.6763,0.151384,-0.60997,-1.10817
500,821,Circle,-35.8899,-18.4785,26.8243,-5.23985e-06,1.39724e-05,-9.60291e-06
500,822,Circle,-42.7574,-37.5826,75.4823,0,0,9.90068
500,823,Circle,-33.4235,-31.4889,45.2162,8.04158e-09,-4.52593e-08,4.90037e-09
500,824,Circle,-13.7845,-38.0789,-1.38768,-1.27686,-0.163196,-0.128745
500,825,Circle,-31.691,-23.7474,-6.86339,0.136447,-2.74675,0
500,826,Circle,-15.5919,-38.9,-18.8357,-4.23516e-21,-6.77626e-21,-6.77626e-21
500,827,Circle,-10.6379,-36.2312,30.6822,-2.62175,0.798852,0
500,828,Circle,-37.5617,-32.7362,-3.05921,5.87854e-08,-2.38667e-08,-1.43816e-08
500,829,Circle,-39.6039,-9.51728,-9.88353,3.76288e-06,-0.000104866,-1.64803e-06
500,830,Circle,-29.1547,-36.098,34.6042,-4.30684e-09,-8.31971e-09,7.27732e-08
500,831,Circle,-12.4048,-37.4392,2.2635,-1.80139,0.497206,0.83677
500,832,Circle,-33.3702,-30.7184,-13.376,-6.08947e-08,-5.41354e-08,1.20632e-07
500,833,Circle,-22.6524,-38.8827,20.4407,-0.00368077,0.000317271,0.00538093
500,834,Circle,-9.8518,-36.5681,7.69834,-2.1374,-0.136844,3.38718
500,835,Circle,-31.2944,-37.5901,8.5605,-2.99579e-09,-8.41806e-10,-3.59772e-10
500,836,Circle,-15.0457,-34.0244,25.6668,-0.982972,0.689367,1.99629
500,837,Circle,10.385,7.60024,4.15147,-1.24642,-1.41045,0.93297
500,838,Circle,-38.2464,-29.3476,1.88633,-4.14167e-06,-1.03693e-05,5.98704e-07
500,839,Circle,-37.3186,-34.3929,3.71223,1.2101e-09,-2.90775e-09,-4.22322e-09
500,840,Circle,-14.4487,-37.6805,4.90687,-1.1331,0.0195591,-0.215289
500,841,Circle,-41.9855,25.505,0,0,0,0
500,842,Circle,-19.0884,-38.1639,13.991,-0.00413418,-0.00291563,-0.0101878
500,843,Circle,-10.3588,-32.7502,52.1898,-2.5222,-5.73412,8.23215
500,844,Circle,-6.18746,31.4416,38.3724,0,0,4.44285
500,845,Circle,-30.4261,-30.95,-4.45946,0,0,-1.56678
500,846,Circle,-35.0592,-11.7654,9.08172,0.758074,-1.13439,0
500,847,Circle,-37.8757,-4.48461,-5.86648,0.466058,-1.21024,-3.1414
500,848,Circle,-39.6243,-36.7403,-10.9636,-1.07599e-10,-3.796e-08,-2.34759e-09
500,849,Circle,-38.8529,-16.8065,1.37144,-1.22537e-09,-5.05268e-09,5.05264e-09
500,850,Circle,-34.0468,-25.5592,6.01529,2.33948e-05,1.78752e-05,-0.910051
500,851,Circle,-14.5296,-36.2487,26.3391,-1.68388,0.226661,0.800783
500,852,Circle,-39.5913,-24.8695,-17.6023,-9.48706e-07,1.28691e-06,-3.20853e-06
500,853,Circle,-37.8775,-5.26454,-9.69273,0.38693,-1.21112,-0.945653
500,854,Circle,-34.1188,-21.6818,5.39893,7.28886e-06,1.07012e-05,2.15783e-06
500,855,Circle,-26.264,-22.5476,12.9473,-4.4565,-4.81231,0.674312
500,856,Circle,-22.7043,-33.1185,9.99127,-3.2309,1.89036,0
500,857,Circle,-35.4894,-34.9372,-23.4536,-3.04908e-09,-3.64256e-09,-4.73822e-09
500,858,Circle,-38.9495,-28.9422,5.98497,-1.96221e-05,-2.56566e-05,4.8729e-05
500,859,Circle,3.18851,-2.42845,-41.9144,-2.56876,-1.51714,-3.57961
500,860,Circle,-25.512,-35.1473,22.3994,3.95311e-07,-6.48782e-08,5.75556e-07
500,861,Circle,-32.8844,-16.1129,-23.6778,0.831646,-1.82063,-0.521949
500,862,Circle,-23.1162,-36.1556,29.0797,-1.10635e-16,-2.01878e-17,8.37256e-16
500,863,Circle,-6.94104,-9.29867,-33.6014,-3.61407,-3.28932,-3.79035
500,864,Circle,-36.8266,-6.39749,-16.7084,0,0,-0.831902
500,865,Circle,-39.5573,36.434,-4.32632,0.468876,-1.15378,-2.87918
500,866,Circle,-35.6905,-14.8907,5.11782,-0.159905,-1.33127,-1.54546
500,867,Circle,-16.4257,-34.8392,-17.6214,-1.39191,0.807228,-0.000899397
500,868,Circle,-39.62,20.8413,1.11284,0,0,0
500,869,Circle,-14.0356,-37.0215,0.756314,-1.40294,0.171678,0.140908
500,870,Circle,-36.8555,-13.1437,4.20043,-1.79142e-08,-2.83327e-08,-1.54878e-08
500,871,Circle,-36.4563,36.8229,-55.8644,-3.54651,-0.500034,-8.45469
500,872,Circle,-31.2897,-38.9372,1.01398,-1.33327e-09,-5.78511e-11,-9.9375e-12
500,873,Circle,-26.5769,-12.7641,-31.1801,-5.42512,-3.46468,-5.04242
500,874,Circle,16.3315,-31.4069,4.01207,-2.11389,2.2922,1.18678
500,875,Circle,-25.0753,-39.6201,2.4593,-3.55481e-05,0,-3.33393e-05
500,876,Circle,-37.3866,-18.3649,-21.0524,-3.27946e-07,-3.52118e-08,1.12751e-07
500,877,Circle,-32.0943,-17.3016,13.0071,0.803113,-1.75319,-0.00708471
500,878,Circle,-39.6227,-25.625,3.8667,2.21733e-07,2.07155e-06,7.41903e-06
500,879,Circle,-32.1141,-34.8978,-7.80777,1.3434e-08,-4.32689e-08,7.66012e-08
500,880,Circle,-26.2838,-35.2471,8.54429,2.6071e-07,4.08347e-07,-0.739182
500,881,Circle,-38.5159,25.0716,35.813,-0.222841,-0.903045,5.14648
500,882,Circle,-37.8081,-6.85624,74.183,-0.0660194,-1.31706,2.14994
500,883,Circle,-35.2359,-27.7902,-14.4124,-1.91621e-05,-4.3743e-05,6.64703e-05
500,884,Circle,-36.1011,-19.9278,0.296356,-1.17319e-08,4.96612e-07,-8.23633e-08
500,885,Circle,-42.2427,-30.7104,-23.0146,0,-1.40035,-0.669732
500,886,Circle,-39.6276,-31.5783,-29.3459,-2.84217e-14,-1.83569e-06,2.78278e-07
500,887,Circle,-36.9165,-32.3077,-28.633,2.92625e-08,-2.31615e-08,-6.77999e-08
500,888,Circle,-38.8486,24.0716,4.09424,-5.54291,-0.582404,0.350119
500,889,Circle,-18.5842,-35.0854,-18.0494,-1.95176,0.0742706,0
500,890,Circle,-29.3209,-28.695,8.35299,1.61655,-0.120006,2.483
500,891,Circle,37.0004,-39.62,-36.0928,0,0,-1.80802
500,892,Circle,-17.8422,-39.6174,33.4685,-3.6542e-13,3.54642e-13,-3.0807e-13
500,893,Circle,-0.369218,-38.0672,-20.3453,-2.11091,-0.0221021,-2.07487
500,894,Circle,-34.2113,-33.2238,-4.85979,-7.21073e-09,-8.20604e-09,-5.84478e-09
500,895,Circle,-41.9062,-29.1861,-24.6594,0,-1.40034,-3.34747
500,896,Circle,-11.8696,-36.181,-12.7685,-2.47373,0.697454,0
500,897,Circle,39.5597,-39.6209,-7.94558,0,0,0
500,898,Circle,-30.525,-31.8352,-33.0299,0,0,0
500,899,Circle,6.09894,-39.6134,30.3675,-1.40647,0.0181594,2.72225
500,900,Circle,-6.07474,-38.1029,-20.0511,-2.05465,0.0470502,-2.10688
500,901,Circle,-11.9155,2.5212,-37.838,-3.92501,-2.0892,-4.23005
500,902,Circle,-25.5274,2.65711,-42.4579,-5.50614,-2.20209,-6.86474
500,903,Circle,-31.2629,-31.5263,-13.8804,-4.13398e-08,1.36388e-07,-3.06334e-07
500,904,Circle,-33.2093,-38.193,12.9861,-6.27967e-10,-1.18968e-09,-3.01082e-09
500,905,Circle,-37.8196,-21.6054,-14.4671,-4.58728e-08,1.01259e-07,-1.36619e-07
500,906,Circle,-37.3835,-13.7162,0.426769,-3.21474e-08,-1.41061e-08,-3.57787e-08
500,907,Circle,-19.7542,-37.1733,3.64731,0.00122332,0.00222995,-0.840162
500,908,Circle,-37.5729,-23.5722,19.3791,7.241e-07,9.00036e-07,-1.34525e-06
500,909,Circle,-38.9819,-23.7583,-6.97336,-4.52935e-07,2.59573e-06,-1.35404e-06
500,910,Circle,-36.6182,-28.4877,-4.58311,2.76681e-06,-1.00699e-06,9.22715e-07
500,911,Circle,-34.5236,-30.5831,4.86452,-5.85449e-08,-3.04304e-07,5.68925e-07
500,912,Circle,-24.3309,-33.5947,1.49891,-2.91999,0.775045,-1.23271
500,913,Circle,-38.996,-37.8296,-13.9864,1.61154e-09,-1.9462e-09,3.48764e-09
500,914,Circle,-26.2742,-37.4072,6.68517,-7.88232e-05,2.54766e-05,0.000108923
500,915,Circle,-21.2026,-36.3634,-17.7419,4.50423e-05,7.02526e-05,-0.000109615
500,916,Circle,-34.3831,-24.8581,-0.435455,-0.933678,-0.412985,1.47557
500,917,Circle,-37.5723,-8.93063,5.40294,1.91943e-07,-2.44865e-07,1.20597e-07
500,918,Circle,-11.5745,-37.8028,33.4657,-1.29654,1.10262,-2.22841
500,919,Circle,-29.4656,-39.6203,10.3281,-8.65747e-08,-1.40459e-08,-3.85304e-08
500,920,Circle,-37.4047,-31.7047,-19.6125,1.19552e-07,-2.4141e-08,1.60089e-07
500,921,Circle,-28.7276,-39.6306,19.1308,-1.93549e-07,-2.43277e-08,-3.33644e-08
500,922,Circle,-25.2414,-11.0139,3.51818,-2.50757,-3.12353,0
500,923,Circle,-19.3887,-33.2261,-23.9733,-3.21585,1.27451,3.69026
500,924,Circle,-36.3473,-24.2776,-15.8293,1.15208e-10,-4.13829e-10,5.43131e-10
500,925,Circle,-39.492,-19.2929,-13.6464,-2.85226e-09,4.73202e-09,-1.09457e-08
500,926,Circle,-20.5968,-35.8897,0.246859,3.59145e-08,5.08193e-08,1.98248
500,927,Circle,-8.27733,-39.4371,25.7261,-0.0332964,-0.0713947,-0.0547185
500,928,Circle,-23.4092,-18.2991,-15.7959,-3.80472,-4.17182,-1.93462
500,929,Circle,-25.5034,-37.4072,-4.73714,-0.000302212,0.00014117,-0.000200035
500,930,Circle,-37.7341,-37.6982,-0.726802,-1.65735e-10,-1.46142e-10,-4.79174e-11
500,931,Circle,-37.2793,-17.5934,21.1304,-1.09741e-06,-4.60557e-07,2.31217
500,932,Circle,-37.9687,-15.6253,-28.8903,-3.3799e-09,-1.68396e-09,-4.75091e-09
500,933,Circle,-33.3638,-23.1454,7.41027,0.384211,-1.48588,0
500,934,Circle,-30.8366,-21.3481,12.9757,0.433842,-2.48534,0
500,935,Circle,-38.19,-36.3074,-6.78378,-1.13936e-10,-1.05517e-10,3.39872e-12
500,936,Circle,-24.9612,-35.7413,7.62123,-5.41014e-05,0.000158223,-1.06066
500,937,Circle,-26.271,-33.3072,-12.4915,-3.39358,-0.142616,0
500,938,Circle,-32.4451,-38.2701,-3.82812,-1.09317e-09,-1.43782e-09,1.09035e-09
500,939,Circle,-23.4191,-38.877,22.1659,-0.00124325,-0.000478872,-0.00142909
500,940,Circle,-20.4202,15.8595,33.8529,-5.3431,-0.820886,4.04678
500,941,Circle,-38.9148,21.2533,-7.03451,0,0,0
500,942,Circle,-28.6703,-29.2816,4.71295,2.1839,0.118228,-2.05599
500,943,Circle,-32.5725,-34.2705,-6.96716,-1.59348e-07,-1.75098e-07,1.76572e-07
500,944,Circle,-17.0993,-38.7883,-1.6499,-0.273896,-0.733009,0.807896
500,945,Circle,-39.6214,-17.7793,-3.08083,-5.55112e-17,8.65336e-10,-7.90217e-10
500,946,Circle,-34.7036,-39.625,-9.41421,1.06226e-10,5.55112e-17,-2.83227e-10
500,947,Circle,-38.2826,0.657291,-25.0757,2.40608,-0.601729,-6.90406
500,948,Circle,-36.7753,-30.8003,0.748876,-1.11401e-07,-5.19677e-08,4.69452e-08
500,949,Circle,-34.7609,-34.6595,10.193,-1.91045e-09,-4.79209e-09,-2.36173e-09
500,950,Circle,-35.4943,-35.7146,7.0691,-8.55696e-09,1.17645e-09,-1.60129e-08
500,951,Circle,-39.6265,-27.14,-2.82296,-1.81899e-12,-1.38651e-05,-3.71277e-05
500,952,Circle,-30.7678,-37.029,18.3828,-8.43651e-09,-1.01312e-08,-7.1185e-09
500,953,Circle,-37.3499,-28.2582,-14.3433,5.70354e-06,-4.79314e-06,3.10896e-06
500,954,Circle,-42.8482,-32.5379,-15.2955,0,-1.40036,-2.13473
500,955,Circle,-31.3074,-22.9578,-2.14115,0.470619,-2.44749,0
500,956,Circle,-34.3454,-20.2636,-33.2445,-1.73124e-06,6.26443e-06,9.11195e-06
500,957,Circle,-39.616,-4.21986,-9.98447,-0.110853,-0.0908378,-0.0169598
500,958,Circle,-33.4562,3.0969,-11.0828,1.37981,-1.52733,-3.32552
500,959,Circle,39.62,-36.1919,16.9093,0,0,3.23107
500,960,Circle,-34.5528,-29.1349,-1.17724,3.63295e-07,-1.38425e-06,-1.29493e-06
500,961,Circle,-38.8796,-13.7783,13.8259,5.27173e-09,-9.70754e-08,-2.75112e-08
500,962,Circle,-32.0123,-26.3678,26.276,0.502147,-2.02742,4.67656
500,963,Circle,28.3734,-39.1948,22.003,0,0,2.59481
500,964,Circle,-7.88488,-38.7525,-1.50877,-1.47196,0.744221,4.31835
500,965,Circle,-10.7033,-35.4195,3.02975,-4.07801,0.958161,2.65752
500,966,Circle,-39.6269,-33.8199,-6.98322,3.95951e-09,-3.64254e-07,-1.08356e-08
500,967,Circle,-34.8971,-10.9579,-26.1071,0.407803,-0.744921,0
500,968,Circle,-35.2437,-12.8589,1.66418,-0.335131,-1.46662,-2.37817
500,969,Circle,-36.5226,-8.90257,-2.41597,0.523963,-1.41278,0
500,970,Circle,-38.9482,-26.7639,-0.345801,-1.77953e-05,-8.39832e-06,6.26815e-05
500,971,Circle,-29.6654,-34.3911,7.60263,0,0,0.904616
500,972,Circle,-39.6205,-8.76348,-22.5409,0,-0.000206062,1.8476e-05
500,973,Circle,-35.0512,-17.863,-8.83749,0.39222,-0.949727,-0.0291659
500,974,Circle,-21.9406,-38.599,22.6095,-0.00813019,0.000248807,-0.00317884
500,975,Circle,-31.8373,-35.6252,18.6752,2.48059e-08,-3.95154e-08,-4.64954e-08
500,976,Circle,-34.0211,-29.7595,17.6908,-8.88633e-09,-3.63039e-10,-1.2045e-08
500,977,Circle,-28.613,-35.4113,-0.137222,3.35084e-09,-1.30317e-09,7.62496e-09
500,978,Circle,-35.0676,-31.1944,-18.4799,-1.62115e-08,-2.47265e-07,3.88871e-07
500,979,Circle,-33.603,-38.9529,1.24327,-1.75457e-10,-1.55696e-10,2.4431e-10
500,980,Circle,-3.65387,-38.8311,-3.68003,-1.49909,0.424832,4.17778
500,981,Circle,-4.54194,-39.6206,39.5329,-6.57526e-08,1.69091e-08,6.36261e-08
500,982,Circle,-35.8146,-43.0955,0.0223801,0,0,0
500,983,Circle,-42.3905,-31.9063,28.3777,0,-1.40035,2.20413
500,984,Circle,-31.18,-26.9827,-3.24085,1.96801,-1.52257,2.02612
500,985,Circle,-34.4773,-28.3667,-0.171772,5.41863e-06,-1.24033e-05,-1.42967e-05
500,986,Circle,-36.6926,-31.566,-7.43359,-2.36485e-09,-1.27607e-08,1.72553e-08
500,987,Circle,-28.8423,-36.8367,0.118328,-7.22367e-08,-1.77136e-08,-9.10979e-08
500,988,Circle,-36.9718,-7.39763,-0.981832,0.80317,-0.951531,0
500,989,Circle,4.11055,-38.3972,1.60101,-2.25668,-0.291318,1.0142
500,990,Circle,24.6509,-35.7067,-5.43664,-1.10628,1.10948,-1.47987
500,991,Circle,-37.4473,-16.6848,-20.4229,4.49693e-10,-2.15029e-09,-4.98515e-09
500,992,Circle,-27.9907,-37.6166,6.48973,-9.95479e-07,5.47284e-07,-9.46668e-07
500,993,Circle,-37.7153,39.2992,-57.4206,-0.327704,-1.52158,-4.20816
500,994,Circle,-36.0513,-30.5541,7.86855,-7.22203e-08,-1.16597e-07,-1.75283e-07
500,995,Circle,-16.775,-29.0614,35.7068,-3.76096,-5.38308,2.68908
500,996,Circle,-22.8156,-37.8855,17.8334,-0.00728524,-0.000466631,0.0109282
500,997,Circle,-38.1763,7.18594,75.4843,-2.12161,0.27097,2.99988
500,998,Circle,-39.6211,-3.46029,1.50451,0,-0.0933964,-0.246507
500,999,Circle,-14.1985,6.6088,18.6153,-3.51521,-2.54827,2.92458
500,1000,Circle,-27.2636,-38.8607,-0.963577,-1.28284e-07,-9.11548e-07,1.00803e-06
500,1001,Circle,-38.0522,-11.1634,5.58863,1.3298e-21,2.09576e-19,-9.66987e-20
500,1002,Circle,-10.8003,-37.7746,-13.8722,-1.23208,-0.291374,-1.29
500,1003,Circle,-25.9691,-32.2404,-6.25472,-2.6777,1.95241,1.59823
