Frame,BodyID,Shape,PosX,PosY,Angle,VelX,VelY,AngVel
0,0,Box,0,-2,0,0,0,0
0,1,Box,-24,4.99728,0,0,0,0
0,2,Box,-22.8,4.99728,0,0,0,0
0,3,Box,-21.6,4.99728,0,0,0,0
0,4,Box,-20.4,4.99728,0,0,0,0
0,5,Box,-19.2,4.99728,0,0,0,0
0,6,Box,-18,4.99728,0,0,0,0
0,7,Box,-16.8,4.99728,0,0,0,0
0,8,Box,-15.6,4.99728,0,0,0,0
0,9,Box,-14.4,4.99728,0,0,0,0
0,10,Box,-13.2,4.99728,0,0,0,0
0,11,Box,-12,4.99728,0,0,0,0
0,12,Box,-10.8,4.99728,0,0,0,0
0,13,Box,-9.6,4.99728,0,0,0,0
0,14,Box,-8.4,4.99728,0,0,0,0
0,15,Box,-7.2,4.99728,0,0,0,0
0,16,Box,-6,4.99728,0,0,0,0
0,17,Box,-4.8,4.99728,0,0,0,0
0,18,Box,-3.6,4.99728,0,0,0,0
0,19,Box,-2.4,4.99728,0,0,0,0
0,20,Box,-1.2,4.99728,0,0,0,0
0,21,Box,0,4.99728,0,0,0,0
0,22,Box,1.2,4.99728,0,0,0,0
0,23,Box,2.4,4.99728,0,0,0,0
0,24,Box,3.6,4.99728,0,0,0,0
0,25,Box,4.8,4.99728,0,0,0,0
0,26,Box,6,4.99728,0,0,0,0
0,27,Box,7.2,4.99728,0,0,0,0
0,28,Box,8.4,4.99728,0,0,0,0
0,29,Box,9.6,4.99728,0,0,0,0
0,30,Box,10.8,4.99728,0,0,0,0
0,31,Box,12,4.99728,0,0,0,0
0,32,Box,13.2,4.99728,0,0,0,0
0,33,Box,14.4,4.99728,0,0,0,0
0,34,Box,15.6,4.99728,0,0,0,0
0,35,Box,16.8,4.99728,0,0,0,0
0,36,Box,18,4.99728,0,0,0,0
0,37,Box,19.2,4.99728,0,0,0,0
0,38,Box,20.4,4.99728,0,0,0,0
0,39,Box,21.6,4.99728,0,0,0,0
0,40,Box,22.8,4.99728,0,0,0,0
0,41,Box,-24,6.19728,0,0,0,0
0,42,Box,-22.8,6.19728,0,0,0,0
0,43,Box,-21.6,6.19728,0,0,0,0
0,44,Box,-20.4,6.19728,0,0,0,0
0,45,Box,-19.2,6.19728,0,0,0,0
0,46,Box,-18,6.19728,0,0,0,0
0,47,Box,-16.8,6.19728,0,0,0,0
0,48,Box,-15.6,6.19728,0,0,0,0
0,49,Box,-14.4,6.19728,0,0,0,0
0,50,Box,-13.2,6.19728,0,0,0,0
0,51,Box,-12,6.19728,0,0,0,0
0,52,Box,-10.8,6.19728,0,0,0,0
0,53,Box,-9.6,6.19728,0,0,0,0
0,54,Box,-8.4,6.19728,0,0,0,0
0,55,Box,-7.2,6.19728,0,0,0,0
0,56,Box,-6,6.19728,0,0,0,0
0,57,Box,-4.8,6.19728,0,0,0,0
0,58,Box,-3.6,6.19728,0,0,0,0
0,59,Box,-2.4,6.19728,0,0,0,0
0,60,Box,-1.2,6.19728,0,0,0,0
0,61,Box,0,6.19728,0,0,0,0
0,62,Box,1.2,6.19728,0,0,0,0
0,63,Box,2.4,6.19728,0,0,0,0
0,64,Box,3.6,6.19728,0,0,0,0
0,65,Box,4.8,6.19728,0,0,0,0
0,66,Box,6,6.19728,0,0,0,0
0,67,Box,7.2,6.19728,0,0,0,0
0,68,Box,8.4,6.19728,0,0,0,0
0,69,Box,9.6,6.19728,0,0,0,0
0,70,Box,10.8,6.19728,0,0,0,0
0,71,Box,12,6.19728,0,0,0,0
0,72,Box,13.2,6.19728,0,0,0,0
0,73,Box,14.4,6.19728,0,0,0,0
0,74,Box,15.6,6.19728,0,0,0,0
0,75,Box,16.8,6.19728,0,0,0,0
0,76,Box,18,6.19728,0,0,0,0
0,77,Box,19.2,6.19728,0,0,0,0
0,78,Box,20.4,6.19728,0,0,0,0
0,79,Box,21.6,6.19728,0,0,0,0
0,80,Box,22.8,6.19728,0,0,0,0
0,81,Box,-24,7.39728,0,0,0,0
0,82,Box,-22.8,7.39728,0,0,0,0
0,83,Box,-21.6,7.39728,0,0,0,0
0,84,Box,-20.4,7.39728,0,0,0,0
0,85,Box,-19.2,7.39728,0,0,0,0
0,86,Box,-18,7.39728,0,0,0,0
0,87,Box,-16.8,7.39728,0,0,0,0
0,88,Box,-15.6,7.39728,0,0,0,0
0,89,Box,-14.4,7.39728,0,0,0,0
0,90,Box,-13.2,7.39728,0,0,0,0
0,91,Box,-12,7.39728,0,0,0,0
0,92,Box,-10.8,7.39728,0,0,0,0
0,93,Box,-9.6,7.39728,0,0,0,0
0,94,Box,-8.4,7.39728,0,0,0,0
0,95,Box,-7.2,7.39728,0,0,0,0
0,96,Box,-6,7.39728,0,0,0,0
0,97,Box,-4.8,7.39728,0,0,0,0
0,98,Box,-3.6,7.39728,0,0,0,0
0,99,Box,-2.4,7.39728,0,0,0,0
0,100,Box,-1.2,7.39728,0,0,0,0
0,101,Box,0,7.39728,0,0,0,0
0,102,Box,1.2,7.39728,0,0,0,0
0,103,Box,2.4,7.39728,0,0,0,0
0,104,Box,3.6,7.39728,0,0,0,0
0,105,Box,4.8,7.39728,0,0,0,0
0,106,Box,6,7.39728,0,0,0,0
0,107,Box,7.2,7.39728,0,0,0,0
0,108,Box,8.4,7.39728,0,0,0,0
0,109,Box,9.6,7.39728,0,0,0,0
0,110,Box,10.8,7.39728,0,0,0,0
0,111,Box,12,7.39728,0,0,0,0
0,112,Box,13.2,7.39728,0,0,0,0
0,113,Box,14.4,7.39728,0,0,0,0
0,114,Box,15.6,7.39728,0,0,0,0
0,115,Box,16.8,7.39728,0,0,0,0
0,116,Box,18,7.39728,0,0,0,0
0,117,Box,19.2,7.39728,0,0,0,0
0,118,Box,20.4,7.39728,0,0,0,0
0,119,Box,21.6,7.39728,0,0,0,0
0,120,Box,22.8,7.39728,0,0,0,0
0,121,Box,-24,8.59728,0,0,0,0
0,122,Box,-22.8,8.59728,0,0,0,0
0,123,Box,-21.6,8.59728,0,0,0,0
0,124,Box,-20.4,8.59728,0,0,0,0
0,125,Box,-19.2,8.59728,0,0,0,0
0,126,Box,-18,8.59728,0,0,0,0
0,127,Box,-16.8,8.59728,0,0,0,0
0,128,Box,-15.6,8.59728,0,0,0,0
0,129,Box,-14.4,8.59728,0,0,0,0
0,130,Box,-13.2,8.59728,0,0,0,0
0,131,Box,-12,8.59728,0,0,0,0
0,132,Box,-10.8,8.59728,0,0,0,0
0,133,Box,-9.6,8.59728,0,0,0,0
0,134,Box,-8.4,8.59728,0,0,0,0
0,135,Box,-7.2,8.59728,0,0,0,0
0,136,Box,-6,8.59728,0,0,0,0
0,137,Box,-4.8,8.59728,0,0,0,0
0,138,Box,-3.6,8.59728,0,0,0,0
0,139,Box,-2.4,8.59728,0,0,0,0
0,140,Box,-1.2,8.59728,0,0,0,0
0,141,Box,0,8.59728,0,0,0,0
0,142,Box,1.2,8.59728,0,0,0,0
0,143,Box,2.4,8.59728,0,0,0,0
0,144,Box,3.6,8.59728,0,0,0,0
0,145,Box,4.8,8.59728,0,0,0,0
0,146,Box,6,8.59728,0,0,0,0
0,147,Box,7.2,8.59728,0,0,0,0
0,148,Box,8.4,8.59728,0,0,0,0
0,149,Box,9.6,8.59728,0,0,0,0
0,150,Box,10.8,8.59728,0,0,0,0
0,151,Box,12,8.59728,0,0,0,0
0,152,Box,13.2,8.59728,0,0,0,0
0,153,Box,14.4,8.59728,0,0,0,0
0,154,Box,15.6,8.59728,0,0,0,0
0,155,Box,16.8,8.59728,0,0,0,0
0,156,Box,18,8.59728,0,0,0,0
0,157,Box,19.2,8.59728,0,0,0,0
0,158,Box,20.4,8.59728,0,0,0,0
0,159,Box,21.6,8.59728,0,0,0,0
0,160,Box,22.8,8.59728,0,0,0,0
0,161,Box,-24,9.79728,0,0,0,0
0,162,Box,-22.8,9.79728,0,0,0,0
0,163,Box,-21.6,9.79728,0,0,0,0
0,164,Box,-20.4,9.79728,0,0,0,0
0,165,Box,-19.2,9.79728,0,0,0,0
0,166,Box,-18,9.79728,0,0,0,0
0,167,Box,-16.8,9.79728,0,0,0,0
0,168,Box,-15.6,9.79728,0,0,0,0
0,169,Box,-14.4,9.79728,0,0,0,0
0,170,Box,-13.2,9.79728,0,0,0,0
0,171,Box,-12,9.79728,0,0,0,0
0,172,Box,-10.8,9.79728,0,0,0,0
0,173,Box,-9.6,9.79728,0,0,0,0
0,174,Box,-8.4,9.79728,0,0,0,0
0,175,Box,-7.2,9.79728,0,0,0,0
0,176,Box,-6,9.79728,0,0,0,0
0,177,Box,-4.8,9.79728,0,0,0,0
0,178,Box,-3.6,9.79728,0,0,0,0
0,179,Box,-2.4,9.79728,0,0,0,0
0,180,Box,-1.2,9.79728,0,0,0,0
0,181,Box,0,9.79728,0,0,0,0
0,182,Box,1.2,9.79728,0,0,0,0
0,183,Box,2.4,9.79728,0,0,0,0
0,184,Box,3.6,9.79728,0,0,0,0
0,185,Box,4.8,9.79728,0,0,0,0
0,186,Box,6,9.79728,0,0,0,0
0,187,Box,7.2,9.79728,0,0,0,0
0,188,Box,8.4,9.79728,0,0,0,0
0,189,Box,9.6,9.79728,0,0,0,0
0,190,Box,10.8,9.79728,0,0,0,0
0,191,Box,12,9.79728,0,0,0,0
0,192,Box,13.2,9.79728,0,0,0,0
0,193,Box,14.4,9.79728,0,0,0,0
0,194,Box,15.6,9.79728,0,0,0,0
0,195,Box,16.8,9.79728,0,0,0,0
0,196,Box,18,9.79728,0,0,0,0
0,197,Box,19.2,9.79728,0,0,0,0
0,198,Box,20.4,9.79728,0,0,0,0
0,199,Box,21.6,9.79728,0,0,0,0
0,200,Box,22.8,9.79728,0,0,0,0
0,201,Box,-24,10.9973,0,0,0,0
0,202,Box,-22.8,10.9973,0,0,0,0
0,203,Box,-21.6,10.9973,0,0,0,0
0,204,Box,-20.4,10.9973,0,0,0,0
0,205,Box,-19.2,10.9973,0,0,0,0
0,206,Box,-18,10.9973,0,0,0,0
0,207,Box,-16.8,10.9973,0,0,0,0
0,208,Box,-15.6,10.9973,0,0,0,0
0,209,Box,-14.4,10.9973,0,0,0,0
0,210,Box,-13.2,10.9973,0,0,0,0
0,211,Box,-12,10.9973,0,0,0,0
0,212,Box,-10.8,10.9973,0,0,0,0
0,213,Box,-9.6,10.9973,0,0,0,0
0,214,Box,-8.4,10.9973,0,0,0,0
0,215,Box,-7.2,10.9973,0,0,0,0
0,216,Box,-6,10.9973,0,0,0,0
0,217,Box,-4.8,10.9973,0,0,0,0
0,218,Box,-3.6,10.9973,0,0,0,0
0,219,Box,-2.4,10.9973,0,0,0,0
0,220,Box,-1.2,10.9973,0,0,0,0
0,221,Box,0,10.9973,0,0,0,0
0,222,Box,1.2,10.9973,0,0,0,0
0,223,Box,2.4,10.9973,0,0,0,0
0,224,Box,3.6,10.9973,0,0,0,0
0,225,Box,4.8,10.9973,0,0,0,0
0,226,Box,6,10.9973,0,0,0,0
0,227,Box,7.2,10.9973,0,0,0,0
0,228,Box,8.4,10.9973,0,0,0,0
0,229,Box,9.6,10.9973,0,0,0,0
0,230,Box,10.8,10.9973,0,0,0,0
0,231,Box,12,10.9973,0,0,0,0
0,232,Box,13.2,10.9973,0,0,0,0
0,233,Box,14.4,10.9973,0,0,0,0
0,234,Box,15.6,10.9973,0,0,0,0
0,235,Box,16.8,10.9973,0,0,0,0
0,236,Box,18,10.9973,0,0,0,0
0,237,Box,19.2,10.9973,0,0,0,0
0,238,Box,20.4,10.9973,0,0,0,0
0,239,Box,21.6,10.9973,0,0,0,0
0,240,Box,22.8,10.9973,0,0,0,0
0,241,Box,-24,12.1973,0,0,0,0
0,242,Box,-22.8,12.1973,0,0,0,0
0,243,Box,-21.6,12.1973,0,0,0,0
0,244,Box,-20.4,12.1973,0,0,0,0
0,245,Box,-19.2,12.1973,0,0,0,0
0,246,Box,-18,12.1973,0,0,0,0
0,247,Box,-16.8,12.1973,0,0,0,0
0,248,Box,-15.6,12.1973,0,0,0,0
0,249,Box,-14.4,12.1973,0,0,0,0
0,250,Box,-13.2,12.1973,0,0,0,0
0,251,Box,-12,12.1973,0,0,0,0
0,252,Box,-10.8,12.1973,0,0,0,0
0,253,Box,-9.6,12.1973,0,0,0,0
0,254,Box,-8.4,12.1973,0,0,0,0
0,255,Box,-7.2,12.1973,0,0,0,0
0,256,Box,-6,12.1973,0,0,0,0
0,257,Box,-4.8,12.1973,0,0,0,0
0,258,Box,-3.6,12.1973,0,0,0,0
0,259,Box,-2.4,12.1973,0,0,0,0
0,260,Box,-1.2,12.1973,0,0,0,0
0,261,Box,0,12.1973,0,0,0,0
0,262,Box,1.2,12.1973,0,0,0,0
0,263,Box,2.4,12.1973,0,0,0,0
0,264,Box,3.6,12.1973,0,0,0,0
0,265,Box,4.8,12.1973,0,0,0,0
0,266,Box,6,12.1973,0,0,0,0
0,267,Box,7.2,12.1973,0,0,0,0
0,268,Box,8.4,12.1973,0,0,0,0
0,269,Box,9.6,12.1973,0,0,0,0
0,270,Box,10.8,12.1973,0,0,0,0
0,271,Box,12,12.1973,0,0,0,0
0,272,Box,13.2,12.1973,0,0,0,0
0,273,Box,14.4,12.1973,0,0,0,0
0,274,Box,15.6,12.1973,0,0,0,0
0,275,Box,16.8,12.1973,0,0,0,0
0,276,Box,18,12.1973,0,0,0,0
0,277,Box,19.2,12.1973,0,0,0,0
0,278,Box,20.4,12.1973,0,0,0,0
0,279,Box,21.6,12.1973,0,0,0,0
0,280,Box,22.8,12.1973,0,0,0,0
0,281,Box,-24,13.3973,0,0,0,0
0,282,Box,-22.8,13.3973,0,0,0,0
0,283,Box,-21.6,13.3973,0,0,0,0
0,284,Box,-20.4,13.3973,0,0,0,0
0,285,Box,-19.2,13.3973,0,0,0,0
0,286,Box,-18,13.3973,0,0,0,0
0,287,Box,-16.8,13.3973,0,0,0,0
0,288,Box,-15.6,13.3973,0,0,0,0
0,289,Box,-14.4,13.3973,0,0,0,0
0,290,Box,-13.2,13.3973,0,0,0,0
0,291,Box,-12,13.3973,0,0,0,0
0,292,Box,-10.8,13.3973,0,0,0,0
0,293,Box,-9.6,13.3973,0,0,0,0
0,294,Box,-8.4,13.3973,0,0,0,0
0,295,Box,-7.2,13.3973,0,0,0,0
0,296,Box,-6,13.3973,0,0,0,0
0,297,Box,-4.8,13.3973,0,0,0,0
0,298,Box,-3.6,13.3973,0,0,0,0
0,299,Box,-2.4,13.3973,0,0,0,0
0,300,Box,-1.2,13.3973,0,0,0,0
0,301,Box,0,13.3973,0,0,0,0
0,302,Box,1.2,13.3973,0,0,0,0
0,303,Box,2.4,13.3973,0,0,0,0
0,304,Box,3.6,13.3973,0,0,0,0
0,305,Box,4.8,13.3973,0,0,0,0
0,306,Box,6,13.3973,0,0,0,0
0,307,Box,7.2,13.3973,0,0,0,0
0,308,Box,8.4,13.3973,0,0,0,0
0,309,Box,9.6,13.3973,0,0,0,0
0,310,Box,10.8,13.3973,0,0,0,0
0,311,Box,12,13.3973,0,0,0,0
0,312,Box,13.2,13.3973,0,0,0,0
0,313,Box,14.4,13.3973,0,0,0,0
0,314,Box,15.6,13.3973,0,0,0,0
0,315,Box,16.8,13.3973,0,0,0,0
0,316,Box,18,13.3973,0,0,0,0
0,317,Box,19.2,13.3973,0,0,0,0
0,318,Box,20.4,13.3973,0,0,0,0
0,319,Box,21.6,13.3973,0,0,0,0
0,320,Box,22.8,13.3973,0,0,0,0
0,321,Box,-24,14.5973,0,0,0,0
0,322,Box,-22.8,14.5973,0,0,0,0
0,323,Box,-21.6,14.5973,0,0,0,0
0,324,Box,-20.4,14.5973,0,0,0,0
0,325,Box,-19.2,14.5973,0,0,0,0
0,326,Box,-18,14.5973,0,0,0,0
0,327,Box,-16.8,14.5973,0,0,0,0
0,328,Box,-15.6,14.5973,0,0,0,0
0,329,Box,-14.4,14.5973,0,0,0,0
0,330,Box,-13.2,14.5973,0,0,0,0
0,331,Box,-12,14.5973,0,0,0,0
0,332,Box,-10.8,14.5973,0,0,0,0
0,333,Box,-9.6,14.5973,0,0,0,0
0,334,Box,-8.4,14.5973,0,0,0,0
0,335,Box,-7.2,14.5973,0,0,0,0
0,336,Box,-6,14.5973,0,0,0,0
0,337,Box,-4.8,14.5973,0,0,0,0
0,338,Box,-3.6,14.5973,0,0,0,0
0,339,Box,-2.4,14.5973,0,0,0,0
0,340,Box,-1.2,14.5973,0,0,0,0
0,341,Box,0,14.5973,0,0,0,0
0,342,Box,1.2,14.5973,0,0,0,0
0,343,Box,2.4,14.5973,0,0,0,0
0,344,Box,3.6,14.5973,0,0,0,0
0,345,Box,4.8,14.5973,0,0,0,0
0,346,Box,6,14.5973,0,0,0,0
0,347,Box,7.2,14.5973,0,0,0,0
0,348,Box,8.4,14.5973,0,0,0,0
0,349,Box,9.6,14.5973,0,0,0,0
0,350,Box,10.8,14.5973,0,0,0,0
0,351,Box,12,14.5973,0,0,0,0
0,352,Box,13.2,14.5973,0,0,0,0
0,353,Box,14.4,14.5973,0,0,0,0
0,354,Box,15.6,14.5973,0,0,0,0
0,355,Box,16.8,14.5973,0,0,0,0
0,356,Box,18,14.5973,0,0,0,0
0,357,Box,19.2,14.5973,0,0,0,0
0,358,Box,20.4,14.5973,0,0,0,0
0,359,Box,21.6,14.5973,0,0,0,0
0,360,Box,22.8,14.5973,0,0,0,0
0,361,Box,-24,15.7973,0,0,0,0
0,362,Box,-22.8,15.7973,0,0,0,0
0,363,Box,-21.6,15.7973,0,0,0,0
0,364,Box,-20.4,15.7973,0,0,0,0
0,365,Box,-19.2,15.7973,0,0,0,0
0,366,Box,-18,15.7973,0,0,0,0
0,367,Box,-16.8,15.7973,0,0,0,0
0,368,Box,-15.6,15.7973,0,0,0,0
0,369,Box,-14.4,15.7973,0,0,0,0
0,370,Box,-13.2,15.7973,0,0,0,0
0,371,Box,-12,15.7973,0,0,0,0
0,372,Box,-10.8,15.7973,0,0,0,0
0,373,Box,-9.6,15.7973,0,0,0,0
0,374,Box,-8.4,15.7973,0,0,0,0
0,375,Box,-7.2,15.7973,0,0,0,0
0,376,Box,-6,15.7973,0,0,0,0
0,377,Box,-4.8,15.7973,0,0,0,0
0,378,Box,-3.6,15.7973,0,0,0,0
0,379,Box,-2.4,15.7973,0,0,0,0
0,380,Box,-1.2,15.7973,0,0,0,0
0,381,Box,0,15.7973,0,0,0,0
0,382,Box,1.2,15.7973,0,0,0,0
0,383,Box,2.4,15.7973,0,0,0,0
0,384,Box,3.6,15.7973,0,0,0,0
0,385,Box,4.8,15.7973,0,0,0,0
0,386,Box,6,15.7973,0,0,0,0
0,387,Box,7.2,15.7973,0,0,0,0
0,388,Box,8.4,15.7973,0,0,0,0
0,389,Box,9.6,15.7973,0,0,0,0
0,390,Box,10.8,15.7973,0,0,0,0
0,391,Box,12,15.7973,0,0,0,0
0,392,Box,13.2,15.7973,0,0,0,0
0,393,Box,14.4,15.7973,0,0,0,0
0,394,Box,15.6,15.7973,0,0,0,0
0,395,Box,16.8,15.7973,0,0,0,0
0,396,Box,18,15.7973,0,0,0,0
0,397,Box,19.2,15.7973,0,0,0,0
0,398,Box,20.4,15.7973,0,0,0,0
0,399,Box,21.6,15.7973,0,0,0,0
0,400,Box,22.8,15.7973,0,0,0,0
0,401,Box,-24,16.9973,0,0,0,0
0,402,Box,-22.8,16.9973,0,0,0,0
0,403,Box,-21.6,16.9973,0,0,0,0
0,404,Box,-20.4,16.9973,0,0,0,0
0,405,Box,-19.2,16.9973,0,0,0,0
0,406,Box,-18,16.9973,0,0,0,0
0,407,Box,-16.8,16.9973,0,0,0,0
0,408,Box,-15.6,16.9973,0,0,0,0
0,409,Box,-14.4,16.9973,0,0,0,0
0,410,Box,-13.2,16.9973,0,0,0,0
0,411,Box,-12,16.9973,0,0,0,0
0,412,Box,-10.8,16.9973,0,0,0,0
0,413,Box,-9.6,16.9973,0,0,0,0
0,414,Box,-8.4,16.9973,0,0,0,0
0,415,Box,-7.2,16.9973,0,0,0,0
0,416,Box,-6,16.9973,0,0,0,0
0,417,Box,-4.8,16.9973,0,0,0,0
0,418,Box,-3.6,16.9973,0,0,0,0
0,419,Box,-2.4,16.9973,0,0,0,0
0,420,Box,-1.2,16.9973,0,0,0,0
0,421,Box,0,16.9973,0,0,0,0
0,422,Box,1.2,16.9973,0,0,0,0
0,423,Box,2.4,16.9973,0,0,0,0
0,424,Box,3.6,16.9973,0,0,0,0
0,425,Box,4.8,16.9973,0,0,0,0
0,426,Box,6,16.9973,0,0,0,0
0,427,Box,7.2,16.9973,0,0,0,0
0,428,Box,8.4,16.9973,0,0,0,0
0,429,Box,9.6,16.9973,0,0,0,0
0,430,Box,10.8,16.9973,0,0,0,0
0,431,Box,12,16.9973,0,0,0,0
0,432,Box,13.2,16.9973,0,0,0,0
0,433,Box,14.4,16.9973,0,0,0,0
0,434,Box,15.6,16.9973,0,0,0,0
0,435,Box,16.8,16.9973,0,0,0,0
0,436,Box,18,16.9973,0,0,0,0
0,437,Box,19.2,16.9973,0,0,0,0
0,438,Box,20.4,16.9973,0,0,0,0
0,439,Box,21.6,16.9973,0,0,0,0
0,440,Box,22.8,16.9973,0,0,0,0
0,441,Box,-24,18.1973,0,0,0,0
0,442,Box,-22.8,18.1973,0,0,0,0
0,443,Box,-21.6,18.1973,0,0,0,0
0,444,Box,-20.4,18.1973,0,0,0,0
0,445,Box,-19.2,18.1973,0,0,0,0
0,446,Box,-18,18.1973,0,0,0,0
0,447,Box,-16.8,18.1973,0,0,0,0
0,448,Box,-15.6,18.1973,0,0,0,0
0,449,Box,-14.4,18.1973,0,0,0,0
0,450,Box,-13.2,18.1973,0,0,0,0
0,451,Box,-12,18.1973,0,0,0,0
0,452,Box,-10.8,18.1973,0,0,0,0
0,453,Box,-9.6,18.1973,0,0,0,0
0,454,Box,-8.4,18.1973,0,0,0,0
0,455,Box,-7.2,18.1973,0,0,0,0
0,456,Box,-6,18.1973,0,0,0,0
0,457,Box,-4.8,18.1973,0,0,0,0
0,458,Box,-3.6,18.1973,0,0,0,0
0,459,Box,-2.4,18.1973,0,0,0,0
0,460,Box,-1.2,18.1973,0,0,0,0
0,461,Box,0,18.1973,0,0,0,0
0,462,Box,1.2,18.1973,0,0,0,0
0,463,Box,2.4,18.1973,0,0,0,0
0,464,Box,3.6,18.1973,0,0,0,0
0,465,Box,4.8,18.1973,0,0,0,0
0,466,Box,6,18.1973,0,0,0,0
0,467,Box,7.2,18.1973,0,0,0,0
0,468,Box,8.4,18.1973,0,0,0,0
0,469,Box,9.6,18.1973,0,0,0,0
0,470,Box,10.8,18.1973,0,0,0,0
0,471,Box,12,18.1973,0,0,0,0
0,472,Box,13.2,18.1973,0,0,0,0
0,473,Box,14.4,18.1973,0,0,0,0
0,474,Box,15.6,18.1973,0,0,0,0
0,475,Box,16.8,18.1973,0,0,0,0
0,476,Box,18,18.1973,0,0,0,0
0,477,Box,19.2,18.1973,0,0,0,0
0,478,Box,20.4,18.1973,0,0,0,0
0,479,Box,21.6,18.1973,0,0,0,0
0,480,Box,22.8,18.1973,0,0,0,0
0,481,Box,-24,19.3973,0,0,0,0
0,482,Box,-22.8,19.3973,0,0,0,0
0,483,Box,-21.6,19.3973,0,0,0,0
0,484,Box,-20.4,19.3973,0,0,0,0
0,485,Box,-19.2,19.3973,0,0,0,0
0,486,Box,-18,19.3973,0,0,0,0
0,487,Box,-16.8,19.3973,0,0,0,0
0,488,Box,-15.6,19.3973,0,0,0,0
0,489,Box,-14.4,19.3973,0,0,0,0
0,490,Box,-13.2,19.3973,0,0,0,0
0,491,Box,-12,19.3973,0,0,0,0
0,492,Box,-10.8,19.3973,0,0,0,0
0,493,Box,-9.6,19.3973,0,0,0,0
0,494,Box,-8.4,19.3973,0,0,0,0
0,495,Box,-7.2,19.3973,0,0,0,0
0,496,Box,-6,19.3973,0,0,0,0
0,497,Box,-4.8,19.3973,0,0,0,0
0,498,Box,-3.6,19.3973,0,0,0,0
0,499,Box,-2.4,19.3973,0,0,0,0
0,500,Box,-1.2,19.3973,0,0,0,0
0,501,Box,0,19.3973,0,0,0,0
0,502,Box,1.2,19.3973,0,0,0,0
0,503,Box,2.4,19.3973,0,0,0,0
0,504,Box,3.6,19.3973,0,0,0,0
0,505,Box,4.8,19.3973,0,0,0,0
0,506,Box,6,19.3973,0,0,0,0
0,507,Box,7.2,19.3973,0,0,0,0
0,508,Box,8.4,19.3973,0,0,0,0
0,509,Box,9.6,19.3973,0,0,0,0
0,510,Box,10.8,19.3973,0,0,0,0
0,511,Box,12,19.3973,0,0,0,0
0,512,Box,13.2,19.3973,0,0,0,0
0,513,Box,14.4,19.3973,0,0,0,0
0,514,Box,15.6,19.3973,0,0,0,0
0,515,Box,16.8,19.3973,0,0,0,0
0,516,Box,18,19.3973,0,0,0,0
0,517,Box,19.2,19.3973,0,0,0,0
0,518,Box,20.4,19.3973,0,0,0,0
0,519,Box,21.6,19.3973,0,0,0,0
0,520,Box,22.8,19.3973,0,0,0,0
0,521,Box,-24,20.5973,0,0,0,0
0,522,Box,-22.8,20.5973,0,0,0,0
0,523,Box,-21.6,20.5973,0,0,0,0
0,524,Box,-20.4,20.5973,0,0,0,0
0,525,Box,-19.2,20.5973,0,0,0,0
0,526,Box,-18,20.5973,0,0,0,0
0,527,Box,-16.8,20.5973,0,0,0,0
0,528,Box,-15.6,20.5973,0,0,0,0
0,529,Box,-14.4,20.5973,0,0,0,0
0,530,Box,-13.2,20.5973,0,0,0,0
0,531,Box,-12,20.5973,0,0,0,0
0,532,Box,-10.8,20.5973,0,0,0,0
0,533,Box,-9.6,20.5973,0,0,0,0
0,534,Box,-8.4,20.5973,0,0,0,0
0,535,Box,-7.2,20.5973,0,0,0,0
0,536,Box,-6,20.5973,0,0,0,0
0,537,Box,-4.8,20.5973,0,0,0,0
0,538,Box,-3.6,20.5973,0,0,0,0
0,539,Box,-2.4,20.5973,0,0,0,0
0,540,Box,-1.2,20.5973,0,0,0,0
0,541,Box,0,20.5973,0,0,0,0
0,542,Box,1.2,20.5973,0,0,0,0
0,543,Box,2.4,20.5973,0,0,0,0
0,544,Box,3.6,20.5973,0,0,0,0
0,545,Box,4.8,20.5973,0,0,0,0
0,546,Box,6,20.5973,0,0,0,0
0,547,Box,7.2,20.5973,0,0,0,0
0,548,Box,8.4,20.5973,0,0,0,0
0,549,Box,9.6,20.5973,0,0,0,0
0,550,Box,10.8,20.5973,0,0,0,0
0,551,Box,12,20.5973,0,0,0,0
0,552,Box,13.2,20.5973,0,0,0,0
0,553,Box,14.4,20.5973,0,0,0,0
0,554,Box,15.6,20.5973,0,0,0,0
0,555,Box,16.8,20.5973,0,0,0,0
0,556,Box,18,20.5973,0,0,0,0
0,557,Box,19.2,20.5973,0,0,0,0
0,558,Box,20.4,20.5973,0,0,0,0
0,559,Box,21.6,20.5973,0,0,0,0
0,560,Box,22.8,20.5973,0,0,0,0
0,561,Box,-24,21.7973,0,0,0,0
0,562,Box,-22.8,21.7973,0,0,0,0
0,563,Box,-21.6,21.7973,0,0,0,0
0,564,Box,-20.4,21.7973,0,0,0,0
0,565,Box,-19.2,21.7973,0,0,0,0
0,566,Box,-18,21.7973,0,0,0,0
0,567,Box,-16.8,21.7973,0,0,0,0
0,568,Box,-15.6,21.7973,0,0,0,0
0,569,Box,-14.4,21.7973,0,0,0,0
0,570,Box,-13.2,21.7973,0,0,0,0
0,571,Box,-12,21.7973,0,0,0,0
0,572,Box,-10.8,21.7973,0,0,0,0
0,573,Box,-9.6,21.7973,0,0,0,0
0,574,Box,-8.4,21.7973,0,0,0,0
0,575,Box,-7.2,21.7973,0,0,0,0
0,576,Box,-6,21.7973,0,0,0,0
0,577,Box,-4.8,21.7973,0,0,0,0
0,578,Box,-3.6,21.7973,0,0,0,0
0,579,Box,-2.4,21.7973,0,0,0,0
0,580,Box,-1.2,21.7973,0,0,0,0
0,581,Box,0,21.7973,0,0,0,0
0,582,Box,1.2,21.7973,0,0,0,0
0,583,Box,2.4,21.7973,0,0,0,0
0,584,Box,3.6,21.7973,0,0,0,0
0,585,Box,4.8,21.7973,0,0,0,0
0,586,Box,6,21.7973,0,0,0,0
0,587,Box,7.2,21.7973,0,0,0,0
0,588,Box,8.4,21.7973,0,0,0,0
0,589,Box,9.6,21.7973,0,0,0,0
0,590,Box,10.8,21.7973,0,0,0,0
0,591,Box,12,21.7973,0,0,0,0
0,592,Box,13.2,21.7973,0,0,0,0
0,593,Box,14.4,21.7973,0,0,0,0
0,594,Box,15.6,21.7973,0,0,0,0
0,595,Box,16.8,21.7973,0,0,0,0
0,596,Box,18,21.7973,0,0,0,0
0,597,Box,19.2,21.7973,0,0,0,0
0,598,Box,20.4,21.7973,0,0,0,0
0,599,Box,21.6,21.7973,0,0,0,0
0,600,Box,22.8,21.7973,0,0,0,0
0,601,Box,-24,22.9973,0,0,0,0
0,602,Box,-22.8,22.9973,0,0,0,0
0,603,Box,-21.6,22.9973,0,0,0,0
0,604,Box,-20.4,22.9973,0,0,0,0
0,605,Box,-19.2,22.9973,0,0,0,0
0,606,Box,-18,22.9973,0,0,0,0
0,607,Box,-16.8,22.9973,0,0,0,0
0,608,Box,-15.6,22.9973,0,0,0,0
0,609,Box,-14.4,22.9973,0,0,0,0
0,610,Box,-13.2,22.9973,0,0,0,0
0,611,Box,-12,22.9973,0,0,0,0
0,612,Box,-10.8,22.9973,0,0,0,0
0,613,Box,-9.6,22.9973,0,0,0,0
0,614,Box,-8.4,22.9973,0,0,0,0
0,615,Box,-7.2,22.9973,0,0,0,0
0,616,Box,-6,22.9973,0,0,0,0
0,617,Box,-4.8,22.9973,0,0,0,0
0,618,Box,-3.6,22.9973,0,0,0,0
0,619,Box,-2.4,22.9973,0,0,0,0
0,620,Box,-1.2,22.9973,0,0,0,0
0,621,Box,0,22.9973,0,0,0,0
0,622,Box,1.2,22.9973,0,0,0,0
0,623,Box,2.4,22.9973,0,0,0,0
0,624,Box,3.6,22.9973,0,0,0,0
0,625,Box,4.8,22.9973,0,0,0,0
0,626,Box,6,22.9973,0,0,0,0
0,627,Box,7.2,22.9973,0,0,0,0
0,628,Box,8.4,22.9973,0,0,0,0
0,629,Box,9.6,22.9973,0,0,0,0
0,630,Box,10.8,22.9973,0,0,0,0
0,631,Box,12,22.9973,0,0,0,0
0,632,Box,13.2,22.9973,0,0,0,0
0,633,Box,14.4,22.9973,0,0,0,0
0,634,Box,15.6,22.9973,0,0,0,0
0,635,Box,16.8,22.9973,0,0,0,0
0,636,Box,18,22.9973,0,0,0,0
0,637,Box,19.2,22.9973,0,0,0,0
0,638,Box,20.4,22.9973,0,0,0,0
0,639,Box,21.6,22.9973,0,0,0,0
0,640,Box,22.8,22.9973,0,0,0,0
0,641,Box,-24,24.1973,0,0,0,0
0,642,Box,-22.8,24.1973,0,0,0,0
0,643,Box,-21.6,24.1973,0,0,0,0
0,644,Box,-20.4,24.1973,0,0,0,0
0,645,Box,-19.2,24.1973,0,0,0,0
0,646,Box,-18,24.1973,0,0,0,0
0,647,Box,-16.8,24.1973,0,0,0,0
0,648,Box,-15.6,24.1973,0,0,0,0
0,649,Box,-14.4,24.1973,0,0,0,0
0,650,Box,-13.2,24.1973,0,0,0,0
0,651,Box,-12,24.1973,0,0,0,0
0,652,Box,-10.8,24.1973,0,0,0,0
0,653,Box,-9.6,24.1973,0,0,0,0
0,654,Box,-8.4,24.1973,0,0,0,0
0,655,Box,-7.2,24.1973,0,0,0,0
0,656,Box,-6,24.1973,0,0,0,0
0,657,Box,-4.8,24.1973,0,0,0,0
0,658,Box,-3.6,24.1973,0,0,0,0
0,659,Box,-2.4,24.1973,0,0,0,0
0,660,Box,-1.2,24.1973,0,0,0,0
0,661,Box,0,24.1973,0,0,0,0
0,662,Box,1.2,24.1973,0,0,0,0
0,663,Box,2.4,24.1973,0,0,0,0
0,664,Box,3.6,24.1973,0,0,0,0
0,665,Box,4.8,24.1973,0,0,0,0
0,666,Box,6,24.1973,0,0,0,0
0,667,Box,7.2,24.1973,0,0,0,0
0,668,Box,8.4,24.1973,0,0,0,0
0,669,Box,9.6,24.1973,0,0,0,0
0,670,Box,10.8,24.1973,0,0,0,0
0,671,Box,12,24.1973,0,0,0,0
0,672,Box,13.2,24.1973,0,0,0,0
0,673,Box,14.4,24.1973,0,0,0,0
0,674,Box,15.6,24.1973,0,0,0,0
0,675,Box,16.8,24.1973,0,0,0,0
0,676,Box,18,24.1973,0,0,0,0
0,677,Box,19.2,24.1973,0,0,0,0
0,678,Box,20.4,24.1973,0,0,0,0
0,679,Box,21.6,24.1973,0,0,0,0
0,680,Box,22.8,24.1973,0,0,0,0
0,681,Box,-24,25.3973,0,0,0,0
0,682,Box,-22.8,25.3973,0,0,0,0
0,683,Box,-21.6,25.3973,0,0,0,0
0,684,Box,-20.4,25.3973,0,0,0,0
0,685,Box,-19.2,25.3973,0,0,0,0
0,686,Box,-18,25.3973,0,0,0,0
0,687,Box,-16.8,25.3973,0,0,0,0
0,688,Box,-15.6,25.3973,0,0,0,0
0,689,Box,-14.4,25.3973,0,0,0,0
0,690,Box,-13.2,25.3973,0,0,0,0
0,691,Box,-12,25.3973,0,0,0,0
0,692,Box,-10.8,25.3973,0,0,0,0
0,693,Box,-9.6,25.3973,0,0,0,0
0,694,Box,-8.4,25.3973,0,0,0,0
0,695,Box,-7.2,25.3973,0,0,0,0
0,696,Box,-6,25.3973,0,0,0,0
0,697,Box,-4.8,25.3973,0,0,0,0
0,698,Box,-3.6,25.3973,0,0,0,0
0,699,Box,-2.4,25.3973,0,0,0,0
0,700,Box,-1.2,25.3973,0,0,0,0
0,701,Box,0,25.3973,0,0,0,0
0,702,Box,1.2,25.3973,0,0,0,0
0,703,Box,2.4,25.3973,0,0,0,0
0,704,Box,3.6,25.3973,0,0,0,0
0,705,Box,4.8,25.3973,0,0,0,0
0,706,Box,6,25.3973,0,0,0,0
0,707,Box,7.2,25.3973,0,0,0,0
0,708,Box,8.4,25.3973,0,0,0,0
0,709,Box,9.6,25.3973,0,0,0,0
0,710,Box,10.8,25.3973,0,0,0,0
0,711,Box,12,25.3973,0,0,0,0
0,712,Box,13.2,25.3973,0,0,0,0
0,713,Box,14.4,25.3973,0,0,0,0
0,714,Box,15.6,25.3973,0,0,0,0
0,715,Box,16.8,25.3973,0,0,0,0
0,716,Box,18,25.3973,0,0,0,0
0,717,Box,19.2,25.3973,0,0,0,0
0,718,Box,20.4,25.3973,0,0,0,0
0,719,Box,21.6,25.3973,0,0,0,0
0,720,Box,22.8,25.3973,0,0,0,0
0,721,Box,-24,26.5973,0,0,0,0
0,722,Box,-22.8,26.5973,0,0,0,0
0,723,Box,-21.6,26.5973,0,0,0,0
0,724,Box,-20.4,26.5973,0,0,0,0
0,725,Box,-19.2,26.5973,0,0,0,0
0,726,Box,-18,26.5973,0,0,0,0
0,727,Box,-16.8,26.5973,0,0,0,0
0,728,Box,-15.6,26.5973,0,0,0,0
0,729,Box,-14.4,26.5973,0,0,0,0
0,730,Box,-13.2,26.5973,0,0,0,0
0,731,Box,-12,26.5973,0,0,0,0
0,732,Box,-10.8,26.5973,0,0,0,0
0,733,Box,-9.6,26.5973,0,0,0,0
0,734,Box,-8.4,26.5973,0,0,0,0
0,735,Box,-7.2,26.5973,0,0,0,0
0,736,Box,-6,26.5973,0,0,0,0
0,737,Box,-4.8,26.5973,0,0,0,0
0,738,Box,-3.6,26.5973,0,0,0,0
0,739,Box,-2.4,26.5973,0,0,0,0
0,740,Box,-1.2,26.5973,0,0,0,0
0,741,Box,0,26.5973,0,0,0,0
0,742,Box,1.2,26.5973,0,0,0,0
0,743,Box,2.4,26.5973,0,0,0,0
0,744,Box,3.6,26.5973,0,0,0,0
0,745,Box,4.8,26.5973,0,0,0,0
0,746,Box,6,26.5973,0,0,0,0
0,747,Box,7.2,26.5973,0,0,0,0
0,748,Box,8.4,26.5973,0,0,0,0
0,749,Box,9.6,26.5973,0,0,0,0
0,750,Box,10.8,26.5973,0,0,0,0
0,751,Box,12,26.5973,0,0,0,0
0,752,Box,13.2,26.5973,0,0,0,0
0,753,Box,14.4,26.5973,0,0,0,0
0,754,Box,15.6,26.5973,0,0,0,0
0,755,Box,16.8,26.5973,0,0,0,0
0,756,Box,18,26.5973,0,0,0,0
0,757,Box,19.2,26.5973,0,0,0,0
0,758,Box,20.4,26.5973,0,0,0,0
0,759,Box,21.6,26.5973,0,0,0,0
0,760,Box,22.8,26.5973,0,0,0,0
0,761,Box,-24,27.7973,0,0,0,0
0,762,Box,-22.8,27.7973,0,0,0,0
0,763,Box,-21.6,27.7973,0,0,0,0
0,764,Box,-20.4,27.7973,0,0,0,0
0,765,Box,-19.2,27.7973,0,0,0,0
0,766,Box,-18,27.7973,0,0,0,0
0,767,Box,-16.8,27.7973,0,0,0,0
0,768,Box,-15.6,27.7973,0,0,0,0
0,769,Box,-14.4,27.7973,0,0,0,0
0,770,Box,-13.2,27.7973,0,0,0,0
0,771,Box,-12,27.7973,0,0,0,0
0,772,Box,-10.8,27.7973,0,0,0,0
0,773,Box,-9.6,27.7973,0,0,0,0
0,774,Box,-8.4,27.7973,0,0,0,0
0,775,Box,-7.2,27.7973,0,0,0,0
0,776,Box,-6,27.7973,0,0,0,0
0,777,Box,-4.8,27.7973,0,0,0,0
0,778,Box,-3.6,27.7973,0,0,0,0
0,779,Box,-2.4,27.7973,0,0,0,0
0,780,Box,-1.2,27.7973,0,0,0,0
0,781,Box,0,27.7973,0,0,0,0
0,782,Box,1.2,27.7973,0,0,0,0
0,783,Box,2.4,27.7973,0,0,0,0
0,784,Box,3.6,27.7973,0,0,0,0
0,785,Box,4.8,27.7973,0,0,0,0
0,786,Box,6,27.7973,0,0,0,0
0,787,Box,7.2,27.7973,0,0,0,0
0,788,Box,8.4,27.7973,0,0,0,0
0,789,Box,9.6,27.7973,0,0,0,0
0,790,Box,10.8,27.7973,0,0,0,0
0,791,Box,12,27.7973,0,0,0,0
0,792,Box,13.2,27.7973,0,0,0,0
0,793,Box,14.4,27.7973,0,0,0,0
0,794,Box,15.6,27.7973,0,0,0,0
0,795,Box,16.8,27.7973,0,0,0,0
0,796,Box,18,27.7973,0,0,0,0
0,797,Box,19.2,27.7973,0,0,0,0
0,798,Box,20.4,27.7973,0,0,0,0
0,799,Box,21.6,27.7973,0,0,0,0
0,800,Box,22.8,27.7973,0,0,0,0
0,801,Box,-24,28.9973,0,0,0,0
0,802,Box,-22.8,28.9973,0,0,0,0
0,803,Box,-21.6,28.9973,0,0,0,0
0,804,Box,-20.4,28.9973,0,0,0,0
0,805,Box,-19.2,28.9973,0,0,0,0
0,806,Box,-18,28.9973,0,0,0,0
0,807,Box,-16.8,28.9973,0,0,0,0
0,808,Box,-15.6,28.9973,0,0,0,0
0,809,Box,-14.4,28.9973,0,0,0,0
0,810,Box,-13.2,28.9973,0,0,0,0
0,811,Box,-12,28.9973,0,0,0,0
0,812,Box,-10.8,28.9973,0,0,0,0
0,813,Box,-9.6,28.9973,0,0,0,0
0,814,Box,-8.4,28.9973,0,0,0,0
0,815,Box,-7.2,28.9973,0,0,0,0
0,816,Box,-6,28.9973,0,0,0,0
0,817,Box,-4.8,28.9973,0,0,0,0
0,818,Box,-3.6,28.9973,0,0,0,0
0,819,Box,-2.4,28.9973,0,0,0,0
0,820,Box,-1.2,28.9973,0,0,0,0
0,821,Box,0,28.9973,0,0,0,0
0,822,Box,1.2,28.9973,0,0,0,0
0,823,Box,2.4,28.9973,0,0,0,0
0,824,Box,3.6,28.9973,0,0,0,0
0,825,Box,4.8,28.9973,0,0,0,0
0,826,Box,6,28.9973,0,0,0,0
0,827,Box,7.2,28.9973,0,0,0,0
0,828,Box,8.4,28.9973,0,0,0,0
0,829,Box,9.6,28.9973,0,0,0,0
0,830,Box,10.8,28.9973,0,0,0,0
0,831,Box,12,28.9973,0,0,0,0
0,832,Box,13.2,28.9973,0,0,0,0
0,833,Box,14.4,28.9973,0,0,0,0
0,834,Box,15.6,28.9973,0,0,0,0
0,835,Box,16.8,28.9973,0,0,0,0
0,836,Box,18,28.9973,0,0,0,0
0,837,Box,19.2,28.9973,0,0,0,0
0,838,Box,20.4,28.9973,0,0,0,0
0,839,Box,21.6,28.9973,0,0,0,0
0,840,Box,22.8,28.9973,0,0,0,0
0,841,Box,-24,30.1973,0,0,0,0
0,842,Box,-22.8,30.1973,0,0,0,0
0,843,Box,-21.6,30.1973,0,0,0,0
0,844,Box,-20.4,30.1973,0,0,0,0
0,845,Box,-19.2,30.1973,0,0,0,0
0,846,Box,-18,30.1973,0,0,0,0
0,847,Box,-16.8,30.1973,0,0,0,0
0,848,Box,-15.6,30.1973,0,0,0,0
0,849,Box,-14.4,30.1973,0,0,0,0
0,850,Box,-13.2,30.1973,0,0,0,0
0,851,Box,-12,30.1973,0,0,0,0
0,852,Box,-10.8,30.1973,0,0,0,0
0,853,Box,-9.6,30.1973,0,0,0,0
0,854,Box,-8.4,30.1973,0,0,0,0
0,855,Box,-7.2,30.1973,0,0,0,0
0,856,Box,-6,30.1973,0,0,0,0
0,857,Box,-4.8,30.1973,0,0,0,0
0,858,Box,-3.6,30.1973,0,0,0,0
0,859,Box,-2.4,30.1973,0,0,0,0
0,860,Box,-1.2,30.1973,0,0,0,0
0,861,Box,0,30.1973,0,0,0,0
0,862,Box,1.2,30.1973,0,0,0,0
0,863,Box,2.4,30.1973,0,0,0,0
0,864,Box,3.6,30.1973,0,0,0,0
0,865,Box,4.8,30.1973,0,0,0,0
0,866,Box,6,30.1973,0,0,0,0
0,867,Box,7.2,30.1973,0,0,0,0
0,868,Box,8.4,30.1973,0,0,0,0
0,869,Box,9.6,30.1973,0,0,0,0
0,870,Box,10.8,30.1973,0,0,0,0
0,871,Box,12,30.1973,0,0,0,0
0,872,Box,13.2,30.1973,0,0,0,0
0,873,Box,14.4,30.1973,0,0,0,0
0,874,Box,15.6,30.1973,0,0,0,0
0,875,Box,16.8,30.1973,0,0,0,0
0,876,Box,18,30.1973,0,0,0,0
0,877,Box,19.2,30.1973,0,0,0,0
0,878,Box,20.4,30.1973,0,0,0,0
0,879,Box,21.6,30.1973,0,0,0,0
0,880,Box,22.8,30.1973,0,0,0,0
0,881,Box,-24,31.3973,0,0,0,0
0,882,Box,-22.8,31.3973,0,0,0,0
0,883,Box,-21.6,31.3973,0,0,0,0
0,884,Box,-20.4,31.3973,0,0,0,0
0,885,Box,-19.2,31.3973,0,0,0,0
0,886,Box,-18,31.3973,0,0,0,0
0,887,Box,-16.8,31.3973,0,0,0,0
0,888,Box,-15.6,31.3973,0,0,0,0
0,889,Box,-14.4,31.3973,0,0,0,0
0,890,Box,-13.2,31.3973,0,0,0,0
0,891,Box,-12,31.3973,0,0,0,0
0,892,Box,-10.8,31.3973,0,0,0,0
0,893,Box,-9.6,31.3973,0,0,0,0
0,894,Box,-8.4,31.3973,0,0,0,0
0,895,Box,-7.2,31.3973,0,0,0,0
0,896,Box,-6,31.3973,0,0,0,0
0,897,Box,-4.8,31.3973,0,0,0,0
0,898,Box,-3.6,31.3973,0,0,0,0
0,899,Box,-2.4,31.3973,0,0,0,0
0,900,Box,-1.2,31.3973,0,0,0,0
0,901,Box,0,31.3973,0,0,0,0
0,902,Box,1.2,31.3973,0,0,0,0
0,903,Box,2.4,31.3973,0,0,0,0
0,904,Box,3.6,31.3973,0,0,0,0
0,905,Box,4.8,31.3973,0,0,0,0
0,906,Box,6,31.3973,0,0,0,0
0,907,Box,7.2,31.3973,0,0,0,0
0,908,Box,8.4,31.3973,0,0,0,0
0,909,Box,9.6,31.3973,0,0,0,0
0,910,Box,10.8,31.3973,0,0,0,0
0,911,Box,12,31.3973,0,0,0,0
0,912,Box,13.2,31.3973,0,0,0,0
0,913,Box,14.4,31.3973,0,0,0,0
0,914,Box,15.6,31.3973,0,0,0,0
0,915,Box,16.8,31.3973,0,0,0,0
0,916,Box,18,31.3973,0,0,0,0
0,917,Box,19.2,31.3973,0,0,0,0
0,918,Box,20.4,31.3973,0,0,0,0
0,919,Box,21.6,31.3973,0,0,0,0
0,920,Box,22.8,31.3973,0,0,0,0
0,921,Box,-24,32.5973,0,0,0,0
0,922,Box,-22.8,32.5973,0,0,0,0
0,923,Box,-21.6,32.5973,0,0,0,0
0,924,Box,-20.4,32.5973,0,0,0,0
0,925,Box,-19.2,32.5973,0,0,0,0
0,926,Box,-18,32.5973,0,0,0,0
0,927,Box,-16.8,32.5973,0,0,0,0
0,928,Box,-15.6,32.5973,0,0,0,0
0,929,Box,-14.4,32.5973,0,0,0,0
0,930,Box,-13.2,32.5973,0,0,0,0
0,931,Box,-12,32.5973,0,0,0,0
0,932,Box,-10.8,32.5973,0,0,0,0
0,933,Box,-9.6,32.5973,0,0,0,0
0,934,Box,-8.4,32.5973,0,0,0,0
0,935,Box,-7.2,32.5973,0,0,0,0
0,936,Box,-6,32.5973,0,0,0,0
0,937,Box,-4.8,32.5973,0,0,0,0
0,938,Box,-3.6,32.5973,0,0,0,0
0,939,Box,-2.4,32.5973,0,0,0,0
0,940,Box,-1.2,32.5973,0,0,0,0
0,941,Box,0,32.5973,0,0,0,0
0,942,Box,1.2,32.5973,0,0,0,0
0,943,Box,2.4,32.5973,0,0,0,0
0,944,Box,3.6,32.5973,0,0,0,0
0,945,Box,4.8,32.5973,0,0,0,0
0,946,Box,6,32.5973,0,0,0,0
0,947,Box,7.2,32.5973,0,0,0,0
0,948,Box,8.4,32.5973,0,0,0,0
0,949,Box,9.6,32.5973,0,0,0,0
0,950,Box,10.8,32.5973,0,0,0,0
0,951,Box,12,32.5973,0,0,0,0
0,952,Box,13.2,32.5973,0,0,0,0
0,953,Box,14.4,32.5973,0,0,0,0
0,954,Box,15.6,32.5973,0,0,0,0
0,955,Box,16.8,32.5973,0,0,0,0
0,956,Box,18,32.5973,0,0,0,0
0,957,Box,19.2,32.5973,0,0,0,0
0,958,Box,20.4,32.5973,0,0,0,0
0,959,Box,21.6,32.5973,0,0,0,0
0,960,Box,22.8,32.5973,0,0,0,0
0,961,Box,-24,33.7973,0,0,0,0
0,962,Box,-22.8,33.7973,0,0,0,0
0,963,Box,-21.6,33.7973,0,0,0,0
0,964,Box,-20.4,33.7973,0,0,0,0
0,965,Box,-19.2,33.7973,0,0,0,0
0,966,Box,-18,33.7973,0,0,0,0
0,967,Box,-16.8,33.7973,0,0,0,0
0,968,Box,-15.6,33.7973,0,0,0,0
0,969,Box,-14.4,33.7973,0,0,0,0
0,970,Box,-13.2,33.7973,0,0,0,0
0,971,Box,-12,33.7973,0,0,0,0
0,972,Box,-10.8,33.7973,0,0,0,0
0,973,Box,-9.6,33.7973,0,0,0,0
0,974,Box,-8.4,33.7973,0,0,0,0
0,975,Box,-7.2,33.7973,0,0,0,0
0,976,Box,-6,33.7973,0,0,0,0
0,977,Box,-4.8,33.7973,0,0,0,0
0,978,Box,-3.6,33.7973,0,0,0,0
0,979,Box,-2.4,33.7973,0,0,0,0
0,980,Box,-1.2,33.7973,0,0,0,0
0,981,Box,0,33.7973,0,0,0,0
0,982,Box,1.2,33.7973,0,0,0,0
0,983,Box,2.4,33.7973,0,0,0,0
0,984,Box,3.6,33.7973,0,0,0,0
0,985,Box,4.8,33.7973,0,0,0,0
0,986,Box,6,33.7973,0,0,0,0
0,987,Box,7.2,33.7973,0,0,0,0
0,988,Box,8.4,33.7973,0,0,0,0
0,989,Box,9.6,33.7973,0,0,0,0
0,990,Box,10.8,33.7973,0,0,0,0
0,991,Box,12,33.7973,0,0,0,0
0,992,Box,13.2,33.7973,0,0,0,0
0,993,Box,14.4,33.7973,0,0,0,0
0,994,Box,15.6,33.7973,0,0,0,0
0,995,Box,16.8,33.7973,0,0,0,0
0,996,Box,18,33.7973,0,0,0,0
0,997,Box,19.2,33.7973,0,0,0,0
0,998,Box,20.4,33.7973,0,0,0,0
0,999,Box,21.6,33.7973,0,0,0,0
0,1000,Box,22.8,33.7973,0,0,0,0
0,1001,Box,-24,34.9973,0,0,0,0
0,1002,Box,-22.8,34.9973,0,0,0,0
0,1003,Box,-21.6,34.9973,0,0,0,0
0,1004,Box,-20.4,34.9973,0,0,0,0
0,1005,Box,-19.2,34.9973,0,0,0,0
0,1006,Box,-18,34.9973,0,0,0,0
0,1007,Box,-16.8,34.9973,0,0,0,0
0,1008,Box,-15.6,34.9973,0,0,0,0
0,1009,Box,-14.4,34.9973,0,0,0,0
0,1010,Box,-13.2,34.9973,0,0,0,0
0,1011,Box,-12,34.9973,0,0,0,0
0,1012,Box,-10.8,34.9973,0,0,0,0
0,1013,Box,-9.6,34.9973,0,0,0,0
0,1014,Box,-8.4,34.9973,0,0,0,0
0,1015,Box,-7.2,34.9973,0,0,0,0
0,1016,Box,-6,34.9973,0,0,0,0
0,1017,Box,-4.8,34.9973,0,0,0,0
0,1018,Box,-3.6,34.9973,0,0,0,0
0,1019,Box,-2.4,34.9973,0,0,0,0
0,1020,Box,-1.2,34.9973,0,0,0,0
0,1021,Box,0,34.9973,0,0,0,0
0,1022,Box,1.2,34.9973,0,0,0,0
0,1023,Box,2.4,34.9973,0,0,0,0
0,1024,Box,3.6,34.9973,0,0,0,0
0,1025,Box,4.8,34.9973,0,0,0,0
0,1026,Box,6,34.9973,0,0,0,0
0,1027,Box,7.2,34.9973,0,0,0,0
0,1028,Box,8.4,34.9973,0,0,0,0
0,1029,Box,9.6,34.9973,0,0,0,0
0,1030,Box,10.8,34.9973,0,0,0,0
0,1031,Box,12,34.9973,0,0,0,0
0,1032,Box,13.2,34.9973,0,0,0,0
0,1033,Box,14.4,34.9973,0,0,0,0
0,1034,Box,15.6,34.9973,0,0,0,0
0,1035,Box,16.8,34.9973,0,0,0,0
0,1036,Box,18,34.9973,0,0,0,0
0,1037,Box,19.2,34.9973,0,0,0,0
0,1038,Box,20.4,34.9973,0,0,0,0
0,1039,Box,21.6,34.9973,0,0,0,0
0,1040,Box,22.8,34.9973,0,0,0,0
0,1041,Box,-24,36.1973,0,0,0,0
0,1042,Box,-22.8,36.1973,0,0,0,0
0,1043,Box,-21.6,36.1973,0,0,0,0
0,1044,Box,-20.4,36.1973,0,0,0,0
0,1045,Box,-19.2,36.1973,0,0,0,0
0,1046,Box,-18,36.1973,0,0,0,0
0,1047,Box,-16.8,36.1973,0,0,0,0
0,1048,Box,-15.6,36.1973,0,0,0,0
0,1049,Box,-14.4,36.1973,0,0,0,0
0,1050,Box,-13.2,36.1973,0,0,0,0
0,1051,Box,-12,36.1973,0,0,0,0
0,1052,Box,-10.8,36.1973,0,0,0,0
0,1053,Box,-9.6,36.1973,0,0,0,0
0,1054,Box,-8.4,36.1973,0,0,0,0
0,1055,Box,-7.2,36.1973,0,0,0,0
0,1056,Box,-6,36.1973,0,0,0,0
0,1057,Box,-4.8,36.1973,0,0,0,0
0,1058,Box,-3.6,36.1973,0,0,0,0
0,1059,Box,-2.4,36.1973,0,0,0,0
0,1060,Box,-1.2,36.1973,0,0,0,0
0,1061,Box,0,36.1973,0,0,0,0
0,1062,Box,1.2,36.1973,0,0,0,0
0,1063,Box,2.4,36.1973,0,0,0,0
0,1064,Box,3.6,36.1973,0,0,0,0
0,1065,Box,4.8,36.1973,0,0,0,0
0,1066,Box,6,36.1973,0,0,0,0
0,1067,Box,7.2,36.1973,0,0,0,0
0,1068,Box,8.4,36.1973,0,0,0,0
0,1069,Box,9.6,36.1973,0,0,0,0
0,1070,Box,10.8,36.1973,0,0,0,0
0,1071,Box,12,36.1973,0,0,0,0
0,1072,Box,13.2,36.1973,0,0,0,0
0,1073,Box,14.4,36.1973,0,0,0,0
0,1074,Box,15.6,36.1973,0,0,0,0
0,1075,Box,16.8,36.1973,0,0,0,0
0,1076,Box,18,36.1973,0,0,0,0
0,1077,Box,19.2,36.1973,0,0,0,0
0,1078,Box,20.4,36.1973,0,0,0,0
0,1079,Box,21.6,36.1973,0,0,0,0
0,1080,Box,22.8,36.1973,0,0,0,0
0,1081,Box,-24,37.3973,0,0,0,0
0,1082,Box,-22.8,37.3973,0,0,0,0
0,1083,Box,-21.6,37.3973,0,0,0,0
0,1084,Box,-20.4,37.3973,0,0,0,0
0,1085,Box,-19.2,37.3973,0,0,0,0
0,1086,Box,-18,37.3973,0,0,0,0
0,1087,Box,-16.8,37.3973,0,0,0,0
0,1088,Box,-15.6,37.3973,0,0,0,0
0,1089,Box,-14.4,37.3973,0,0,0,0
0,1090,Box,-13.2,37.3973,0,0,0,0
0,1091,Box,-12,37.3973,0,0,0,0
0,1092,Box,-10.8,37.3973,0,0,0,0
0,1093,Box,-9.6,37.3973,0,0,0,0
0,1094,Box,-8.4,37.3973,0,0,0,0
0,1095,Box,-7.2,37.3973,0,0,0,0
0,1096,Box,-6,37.3973,0,0,0,0
0,1097,Box,-4.8,37.3973,0,0,0,0
0,1098,Box,-3.6,37.3973,0,0,0,0
0,1099,Box,-2.4,37.3973,0,0,0,0
0,1100,Box,-1.2,37.3973,0,0,0,0
0,1101,Box,0,37.3973,0,0,0,0
0,1102,Box,1.2,37.3973,0,0,0,0
0,1103,Box,2.4,37.3973,0,0,0,0
0,1104,Box,3.6,37.3973,0,0,0,0
0,1105,Box,4.8,37.3973,0,0,0,0
0,1106,Box,6,37.3973,0,0,0,0
0,1107,Box,7.2,37.3973,0,0,0,0
0,1108,Box,8.4,37.3973,0,0,0,0
0,1109,Box,9.6,37.3973,0,0,0,0
0,1110,Box,10.8,37.3973,0,0,0,0
0,1111,Box,12,37.3973,0,0,0,0
0,1112,Box,13.2,37.3973,0,0,0,0
0,1113,Box,14.4,37.3973,0,0,0,0
0,1114,Box,15.6,37.3973,0,0,0,0
0,1115,Box,16.8,37.3973,0,0,0,0
0,1116,Box,18,37.3973,0,0,0,0
0,1117,Box,19.2,37.3973,0,0,0,0
0,1118,Box,20.4,37.3973,0,0,0,0
0,1119,Box,21.6,37.3973,0,0,0,0
0,1120,Box,22.8,37.3973,0,0,0,0
0,1121,Box,-24,38.5973,0,0,0,0
0,1122,Box,-22.8,38.5973,0,0,0,0
0,1123,Box,-21.6,38.5973,0,0,0,0
0,1124,Box,-20.4,38.5973,0,0,0,0
0,1125,Box,-19.2,38.5973,0,0,0,0
0,1126,Box,-18,38.5973,0,0,0,0
0,1127,Box,-16.8,38.5973,0,0,0,0
0,1128,Box,-15.6,38.5973,0,0,0,0
0,1129,Box,-14.4,38.5973,0,0,0,0
0,1130,Box,-13.2,38.5973,0,0,0,0
0,1131,Box,-12,38.5973,0,0,0,0
0,1132,Box,-10.8,38.5973,0,0,0,0
0,1133,Box,-9.6,38.5973,0,0,0,0
0,1134,Box,-8.4,38.5973,0,0,0,0
0,1135,Box,-7.2,38.5973,0,0,0,0
0,1136,Box,-6,38.5973,0,0,0,0
0,1137,Box,-4.8,38.5973,0,0,0,0
0,1138,Box,-3.6,38.5973,0,0,0,0
0,1139,Box,-2.4,38.5973,0,0,0,0
0,1140,Box,-1.2,38.5973,0,0,0,0
0,1141,Box,0,38.5973,0,0,0,0
0,1142,Box,1.2,38.5973,0,0,0,0
0,1143,Box,2.4,38.5973,0,0,0,0
0,1144,Box,3.6,38.5973,0,0,0,0
0,1145,Box,4.8,38.5973,0,0,0,0
0,1146,Box,6,38.5973,0,0,0,0
0,1147,Box,7.2,38.5973,0,0,0,0
0,1148,Box,8.4,38.5973,0,0,0,0
0,1149,Box,9.6,38.5973,0,0,0,0
0,1150,Box,10.8,38.5973,0,0,0,0
0,1151,Box,12,38.5973,0,0,0,0
0,1152,Box,13.2,38.5973,0,0,0,0
0,1153,Box,14.4,38.5973,0,0,0,0
0,1154,Box,15.6,38.5973,0,0,0,0
0,1155,Box,16.8,38.5973,0,0,0,0
0,1156,Box,18,38.5973,0,0,0,0
0,1157,Box,19.2,38.5973,0,0,0,0
0,1158,Box,20.4,38.5973,0,0,0,0
0,1159,Box,21.6,38.5973,0,0,0,0
0,1160,Box,22.8,38.5973,0,0,0,0
0,1161,Box,-24,39.7973,0,0,0,0
0,1162,Box,-22.8,39.7973,0,0,0,0
0,1163,Box,-21.6,39.7973,0,0,0,0
0,1164,Box,-20.4,39.7973,0,0,0,0
0,1165,Box,-19.2,39.7973,0,0,0,0
0,1166,Box,-18,39.7973,0,0,0,0
0,1167,Box,-16.8,39.7973,0,0,0,0
0,1168,Box,-15.6,39.7973,0,0,0,0
0,1169,Box,-14.4,39.7973,0,0,0,0
0,1170,Box,-13.2,39.7973,0,0,0,0
0,1171,Box,-12,39.7973,0,0,0,0
0,1172,Box,-10.8,39.7973,0,0,0,0
0,1173,Box,-9.6,39.7973,0,0,0,0
0,1174,Box,-8.4,39.7973,0,0,0,0
0,1175,Box,-7.2,39.7973,0,0,0,0
0,1176,Box,-6,39.7973,0,0,0,0
0,1177,Box,-4.8,39.7973,0,0,0,0
0,1178,Box,-3.6,39.7973,0,0,0,0
0,1179,Box,-2.4,39.7973,0,0,0,0
0,1180,Box,-1.2,39.7973,0,0,0,0
0,1181,Box,0,39.7973,0,0,0,0
0,1182,Box,1.2,39.7973,0,0,0,0
0,1183,Box,2.4,39.7973,0,0,0,0
0,1184,Box,3.6,39.7973,0,0,0,0
0,1185,Box,4.8,39.7973,0,0,0,0
0,1186,Box,6,39.7973,0,0,0,0
0,1187,Box,7.2,39.7973,0,0,0,0
0,1188,Box,8.4,39.7973,0,0,0,0
0,1189,Box,9.6,39.7973,0,0,0,0
0,1190,Box,10.8,39.7973,0,0,0,0
0,1191,Box,12,39.7973,0,0,0,0
0,1192,Box,13.2,39.7973,0,0,0,0
0,1193,Box,14.4,39.7973,0,0,0,0
0,1194,Box,15.6,39.7973,0,0,0,0
0,1195,Box,16.8,39.7973,0,0,0,0
0,1196,Box,18,39.7973,0,0,0,0
0,1197,Box,19.2,39.7973,0,0,0,0
0,1198,Box,20.4,39.7973,0,0,0,0
0,1199,Box,21.6,39.7973,0,0,0,0
0,1200,Box,22.8,39.7973,0,0,0,0
0,1201,Box,-24,40.9973,0,0,0,0
0,1202,Box,-22.8,40.9973,0,0,0,0
0,1203,Box,-21.6,40.9973,0,0,0,0
0,1204,Box,-20.4,40.9973,0,0,0,0
0,1205,Box,-19.2,40.9973,0,0,0,0
0,1206,Box,-18,40.9973,0,0,0,0
0,1207,Box,-16.8,40.9973,0,0,0,0
0,1208,Box,-15.6,40.9973,0,0,0,0
0,1209,Box,-14.4,40.9973,0,0,0,0
0,1210,Box,-13.2,40.9973,0,0,0,0
0,1211,Box,-12,40.9973,0,0,0,0
0,1212,Box,-10.8,40.9973,0,0,0,0
0,1213,Box,-9.6,40.9973,0,0,0,0
0,1214,Box,-8.4,40.9973,0,0,0,0
0,1215,Box,-7.2,40.9973,0,0,0,0
0,1216,Box,-6,40.9973,0,0,0,0
0,1217,Box,-4.8,40.9973,0,0,0,0
0,1218,Box,-3.6,40.9973,0,0,0,0
0,1219,Box,-2.4,40.9973,0,0,0,0
0,1220,Box,-1.2,40.9973,0,0,0,0
0,1221,Box,0,40.9973,0,0,0,0
0,1222,Box,1.2,40.9973,0,0,0,0
0,1223,Box,2.4,40.9973,0,0,0,0
0,1224,Box,3.6,40.9973,0,0,0,0
0,1225,Box,4.8,40.9973,0,0,0,0
0,1226,Box,6,40.9973,0,0,0,0
0,1227,Box,7.2,40.9973,0,0,0,0
0,1228,Box,8.4,40.9973,0,0,0,0
0,1229,Box,9.6,40.9973,0,0,0,0
0,1230,Box,10.8,40.9973,0,0,0,0
0,1231,Box,12,40.9973,0,0,0,0
0,1232,Box,13.2,40.9973,0,0,0,0
0,1233,Box,14.4,40.9973,0,0,0,0
0,1234,Box,15.6,40.9973,0,0,0,0
0,1235,Box,16.8,40.9973,0,0,0,0
0,1236,Box,18,40.9973,0,0,0,0
0,1237,Box,19.2,40.9973,0,0,0,0
0,1238,Box,20.4,40.9973,0,0,0,0
0,1239,Box,21.6,40.9973,0,0,0,0
0,1240,Box,22.8,40.9973,0,0,0,0
0,1241,Box,-24,42.1973,0,0,0,0
0,1242,Box,-22.8,42.1973,0,0,0,0
0,1243,Box,-21.6,42.1973,0,0,0,0
0,1244,Box,-20.4,42.1973,0,0,0,0
0,1245,Box,-19.2,42.1973,0,0,0,0
0,1246,Box,-18,42.1973,0,0,0,0
0,1247,Box,-16.8,42.1973,0,0,0,0
0,1248,Box,-15.6,42.1973,0,0,0,0
0,1249,Box,-14.4,42.1973,0,0,0,0
0,1250,Box,-13.2,42.1973,0,0,0,0
0,1251,Box,-12,42.1973,0,0,0,0
0,1252,Box,-10.8,42.1973,0,0,0,0
0,1253,Box,-9.6,42.1973,0,0,0,0
0,1254,Box,-8.4,42.1973,0,0,0,0
0,1255,Box,-7.2,42.1973,0,0,0,0
0,1256,Box,-6,42.1973,0,0,0,0
0,1257,Box,-4.8,42.1973,0,0,0,0
0,1258,Box,-3.6,42.1973,0,0,0,0
0,1259,Box,-2.4,42.1973,0,0,0,0
0,1260,Box,-1.2,42.1973,0,0,0,0
0,1261,Box,0,42.1973,0,0,0,0
0,1262,Box,1.2,42.1973,0,0,0,0
0,1263,Box,2.4,42.1973,0,0,0,0
0,1264,Box,3.6,42.1973,0,0,0,0
0,1265,Box,4.8,42.1973,0,0,0,0
0,1266,Box,6,42.1973,0,0,0,0
0,1267,Box,7.2,42.1973,0,0,0,0
0,1268,Box,8.4,42.1973,0,0,0,0
0,1269,Box,9.6,42.1973,0,0,0,0
0,1270,Box,10.8,42.1973,0,0,0,0
0,1271,Box,12,42.1973,0,0,0,0
0,1272,Box,13.2,42.1973,0,0,0,0
0,1273,Box,14.4,42.1973,0,0,0,0
0,1274,Box,15.6,42.1973,0,0,0,0
0,1275,Box,16.8,42.1973,0,0,0,0
0,1276,Box,18,42.1973,0,0,0,0
0,1277,Box,19.2,42.1973,0,0,0,0
0,1278,Box,20.4,42.1973,0,0,0,0
0,1279,Box,21.6,42.1973,0,0,0,0
0,1280,Box,22.8,42.1973,0,0,0,0
0,1281,Box,-24,43.3973,0,0,0,0
0,1282,Box,-22.8,43.3973,0,0,0,0
0,1283,Box,-21.6,43.3973,0,0,0,0
0,1284,Box,-20.4,43.3973,0,0,0,0
0,1285,Box,-19.2,43.3973,0,0,0,0
0,1286,Box,-18,43.3973,0,0,0,0
0,1287,Box,-16.8,43.3973,0,0,0,0
0,1288,Box,-15.6,43.3973,0,0,0,0
0,1289,Box,-14.4,43.3973,0,0,0,0
0,1290,Box,-13.2,43.3973,0,0,0,0
0,1291,Box,-12,43.3973,0,0,0,0
0,1292,Box,-10.8,43.3973,0,0,0,0
0,1293,Box,-9.6,43.3973,0,0,0,0
0,1294,Box,-8.4,43.3973,0,0,0,0
0,1295,Box,-7.2,43.3973,0,0,0,0
0,1296,Box,-6,43.3973,0,0,0,0
0,1297,Box,-4.8,43.3973,0,0,0,0
0,1298,Box,-3.6,43.3973,0,0,0,0
0,1299,Box,-2.4,43.3973,0,0,0,0
0,1300,Box,-1.2,43.3973,0,0,0,0
0,1301,Box,0,43.3973,0,0,0,0
0,1302,Box,1.2,43.3973,0,0,0,0
0,1303,Box,2.4,43.3973,0,0,0,0
0,1304,Box,3.6,43.3973,0,0,0,0
0,1305,Box,4.8,43.3973,0,0,0,0
0,1306,Box,6,43.3973,0,0,0,0
0,1307,Box,7.2,43.3973,0,0,0,0
0,1308,Box,8.4,43.3973,0,0,0,0
0,1309,Box,9.6,43.3973,0,0,0,0
0,1310,Box,10.8,43.3973,0,0,0,0
0,1311,Box,12,43.3973,0,0,0,0
0,1312,Box,13.2,43.3973,0,0,0,0
0,1313,Box,14.4,43.3973,0,0,0,0
0,1314,Box,15.6,43.3973,0,0,0,0
0,1315,Box,16.8,43.3973,0,0,0,0
0,1316,Box,18,43.3973,0,0,0,0
0,1317,Box,19.2,43.3973,0,0,0,0
0,1318,Box,20.4,43.3973,0,0,0,0
0,1319,Box,21.6,43.3973,0,0,0,0
0,1320,Box,22.8,43.3973,0,0,0,0
0,1321,Box,-24,44.5973,0,0,0,0
0,1322,Box,-22.8,44.5973,0,0,0,0
0,1323,Box,-21.6,44.5973,0,0,0,0
0,1324,Box,-20.4,44.5973,0,0,0,0
0,1325,Box,-19.2,44.5973,0,0,0,0
0,1326,Box,-18,44.5973,0,0,0,0
0,1327,Box,-16.8,44.5973,0,0,0,0
0,1328,Box,-15.6,44.5973,0,0,0,0
0,1329,Box,-14.4,44.5973,0,0,0,0
0,1330,Box,-13.2,44.5973,0,0,0,0
0,1331,Box,-12,44.5973,0,0,0,0
0,1332,Box,-10.8,44.5973,0,0,0,0
0,1333,Box,-9.6,44.5973,0,0,0,0
0,1334,Box,-8.4,44.5973,0,0,0,0
0,1335,Box,-7.2,44.5973,0,0,0,0
0,1336,Box,-6,44.5973,0,0,0,0
0,1337,Box,-4.8,44.5973,0,0,0,0
0,1338,Box,-3.6,44.5973,0,0,0,0
0,1339,Box,-2.4,44.5973,0,0,0,0
0,1340,Box,-1.2,44.5973,0,0,0,0
0,1341,Box,0,44.5973,0,0,0,0
0,1342,Box,1.2,44.5973,0,0,0,0
0,1343,Box,2.4,44.5973,0,0,0,0
0,1344,Box,3.6,44.5973,0,0,0,0
0,1345,Box,4.8,44.5973,0,0,0,0
0,1346,Box,6,44.5973,0,0,0,0
0,1347,Box,7.2,44.5973,0,0,0,0
0,1348,Box,8.4,44.5973,0,0,0,0
0,1349,Box,9.6,44.5973,0,0,0,0
0,1350,Box,10.8,44.5973,0,0,0,0
0,1351,Box,12,44.5973,0,0,0,0
0,1352,Box,13.2,44.5973,0,0,0,0
0,1353,Box,14.4,44.5973,0,0,0,0
0,1354,Box,15.6,44.5973,0,0,0,0
0,1355,Box,16.8,44.5973,0,0,0,0
0,1356,Box,18,44.5973,0,0,0,0
0,1357,Box,19.2,44.5973,0,0,0,0
0,1358,Box,20.4,44.5973,0,0,0,0
0,1359,Box,21.6,44.5973,0,0,0,0
0,1360,Box,22.8,44.5973,0,0,0,0
0,1361,Box,-24,45.7973,0,0,0,0
0,1362,Box,-22.8,45.7973,0,0,0,0
0,1363,Box,-21.6,45.7973,0,0,0,0
0,1364,Box,-20.4,45.7973,0,0,0,0
0,1365,Box,-19.2,45.7973,0,0,0,0
0,1366,Box,-18,45.7973,0,0,0,0
0,1367,Box,-16.8,45.7973,0,0,0,0
0,1368,Box,-15.6,45.7973,0,0,0,0
0,1369,Box,-14.4,45.7973,0,0,0,0
0,1370,Box,-13.2,45.7973,0,0,0,0
0,1371,Box,-12,45.7973,0,0,0,0
0,1372,Box,-10.8,45.7973,0,0,0,0
0,1373,Box,-9.6,45.7973,0,0,0,0
0,1374,Box,-8.4,45.7973,0,0,0,0
0,1375,Box,-7.2,45.7973,0,0,0,0
0,1376,Box,-6,45.7973,0,0,0,0
0,1377,Box,-4.8,45.7973,0,0,0,0
0,1378,Box,-3.6,45.7973,0,0,0,0
0,1379,Box,-2.4,45.7973,0,0,0,0
0,1380,Box,-1.2,45.7973,0,0,0,0
0,1381,Box,0,45.7973,0,0,0,0
0,1382,Box,1.2,45.7973,0,0,0,0
0,1383,Box,2.4,45.7973,0,0,0,0
0,1384,Box,3.6,45.7973,0,0,0,0
0,1385,Box,4.8,45.7973,0,0,0,0
0,1386,Box,6,45.7973,0,0,0,0
0,1387,Box,7.2,45.7973,0,0,0,0
0,1388,Box,8.4,45.7973,0,0,0,0
0,1389,Box,9.6,45.7973,0,0,0,0
0,1390,Box,10.8,45.7973,0,0,0,0
0,1391,Box,12,45.7973,0,0,0,0
0,1392,Box,13.2,45.7973,0,0,0,0
0,1393,Box,14.4,45.7973,0,0,0,0
0,1394,Box,15.6,45.7973,0,0,0,0
0,1395,Box,16.8,45.7973,0,0,0,0
0,1396,Box,18,45.7973,0,0,0,0
0,1397,Box,19.2,45.7973,0,0,0,0
0,1398,Box,20.4,45.7973,0,0,0,0
0,1399,Box,21.6,45.7973,0,0,0,0
0,1400,Box,22.8,45.7973,0,0,0,0
0,1401,Box,-24,46.9973,0,0,0,0
0,1402,Box,-22.8,46.9973,0,0,0,0
0,1403,Box,-21.6,46.9973,0,0,0,0
0,1404,Box,-20.4,46.9973,0,0,0,0
0,1405,Box,-19.2,46.9973,0,0,0,0
0,1406,Box,-18,46.9973,0,0,0,0
0,1407,Box,-16.8,46.9973,0,0,0,0
0,1408,Box,-15.6,46.9973,0,0,0,0
0,1409,Box,-14.4,46.9973,0,0,0,0
0,1410,Box,-13.2,46.9973,0,0,0,0
0,1411,Box,-12,46.9973,0,0,0,0
0,1412,Box,-10.8,46.9973,0,0,0,0
0,1413,Box,-9.6,46.9973,0,0,0,0
0,1414,Box,-8.4,46.9973,0,0,0,0
0,1415,Box,-7.2,46.9973,0,0,0,0
0,1416,Box,-6,46.9973,0,0,0,0
0,1417,Box,-4.8,46.9973,0,0,0,0
0,1418,Box,-3.6,46.9973,0,0,0,0
0,1419,Box,-2.4,46.9973,0,0,0,0
0,1420,Box,-1.2,46.9973,0,0,0,0
0,1421,Box,0,46.9973,0,0,0,0
0,1422,Box,1.2,46.9973,0,0,0,0
0,1423,Box,2.4,46.9973,0,0,0,0
0,1424,Box,3.6,46.9973,0,0,0,0
0,1425,Box,4.8,46.9973,0,0,0,0
0,1426,Box,6,46.9973,0,0,0,0
0,1427,Box,7.2,46.9973,0,0,0,0
0,1428,Box,8.4,46.9973,0,0,0,0
0,1429,Box,9.6,46.9973,0,0,0,0
0,1430,Box,10.8,46.9973,0,0,0,0
0,1431,Box,12,46.9973,0,0,0,0
0,1432,Box,13.2,46.9973,0,0,0,0
0,1433,Box,14.4,46.9973,0,0,0,0
0,1434,Box,15.6,46.9973,0,0,0,0
0,1435,Box,16.8,46.9973,0,0,0,0
0,1436,Box,18,46.9973,0,0,0,0
0,1437,Box,19.2,46.9973,0,0,0,0
0,1438,Box,20.4,46.9973,0,0,0,0
0,1439,Box,21.6,46.9973,0,0,0,0
0,1440,Box,22.8,46.9973,0,0,0,0
0,1441,Box,-24,48.1973,0,0,0,0
0,1442,Box,-22.8,48.1973,0,0,0,0
0,1443,Box,-21.6,48.1973,0,0,0,0
0,1444,Box,-20.4,48.1973,0,0,0,0
0,1445,Box,-19.2,48.1973,0,0,0,0
0,1446,Box,-18,48.1973,0,0,0,0
0,1447,Box,-16.8,48.1973,0,0,0,0
0,1448,Box,-15.6,48.1973,0,0,0,0
0,1449,Box,-14.4,48.1973,0,0,0,0
0,1450,Box,-13.2,48.1973,0,0,0,0
0,1451,Box,-12,48.1973,0,0,0,0
0,1452,Box,-10.8,48.1973,0,0,0,0
0,1453,Box,-9.6,48.1973,0,0,0,0
0,1454,Box,-8.4,48.1973,0,0,0,0
0,1455,Box,-7.2,48.1973,0,0,0,0
0,1456,Box,-6,48.1973,0,0,0,0
0,1457,Box,-4.8,48.1973,0,0,0,0
0,1458,Box,-3.6,48.1973,0,0,0,0
0,1459,Box,-2.4,48.1973,0,0,0,0
0,1460,Box,-1.2,48.1973,0,0,0,0
0,1461,Box,0,48.1973,0,0,0,0
0,1462,Box,1.2,48.1973,0,0,0,0
0,1463,Box,2.4,48.1973,0,0,0,0
0,1464,Box,3.6,48.1973,0,0,0,0
0,1465,Box,4.8,48.1973,0,0,0,0
0,1466,Box,6,48.1973,0,0,0,0
0,1467,Box,7.2,48.1973,0,0,0,0
0,1468,Box,8.4,48.1973,0,0,0,0
0,1469,Box,9.6,48.1973,0,0,0,0
0,1470,Box,10.8,48.1973,0,0,0,0
0,1471,Box,12,48.1973,0,0,0,0
0,1472,Box,13.2,48.1973,0,0,0,0
0,1473,Box,14.4,48.1973,0,0,0,0
0,1474,Box,15.6,48.1973,0,0,0,0
0,1475,Box,16.8,48.1973,0,0,0,0
0,1476,Box,18,48.1973,0,0,0,0
0,1477,Box,19.2,48.1973,0,0,0,0
0,1478,Box,20.4,48.1973,0,0,0,0
0,1479,Box,21.6,48.1973,0,0,0,0
0,1480,Box,22.8,48.1973,0,0,0,0
0,1481,Box,-24,49.3973,0,0,0,0
0,1482,Box,-22.8,49.3973,0,0,0,0
0,1483,Box,-21.6,49.3973,0,0,0,0
0,1484,Box,-20.4,49.3973,0,0,0,0
0,1485,Box,-19.2,49.3973,0,0,0,0
0,1486,Box,-18,49.3973,0,0,0,0
0,1487,Box,-16.8,49.3973,0,0,0,0
0,1488,Box,-15.6,49.3973,0,0,0,0
0,1489,Box,-14.4,49.3973,0,0,0,0
0,1490,Box,-13.2,49.3973,0,0,0,0
0,1491,Box,-12,49.3973,0,0,0,0
0,1492,Box,-10.8,49.3973,0,0,0,0
0,1493,Box,-9.6,49.3973,0,0,0,0
0,1494,Box,-8.4,49.3973,0,0,0,0
0,1495,Box,-7.2,49.3973,0,0,0,0
0,1496,Box,-6,49.3973,0,0,0,0
0,1497,Box,-4.8,49.3973,0,0,0,0
0,1498,Box,-3.6,49.3973,0,0,0,0
0,1499,Box,-2.4,49.3973,0,0,0,0
0,1500,Box,-1.2,49.3973,0,0,0,0
0,1501,Box,0,49.3973,0,0,0,0
0,1502,Box,1.2,49.3973,0,0,0,0
0,1503,Box,2.4,49.3973,0,0,0,0
0,1504,Box,3.6,49.3973,0,0,0,0
0,1505,Box,4.8,49.3973,0,0,0,0
0,1506,Box,6,49.3973,0,0,0,0
0,1507,Box,7.2,49.3973,0,0,0,0
0,1508,Box,8.4,49.3973,0,0,0,0
0,1509,Box,9.6,49.3973,0,0,0,0
0,1510,Box,10.8,49.3973,0,0,0,0
0,1511,Box,12,49.3973,0,0,0,0
0,1512,Box,13.2,49.3973,0,0,0,0
0,1513,Box,14.4,49.3973,0,0,0,0
0,1514,Box,15.6,49.3973,0,0,0,0
0,1515,Box,16.8,49.3973,0,0,0,0
0,1516,Box,18,49.3973,0,0,0,0
0,1517,Box,19.2,49.3973,0,0,0,0
0,1518,Box,20.4,49.3973,0,0,0,0
0,1519,Box,21.6,49.3973,0,0,0,0
0,1520,Box,22.8,49.3973,0,0,0,0
0,1521,Box,-24,50.5973,0,0,0,0
0,1522,Box,-22.8,50.5973,0,0,0,0
0,1523,Box,-21.6,50.5973,0,0,0,0
0,1524,Box,-20.4,50.5973,0,0,0,0
0,1525,Box,-19.2,50.5973,0,0,0,0
0,1526,Box,-18,50.5973,0,0,0,0
0,1527,Box,-16.8,50.5973,0,0,0,0
0,1528,Box,-15.6,50.5973,0,0,0,0
0,1529,Box,-14.4,50.5973,0,0,0,0
0,1530,Box,-13.2,50.5973,0,0,0,0
0,1531,Box,-12,50.5973,0,0,0,0
0,1532,Box,-10.8,50.5973,0,0,0,0
0,1533,Box,-9.6,50.5973,0,0,0,0
0,1534,Box,-8.4,50.5973,0,0,0,0
0,1535,Box,-7.2,50.5973,0,0,0,0
0,1536,Box,-6,50.5973,0,0,0,0
0,1537,Box,-4.8,50.5973,0,0,0,0
0,1538,Box,-3.6,50.5973,0,0,0,0
0,1539,Box,-2.4,50.5973,0,0,0,0
0,1540,Box,-1.2,50.5973,0,0,0,0
0,1541,Box,0,50.5973,0,0,0,0
0,1542,Box,1.2,50.5973,0,0,0,0
0,1543,Box,2.4,50.5973,0,0,0,0
0,1544,Box,3.6,50.5973,0,0,0,0
0,1545,Box,4.8,50.5973,0,0,0,0
0,1546,Box,6,50.5973,0,0,0,0
0,1547,Box,7.2,50.5973,0,0,0,0
0,1548,Box,8.4,50.5973,0,0,0,0
0,1549,Box,9.6,50.5973,0,0,0,0
0,1550,Box,10.8,50.5973,0,0,0,0
0,1551,Box,12,50.5973,0,0,0,0
0,1552,Box,13.2,50.5973,0,0,0,0
0,1553,Box,14.4,50.5973,0,0,0,0
0,1554,Box,15.6,50.5973,0,0,0,0
0,1555,Box,16.8,50.5973,0,0,0,0
0,1556,Box,18,50.5973,0,0,0,0
0,1557,Box,19.2,50.5973,0,0,0,0
0,1558,Box,20.4,50.5973,0,0,0,0
0,1559,Box,21.6,50.5973,0,0,0,0
0,1560,Box,22.8,50.5973,0,0,0,0
0,1561,Box,-24,51.7973,0,0,0,0
0,1562,Box,-22.8,51.7973,0,0,0,0
0,1563,Box,-21.6,51.7973,0,0,0,0
0,1564,Box,-20.4,51.7973,0,0,0,0
0,1565,Box,-19.2,51.7973,0,0,0,0
0,1566,Box,-18,51.7973,0,0,0,0
0,1567,Box,-16.8,51.7973,0,0,0,0
0,1568,Box,-15.6,51.7973,0,0,0,0
0,1569,Box,-14.4,51.7973,0,0,0,0
0,1570,Box,-13.2,51.7973,0,0,0,0
0,1571,Box,-12,51.7973,0,0,0,0
0,1572,Box,-10.8,51.7973,0,0,0,0
0,1573,Box,-9.6,51.7973,0,0,0,0
0,1574,Box,-8.4,51.7973,0,0,0,0
0,1575,Box,-7.2,51.7973,0,0,0,0
0,1576,Box,-6,51.7973,0,0,0,0
0,1577,Box,-4.8,51.7973,0,0,0,0
0,1578,Box,-3.6,51.7973,0,0,0,0
0,1579,Box,-2.4,51.7973,0,0,0,0
0,1580,Box,-1.2,51.7973,0,0,0,0
0,1581,Box,0,51.7973,0,0,0,0
0,1582,Box,1.2,51.7973,0,0,0,0
0,1583,Box,2.4,51.7973,0,0,0,0
0,1584,Box,3.6,51.7973,0,0,0,0
0,1585,Box,4.8,51.7973,0,0,0,0
0,1586,Box,6,51.7973,0,0,0,0
0,1587,Box,7.2,51.7973,0,0,0,0
0,1588,Box,8.4,51.7973,0,0,0,0
0,1589,Box,9.6,51.7973,0,0,0,0
0,1590,Box,10.8,51.7973,0,0,0,0
0,1591,Box,12,51.7973,0,0,0,0
0,1592,Box,13.2,51.7973,0,0,0,0
0,1593,Box,14.4,51.7973,0,0,0,0
0,1594,Box,15.6,51.7973,0,0,0,0
0,1595,Box,16.8,51.7973,0,0,0,0
0,1596,Box,18,51.7973,0,0,0,0
0,1597,Box,19.2,51.7973,0,0,0,0
0,1598,Box,20.4,51.7973,0,0,0,0
0,1599,Box,21.6,51.7973,0,0,0,0
0,1600,Box,22.8,51.7973,0,0,0,0
0,1601,Box,-24,52.9973,0,0,0,0
0,1602,Box,-22.8,52.9973,0,0,0,0
0,1603,Box,-21.6,52.9973,0,0,0,0
0,1604,Box,-20.4,52.9973,0,0,0,0
0,1605,Box,-19.2,52.9973,0,0,0,0
0,1606,Box,-18,52.9973,0,0,0,0
0,1607,Box,-16.8,52.9973,0,0,0,0
0,1608,Box,-15.6,52.9973,0,0,0,0
0,1609,Box,-14.4,52.9973,0,0,0,0
0,1610,Box,-13.2,52.9973,0,0,0,0
0,1611,Box,-12,52.9973,0,0,0,0
0,1612,Box,-10.8,52.9973,0,0,0,0
0,1613,Box,-9.6,52.9973,0,0,0,0
0,1614,Box,-8.4,52.9973,0,0,0,0
0,1615,Box,-7.2,52.9973,0,0,0,0
0,1616,Box,-6,52.9973,0,0,0,0
0,1617,Box,-4.8,52.9973,0,0,0,0
0,1618,Box,-3.6,52.9973,0,0,0,0
0,1619,Box,-2.4,52.9973,0,0,0,0
0,1620,Box,-1.2,52.9973,0,0,0,0
0,1621,Box,0,52.9973,0,0,0,0
0,1622,Box,1.2,52.9973,0,0,0,0
0,1623,Box,2.4,52.9973,0,0,0,0
0,1624,Box,3.6,52.9973,0,0,0,0
0,1625,Box,4.8,52.9973,0,0,0,0
0,1626,Box,6,52.9973,0,0,0,0
0,1627,Box,7.2,52.9973,0,0,0,0
0,1628,Box,8.4,52.9973,0,0,0,0
0,1629,Box,9.6,52.9973,0,0,0,0
0,1630,Box,10.8,52.9973,0,0,0,0
0,1631,Box,12,52.9973,0,0,0,0
0,1632,Box,13.2,52.9973,0,0,0,0
0,1633,Box,14.4,52.9973,0,0,0,0
0,1634,Box,15.6,52.9973,0,0,0,0
0,1635,Box,16.8,52.9973,0,0,0,0
0,1636,Box,18,52.9973,0,0,0,0
0,1637,Box,19.2,52.9973,0,0,0,0
0,1638,Box,20.4,52.9973,0,0,0,0
0,1639,Box,21.6,52.9973,0,0,0,0
0,1640,Box,22.8,52.9973,0,0,0,0
0,1641,Box,-24,54.1973,0,0,0,0
0,1642,Box,-22.8,54.1973,0,0,0,0
0,1643,Box,-21.6,54.1973,0,0,0,0
0,1644,Box,-20.4,54.1973,0,0,0,0
0,1645,Box,-19.2,54.1973,0,0,0,0
0,1646,Box,-18,54.1973,0,0,0,0
0,1647,Box,-16.8,54.1973,0,0,0,0
0,1648,Box,-15.6,54.1973,0,0,0,0
0,1649,Box,-14.4,54.1973,0,0,0,0
0,1650,Box,-13.2,54.1973,0,0,0,0
0,1651,Box,-12,54.1973,0,0,0,0
0,1652,Box,-10.8,54.1973,0,0,0,0
0,1653,Box,-9.6,54.1973,0,0,0,0
0,1654,Box,-8.4,54.1973,0,0,0,0
0,1655,Box,-7.2,54.1973,0,0,0,0
0,1656,Box,-6,54.1973,0,0,0,0
0,1657,Box,-4.8,54.1973,0,0,0,0
0,1658,Box,-3.6,54.1973,0,0,0,0
0,1659,Box,-2.4,54.1973,0,0,0,0
0,1660,Box,-1.2,54.1973,0,0,0,0
0,1661,Box,0,54.1973,0,0,0,0
0,1662,Box,1.2,54.1973,0,0,0,0
0,1663,Box,2.4,54.1973,0,0,0,0
0,1664,Box,3.6,54.1973,0,0,0,0
0,1665,Box,4.8,54.1973,0,0,0,0
0,1666,Box,6,54.1973,0,0,0,0
0,1667,Box,7.2,54.1973,0,0,0,0
0,1668,Box,8.4,54.1973,0,0,0,0
0,1669,Box,9.6,54.1973,0,0,0,0
0,1670,Box,10.8,54.1973,0,0,0,0
0,1671,Box,12,54.1973,0,0,0,0
0,1672,Box,13.2,54.1973,0,0,0,0
0,1673,Box,14.4,54.1973,0,0,0,0
0,1674,Box,15.6,54.1973,0,0,0,0
0,1675,Box,16.8,54.1973,0,0,0,0
0,1676,Box,18,54.1973,0,0,0,0
0,1677,Box,19.2,54.1973,0,0,0,0
0,1678,Box,20.4,54.1973,0,0,0,0
0,1679,Box,21.6,54.1973,0,0,0,0
0,1680,Box,22.8,54.1973,0,0,0,0
0,1681,Box,-24,55.3973,0,0,0,0
0,1682,Box,-22.8,55.3973,0,0,0,0
0,1683,Box,-21.6,55.3973,0,0,0,0
0,1684,Box,-20.4,55.3973,0,0,0,0
0,1685,Box,-19.2,55.3973,0,0,0,0
0,1686,Box,-18,55.3973,0,0,0,0
0,1687,Box,-16.8,55.3973,0,0,0,0
0,1688,Box,-15.6,55.3973,0,0,0,0
0,1689,Box,-14.4,55.3973,0,0,0,0
0,1690,Box,-13.2,55.3973,0,0,0,0
0,1691,Box,-12,55.3973,0,0,0,0
0,1692,Box,-10.8,55.3973,0,0,0,0
0,1693,Box,-9.6,55.3973,0,0,0,0
0,1694,Box,-8.4,55.3973,0,0,0,0
0,1695,Box,-7.2,55.3973,0,0,0,0
0,1696,Box,-6,55.3973,0,0,0,0
0,1697,Box,-4.8,55.3973,0,0,0,0
0,1698,Box,-3.6,55.3973,0,0,0,0
0,1699,Box,-2.4,55.3973,0,0,0,0
0,1700,Box,-1.2,55.3973,0,0,0,0
0,1701,Box,0,55.3973,0,0,0,0
0,1702,Box,1.2,55.3973,0,0,0,0
0,1703,Box,2.4,55.3973,0,0,0,0
0,1704,Box,3.6,55.3973,0,0,0,0
0,1705,Box,4.8,55.3973,0,0,0,0
0,1706,Box,6,55.3973,0,0,0,0
0,1707,Box,7.2,55.3973,0,0,0,0
0,1708,Box,8.4,55.3973,0,0,0,0
0,1709,Box,9.6,55.3973,0,0,0,0
0,1710,Box,10.8,55.3973,0,0,0,0
0,1711,Box,12,55.3973,0,0,0,0
0,1712,Box,13.2,55.3973,0,0,0,0
0,1713,Box,14.4,55.3973,0,0,0,0
0,1714,Box,15.6,55.3973,0,0,0,0
0,1715,Box,16.8,55.3973,0,0,0,0
0,1716,Box,18,55.3973,0,0,0,0
0,1717,Box,19.2,55.3973,0,0,0,0
0,1718,Box,20.4,55.3973,0,0,0,0
0,1719,Box,21.6,55.3973,0,0,0,0
0,1720,Box,22.8,55.3973,0,0,0,0
0,1721,Box,-24,56.5973,0,0,0,0
0,1722,Box,-22.8,56.5973,0,0,0,0
0,1723,Box,-21.6,56.5973,0,0,0,0
0,1724,Box,-20.4,56.5973,0,0,0,0
0,1725,Box,-19.2,56.5973,0,0,0,0
0,1726,Box,-18,56.5973,0,0,0,0
0,1727,Box,-16.8,56.5973,0,0,0,0
0,1728,Box,-15.6,56.5973,0,0,0,0
0,1729,Box,-14.4,56.5973,0,0,0,0
0,1730,Box,-13.2,56.5973,0,0,0,0
0,1731,Box,-12,56.5973,0,0,0,0
0,1732,Box,-10.8,56.5973,0,0,0,0
0,1733,Box,-9.6,56.5973,0,0,0,0
0,1734,Box,-8.4,56.5973,0,0,0,0
0,1735,Box,-7.2,56.5973,0,0,0,0
0,1736,Box,-6,56.5973,0,0,0,0
0,1737,Box,-4.8,56.5973,0,0,0,0
0,1738,Box,-3.6,56.5973,0,0,0,0
0,1739,Box,-2.4,56.5973,0,0,0,0
0,1740,Box,-1.2,56.5973,0,0,0,0
0,1741,Box,0,56.5973,0,0,0,0
0,1742,Box,1.2,56.5973,0,0,0,0
0,1743,Box,2.4,56.5973,0,0,0,0
0,1744,Box,3.6,56.5973,0,0,0,0
0,1745,Box,4.8,56.5973,0,0,0,0
0,1746,Box,6,56.5973,0,0,0,0
0,1747,Box,7.2,56.5973,0,0,0,0
0,1748,Box,8.4,56.5973,0,0,0,0
0,1749,Box,9.6,56.5973,0,0,0,0
0,1750,Box,10.8,56.5973,0,0,0,0
0,1751,Box,12,56.5973,0,0,0,0
0,1752,Box,13.2,56.5973,0,0,0,0
0,1753,Box,14.4,56.5973,0,0,0,0
0,1754,Box,15.6,56.5973,0,0,0,0
0,1755,Box,16.8,56.5973,0,0,0,0
0,1756,Box,18,56.5973,0,0,0,0
0,1757,Box,19.2,56.5973,0,0,0,0
0,1758,Box,20.4,56.5973,0,0,0,0
0,1759,Box,21.6,56.5973,0,0,0,0
0,1760,Box,22.8,56.5973,0,0,0,0
0,1761,Box,-24,57.7973,0,0,0,0
0,1762,Box,-22.8,57.7973,0,0,0,0
0,1763,Box,-21.6,57.7973,0,0,0,0
0,1764,Box,-20.4,57.7973,0,0,0,0
0,1765,Box,-19.2,57.7973,0,0,0,0
0,1766,Box,-18,57.7973,0,0,0,0
0,1767,Box,-16.8,57.7973,0,0,0,0
0,1768,Box,-15.6,57.7973,0,0,0,0
0,1769,Box,-14.4,57.7973,0,0,0,0
0,1770,Box,-13.2,57.7973,0,0,0,0
0,1771,Box,-12,57.7973,0,0,0,0
0,1772,Box,-10.8,57.7973,0,0,0,0
0,1773,Box,-9.6,57.7973,0,0,0,0
0,1774,Box,-8.4,57.7973,0,0,0,0
0,1775,Box,-7.2,57.7973,0,0,0,0
0,1776,Box,-6,57.7973,0,0,0,0
0,1777,Box,-4.8,57.7973,0,0,0,0
0,1778,Box,-3.6,57.7973,0,0,0,0
0,1779,Box,-2.4,57.7973,0,0,0,0
0,1780,Box,-1.2,57.7973,0,0,0,0
0,1781,Box,0,57.7973,0,0,0,0
0,1782,Box,1.2,57.7973,0,0,0,0
0,1783,Box,2.4,57.7973,0,0,0,0
0,1784,Box,3.6,57.7973,0,0,0,0
0,1785,Box,4.8,57.7973,0,0,0,0
0,1786,Box,6,57.7973,0,0,0,0
0,1787,Box,7.2,57.7973,0,0,0,0
0,1788,Box,8.4,57.7973,0,0,0,0
0,1789,Box,9.6,57.7973,0,0,0,0
0,1790,Box,10.8,57.7973,0,0,0,0
0,1791,Box,12,57.7973,0,0,0,0
0,1792,Box,13.2,57.7973,0,0,0,0
0,1793,Box,14.4,57.7973,0,0,0,0
0,1794,Box,15.6,57.7973,0,0,0,0
0,1795,Box,16.8,57.7973,0,0,0,0
0,1796,Box,18,57.7973,0,0,0,0
0,1797,Box,19.2,57.7973,0,0,0,0
0,1798,Box,20.4,57.7973,0,0,0,0
0,1799,Box,21.6,57.7973,0,0,0,0
0,1800,Box,22.8,57.7973,0,0,0,0
0,1801,Box,-24,58.9973,0,0,0,0
0,1802,Box,-22.8,58.9973,0,0,0,0
0,1803,Box,-21.6,58.9973,0,0,0,0
0,1804,Box,-20.4,58.9973,0,0,0,0
0,1805,Box,-19.2,58.9973,0,0,0,0
0,1806,Box,-18,58.9973,0,0,0,0
0,1807,Box,-16.8,58.9973,0,0,0,0
0,1808,Box,-15.6,58.9973,0,0,0,0
0,1809,Box,-14.4,58.9973,0,0,0,0
0,1810,Box,-13.2,58.9973,0,0,0,0
0,1811,Box,-12,58.9973,0,0,0,0
0,1812,Box,-10.8,58.9973,0,0,0,0
0,1813,Box,-9.6,58.9973,0,0,0,0
0,1814,Box,-8.4,58.9973,0,0,0,0
0,1815,Box,-7.2,58.9973,0,0,0,0
0,1816,Box,-6,58.9973,0,0,0,0
0,1817,Box,-4.8,58.9973,0,0,0,0
0,1818,Box,-3.6,58.9973,0,0,0,0
0,1819,Box,-2.4,58.9973,0,0,0,0
0,1820,Box,-1.2,58.9973,0,0,0,0
0,1821,Box,0,58.9973,0,0,0,0
0,1822,Box,1.2,58.9973,0,0,0,0
0,1823,Box,2.4,58.9973,0,0,0,0
0,1824,Box,3.6,58.9973,0,0,0,0
0,1825,Box,4.8,58.9973,0,0,0,0
0,1826,Box,6,58.9973,0,0,0,0
0,1827,Box,7.2,58.9973,0,0,0,0
0,1828,Box,8.4,58.9973,0,0,0,0
0,1829,Box,9.6,58.9973,0,0,0,0
0,1830,Box,10.8,58.9973,0,0,0,0
0,1831,Box,12,58.9973,0,0,0,0
0,1832,Box,13.2,58.9973,0,0,0,0
0,1833,Box,14.4,58.9973,0,0,0,0
0,1834,Box,15.6,58.9973,0,0,0,0
0,1835,Box,16.8,58.9973,0,0,0,0
0,1836,Box,18,58.9973,0,0,0,0
0,1837,Box,19.2,58.9973,0,0,0,0
0,1838,Box,20.4,58.9973,0,0,0,0
0,1839,Box,21.6,58.9973,0,0,0,0
0,1840,Box,22.8,58.9973,0,0,0,0
0,1841,Box,-24,60.1973,0,0,0,0
0,1842,Box,-22.8,60.1973,0,0,0,0
0,1843,Box,-21.6,60.1973,0,0,0,0
0,1844,Box,-20.4,60.1973,0,0,0,0
0,1845,Box,-19.2,60.1973,0,0,0,0
0,1846,Box,-18,60.1973,0,0,0,0
0,1847,Box,-16.8,60.1973,0,0,0,0
0,1848,Box,-15.6,60.1973,0,0,0,0
0,1849,Box,-14.4,60.1973,0,0,0,0
0,1850,Box,-13.2,60.1973,0,0,0,0
0,1851,Box,-12,60.1973,0,0,0,0
0,1852,Box,-10.8,60.1973,0,0,0,0
0,1853,Box,-9.6,60.1973,0,0,0,0
0,1854,Box,-8.4,60.1973,0,0,0,0
0,1855,Box,-7.2,60.1973,0,0,0,0
0,1856,Box,-6,60.1973,0,0,0,0
0,1857,Box,-4.8,60.1973,0,0,0,0
0,1858,Box,-3.6,60.1973,0,0,0,0
0,1859,Box,-2.4,60.1973,0,0,0,0
0,1860,Box,-1.2,60.1973,0,0,0,0
0,1861,Box,0,60.1973,0,0,0,0
0,1862,Box,1.2,60.1973,0,0,0,0
0,1863,Box,2.4,60.1973,0,0,0,0
0,1864,Box,3.6,60.1973,0,0,0,0
0,1865,Box,4.8,60.1973,0,0,0,0
0,1866,Box,6,60.1973,0,0,0,0
0,1867,Box,7.2,60.1973,0,0,0,0
0,1868,Box,8.4,60.1973,0,0,0,0
0,1869,Box,9.6,60.1973,0,0,0,0
0,1870,Box,10.8,60.1973,0,0,0,0
0,1871,Box,12,60.1973,0,0,0,0
0,1872,Box,13.2,60.1973,0,0,0,0
0,1873,Box,14.4,60.1973,0,0,0,0
0,1874,Box,15.6,60.1973,0,0,0,0
0,1875,Box,16.8,60.1973,0,0,0,0
0,1876,Box,18,60.1973,0,0,0,0
0,1877,Box,19.2,60.1973,0,0,0,0
0,1878,Box,20.4,60.1973,0,0,0,0
0,1879,Box,21.6,60.1973,0,0,0,0
0,1880,Box,22.8,60.1973,0,0,0,0
0,1881,Box,-24,61.3973,0,0,0,0
0,1882,Box,-22.8,61.3973,0,0,0,0
0,1883,Box,-21.6,61.3973,0,0,0,0
0,1884,Box,-20.4,61.3973,0,0,0,0
0,1885,Box,-19.2,61.3973,0,0,0,0
0,1886,Box,-18,61.3973,0,0,0,0
0,1887,Box,-16.8,61.3973,0,0,0,0
0,1888,Box,-15.6,61.3973,0,0,0,0
0,1889,Box,-14.4,61.3973,0,0,0,0
0,1890,Box,-13.2,61.3973,0,0,0,0
0,1891,Box,-12,61.3973,0,0,0,0
0,1892,Box,-10.8,61.3973,0,0,0,0
0,1893,Box,-9.6,61.3973,0,0,0,0
0,1894,Box,-8.4,61.3973,0,0,0,0
0,1895,Box,-7.2,61.3973,0,0,0,0
0,1896,Box,-6,61.3973,0,0,0,0
0,1897,Box,-4.8,61.3973,0,0,0,0
0,1898,Box,-3.6,61.3973,0,0,0,0
0,1899,Box,-2.4,61.3973,0,0,0,0
0,1900,Box,-1.2,61.3973,0,0,0,0
0,1901,Box,0,61.3973,0,0,0,0
0,1902,Box,1.2,61.3973,0,0,0,0
0,1903,Box,2.4,61.3973,0,0,0,0
0,1904,Box,3.6,61.3973,0,0,0,0
0,1905,Box,4.8,61.3973,0,0,0,0
0,1906,Box,6,61.3973,0,0,0,0
0,1907,Box,7.2,61.3973,0,0,0,0
0,1908,Box,8.4,61.3973,0,0,0,0
0,1909,Box,9.6,61.3973,0,0,0,0
0,1910,Box,10.8,61.3973,0,0,0,0
0,1911,Box,12,61.3973,0,0,0,0
0,1912,Box,13.2,61.3973,0,0,0,0
0,1913,Box,14.4,61.3973,0,0,0,0
0,1914,Box,15.6,61.3973,0,0,0,0
0,1915,Box,16.8,61.3973,0,0,0,0
0,1916,Box,18,61.3973,0,0,0,0
0,1917,Box,19.2,61.3973,0,0,0,0
0,1918,Box,20.4,61.3973,0,0,0,0
0,1919,Box,21.6,61.3973,0,0,0,0
0,1920,Box,22.8,61.3973,0,0,0,0
0,1921,Box,-24,62.5973,0,0,0,0
0,1922,Box,-22.8,62.5973,0,0,0,0
0,1923,Box,-21.6,62.5973,0,0,0,0
0,1924,Box,-20.4,62.5973,0,0,0,0
0,1925,Box,-19.2,62.5973,0,0,0,0
0,1926,Box,-18,62.5973,0,0,0,0
0,1927,Box,-16.8,62.5973,0,0,0,0
0,1928,Box,-15.6,62.5973,0,0,0,0
0,1929,Box,-14.4,62.5973,0,0,0,0
0,1930,Box,-13.2,62.5973,0,0,0,0
0,1931,Box,-12,62.5973,0,0,0,0
0,1932,Box,-10.8,62.5973,0,0,0,0
0,1933,Box,-9.6,62.5973,0,0,0,0
0,1934,Box,-8.4,62.5973,0,0,0,0
0,1935,Box,-7.2,62.5973,0,0,0,0
0,1936,Box,-6,62.5973,0,0,0,0
0,1937,Box,-4.8,62.5973,0,0,0,0
0,1938,Box,-3.6,62.5973,0,0,0,0
0,1939,Box,-2.4,62.5973,0,0,0,0
0,1940,Box,-1.2,62.5973,0,0,0,0
0,1941,Box,0,62.5973,0,0,0,0
0,1942,Box,1.2,62.5973,0,0,0,0
0,1943,Box,2.4,62.5973,0,0,0,0
0,1944,Box,3.6,62.5973,0,0,0,0
0,1945,Box,4.8,62.5973,0,0,0,0
0,1946,Box,6,62.5973,0,0,0,0
0,1947,Box,7.2,62.5973,0,0,0,0
0,1948,Box,8.4,62.5973,0,0,0,0
0,1949,Box,9.6,62.5973,0,0,0,0
0,1950,Box,10.8,62.5973,0,0,0,0
0,1951,Box,12,62.5973,0,0,0,0
0,1952,Box,13.2,62.5973,0,0,0,0
0,1953,Box,14.4,62.5973,0,0,0,0
0,1954,Box,15.6,62.5973,0,0,0,0
0,1955,Box,16.8,62.5973,0,0,0,0
0,1956,Box,18,62.5973,0,0,0,0
0,1957,Box,19.2,62.5973,0,0,0,0
0,1958,Box,20.4,62.5973,0,0,0,0
0,1959,Box,21.6,62.5973,0,0,0,0
0,1960,Box,22.8,62.5973,0,0,0,0
0,1961,Box,-24,63.7973,0,0,0,0
0,1962,Box,-22.8,63.7973,0,0,0,0
0,1963,Box,-21.6,63.7973,0,0,0,0
0,1964,Box,-20.4,63.7973,0,0,0,0
0,1965,Box,-19.2,63.7973,0,0,0,0
0,1966,Box,-18,63.7973,0,0,0,0
0,1967,Box,-16.8,63.7973,0,0,0,0
0,1968,Box,-15.6,63.7973,0,0,0,0
0,1969,Box,-14.4,63.7973,0,0,0,0
0,1970,Box,-13.2,63.7973,0,0,0,0
0,1971,Box,-12,63.7973,0,0,0,0
0,1972,Box,-10.8,63.7973,0,0,0,0
0,1973,Box,-9.6,63.7973,0,0,0,0
0,1974,Box,-8.4,63.7973,0,0,0,0
0,1975,Box,-7.2,63.7973,0,0,0,0
0,1976,Box,-6,63.7973,0,0,0,0
0,1977,Box,-4.8,63.7973,0,0,0,0
0,1978,Box,-3.6,63.7973,0,0,0,0
0,1979,Box,-2.4,63.7973,0,0,0,0
0,1980,Box,-1.2,63.7973,0,0,0,0
0,1981,Box,0,63.7973,0,0,0,0
0,1982,Box,1.2,63.7973,0,0,0,0
0,1983,Box,2.4,63.7973,0,0,0,0
0,1984,Box,3.6,63.7973,0,0,0,0
0,1985,Box,4.8,63.7973,0,0,0,0
0,1986,Box,6,63.7973,0,0,0,0
0,1987,Box,7.2,63.7973,0,0,0,0
0,1988,Box,8.4,63.7973,0,0,0,0
0,1989,Box,9.6,63.7973,0,0,0,0
0,1990,Box,10.8,63.7973,0,0,0,0
0,1991,Box,12,63.7973,0,0,0,0
0,1992,Box,13.2,63.7973,0,0,0,0
0,1993,Box,14.4,63.7973,0,0,0,0
0,1994,Box,15.6,63.7973,0,0,0,0
0,1995,Box,16.8,63.7973,0,0,0,0
0,1996,Box,18,63.7973,0,0,0,0
0,1997,Box,19.2,63.7973,0,0,0,0
0,1998,Box,20.4,63.7973,0,0,0,0
0,1999,Box,21.6,63.7973,0,0,0,0
0,2000,Box,22.8,63.7973,0,0,0,0
300,0,Box,0,-2,0,0,0,0
300,1,Box,-24,4.91833,0,0,0,0
300,2,Box,-22.8,4.91833,0,0,0,0
300,3,Box,-21.6,4.91833,0,0,0,0
300,4,Box,-20.4,4.91833,0,0,0,0
300,5,Box,-19.2,4.91833,0,0,0,0
300,6,Box,-18,4.91833,0,0,0,0
300,7,Box,-16.8,4.91833,0,0,0,0
300,8,Box,-15.6,4.91833,0,0,0,0
300,9,Box,-14.4,4.91833,0,0,0,0
300,10,Box,-13.2,4.91833,0,0,0,0
300,11,Box,-12,4.91833,0,0,0,0
300,12,Box,-10.8,4.91833,0,0,0,0
300,13,Box,-9.6,4.91833,0,0,0,0
300,14,Box,-8.4,4.91833,0,0,0,0
300,15,Box,-7.2,4.91833,0,0,0,0
300,16,Box,-6,4.91833,0,0,0,0
300,17,Box,-4.8,4.91833,0,0,0,0
300,18,Box,-3.6,4.91833,0,0,0,0
300,19,Box,-2.4,4.91833,0,0,0,0
300,20,Box,-1.2,4.91833,0,0,0,0
300,21,Box,0,4.91833,0,0,0,0
300,22,Box,1.2,4.91833,0,0,0,0
300,23,Box,2.4,4.91833,0,0,0,0
300,24,Box,3.6,4.91833,0,0,0,0
300,25,Box,4.8,4.91833,0,0,0,0
300,26,Box,6,4.91833,0,0,0,0
300,27,Box,7.2,4.91833,0,0,0,0
300,28,Box,8.4,4.91833,0,0,0,0
300,29,Box,9.6,4.91833,0,0,0,0
300,30,Box,10.8,4.91833,0,0,0,0
300,31,Box,12,4.91833,0,0,0,0
300,32,Box,13.2,4.91833,0,0,0,0
300,33,Box,14.4,4.91833,0,0,0,0
300,34,Box,15.6,4.91833,0,0,0,0
300,35,Box,16.8,4.91833,0,0,0,0
300,36,Box,18,4.91833,0,0,0,0
300,37,Box,19.2,4.91833,0,0,0,0
300,38,Box,20.4,4.91833,0,0,0,0
300,39,Box,21.6,4.91833,0,0,0,0
300,40,Box,22.8,4.91833,0,0,0,0
300,41,Box,-24,6.11833,0,0,0,0
300,42,Box,-22.8,6.11833,0,0,0,0
300,43,Box,-21.6,6.11833,0,0,0,0
300,44,Box,-20.4,6.11833,0,0,0,0
300,45,Box,-19.2,6.11833,0,0,0,0
300,46,Box,-18,6.11833,0,0,0,0
300,47,Box,-16.8,6.11833,0,0,0,0
300,48,Box,-15.6,6.11833,0,0,0,0
300,49,Box,-14.4,6.11833,0,0,0,0
300,50,Box,-13.2,6.11833,0,0,0,0
300,51,Box,-12,6.11833,0,0,0,0
300,52,Box,-10.8,6.11833,0,0,0,0
300,53,Box,-9.6,6.11833,0,0,0,0
300,54,Box,-8.4,6.11833,0,0,0,0
300,55,Box,-7.2,6.11833,0,0,0,0
300,56,Box,-6,6.11833,0,0,0,0
300,57,Box,-4.8,6.11833,0,0,0,0
300,58,Box,-3.6,6.11833,0,0,0,0
300,59,Box,-2.4,6.11833,0,0,0,0
300,60,Box,-1.2,6.11833,0,0,0,0
300,61,Box,0,6.11833,0,0,0,0
300,62,Box,1.2,6.11833,0,0,0,0
300,63,Box,2.4,6.11833,0,0,0,0
300,64,Box,3.6,6.11833,0,0,0,0
300,65,Box,4.8,6.11833,0,0,0,0
300,66,Box,6,6.11833,0,0,0,0
300,67,Box,7.2,6.11833,0,0,0,0
300,68,Box,8.4,6.11833,0,0,0,0
300,69,Box,9.6,6.11833,0,0,0,0
300,70,Box,10.8,6.11833,0,0,0,0
300,71,Box,12,6.11833,0,0,0,0
300,72,Box,13.2,6.11833,0,0,0,0
300,73,Box,14.4,6.11833,0,0,0,0
300,74,Box,15.6,6.11833,0,0,0,0
300,75,Box,16.8,6.11833,0,0,0,0
300,76,Box,18,6.11833,0,0,0,0
300,77,Box,19.2,6.11833,0,0,0,0
300,78,Box,20.4,6.11833,0,0,0,0
300,79,Box,21.6,6.11833,0,0,0,0
300,80,Box,22.8,6.11833,0,0,0,0
300,81,Box,-24,7.31833,0,0,0,0
300,82,Box,-22.8,7.31833,0,0,0,0
300,83,Box,-21.6,7.31833,0,0,0,0
300,84,Box,-20.4,7.31833,0,0,0,0
300,85,Box,-19.2,7.31833,0,0,0,0
300,86,Box,-18,7.31833,0,0,0,0
300,87,Box,-16.8,7.31833,0,0,0,0
300,88,Box,-15.6,7.31833,0,0,0,0
300,89,Box,-14.4,7.31833,0,0,0,0
300,90,Box,-13.2,7.31833,0,0,0,0
300,91,Box,-12,7.31833,0,0,0,0
300,92,Box,-10.8,7.31833,0,0,0,0
300,93,Box,-9.6,7.31833,0,0,0,0
300,94,Box,-8.4,7.31833,0,0,0,0
300,95,Box,-7.2,7.31833,0,0,0,0
300,96,Box,-6,7.31833,0,0,0,0
300,97,Box,-4.8,7.31833,0,0,0,0
300,98,Box,-3.6,7.31833,0,0,0,0
300,99,Box,-2.4,7.31833,0,0,0,0
300,100,Box,-1.2,7.31833,0,0,0,0
300,101,Box,0,7.31833,0,0,0,0
300,102,Box,1.2,7.31833,0,0,0,0
300,103,Box,2.4,7.31833,0,0,0,0
300,104,Box,3.6,7.31833,0,0,0,0
300,105,Box,4.8,7.31833,0,0,0,0
300,106,Box,6,7.31833,0,0,0,0
300,107,Box,7.2,7.31833,0,0,0,0
300,108,Box,8.4,7.31833,0,0,0,0
300,109,Box,9.6,7.31833,0,0,0,0
300,110,Box,10.8,7.31833,0,0,0,0
300,111,Box,12,7.31833,0,0,0,0
300,112,Box,13.2,7.31833,0,0,0,0
300,113,Box,14.4,7.31833,0,0,0,0
300,114,Box,15.6,7.31833,0,0,0,0
300,115,Box,16.8,7.31833,0,0,0,0
300,116,Box,18,7.31833,0,0,0,0
300,117,Box,19.2,7.31833,0,0,0,0
300,118,Box,20.4,7.31833,0,0,0,0
300,119,Box,21.6,7.31833,0,0,0,0
300,120,Box,22.8,7.31833,0,0,0,0
300,121,Box,-24,8.51835,0,0,0,0
300,122,Box,-22.8,8.51835,0,0,0,0
300,123,Box,-21.6,8.51835,0,0,0,0
300,124,Box,-20.4,8.51835,0,0,0,0
300,125,Box,-19.2,8.51835,0,0,0,0
300,126,Box,-18,8.51835,0,0,0,0
300,127,Box,-16.8,8.51835,0,0,0,0
300,128,Box,-15.6,8.51835,0,0,0,0
300,129,Box,-14.4,8.51835,0,0,0,0
300,130,Box,-13.2,8.51835,0,0,0,0
300,131,Box,-12,8.51835,0,0,0,0
300,132,Box,-10.8,8.51835,0,0,0,0
300,133,Box,-9.6,8.51835,0,0,0,0
300,134,Box,-8.4,8.51835,0,0,0,0
300,135,Box,-7.2,8.51835,0,0,0,0
300,136,Box,-6,8.51835,0,0,0,0
300,137,Box,-4.8,8.51835,0,0,0,0
300,138,Box,-3.6,8.51835,0,0,0,0
300,139,Box,-2.4,8.51835,0,0,0,0
300,140,Box,-1.2,8.51835,0,0,0,0
300,141,Box,0,8.51835,0,0,0,0
300,142,Box,1.2,8.51835,0,0,0,0
300,143,Box,2.4,8.51835,0,0,0,0
300,144,Box,3.6,8.51835,0,0,0,0
300,145,Box,4.8,8.51835,0,0,0,0
300,146,Box,6,8.51835,0,0,0,0
300,147,Box,7.2,8.51835,0,0,0,0
300,148,Box,8.4,8.51835,0,0,0,0
300,149,Box,9.6,8.51835,0,0,0,0
300,150,Box,10.8,8.51835,0,0,0,0
300,151,Box,12,8.51835,0,0,0,0
300,152,Box,13.2,8.51835,0,0,0,0
300,153,Box,14.4,8.51835,0,0,0,0
300,154,Box,15.6,8.51835,0,0,0,0
300,155,Box,16.8,8.51835,0,0,0,0
300,156,Box,18,8.51835,0,0,0,0
300,157,Box,19.2,8.51835,0,0,0,0
300,158,Box,20.4,8.51835,0,0,0,0
300,159,Box,21.6,8.51835,0,0,0,0
300,160,Box,22.8,8.51835,0,0,0,0
300,161,Box,-24,9.71835,0,0,0,0
300,162,Box,-22.8,9.71835,0,0,0,0
300,163,Box,-21.6,9.71835,0,0,0,0
300,164,Box,-20.4,9.71835,0,0,0,0
300,165,Box,-19.2,9.71835,0,0,0,0
300,166,Box,-18,9.71835,0,0,0,0
300,167,Box,-16.8,9.71835,0,0,0,0
300,168,Box,-15.6,9.71835,0,0,0,0
300,169,Box,-14.4,9.71835,0,0,0,0
300,170,Box,-13.2,9.71835,0,0,0,0
300,171,Box,-12,9.71835,0,0,0,0
300,172,Box,-10.8,9.71835,0,0,0,0
300,173,Box,-9.6,9.71835,0,0,0,0
300,174,Box,-8.4,9.71835,0,0,0,0
300,175,Box,-7.2,9.71835,0,0,0,0
300,176,Box,-6,9.71835,0,0,0,0
300,177,Box,-4.8,9.71835,0,0,0,0
300,178,Box,-3.6,9.71835,0,0,0,0
300,179,Box,-2.4,9.71835,0,0,0,0
300,180,Box,-1.2,9.71835,0,0,0,0
300,181,Box,0,9.71835,0,0,0,0
300,182,Box,1.2,9.71835,0,0,0,0
300,183,Box,2.4,9.71835,0,0,0,0
300,184,Box,3.6,9.71835,0,0,0,0
300,185,Box,4.8,9.71835,0,0,0,0
300,186,Box,6,9.71835,0,0,0,0
300,187,Box,7.2,9.71835,0,0,0,0
300,188,Box,8.4,9.71835,0,0,0,0
300,189,Box,9.6,9.71835,0,0,0,0
300,190,Box,10.8,9.71835,0,0,0,0
300,191,Box,12,9.71835,0,0,0,0
300,192,Box,13.2,9.71835,0,0,0,0
300,193,Box,14.4,9.71835,0,0,0,0
300,194,Box,15.6,9.71835,0,0,0,0
300,195,Box,16.8,9.71835,0,0,0,0
300,196,Box,18,9.71835,0,0,0,0
300,197,Box,19.2,9.71835,0,0,0,0
300,198,Box,20.4,9.71835,0,0,0,0
300,199,Box,21.6,9.71835,0,0,0,0
300,200,Box,22.8,9.71835,0,0,0,0
300,201,Box,-24,10.9183,0,0,0,0
300,202,Box,-22.8,10.9183,0,0,0,0
300,203,Box,-21.6,10.9183,0,0,0,0
300,204,Box,-20.4,10.9183,0,0,0,0
300,205,Box,-19.2,10.9183,0,0,0,0
300,206,Box,-18,10.9183,0,0,0,0
300,207,Box,-16.8,10.9183,0,0,0,0
300,208,Box,-15.6,10.9183,0,0,0,0
300,209,Box,-14.4,10.9183,0,0,0,0
300,210,Box,-13.2,10.9183,0,0,0,0
300,211,Box,-12,10.9183,0,0,0,0
300,212,Box,-10.8,10.9183,0,0,0,0
300,213,Box,-9.6,10.9183,0,0,0,0
300,214,Box,-8.4,10.9183,0,0,0,0
300,215,Box,-7.2,10.9183,0,0,0,0
300,216,Box,-6,10.9183,0,0,0,0
300,217,Box,-4.8,10.9183,0,0,0,0
300,218,Box,-3.6,10.9183,0,0,0,0
300,219,Box,-2.4,10.9183,0,0,0,0
300,220,Box,-1.2,10.9183,0,0,0,0
300,221,Box,0,10.9183,0,0,0,0
300,222,Box,1.2,10.9183,0,0,0,0
300,223,Box,2.4,10.9183,0,0,0,0
300,224,Box,3.6,10.9183,0,0,0,0
300,225,Box,4.8,10.9183,0,0,0,0
300,226,Box,6,10.9183,0,0,0,0
300,227,Box,7.2,10.9183,0,0,0,0
300,228,Box,8.4,10.9183,0,0,0,0
300,229,Box,9.6,10.9183,0,0,0,0
300,230,Box,10.8,10.9183,0,0,0,0
300,231,Box,12,10.9183,0,0,0,0
300,232,Box,13.2,10.9183,0,0,0,0
300,233,Box,14.4,10.9183,0,0,0,0
300,234,Box,15.6,10.9183,0,0,0,0
300,235,Box,16.8,10.9183,0,0,0,0
300,236,Box,18,10.9183,0,0,0,0
300,237,Box,19.2,10.9183,0,0,0,0
300,238,Box,20.4,10.9183,0,0,0,0
300,239,Box,21.6,10.9183,0,0,0,0
300,240,Box,22.8,10.9183,0,0,0,0
300,241,Box,-24,12.1183,0,0,0,0
300,242,Box,-22.8,12.1183,0,0,0,0
300,243,Box,-21.6,12.1183,0,0,0,0
300,244,Box,-20.4,12.1183,0,0,0,0
300,245,Box,-19.2,12.1183,0,0,0,0
300,246,Box,-18,12.1183,0,0,0,0
300,247,Box,-16.8,12.1183,0,0,0,0
300,248,Box,-15.6,12.1183,0,0,0,0
300,249,Box,-14.4,12.1183,0,0,0,0
300,250,Box,-13.2,12.1183,0,0,0,0
300,251,Box,-12,12.1183,0,0,0,0
300,252,Box,-10.8,12.1183,0,0,0,0
300,253,Box,-9.6,12.1183,0,0,0,0
300,254,Box,-8.4,12.1183,0,0,0,0
300,255,Box,-7.2,12.1183,0,0,0,0
300,256,Box,-6,12.1183,0,0,0,0
300,257,Box,-4.8,12.1183,0,0,0,0
300,258,Box,-3.6,12.1183,0,0,0,0
300,259,Box,-2.4,12.1183,0,0,0,0
300,260,Box,-1.2,12.1183,0,0,0,0
300,261,Box,0,12.1183,0,0,0,0
300,262,Box,1.2,12.1183,0,0,0,0
300,263,Box,2.4,12.1183,0,0,0,0
300,264,Box,3.6,12.1183,0,0,0,0
300,265,Box,4.8,12.1183,0,0,0,0
300,266,Box,6,12.1183,0,0,0,0
300,267,Box,7.2,12.1183,0,0,0,0
300,268,Box,8.4,12.1183,0,0,0,0
300,269,Box,9.6,12.1183,0,0,0,0
300,270,Box,10.8,12.1183,0,0,0,0
300,271,Box,12,12.1183,0,0,0,0
300,272,Box,13.2,12.1183,0,0,0,0
300,273,Box,14.4,12.1183,0,0,0,0
300,274,Box,15.6,12.1183,0,0,0,0
300,275,Box,16.8,12.1183,0,0,0,0
300,276,Box,18,12.1183,0,0,0,0
300,277,Box,19.2,12.1183,0,0,0,0
300,278,Box,20.4,12.1183,0,0,0,0
300,279,Box,21.6,12.1183,0,0,0,0
300,280,Box,22.8,12.1183,0,0,0,0
300,281,Box,-24,13.3183,0,0,0,0
300,282,Box,-22.8,13.3183,0,0,0,0
300,283,Box,-21.6,13.3183,0,0,0,0
300,284,Box,-20.4,13.3183,0,0,0,0
300,285,Box,-19.2,13.3183,0,0,0,0
300,286,Box,-18,13.3183,0,0,0,0
300,287,Box,-16.8,13.3183,0,0,0,0
300,288,Box,-15.6,13.3183,0,0,0,0
300,289,Box,-14.4,13.3183,0,0,0,0
300,290,Box,-13.2,13.3183,0,0,0,0
300,291,Box,-12,13.3183,0,0,0,0
300,292,Box,-10.8,13.3183,0,0,0,0
300,293,Box,-9.6,13.3183,0,0,0,0
300,294,Box,-8.4,13.3183,0,0,0,0
300,295,Box,-7.2,13.3183,0,0,0,0
300,296,Box,-6,13.3183,0,0,0,0
300,297,Box,-4.8,13.3183,0,0,0,0
300,298,Box,-3.6,13.3183,0,0,0,0
300,299,Box,-2.4,13.3183,0,0,0,0
300,300,Box,-1.2,13.3183,0,0,0,0
300,301,Box,0,13.3183,0,0,0,0
300,302,Box,1.2,13.3183,0,0,0,0
300,303,Box,2.4,13.3183,0,0,0,0
300,304,Box,3.6,13.3183,0,0,0,0
300,305,Box,4.8,13.3183,0,0,0,0
300,306,Box,6,13.3183,0,0,0,0
300,307,Box,7.2,13.3183,0,0,0,0
300,308,Box,8.4,13.3183,0,0,0,0
300,309,Box,9.6,13.3183,0,0,0,0
300,310,Box,10.8,13.3183,0,0,0,0
300,311,Box,12,13.3183,0,0,0,0
300,312,Box,13.2,13.3183,0,0,0,0
300,313,Box,14.4,13.3183,0,0,0,0
300,314,Box,15.6,13.3183,0,0,0,0
300,315,Box,16.8,13.3183,0,0,0,0
300,316,Box,18,13.3183,0,0,0,0
300,317,Box,19.2,13.3183,0,0,0,0
300,318,Box,20.4,13.3183,0,0,0,0
300,319,Box,21.6,13.3183,0,0,0,0
300,320,Box,22.8,13.3183,0,0,0,0
300,321,Box,-24,14.5183,0,0,0,0
300,322,Box,-22.8,14.5183,0,0,0,0
300,323,Box,-21.6,14.5183,0,0,0,0
300,324,Box,-20.4,14.5183,0,0,0,0
300,325,Box,-19.2,14.5183,0,0,0,0
300,326,Box,-18,14.5183,0,0,0,0
300,327,Box,-16.8,14.5183,0,0,0,0
300,328,Box,-15.6,14.5183,0,0,0,0
300,329,Box,-14.4,14.5183,0,0,0,0
300,330,Box,-13.2,14.5183,0,0,0,0
300,331,Box,-12,14.5183,0,0,0,0
300,332,Box,-10.8,14.5183,0,0,0,0
300,333,Box,-9.6,14.5183,0,0,0,0
300,334,Box,-8.4,14.5183,0,0,0,0
300,335,Box,-7.2,14.5183,0,0,0,0
300,336,Box,-6,14.5183,0,0,0,0
300,337,Box,-4.8,14.5183,0,0,0,0
300,338,Box,-3.6,14.5183,0,0,0,0
300,339,Box,-2.4,14.5183,0,0,0,0
300,340,Box,-1.2,14.5183,0,0,0,0
300,341,Box,0,14.5183,0,0,0,0
300,342,Box,1.2,14.5183,0,0,0,0
300,343,Box,2.4,14.5183,0,0,0,0
300,344,Box,3.6,14.5183,0,0,0,0
300,345,Box,4.8,14.5183,0,0,0,0
300,346,Box,6,14.5183,0,0,0,0
300,347,Box,7.2,14.5183,0,0,0,0
300,348,Box,8.4,14.5183,0,0,0,0
300,349,Box,9.6,14.5183,0,0,0,0
300,350,Box,10.8,14.5183,0,0,0,0
300,351,Box,12,14.5183,0,0,0,0
300,352,Box,13.2,14.5183,0,0,0,0
300,353,Box,14.4,14.5183,0,0,0,0
300,354,Box,15.6,14.5183,0,0,0,0
300,355,Box,16.8,14.5183,0,0,0,0
300,356,Box,18,14.5183,0,0,0,0
300,357,Box,19.2,14.5183,0,0,0,0
300,358,Box,20.4,14.5183,0,0,0,0
300,359,Box,21.6,14.5183,0,0,0,0
300,360,Box,22.8,14.5183,0,0,0,0
300,361,Box,-24,15.7183,0,0,0,0
300,362,Box,-22.8,15.7183,0,0,0,0
300,363,Box,-21.6,15.7183,0,0,0,0
300,364,Box,-20.4,15.7183,0,0,0,0
300,365,Box,-19.2,15.7183,0,0,0,0
300,366,Box,-18,15.7183,0,0,0,0
300,367,Box,-16.8,15.7183,0,0,0,0
300,368,Box,-15.6,15.7183,0,0,0,0
300,369,Box,-14.4,15.7183,0,0,0,0
300,370,Box,-13.2,15.7183,0,0,0,0
300,371,Box,-12,15.7183,0,0,0,0
300,372,Box,-10.8,15.7183,0,0,0,0
300,373,Box,-9.6,15.7183,0,0,0,0
300,374,Box,-8.4,15.7183,0,0,0,0
300,375,Box,-7.2,15.7183,0,0,0,0
300,376,Box,-6,15.7183,0,0,0,0
300,377,Box,-4.8,15.7183,0,0,0,0
300,378,Box,-3.6,15.7183,0,0,0,0
300,379,Box,-2.4,15.7183,0,0,0,0
300,380,Box,-1.2,15.7183,0,0,0,0
300,381,Box,0,15.7183,0,0,0,0
300,382,Box,1.2,15.7183,0,0,0,0
300,383,Box,2.4,15.7183,0,0,0,0
300,384,Box,3.6,15.7183,0,0,0,0
300,385,Box,4.8,15.7183,0,0,0,0
300,386,Box,6,15.7183,0,0,0,0
300,387,Box,7.2,15.7183,0,0,0,0
300,388,Box,8.4,15.7183,0,0,0,0
300,389,Box,9.6,15.7183,0,0,0,0
300,390,Box,10.8,15.7183,0,0,0,0
300,391,Box,12,15.7183,0,0,0,0
300,392,Box,13.2,15.7183,0,0,0,0
300,393,Box,14.4,15.7183,0,0,0,0
300,394,Box,15.6,15.7183,0,0,0,0
300,395,Box,16.8,15.7183,0,0,0,0
300,396,Box,18,15.7183,0,0,0,0
300,397,Box,19.2,15.7183,0,0,0,0
300,398,Box,20.4,15.7183,0,0,0,0
300,399,Box,21.6,15.7183,0,0,0,0
300,400,Box,22.8,15.7183,0,0,0,0
300,401,Box,-24,16.9183,0,0,0,0
300,402,Box,-22.8,16.9183,0,0,0,0
300,403,Box,-21.6,16.9183,0,0,0,0
300,404,Box,-20.4,16.9183,0,0,0,0
300,405,Box,-19.2,16.9183,0,0,0,0
300,406,Box,-18,16.9183,0,0,0,0
300,407,Box,-16.8,16.9183,0,0,0,0
300,408,Box,-15.6,16.9183,0,0,0,0
300,409,Box,-14.4,16.9183,0,0,0,0
300,410,Box,-13.2,16.9183,0,0,0,0
300,411,Box,-12,16.9183,0,0,0,0
300,412,Box,-10.8,16.9183,0,0,0,0
300,413,Box,-9.6,16.9183,0,0,0,0
300,414,Box,-8.4,16.9183,0,0,0,0
300,415,Box,-7.2,16.9183,0,0,0,0
300,416,Box,-6,16.9183,0,0,0,0
300,417,Box,-4.8,16.9183,0,0,0,0
300,418,Box,-3.6,16.9183,0,0,0,0
300,419,Box,-2.4,16.9183,0,0,0,0
300,420,Box,-1.2,16.9183,0,0,0,0
300,421,Box,0,16.9183,0,0,0,0
300,422,Box,1.2,16.9183,0,0,0,0
300,423,Box,2.4,16.9183,0,0,0,0
300,424,Box,3.6,16.9183,0,0,0,0
300,425,Box,4.8,16.9183,0,0,0,0
300,426,Box,6,16.9183,0,0,0,0
300,427,Box,7.2,16.9183,0,0,0,0
300,428,Box,8.4,16.9183,0,0,0,0
300,429,Box,9.6,16.9183,0,0,0,0
300,430,Box,10.8,16.9183,0,0,0,0
300,431,Box,12,16.9183,0,0,0,0
300,432,Box,13.2,16.9183,0,0,0,0
300,433,Box,14.4,16.9183,0,0,0,0
300,434,Box,15.6,16.9183,0,0,0,0
300,435,Box,16.8,16.9183,0,0,0,0
300,436,Box,18,16.9183,0,0,0,0
300,437,Box,19.2,16.9183,0,0,0,0
300,438,Box,20.4,16.9183,0,0,0,0
300,439,Box,21.6,16.9183,0,0,0,0
300,440,Box,22.8,16.9183,0,0,0,0
300,441,Box,-24,18.1183,0,0,0,0
300,442,Box,-22.8,18.1183,0,0,0,0
300,443,Box,-21.6,18.1183,0,0,0,0
300,444,Box,-20.4,18.1183,0,0,0,0
300,445,Box,-19.2,18.1183,0,0,0,0
300,446,Box,-18,18.1183,0,0,0,0
300,447,Box,-16.8,18.1183,0,0,0,0
300,448,Box,-15.6,18.1183,0,0,0,0
300,449,Box,-14.4,18.1183,0,0,0,0
300,450,Box,-13.2,18.1183,0,0,0,0
300,451,Box,-12,18.1183,0,0,0,0
300,452,Box,-10.8,18.1183,0,0,0,0
300,453,Box,-9.6,18.1183,0,0,0,0
300,454,Box,-8.4,18.1183,0,0,0,0
300,455,Box,-7.2,18.1183,0,0,0,0
300,456,Box,-6,18.1183,0,0,0,0
300,457,Box,-4.8,18.1183,0,0,0,0
300,458,Box,-3.6,18.1183,0,0,0,0
300,459,Box,-2.4,18.1183,0,0,0,0
300,460,Box,-1.2,18.1183,0,0,0,0
300,461,Box,0,18.1183,0,0,0,0
300,462,Box,1.2,18.1183,0,0,0,0
300,463,Box,2.4,18.1183,0,0,0,0
300,464,Box,3.6,18.1183,0,0,0,0
300,465,Box,4.8,18.1183,0,0,0,0
300,466,Box,6,18.1183,0,0,0,0
300,467,Box,7.2,18.1183,0,0,0,0
300,468,Box,8.4,18.1183,0,0,0,0
300,469,Box,9.6,18.1183,0,0,0,0
300,470,Box,10.8,18.1183,0,0,0,0
300,471,Box,12,18.1183,0,0,0,0
300,472,Box,13.2,18.1183,0,0,0,0
300,473,Box,14.4,18.1183,0,0,0,0
300,474,Box,15.6,18.1183,0,0,0,0
300,475,Box,16.8,18.1183,0,0,0,0
300,476,Box,18,18.1183,0,0,0,0
300,477,Box,19.2,18.1183,0,0,0,0
300,478,Box,20.4,18.1183,0,0,0,0
300,479,Box,21.6,18.1183,0,0,0,0
300,480,Box,22.8,18.1183,0,0,0,0
300,481,Box,-24,19.3183,0,0,0,0
300,482,Box,-22.8,19.3183,0,0,0,0
300,483,Box,-21.6,19.3183,0,0,0,0
300,484,Box,-20.4,19.3183,0,0,0,0
300,485,Box,-19.2,19.3183,0,0,0,0
300,486,Box,-18,19.3183,0,0,0,0
300,487,Box,-16.8,19.3183,0,0,0,0
300,488,Box,-15.6,19.3183,0,0,0,0
300,489,Box,-14.4,19.3183,0,0,0,0
300,490,Box,-13.2,19.3183,0,0,0,0
300,491,Box,-12,19.3183,0,0,0,0
300,492,Box,-10.8,19.3183,0,0,0,0
300,493,Box,-9.6,19.3183,0,0,0,0
300,494,Box,-8.4,19.3183,0,0,0,0
300,495,Box,-7.2,19.3183,0,0,0,0
300,496,Box,-6,19.3183,0,0,0,0
300,497,Box,-4.8,19.3183,0,0,0,0
300,498,Box,-3.6,19.3183,0,0,0,0
300,499,Box,-2.4,19.3183,0,0,0,0
300,500,Box,-1.2,19.3183,0,0,0,0
300,501,Box,0,19.3183,0,0,0,0
300,502,Box,1.2,19.3183,0,0,0,0
300,503,Box,2.4,19.3183,0,0,0,0
300,504,Box,3.6,19.3183,0,0,0,0
300,505,Box,4.8,19.3183,0,0,0,0
300,506,Box,6,19.3183,0,0,0,0
300,507,Box,7.2,19.3183,0,0,0,0
300,508,Box,8.4,19.3183,0,0,0,0
300,509,Box,9.6,19.3183,0,0,0,0
300,510,Box,10.8,19.3183,0,0,0,0
300,511,Box,12,19.3183,0,0,0,0
300,512,Box,13.2,19.3183,0,0,0,0
300,513,Box,14.4,19.3183,0,0,0,0
300,514,Box,15.6,19.3183,0,0,0,0
300,515,Box,16.8,19.3183,0,0,0,0
300,516,Box,18,19.3183,0,0,0,0
300,517,Box,19.2,19.3183,0,0,0,0
300,518,Box,20.4,19.3183,0,0,0,0
300,519,Box,21.6,19.3183,0,0,0,0
300,520,Box,22.8,19.3183,0,0,0,0
300,521,Box,-24,20.5183,0,0,0,0
300,522,Box,-22.8,20.5183,0,0,0,0
300,523,Box,-21.6,20.5183,0,0,0,0
300,524,Box,-20.4,20.5183,0,0,0,0
300,525,Box,-19.2,20.5183,0,0,0,0
300,526,Box,-18,20.5183,0,0,0,0
300,527,Box,-16.8,20.5183,0,0,0,0
300,528,Box,-15.6,20.5183,0,0,0,0
300,529,Box,-14.4,20.5183,0,0,0,0
300,530,Box,-13.2,20.5183,0,0,0,0
300,531,Box,-12,20.5183,0,0,0,0
300,532,Box,-10.8,20.5183,0,0,0,0
300,533,Box,-9.6,20.5183,0,0,0,0
300,534,Box,-8.4,20.5183,0,0,0,0
300,535,Box,-7.2,20.5183,0,0,0,0
300,536,Box,-6,20.5183,0,0,0,0
300,537,Box,-4.8,20.5183,0,0,0,0
300,538,Box,-3.6,20.5183,0,0,0,0
300,539,Box,-2.4,20.5183,0,0,0,0
300,540,Box,-1.2,20.5183,0,0,0,0
300,541,Box,0,20.5183,0,0,0,0
300,542,Box,1.2,20.5183,0,0,0,0
300,543,Box,2.4,20.5183,0,0,0,0
300,544,Box,3.6,20.5183,0,0,0,0
300,545,Box,4.8,20.5183,0,0,0,0
300,546,Box,6,20.5183,0,0,0,0
300,547,Box,7.2,20.5183,0,0,0,0
300,548,Box,8.4,20.5183,0,0,0,0
300,549,Box,9.6,20.5183,0,0,0,0
300,550,Box,10.8,20.5183,0,0,0,0
300,551,Box,12,20.5183,0,0,0,0
300,552,Box,13.2,20.5183,0,0,0,0
300,553,Box,14.4,20.5183,0,0,0,0
300,554,Box,15.6,20.5183,0,0,0,0
300,555,Box,16.8,20.5183,0,0,0,0
300,556,Box,18,20.5183,0,0,0,0
300,557,Box,19.2,20.5183,0,0,0,0
300,558,Box,20.4,20.5183,0,0,0,0
300,559,Box,21.6,20.5183,0,0,0,0
300,560,Box,22.8,20.5183,0,0,0,0
300,561,Box,-24,21.7183,0,0,0,0
300,562,Box,-22.8,21.7183,0,0,0,0
300,563,Box,-21.6,21.7183,0,0,0,0
300,564,Box,-20.4,21.7183,0,0,0,0
300,565,Box,-19.2,21.7183,0,0,0,0
300,566,Box,-18,21.7183,0,0,0,0
300,567,Box,-16.8,21.7183,0,0,0,0
300,568,Box,-15.6,21.7183,0,0,0,0
300,569,Box,-14.4,21.7183,0,0,0,0
300,570,Box,-13.2,21.7183,0,0,0,0
300,571,Box,-12,21.7183,0,0,0,0
300,572,Box,-10.8,21.7183,0,0,0,0
300,573,Box,-9.6,21.7183,0,0,0,0
300,574,Box,-8.4,21.7183,0,0,0,0
300,575,Box,-7.2,21.7183,0,0,0,0
300,576,Box,-6,21.7183,0,0,0,0
300,577,Box,-4.8,21.7183,0,0,0,0
300,578,Box,-3.6,21.7183,0,0,0,0
300,579,Box,-2.4,21.7183,0,0,0,0
300,580,Box,-1.2,21.7183,0,0,0,0
300,581,Box,0,21.7183,0,0,0,0
300,582,Box,1.2,21.7183,0,0,0,0
300,583,Box,2.4,21.7183,0,0,0,0
300,584,Box,3.6,21.7183,0,0,0,0
300,585,Box,4.8,21.7183,0,0,0,0
300,586,Box,6,21.7183,0,0,0,0
300,587,Box,7.2,21.7183,0,0,0,0
300,588,Box,8.4,21.7183,0,0,0,0
300,589,Box,9.6,21.7183,0,0,0,0
300,590,Box,10.8,21.7183,0,0,0,0
300,591,Box,12,21.7183,0,0,0,0
300,592,Box,13.2,21.7183,0,0,0,0
300,593,Box,14.4,21.7183,0,0,0,0
300,594,Box,15.6,21.7183,0,0,0,0
300,595,Box,16.8,21.7183,0,0,0,0
300,596,Box,18,21.7183,0,0,0,0
300,597,Box,19.2,21.7183,0,0,0,0
300,598,Box,20.4,21.7183,0,0,0,0
300,599,Box,21.6,21.7183,0,0,0,0
300,600,Box,22.8,21.7183,0,0,0,0
300,601,Box,-24,22.9183,0,0,0,0
300,602,Box,-22.8,22.9183,0,0,0,0
300,603,Box,-21.6,22.9183,0,0,0,0
300,604,Box,-20.4,22.9183,0,0,0,0
300,605,Box,-19.2,22.9183,0,0,0,0
300,606,Box,-18,22.9183,0,0,0,0
300,607,Box,-16.8,22.9183,0,0,0,0
300,608,Box,-15.6,22.9183,0,0,0,0
300,609,Box,-14.4,22.9183,0,0,0,0
300,610,Box,-13.2,22.9183,0,0,0,0
300,611,Box,-12,22.9183,0,0,0,0
300,612,Box,-10.8,22.9183,0,0,0,0
300,613,Box,-9.6,22.9183,0,0,0,0
300,614,Box,-8.4,22.9183,0,0,0,0
300,615,Box,-7.2,22.9183,0,0,0,0
300,616,Box,-6,22.9183,0,0,0,0
300,617,Box,-4.8,22.9183,0,0,0,0
300,618,Box,-3.6,22.9183,0,0,0,0
300,619,Box,-2.4,22.9183,0,0,0,0
300,620,Box,-1.2,22.9183,0,0,0,0
300,621,Box,0,22.9183,0,0,0,0
300,622,Box,1.2,22.9183,0,0,0,0
300,623,Box,2.4,22.9183,0,0,0,0
300,624,Box,3.6,22.9183,0,0,0,0
300,625,Box,4.8,22.9183,0,0,0,0
300,626,Box,6,22.9183,0,0,0,0
300,627,Box,7.2,22.9183,0,0,0,0
300,628,Box,8.4,22.9183,0,0,0,0
300,629,Box,9.6,22.9183,0,0,0,0
300,630,Box,10.8,22.9183,0,0,0,0
300,631,Box,12,22.9183,0,0,0,0
300,632,Box,13.2,22.9183,0,0,0,0
300,633,Box,14.4,22.9183,0,0,0,0
300,634,Box,15.6,22.9183,0,0,0,0
300,635,Box,16.8,22.9183,0,0,0,0
300,636,Box,18,22.9183,0,0,0,0
300,637,Box,19.2,22.9183,0,0,0,0
300,638,Box,20.4,22.9183,0,0,0,0
300,639,Box,21.6,22.9183,0,0,0,0
300,640,Box,22.8,22.9183,0,0,0,0
300,641,Box,-24,24.1183,0,0,0,0
300,642,Box,-22.8,24.1183,0,0,0,0
300,643,Box,-21.6,24.1183,0,0,0,0
300,644,Box,-20.4,24.1183,0,0,0,0
300,645,Box,-19.2,24.1183,0,0,0,0
300,646,Box,-18,24.1183,0,0,0,0
300,647,Box,-16.8,24.1183,0,0,0,0
300,648,Box,-15.6,24.1183,0,0,0,0
300,649,Box,-14.4,24.1183,0,0,0,0
300,650,Box,-13.2,24.1183,0,0,0,0
300,651,Box,-12,24.1183,0,0,0,0
300,652,Box,-10.8,24.1183,0,0,0,0
300,653,Box,-9.6,24.1183,0,0,0,0
300,654,Box,-8.4,24.1183,0,0,0,0
300,655,Box,-7.2,24.1183,0,0,0,0
300,656,Box,-6,24.1183,0,0,0,0
300,657,Box,-4.8,24.1183,0,0,0,0
300,658,Box,-3.6,24.1183,0,0,0,0
300,659,Box,-2.4,24.1183,0,0,0,0
300,660,Box,-1.2,24.1183,0,0,0,0
300,661,Box,0,24.1183,0,0,0,0
300,662,Box,1.2,24.1183,0,0,0,0
300,663,Box,2.4,24.1183,0,0,0,0
300,664,Box,3.6,24.1183,0,0,0,0
300,665,Box,4.8,24.1183,0,0,0,0
300,666,Box,6,24.1183,0,0,0,0
300,667,Box,7.2,24.1183,0,0,0,0
300,668,Box,8.4,24.1183,0,0,0,0
300,669,Box,9.6,24.1183,0,0,0,0
300,670,Box,10.8,24.1183,0,0,0,0
300,671,Box,12,24.1183,0,0,0,0
300,672,Box,13.2,24.1183,0,0,0,0
300,673,Box,14.4,24.1183,0,0,0,0
300,674,Box,15.6,24.1183,0,0,0,0
300,675,Box,16.8,24.1183,0,0,0,0
300,676,Box,18,24.1183,0,0,0,0
300,677,Box,19.2,24.1183,0,0,0,0
300,678,Box,20.4,24.1183,0,0,0,0
300,679,Box,21.6,24.1183,0,0,0,0
300,680,Box,22.8,24.1183,0,0,0,0
300,681,Box,-24,25.3183,0,0,0,0
300,682,Box,-22.8,25.3183,0,0,0,0
300,683,Box,-21.6,25.3183,0,0,0,0
300,684,Box,-20.4,25.3183,0,0,0,0
300,685,Box,-19.2,25.3183,0,0,0,0
300,686,Box,-18,25.3183,0,0,0,0
300,687,Box,-16.8,25.3183,0,0,0,0
300,688,Box,-15.6,25.3183,0,0,0,0
300,689,Box,-14.4,25.3183,0,0,0,0
300,690,Box,-13.2,25.3183,0,0,0,0
300,691,Box,-12,25.3183,0,0,0,0
300,692,Box,-10.8,25.3183,0,0,0,0
300,693,Box,-9.6,25.3183,0,0,0,0
300,694,Box,-8.4,25.3183,0,0,0,0
300,695,Box,-7.2,25.3183,0,0,0,0
300,696,Box,-6,25.3183,0,0,0,0
300,697,Box,-4.8,25.3183,0,0,0,0
300,698,Box,-3.6,25.3183,0,0,0,0
300,699,Box,-2.4,25.3183,0,0,0,0
300,700,Box,-1.2,25.3183,0,0,0,0
300,701,Box,0,25.3183,0,0,0,0
300,702,Box,1.2,25.3183,0,0,0,0
300,703,Box,2.4,25.3183,0,0,0,0
300,704,Box,3.6,25.3183,0,0,0,0
300,705,Box,4.8,25.3183,0,0,0,0
300,706,Box,6,25.3183,0,0,0,0
300,707,Box,7.2,25.3183,0,0,0,0
300,708,Box,8.4,25.3183,0,0,0,0
300,709,Box,9.6,25.3183,0,0,0,0
300,710,Box,10.8,25.3183,0,0,0,0
300,711,Box,12,25.3183,0,0,0,0
300,712,Box,13.2,25.3183,0,0,0,0
300,713,Box,14.4,25.3183,0,0,0,0
300,714,Box,15.6,25.3183,0,0,0,0
300,715,Box,16.8,25.3183,0,0,0,0
300,716,Box,18,25.3183,0,0,0,0
300,717,Box,19.2,25.3183,0,0,0,0
300,718,Box,20.4,25.3183,0,0,0,0
300,719,Box,21.6,25.3183,0,0,0,0
300,720,Box,22.8,25.3183,0,0,0,0
300,721,Box,-24,26.5183,0,0,0,0
300,722,Box,-22.8,26.5183,0,0,0,0
300,723,Box,-21.6,26.5183,0,0,0,0
300,724,Box,-20.4,26.5183,0,0,0,0
300,725,Box,-19.2,26.5183,0,0,0,0
300,726,Box,-18,26.5183,0,0,0,0
300,727,Box,-16.8,26.5183,0,0,0,0
300,728,Box,-15.6,26.5183,0,0,0,0
300,729,Box,-14.4,26.5183,0,0,0,0
300,730,Box,-13.2,26.5183,0,0,0,0
300,731,Box,-12,26.5183,0,0,0,0
300,732,Box,-10.8,26.5183,0,0,0,0
300,733,Box,-9.6,26.5183,0,0,0,0
300,734,Box,-8.4,26.5183,0,0,0,0
300,735,Box,-7.2,26.5183,0,0,0,0
300,736,Box,-6,26.5183,0,0,0,0
300,737,Box,-4.8,26.5183,0,0,0,0
300,738,Box,-3.6,26.5183,0,0,0,0
300,739,Box,-2.4,26.5183,0,0,0,0
300,740,Box,-1.2,26.5183,0,0,0,0
300,741,Box,0,26.5183,0,0,0,0
300,742,Box,1.2,26.5183,0,0,0,0
300,743,Box,2.4,26.5183,0,0,0,0
300,744,Box,3.6,26.5183,0,0,0,0
300,745,Box,4.8,26.5183,0,0,0,0
300,746,Box,6,26.5183,0,0,0,0
300,747,Box,7.2,26.5183,0,0,0,0
300,748,Box,8.4,26.5183,0,0,0,0
300,749,Box,9.6,26.5183,0,0,0,0
300,750,Box,10.8,26.5183,0,0,0,0
300,751,Box,12,26.5183,0,0,0,0
300,752,Box,13.2,26.5183,0,0,0,0
300,753,Box,14.4,26.5183,0,0,0,0
300,754,Box,15.6,26.5183,0,0,0,0
300,755,Box,16.8,26.5183,0,0,0,0
300,756,Box,18,26.5183,0,0,0,0
300,757,Box,19.2,26.5183,0,0,0,0
300,758,Box,20.4,26.5183,0,0,0,0
300,759,Box,21.6,26.5183,0,0,0,0
300,760,Box,22.8,26.5183,0,0,0,0
300,761,Box,-24,27.7183,0,0,0,0
300,762,Box,-22.8,27.7183,0,0,0,0
300,763,Box,-21.6,27.7183,0,0,0,0
300,764,Box,-20.4,27.7183,0,0,0,0
300,765,Box,-19.2,27.7183,0,0,0,0
300,766,Box,-18,27.7183,0,0,0,0
300,767,Box,-16.8,27.7183,0,0,0,0
300,768,Box,-15.6,27.7183,0,0,0,0
300,769,Box,-14.4,27.7183,0,0,0,0
300,770,Box,-13.2,27.7183,0,0,0,0
300,771,Box,-12,27.7183,0,0,0,0
300,772,Box,-10.8,27.7183,0,0,0,0
300,773,Box,-9.6,27.7183,0,0,0,0
300,774,Box,-8.4,27.7183,0,0,0,0
300,775,Box,-7.2,27.7183,0,0,0,0
300,776,Box,-6,27.7183,0,0,0,0
300,777,Box,-4.8,27.7183,0,0,0,0
300,778,Box,-3.6,27.7183,0,0,0,0
300,779,Box,-2.4,27.7183,0,0,0,0
300,780,Box,-1.2,27.7183,0,0,0,0
300,781,Box,0,27.7183,0,0,0,0
300,782,Box,1.2,27.7183,0,0,0,0
300,783,Box,2.4,27.7183,0,0,0,0
300,784,Box,3.6,27.7183,0,0,0,0
300,785,Box,4.8,27.7183,0,0,0,0
300,786,Box,6,27.7183,0,0,0,0
300,787,Box,7.2,27.7183,0,0,0,0
300,788,Box,8.4,27.7183,0,0,0,0
300,789,Box,9.6,27.7183,0,0,0,0
300,790,Box,10.8,27.7183,0,0,0,0
300,791,Box,12,27.7183,0,0,0,0
300,792,Box,13.2,27.7183,0,0,0,0
300,793,Box,14.4,27.7183,0,0,0,0
300,794,Box,15.6,27.7183,0,0,0,0
300,795,Box,16.8,27.7183,0,0,0,0
300,796,Box,18,27.7183,0,0,0,0
300,797,Box,19.2,27.7183,0,0,0,0
300,798,Box,20.4,27.7183,0,0,0,0
300,799,Box,21.6,27.7183,0,0,0,0
300,800,Box,22.8,27.7183,0,0,0,0
300,801,Box,-24,28.9183,0,0,0,0
300,802,Box,-22.8,28.9183,0,0,0,0
300,803,Box,-21.6,28.9183,0,0,0,0
300,804,Box,-20.4,28.9183,0,0,0,0
300,805,Box,-19.2,28.9183,0,0,0,0
300,806,Box,-18,28.9183,0,0,0,0
300,807,Box,-16.8,28.9183,0,0,0,0
300,808,Box,-15.6,28.9183,0,0,0,0
300,809,Box,-14.4,28.9183,0,0,0,0
300,810,Box,-13.2,28.9183,0,0,0,0
300,811,Box,-12,28.9183,0,0,0,0
300,812,Box,-10.8,28.9183,0,0,0,0
300,813,Box,-9.6,28.9183,0,0,0,0
300,814,Box,-8.4,28.9183,0,0,0,0
300,815,Box,-7.2,28.9183,0,0,0,0
300,816,Box,-6,28.9183,0,0,0,0
300,817,Box,-4.8,28.9183,0,0,0,0
300,818,Box,-3.6,28.9183,0,0,0,0
300,819,Box,-2.4,28.9183,0,0,0,0
300,820,Box,-1.2,28.9183,0,0,0,0
300,821,Box,0,28.9183,0,0,0,0
300,822,Box,1.2,28.9183,0,0,0,0
300,823,Box,2.4,28.9183,0,0,0,0
300,824,Box,3.6,28.9183,0,0,0,0
300,825,Box,4.8,28.9183,0,0,0,0
300,826,Box,6,28.9183,0,0,0,0
300,827,Box,7.2,28.9183,0,0,0,0
300,828,Box,8.4,28.9183,0,0,0,0
300,829,Box,9.6,28.9183,0,0,0,0
300,830,Box,10.8,28.9183,0,0,0,0
300,831,Box,12,28.9183,0,0,0,0
300,832,Box,13.2,28.9183,0,0,0,0
300,833,Box,14.4,28.9183,0,0,0,0
300,834,Box,15.6,28.9183,0,0,0,0
300,835,Box,16.8,28.9183,0,0,0,0
300,836,Box,18,28.9183,0,0,0,0
300,837,Box,19.2,28.9183,0,0,0,0
300,838,Box,20.4,28.9183,0,0,0,0
300,839,Box,21.6,28.9183,0,0,0,0
300,840,Box,22.8,28.9183,0,0,0,0
300,841,Box,-24,30.1183,0,0,0,0
300,842,Box,-22.8,30.1183,0,0,0,0
300,843,Box,-21.6,30.1183,0,0,0,0
300,844,Box,-20.4,30.1183,0,0,0,0
300,845,Box,-19.2,30.1183,0,0,0,0
300,846,Box,-18,30.1183,0,0,0,0
300,847,Box,-16.8,30.1183,0,0,0,0
300,848,Box,-15.6,30.1183,0,0,0,0
300,849,Box,-14.4,30.1183,0,0,0,0
300,850,Box,-13.2,30.1183,0,0,0,0
300,851,Box,-12,30.1183,0,0,0,0
300,852,Box,-10.8,30.1183,0,0,0,0
300,853,Box,-9.6,30.1183,0,0,0,0
300,854,Box,-8.4,30.1183,0,0,0,0
300,855,Box,-7.2,30.1183,0,0,0,0
300,856,Box,-6,30.1183,0,0,0,0
300,857,Box,-4.8,30.1183,0,0,0,0
300,858,Box,-3.6,30.1183,0,0,0,0
300,859,Box,-2.4,30.1183,0,0,0,0
300,860,Box,-1.2,30.1183,0,0,0,0
300,861,Box,0,30.1183,0,0,0,0
300,862,Box,1.2,30.1183,0,0,0,0
300,863,Box,2.4,30.1183,0,0,0,0
300,864,Box,3.6,30.1183,0,0,0,0
300,865,Box,4.8,30.1183,0,0,0,0
300,866,Box,6,30.1183,0,0,0,0
300,867,Box,7.2,30.1183,0,0,0,0
300,868,Box,8.4,30.1183,0,0,0,0
300,869,Box,9.6,30.1183,0,0,0,0
300,870,Box,10.8,30.1183,0,0,0,0
300,871,Box,12,30.1183,0,0,0,0
300,872,Box,13.2,30.1183,0,0,0,0
300,873,Box,14.4,30.1183,0,0,0,0
300,874,Box,15.6,30.1183,0,0,0,0
300,875,Box,16.8,30.1183,0,0,0,0
300,876,Box,18,30.1183,0,0,0,0
300,877,Box,19.2,30.1183,0,0,0,0
300,878,Box,20.4,30.1183,0,0,0,0
300,879,Box,21.6,30.1183,0,0,0,0
300,880,Box,22.8,30.1183,0,0,0,0
300,881,Box,-24,31.3183,0,0,0,0
300,882,Box,-22.8,31.3183,0,0,0,0
300,883,Box,-21.6,31.3183,0,0,0,0
300,884,Box,-20.4,31.3183,0,0,0,0
300,885,Box,-19.2,31.3183,0,0,0,0
300,886,Box,-18,31.3183,0,0,0,0
300,887,Box,-16.8,31.3183,0,0,0,0
300,888,Box,-15.6,31.3183,0,0,0,0
300,889,Box,-14.4,31.3183,0,0,0,0
300,890,Box,-13.2,31.3183,0,0,0,0
300,891,Box,-12,31.3183,0,0,0,0
300,892,Box,-10.8,31.3183,0,0,0,0
300,893,Box,-9.6,31.3183,0,0,0,0
300,894,Box,-8.4,31.3183,0,0,0,0
300,895,Box,-7.2,31.3183,0,0,0,0
300,896,Box,-6,31.3183,0,0,0,0
300,897,Box,-4.8,31.3183,0,0,0,0
300,898,Box,-3.6,31.3183,0,0,0,0
300,899,Box,-2.4,31.3183,0,0,0,0
300,900,Box,-1.2,31.3183,0,0,0,0
300,901,Box,0,31.3183,0,0,0,0
300,902,Box,1.2,31.3183,0,0,0,0
300,903,Box,2.4,31.3183,0,0,0,0
300,904,Box,3.6,31.3183,0,0,0,0
300,905,Box,4.8,31.3183,0,0,0,0
300,906,Box,6,31.3183,0,0,0,0
300,907,Box,7.2,31.3183,0,0,0,0
300,908,Box,8.4,31.3183,0,0,0,0
300,909,Box,9.6,31.3183,0,0,0,0
300,910,Box,10.8,31.3183,0,0,0,0
300,911,Box,12,31.3183,0,0,0,0
300,912,Box,13.2,31.3183,0,0,0,0
300,913,Box,14.4,31.3183,0,0,0,0
300,914,Box,15.6,31.3183,0,0,0,0
300,915,Box,16.8,31.3183,0,0,0,0
300,916,Box,18,31.3183,0,0,0,0
300,917,Box,19.2,31.3183,0,0,0,0
300,918,Box,20.4,31.3183,0,0,0,0
300,919,Box,21.6,31.3183,0,0,0,0
300,920,Box,22.8,31.3183,0,0,0,0
300,921,Box,-24,32.5183,0,0,0,0
300,922,Box,-22.8,32.5183,0,0,0,0
300,923,Box,-21.6,32.5183,0,0,0,0
300,924,Box,-20.4,32.5183,0,0,0,0
300,925,Box,-19.2,32.5183,0,0,0,0
300,926,Box,-18,32.5183,0,0,0,0
300,927,Box,-16.8,32.5183,0,0,0,0
300,928,Box,-15.6,32.5183,0,0,0,0
300,929,Box,-14.4,32.5183,0,0,0,0
300,930,Box,-13.2,32.5183,0,0,0,0
300,931,Box,-12,32.5183,0,0,0,0
300,932,Box,-10.8,32.5183,0,0,0,0
300,933,Box,-9.6,32.5183,0,0,0,0
300,934,Box,-8.4,32.5183,0,0,0,0
300,935,Box,-7.2,32.5183,0,0,0,0
300,936,Box,-6,32.5183,0,0,0,0
300,937,Box,-4.8,32.5183,0,0,0,0
300,938,Box,-3.6,32.5183,0,0,0,0
300,939,Box,-2.4,32.5183,0,0,0,0
300,940,Box,-1.2,32.5183,0,0,0,0
300,941,Box,0,32.5183,0,0,0,0
300,942,Box,1.2,32.5183,0,0,0,0
300,943,Box,2.4,32.5183,0,0,0,0
300,944,Box,3.6,32.5183,0,0,0,0
300,945,Box,4.8,32.5183,0,0,0,0
300,946,Box,6,32.5183,0,0,0,0
300,947,Box,7.2,32.5183,0,0,0,0
300,948,Box,8.4,32.5183,0,0,0,0
300,949,Box,9.6,32.5183,0,0,0,0
300,950,Box,10.8,32.5183,0,0,0,0
300,951,Box,12,32.5183,0,0,0,0
300,952,Box,13.2,32.5183,0,0,0,0
300,953,Box,14.4,32.5183,0,0,0,0
300,954,Box,15.6,32.5183,0,0,0,0
300,955,Box,16.8,32.5183,0,0,0,0
300,956,Box,18,32.5183,0,0,0,0
300,957,Box,19.2,32.5183,0,0,0,0
300,958,Box,20.4,32.5183,0,0,0,0
300,959,Box,21.6,32.5183,0,0,0,0
300,960,Box,22.8,32.5183,0,0,0,0
300,961,Box,-24,33.7183,0,0,0,0
300,962,Box,-22.8,33.7183,0,0,0,0
300,963,Box,-21.6,33.7183,0,0,0,0
300,964,Box,-20.4,33.7183,0,0,0,0
300,965,Box,-19.2,33.7183,0,0,0,0
300,966,Box,-18,33.7183,0,0,0,0
300,967,Box,-16.8,33.7183,0,0,0,0
300,968,Box,-15.6,33.7183,0,0,0,0
300,969,Box,-14.4,33.7183,0,0,0,0
300,970,Box,-13.2,33.7183,0,0,0,0
300,971,Box,-12,33.7183,0,0,0,0
300,972,Box,-10.8,33.7183,0,0,0,0
300,973,Box,-9.6,33.7183,0,0,0,0
300,974,Box,-8.4,33.7183,0,0,0,0
300,975,Box,-7.2,33.7183,0,0,0,0
300,976,Box,-6,33.7183,0,0,0,0
300,977,Box,-4.8,33.7183,0,0,0,0
300,978,Box,-3.6,33.7183,0,0,0,0
300,979,Box,-2.4,33.7183,0,0,0,0
300,980,Box,-1.2,33.7183,0,0,0,0
300,981,Box,0,33.7183,0,0,0,0
300,982,Box,1.2,33.7183,0,0,0,0
300,983,Box,2.4,33.7183,0,0,0,0
300,984,Box,3.6,33.7183,0,0,0,0
300,985,Box,4.8,33.7183,0,0,0,0
300,986,Box,6,33.7183,0,0,0,0
300,987,Box,7.2,33.7183,0,0,0,0
300,988,Box,8.4,33.7183,0,0,0,0
300,989,Box,9.6,33.7183,0,0,0,0
300,990,Box,10.8,33.7183,0,0,0,0
300,991,Box,12,33.7183,0,0,0,0
300,992,Box,13.2,33.7183,0,0,0,0
300,993,Box,14.4,33.7183,0,0,0,0
300,994,Box,15.6,33.7183,0,0,0,0
300,995,Box,16.8,33.7183,0,0,0,0
300,996,Box,18,33.7183,0,0,0,0
300,997,Box,19.2,33.7183,0,0,0,0
300,998,Box,20.4,33.7183,0,0,0,0
300,999,Box,21.6,33.7183,0,0,0,0
300,1000,Box,22.8,33.7183,0,0,0,0
300,1001,Box,-24,34.9183,0,0,0,0
300,1002,Box,-22.8,34.9183,0,0,0,0
300,1003,Box,-21.6,34.9183,0,0,0,0
300,1004,Box,-20.4,34.9183,0,0,0,0
300,1005,Box,-19.2,34.9183,0,0,0,0
300,1006,Box,-18,34.9183,0,0,0,0
300,1007,Box,-16.8,34.9183,0,0,0,0
300,1008,Box,-15.6,34.9183,0,0,0,0
300,1009,Box,-14.4,34.9183,0,0,0,0
300,1010,Box,-13.2,34.9183,0,0,0,0
300,1011,Box,-12,34.9183,0,0,0,0
300,1012,Box,-10.8,34.9183,0,0,0,0
300,1013,Box,-9.6,34.9183,0,0,0,0
300,1014,Box,-8.4,34.9183,0,0,0,0
300,1015,Box,-7.2,34.9183,0,0,0,0
300,1016,Box,-6,34.9183,0,0,0,0
300,1017,Box,-4.8,34.9183,0,0,0,0
300,1018,Box,-3.6,34.9183,0,0,0,0
300,1019,Box,-2.4,34.9183,0,0,0,0
300,1020,Box,-1.2,34.9183,0,0,0,0
300,1021,Box,0,34.9183,0,0,0,0
300,1022,Box,1.2,34.9183,0,0,0,0
300,1023,Box,2.4,34.9183,0,0,0,0
300,1024,Box,3.6,34.9183,0,0,0,0
300,1025,Box,4.8,34.9183,0,0,0,0
300,1026,Box,6,34.9183,0,0,0,0
300,1027,Box,7.2,34.9183,0,0,0,0
300,1028,Box,8.4,34.9183,0,0,0,0
300,1029,Box,9.6,34.9183,0,0,0,0
300,1030,Box,10.8,34.9183,0,0,0,0
300,1031,Box,12,34.9183,0,0,0,0
300,1032,Box,13.2,34.9183,0,0,0,0
300,1033,Box,14.4,34.9183,0,0,0,0
300,1034,Box,15.6,34.9183,0,0,0,0
300,1035,Box,16.8,34.9183,0,0,0,0
300,1036,Box,18,34.9183,0,0,0,0
300,1037,Box,19.2,34.9183,0,0,0,0
300,1038,Box,20.4,34.9183,0,0,0,0
300,1039,Box,21.6,34.9183,0,0,0,0
300,1040,Box,22.8,34.9183,0,0,0,0
300,1041,Box,-24,36.1183,0,0,0,0
300,1042,Box,-22.8,36.1183,0,0,0,0
300,1043,Box,-21.6,36.1183,0,0,0,0
300,1044,Box,-20.4,36.1183,0,0,0,0
300,1045,Box,-19.2,36.1183,0,0,0,0
300,1046,Box,-18,36.1183,0,0,0,0
300,1047,Box,-16.8,36.1183,0,0,0,0
300,1048,Box,-15.6,36.1183,0,0,0,0
300,1049,Box,-14.4,36.1183,0,0,0,0
300,1050,Box,-13.2,36.1183,0,0,0,0
300,1051,Box,-12,36.1183,0,0,0,0
300,1052,Box,-10.8,36.1183,0,0,0,0
300,1053,Box,-9.6,36.1183,0,0,0,0
300,1054,Box,-8.4,36.1183,0,0,0,0
300,1055,Box,-7.2,36.1183,0,0,0,0
300,1056,Box,-6,36.1183,0,0,0,0
300,1057,Box,-4.8,36.1183,0,0,0,0
300,1058,Box,-3.6,36.1183,0,0,0,0
300,1059,Box,-2.4,36.1183,0,0,0,0
300,1060,Box,-1.2,36.1183,0,0,0,0
300,1061,Box,0,36.1183,0,0,0,0
300,1062,Box,1.2,36.1183,0,0,0,0
300,1063,Box,2.4,36.1183,0,0,0,0
300,1064,Box,3.6,36.1183,0,0,0,0
300,1065,Box,4.8,36.1183,0,0,0,0
300,1066,Box,6,36.1183,0,0,0,0
300,1067,Box,7.2,36.1183,0,0,0,0
300,1068,Box,8.4,36.1183,0,0,0,0
300,1069,Box,9.6,36.1183,0,0,0,0
300,1070,Box,10.8,36.1183,0,0,0,0
300,1071,Box,12,36.1183,0,0,0,0
300,1072,Box,13.2,36.1183,0,0,0,0
300,1073,Box,14.4,36.1183,0,0,0,0
300,1074,Box,15.6,36.1183,0,0,0,0
300,1075,Box,16.8,36.1183,0,0,0,0
300,1076,Box,18,36.1183,0,0,0,0
300,1077,Box,19.2,36.1183,0,0,0,0
300,1078,Box,20.4,36.1183,0,0,0,0
300,1079,Box,21.6,36.1183,0,0,0,0
300,1080,Box,22.8,36.1183,0,0,0,0
300,1081,Box,-24,37.3183,0,0,0,0
300,1082,Box,-22.8,37.3183,0,0,0,0
300,1083,Box,-21.6,37.3183,0,0,0,0
300,1084,Box,-20.4,37.3183,0,0,0,0
300,1085,Box,-19.2,37.3183,0,0,0,0
300,1086,Box,-18,37.3183,0,0,0,0
300,1087,Box,-16.8,37.3183,0,0,0,0
300,1088,Box,-15.6,37.3183,0,0,0,0
300,1089,Box,-14.4,37.3183,0,0,0,0
300,1090,Box,-13.2,37.3183,0,0,0,0
300,1091,Box,-12,37.3183,0,0,0,0
300,1092,Box,-10.8,37.3183,0,0,0,0
300,1093,Box,-9.6,37.3183,0,0,0,0
300,1094,Box,-8.4,37.3183,0,0,0,0
300,1095,Box,-7.2,37.3183,0,0,0,0
300,1096,Box,-6,37.3183,0,0,0,0
300,1097,Box,-4.8,37.3183,0,0,0,0
300,1098,Box,-3.6,37.3183,0,0,0,0
300,1099,Box,-2.4,37.3183,0,0,0,0
300,1100,Box,-1.2,37.3183,0,0,0,0
300,1101,Box,0,37.3183,0,0,0,0
300,1102,Box,1.2,37.3183,0,0,0,0
300,1103,Box,2.4,37.3183,0,0,0,0
300,1104,Box,3.6,37.3183,0,0,0,0
300,1105,Box,4.8,37.3183,0,0,0,0
300,1106,Box,6,37.3183,0,0,0,0
300,1107,Box,7.2,37.3183,0,0,0,0
300,1108,Box,8.4,37.3183,0,0,0,0
300,1109,Box,9.6,37.3183,0,0,0,0
300,1110,Box,10.8,37.3183,0,0,0,0
300,1111,Box,12,37.3183,0,0,0,0
300,1112,Box,13.2,37.3183,0,0,0,0
300,1113,Box,14.4,37.3183,0,0,0,0
300,1114,Box,15.6,37.3183,0,0,0,0
300,1115,Box,16.8,37.3183,0,0,0,0
300,1116,Box,18,37.3183,0,0,0,0
300,1117,Box,19.2,37.3183,0,0,0,0
300,1118,Box,20.4,37.3183,0,0,0,0
300,1119,Box,21.6,37.3183,0,0,0,0
300,1120,Box,22.8,37.3183,0,0,0,0
300,1121,Box,-24,38.5183,0,0,0,0
300,1122,Box,-22.8,38.5183,0,0,0,0
300,1123,Box,-21.6,38.5183,0,0,0,0
300,1124,Box,-20.4,38.5183,0,0,0,0
300,1125,Box,-19.2,38.5183,0,0,0,0
300,1126,Box,-18,38.5183,0,0,0,0
300,1127,Box,-16.8,38.5183,0,0,0,0
300,1128,Box,-15.6,38.5183,0,0,0,0
300,1129,Box,-14.4,38.5183,0,0,0,0
300,1130,Box,-13.2,38.5183,0,0,0,0
300,1131,Box,-12,38.5183,0,0,0,0
300,1132,Box,-10.8,38.5183,0,0,0,0
300,1133,Box,-9.6,38.5183,0,0,0,0
300,1134,Box,-8.4,38.5183,0,0,0,0
300,1135,Box,-7.2,38.5183,0,0,0,0
300,1136,Box,-6,38.5183,0,0,0,0
300,1137,Box,-4.8,38.5183,0,0,0,0
300,1138,Box,-3.6,38.5183,0,0,0,0
300,1139,Box,-2.4,38.5183,0,0,0,0
300,1140,Box,-1.2,38.5183,0,0,0,0
300,1141,Box,0,38.5183,0,0,0,0
300,1142,Box,1.2,38.5183,0,0,0,0
300,1143,Box,2.4,38.5183,0,0,0,0
300,1144,Box,3.6,38.5183,0,0,0,0
300,1145,Box,4.8,38.5183,0,0,0,0
300,1146,Box,6,38.5183,0,0,0,0
300,1147,Box,7.2,38.5183,0,0,0,0
300,1148,Box,8.4,38.5183,0,0,0,0
300,1149,Box,9.6,38.5183,0,0,0,0
300,1150,Box,10.8,38.5183,0,0,0,0
300,1151,Box,12,38.5183,0,0,0,0
300,1152,Box,13.2,38.5183,0,0,0,0
300,1153,Box,14.4,38.5183,0,0,0,0
300,1154,Box,15.6,38.5183,0,0,0,0
300,1155,Box,16.8,38.5183,0,0,0,0
300,1156,Box,18,38.5183,0,0,0,0
300,1157,Box,19.2,38.5183,0,0,0,0
300,1158,Box,20.4,38.5183,0,0,0,0
300,1159,Box,21.6,38.5183,0,0,0,0
300,1160,Box,22.8,38.5183,0,0,0,0
300,1161,Box,-24,39.7183,0,0,0,0
300,1162,Box,-22.8,39.7183,0,0,0,0
300,1163,Box,-21.6,39.7183,0,0,0,0
300,1164,Box,-20.4,39.7183,0,0,0,0
300,1165,Box,-19.2,39.7183,0,0,0,0
300,1166,Box,-18,39.7183,0,0,0,0
300,1167,Box,-16.8,39.7183,0,0,0,0
300,1168,Box,-15.6,39.7183,0,0,0,0
300,1169,Box,-14.4,39.7183,0,0,0,0
300,1170,Box,-13.2,39.7183,0,0,0,0
300,1171,Box,-12,39.7183,0,0,0,0
300,1172,Box,-10.8,39.7183,0,0,0,0
300,1173,Box,-9.6,39.7183,0,0,0,0
300,1174,Box,-8.4,39.7183,0,0,0,0
300,1175,Box,-7.2,39.7183,0,0,0,0
300,1176,Box,-6,39.7183,0,0,0,0
300,1177,Box,-4.8,39.7183,0,0,0,0
300,1178,Box,-3.6,39.7183,0,0,0,0
300,1179,Box,-2.4,39.7183,0,0,0,0
300,1180,Box,-1.2,39.7183,0,0,0,0
300,1181,Box,0,39.7183,0,0,0,0
300,1182,Box,1.2,39.7183,0,0,0,0
300,1183,Box,2.4,39.7183,0,0,0,0
300,1184,Box,3.6,39.7183,0,0,0,0
300,1185,Box,4.8,39.7183,0,0,0,0
300,1186,Box,6,39.7183,0,0,0,0
300,1187,Box,7.2,39.7183,0,0,0,0
300,1188,Box,8.4,39.7183,0,0,0,0
300,1189,Box,9.6,39.7183,0,0,0,0
300,1190,Box,10.8,39.7183,0,0,0,0
300,1191,Box,12,39.7183,0,0,0,0
300,1192,Box,13.2,39.7183,0,0,0,0
300,1193,Box,14.4,39.7183,0,0,0,0
300,1194,Box,15.6,39.7183,0,0,0,0
300,1195,Box,16.8,39.7183,0,0,0,0
300,1196,Box,18,39.7183,0,0,0,0
300,1197,Box,19.2,39.7183,0,0,0,0
300,1198,Box,20.4,39.7183,0,0,0,0
300,1199,Box,21.6,39.7183,0,0,0,0
300,1200,Box,22.8,39.7183,0,0,0,0
300,1201,Box,-24,40.9183,0,0,0,0
300,1202,Box,-22.8,40.9183,0,0,0,0
300,1203,Box,-21.6,40.9183,0,0,0,0
300,1204,Box,-20.4,40.9183,0,0,0,0
300,1205,Box,-19.2,40.9183,0,0,0,0
300,1206,Box,-18,40.9183,0,0,0,0
300,1207,Box,-16.8,40.9183,0,0,0,0
300,1208,Box,-15.6,40.9183,0,0,0,0
300,1209,Box,-14.4,40.9183,0,0,0,0
300,1210,Box,-13.2,40.9183,0,0,0,0
300,1211,Box,-12,40.9183,0,0,0,0
300,1212,Box,-10.8,40.9183,0,0,0,0
300,1213,Box,-9.6,40.9183,0,0,0,0
300,1214,Box,-8.4,40.9183,0,0,0,0
300,1215,Box,-7.2,40.9183,0,0,0,0
300,1216,Box,-6,40.9183,0,0,0,0
300,1217,Box,-4.8,40.9183,0,0,0,0
300,1218,Box,-3.6,40.9183,0,0,0,0
300,1219,Box,-2.4,40.9183,0,0,0,0
300,1220,Box,-1.2,40.9183,0,0,0,0
300,1221,Box,0,40.9183,0,0,0,0
300,1222,Box,1.2,40.9183,0,0,0,0
300,1223,Box,2.4,40.9183,0,0,0,0
300,1224,Box,3.6,40.9183,0,0,0,0
300,1225,Box,4.8,40.9183,0,0,0,0
300,1226,Box,6,40.9183,0,0,0,0
300,1227,Box,7.2,40.9183,0,0,0,0
300,1228,Box,8.4,40.9183,0,0,0,0
300,1229,Box,9.6,40.9183,0,0,0,0
300,1230,Box,10.8,40.9183,0,0,0,0
300,1231,Box,12,40.9183,0,0,0,0
300,1232,Box,13.2,40.9183,0,0,0,0
300,1233,Box,14.4,40.9183,0,0,0,0
300,1234,Box,15.6,40.9183,0,0,0,0
300,1235,Box,16.8,40.9183,0,0,0,0
300,1236,Box,18,40.9183,0,0,0,0
300,1237,Box,19.2,40.9183,0,0,0,0
300,1238,Box,20.4,40.9183,0,0,0,0
300,1239,Box,21.6,40.9183,0,0,0,0
300,1240,Box,22.8,40.9183,0,0,0,0
300,1241,Box,-24,42.1183,0,0,0,0
300,1242,Box,-22.8,42.1183,0,0,0,0
300,1243,Box,-21.6,42.1183,0,0,0,0
300,1244,Box,-20.4,42.1183,0,0,0,0
300,1245,Box,-19.2,42.1183,0,0,0,0
300,1246,Box,-18,42.1183,0,0,0,0
300,1247,Box,-16.8,42.1183,0,0,0,0
300,1248,Box,-15.6,42.1183,0,0,0,0
300,1249,Box,-14.4,42.1183,0,0,0,0
300,1250,Box,-13.2,42.1183,0,0,0,0
300,1251,Box,-12,42.1183,0,0,0,0
300,1252,Box,-10.8,42.1183,0,0,0,0
300,1253,Box,-9.6,42.1183,0,0,0,0
300,1254,Box,-8.4,42.1183,0,0,0,0
300,1255,Box,-7.2,42.1183,0,0,0,0
300,1256,Box,-6,42.1183,0,0,0,0
300,1257,Box,-4.8,42.1183,0,0,0,0
300,1258,Box,-3.6,42.1183,0,0,0,0
300,1259,Box,-2.4,42.1183,0,0,0,0
300,1260,Box,-1.2,42.1183,0,0,0,0
300,1261,Box,0,42.1183,0,0,0,0
300,1262,Box,1.2,42.1183,0,0,0,0
300,1263,Box,2.4,42.1183,0,0,0,0
300,1264,Box,3.6,42.1183,0,0,0,0
300,1265,Box,4.8,42.1183,0,0,0,0
300,1266,Box,6,42.1183,0,0,0,0
300,1267,Box,7.2,42.1183,0,0,0,0
300,1268,Box,8.4,42.1183,0,0,0,0
300,1269,Box,9.6,42.1183,0,0,0,0
300,1270,Box,10.8,42.1183,0,0,0,0
300,1271,Box,12,42.1183,0,0,0,0
300,1272,Box,13.2,42.1183,0,0,0,0
300,1273,Box,14.4,42.1183,0,0,0,0
300,1274,Box,15.6,42.1183,0,0,0,0
300,1275,Box,16.8,42.1183,0,0,0,0
300,1276,Box,18,42.1183,0,0,0,0
300,1277,Box,19.2,42.1183,0,0,0,0
300,1278,Box,20.4,42.1183,0,0,0,0
300,1279,Box,21.6,42.1183,0,0,0,0
300,1280,Box,22.8,42.1183,0,0,0,0
300,1281,Box,-24,43.3183,0,0,0,0
300,1282,Box,-22.8,43.3183,0,0,0,0
300,1283,Box,-21.6,43.3183,0,0,0,0
300,1284,Box,-20.4,43.3183,0,0,0,0
300,1285,Box,-19.2,43.3183,0,0,0,0
300,1286,Box,-18,43.3183,0,0,0,0
300,1287,Box,-16.8,43.3183,0,0,0,0
300,1288,Box,-15.6,43.3183,0,0,0,0
300,1289,Box,-14.4,43.3183,0,0,0,0
300,1290,Box,-13.2,43.3183,0,0,0,0
300,1291,Box,-12,43.3183,0,0,0,0
300,1292,Box,-10.8,43.3183,0,0,0,0
300,1293,Box,-9.6,43.3183,0,0,0,0
300,1294,Box,-8.4,43.3183,0,0,0,0
300,1295,Box,-7.2,43.3183,0,0,0,0
300,1296,Box,-6,43.3183,0,0,0,0
300,1297,Box,-4.8,43.3183,0,0,0,0
300,1298,Box,-3.6,43.3183,0,0,0,0
300,1299,Box,-2.4,43.3183,0,0,0,0
300,1300,Box,-1.2,43.3183,0,0,0,0
300,1301,Box,0,43.3183,0,0,0,0
300,1302,Box,1.2,43.3183,0,0,0,0
300,1303,Box,2.4,43.3183,0,0,0,0
300,1304,Box,3.6,43.3183,0,0,0,0
300,1305,Box,4.8,43.3183,0,0,0,0
300,1306,Box,6,43.3183,0,0,0,0
300,1307,Box,7.2,43.3183,0,0,0,0
300,1308,Box,8.4,43.3183,0,0,0,0
300,1309,Box,9.6,43.3183,0,0,0,0
300,1310,Box,10.8,43.3183,0,0,0,0
300,1311,Box,12,43.3183,0,0,0,0
300,1312,Box,13.2,43.3183,0,0,0,0
300,1313,Box,14.4,43.3183,0,0,0,0
300,1314,Box,15.6,43.3183,0,0,0,0
300,1315,Box,16.8,43.3183,0,0,0,0
300,1316,Box,18,43.3183,0,0,0,0
300,1317,Box,19.2,43.3183,0,0,0,0
300,1318,Box,20.4,43.3183,0,0,0,0
300,1319,Box,21.6,43.3183,0,0,0,0
300,1320,Box,22.8,43.3183,0,0,0,0
300,1321,Box,-24,44.5183,0,0,0,0
300,1322,Box,-22.8,44.5183,0,0,0,0
300,1323,Box,-21.6,44.5183,0,0,0,0
300,1324,Box,-20.4,44.5183,0,0,0,0
300,1325,Box,-19.2,44.5183,0,0,0,0
300,1326,Box,-18,44.5183,0,0,0,0
300,1327,Box,-16.8,44.5183,0,0,0,0
300,1328,Box,-15.6,44.5183,0,0,0,0
300,1329,Box,-14.4,44.5183,0,0,0,0
300,1330,Box,-13.2,44.5183,0,0,0,0
300,1331,Box,-12,44.5183,0,0,0,0
300,1332,Box,-10.8,44.5183,0,0,0,0
300,1333,Box,-9.6,44.5183,0,0,0,0
300,1334,Box,-8.4,44.5183,0,0,0,0
300,1335,Box,-7.2,44.5183,0,0,0,0
300,1336,Box,-6,44.5183,0,0,0,0
300,1337,Box,-4.8,44.5183,0,0,0,0
300,1338,Box,-3.6,44.5183,0,0,0,0
300,1339,Box,-2.4,44.5183,0,0,0,0
300,1340,Box,-1.2,44.5183,0,0,0,0
300,1341,Box,0,44.5183,0,0,0,0
300,1342,Box,1.2,44.5183,0,0,0,0
300,1343,Box,2.4,44.5183,0,0,0,0
300,1344,Box,3.6,44.5183,0,0,0,0
300,1345,Box,4.8,44.5183,0,0,0,0
300,1346,Box,6,44.5183,0,0,0,0
300,1347,Box,7.2,44.5183,0,0,0,0
300,1348,Box,8.4,44.5183,0,0,0,0
300,1349,Box,9.6,44.5183,0,0,0,0
300,1350,Box,10.8,44.5183,0,0,0,0
300,1351,Box,12,44.5183,0,0,0,0
300,1352,Box,13.2,44.5183,0,0,0,0
300,1353,Box,14.4,44.5183,0,0,0,0
300,1354,Box,15.6,44.5183,0,0,0,0
300,1355,Box,16.8,44.5183,0,0,0,0
300,1356,Box,18,44.5183,0,0,0,0
300,1357,Box,19.2,44.5183,0,0,0,0
300,1358,Box,20.4,44.5183,0,0,0,0
300,1359,Box,21.6,44.5183,0,0,0,0
300,1360,Box,22.8,44.5183,0,0,0,0
300,1361,Box,-24,45.7183,0,0,0,0
300,1362,Box,-22.8,45.7183,0,0,0,0
300,1363,Box,-21.6,45.7183,0,0,0,0
300,1364,Box,-20.4,45.7183,0,0,0,0
300,1365,Box,-19.2,45.7183,0,0,0,0
300,1366,Box,-18,45.7183,0,0,0,0
300,1367,Box,-16.8,45.7183,0,0,0,0
300,1368,Box,-15.6,45.7183,0,0,0,0
300,1369,Box,-14.4,45.7183,0,0,0,0
300,1370,Box,-13.2,45.7183,0,0,0,0
300,1371,Box,-12,45.7183,0,0,0,0
300,1372,Box,-10.8,45.7183,0,0,0,0
300,1373,Box,-9.6,45.7183,0,0,0,0
300,1374,Box,-8.4,45.7183,0,0,0,0
300,1375,Box,-7.2,45.7183,0,0,0,0
300,1376,Box,-6,45.7183,0,0,0,0
300,1377,Box,-4.8,45.7183,0,0,0,0
300,1378,Box,-3.6,45.7183,0,0,0,0
300,1379,Box,-2.4,45.7183,0,0,0,0
300,1380,Box,-1.2,45.7183,0,0,0,0
300,1381,Box,0,45.7183,0,0,0,0
300,1382,Box,1.2,45.7183,0,0,0,0
300,1383,Box,2.4,45.7183,0,0,0,0
300,1384,Box,3.6,45.7183,0,0,0,0
300,1385,Box,4.8,45.7183,0,0,0,0
300,1386,Box,6,45.7183,0,0,0,0
300,1387,Box,7.2,45.7183,0,0,0,0
300,1388,Box,8.4,45.7183,0,0,0,0
300,1389,Box,9.6,45.7183,0,0,0,0
300,1390,Box,10.8,45.7183,0,0,0,0
300,1391,Box,12,45.7183,0,0,0,0
300,1392,Box,13.2,45.7183,0,0,0,0
300,1393,Box,14.4,45.7183,0,0,0,0
300,1394,Box,15.6,45.7183,0,0,0,0
300,1395,Box,16.8,45.7183,0,0,0,0
300,1396,Box,18,45.7183,0,0,0,0
300,1397,Box,19.2,45.7183,0,0,0,0
300,1398,Box,20.4,45.7183,0,0,0,0
300,1399,Box,21.6,45.7183,0,0,0,0
300,1400,Box,22.8,45.7183,0,0,0,0
300,1401,Box,-24,46.9183,0,0,0,0
300,1402,Box,-22.8,46.9183,0,0,0,0
300,1403,Box,-21.6,46.9183,0,0,0,0
300,1404,Box,-20.4,46.9183,0,0,0,0
300,1405,Box,-19.2,46.9183,0,0,0,0
300,1406,Box,-18,46.9183,0,0,0,0
300,1407,Box,-16.8,46.9183,0,0,0,0
300,1408,Box,-15.6,46.9183,0,0,0,0
300,1409,Box,-14.4,46.9183,0,0,0,0
300,1410,Box,-13.2,46.9183,0,0,0,0
300,1411,Box,-12,46.9183,0,0,0,0
300,1412,Box,-10.8,46.9183,0,0,0,0
300,1413,Box,-9.6,46.9183,0,0,0,0
300,1414,Box,-8.4,46.9183,0,0,0,0
300,1415,Box,-7.2,46.9183,0,0,0,0
300,1416,Box,-6,46.9183,0,0,0,0
300,1417,Box,-4.8,46.9183,0,0,0,0
300,1418,Box,-3.6,46.9183,0,0,0,0
300,1419,Box,-2.4,46.9183,0,0,0,0
300,1420,Box,-1.2,46.9183,0,0,0,0
300,1421,Box,0,46.9183,0,0,0,0
300,1422,Box,1.2,46.9183,0,0,0,0
300,1423,Box,2.4,46.9183,0,0,0,0
300,1424,Box,3.6,46.9183,0,0,0,0
300,1425,Box,4.8,46.9183,0,0,0,0
300,1426,Box,6,46.9183,0,0,0,0
300,1427,Box,7.2,46.9183,0,0,0,0
300,1428,Box,8.4,46.9183,0,0,0,0
300,1429,Box,9.6,46.9183,0,0,0,0
300,1430,Box,10.8,46.9183,0,0,0,0
300,1431,Box,12,46.9183,0,0,0,0
300,1432,Box,13.2,46.9183,0,0,0,0
300,1433,Box,14.4,46.9183,0,0,0,0
300,1434,Box,15.6,46.9183,0,0,0,0
300,1435,Box,16.8,46.9183,0,0,0,0
300,1436,Box,18,46.9183,0,0,0,0
300,1437,Box,19.2,46.9183,0,0,0,0
300,1438,Box,20.4,46.9183,0,0,0,0
300,1439,Box,21.6,46.9183,0,0,0,0
300,1440,Box,22.8,46.9183,0,0,0,0
300,1441,Box,-24,48.1183,0,0,0,0
300,1442,Box,-22.8,48.1183,0,0,0,0
300,1443,Box,-21.6,48.1183,0,0,0,0
300,1444,Box,-20.4,48.1183,0,0,0,0
300,1445,Box,-19.2,48.1183,0,0,0,0
300,1446,Box,-18,48.1183,0,0,0,0
300,1447,Box,-16.8,48.1183,0,0,0,0
300,1448,Box,-15.6,48.1183,0,0,0,0
300,1449,Box,-14.4,48.1183,0,0,0,0
300,1450,Box,-13.2,48.1183,0,0,0,0
300,1451,Box,-12,48.1183,0,0,0,0
300,1452,Box,-10.8,48.1183,0,0,0,0
300,1453,Box,-9.6,48.1183,0,0,0,0
300,1454,Box,-8.4,48.1183,0,0,0,0
300,1455,Box,-7.2,48.1183,0,0,0,0
300,1456,Box,-6,48.1183,0,0,0,0
300,1457,Box,-4.8,48.1183,0,0,0,0
300,1458,Box,-3.6,48.1183,0,0,0,0
300,1459,Box,-2.4,48.1183,0,0,0,0
300,1460,Box,-1.2,48.1183,0,0,0,0
300,1461,Box,0,48.1183,0,0,0,0
300,1462,Box,1.2,48.1183,0,0,0,0
300,1463,Box,2.4,48.1183,0,0,0,0
300,1464,Box,3.6,48.1183,0,0,0,0
300,1465,Box,4.8,48.1183,0,0,0,0
300,1466,Box,6,48.1183,0,0,0,0
300,1467,Box,7.2,48.1183,0,0,0,0
300,1468,Box,8.4,48.1183,0,0,0,0
300,1469,Box,9.6,48.1183,0,0,0,0
300,1470,Box,10.8,48.1183,0,0,0,0
300,1471,Box,12,48.1183,0,0,0,0
300,1472,Box,13.2,48.1183,0,0,0,0
300,1473,Box,14.4,48.1183,0,0,0,0
300,1474,Box,15.6,48.1183,0,0,0,0
300,1475,Box,16.8,48.1183,0,0,0,0
300,1476,Box,18,48.1183,0,0,0,0
300,1477,Box,19.2,48.1183,0,0,0,0
300,1478,Box,20.4,48.1183,0,0,0,0
300,1479,Box,21.6,48.1183,0,0,0,0
300,1480,Box,22.8,48.1183,0,0,0,0
300,1481,Box,-24,49.3183,0,0,0,0
300,1482,Box,-22.8,49.3183,0,0,0,0
300,1483,Box,-21.6,49.3183,0,0,0,0
300,1484,Box,-20.4,49.3183,0,0,0,0
300,1485,Box,-19.2,49.3183,0,0,0,0
300,1486,Box,-18,49.3183,0,0,0,0
300,1487,Box,-16.8,49.3183,0,0,0,0
300,1488,Box,-15.6,49.3183,0,0,0,0
300,1489,Box,-14.4,49.3183,0,0,0,0
300,1490,Box,-13.2,49.3183,0,0,0,0
300,1491,Box,-12,49.3183,0,0,0,0
300,1492,Box,-10.8,49.3183,0,0,0,0
300,1493,Box,-9.6,49.3183,0,0,0,0
300,1494,Box,-8.4,49.3183,0,0,0,0
300,1495,Box,-7.2,49.3183,0,0,0,0
300,1496,Box,-6,49.3183,0,0,0,0
300,1497,Box,-4.8,49.3183,0,0,0,0
300,1498,Box,-3.6,49.3183,0,0,0,0
300,1499,Box,-2.4,49.3183,0,0,0,0
300,1500,Box,-1.2,49.3183,0,0,0,0
300,1501,Box,0,49.3183,0,0,0,0
300,1502,Box,1.2,49.3183,0,0,0,0
300,1503,Box,2.4,49.3183,0,0,0,0
300,1504,Box,3.6,49.3183,0,0,0,0
300,1505,Box,4.8,49.3183,0,0,0,0
300,1506,Box,6,49.3183,0,0,0,0
300,1507,Box,7.2,49.3183,0,0,0,0
300,1508,Box,8.4,49.3183,0,0,0,0
300,1509,Box,9.6,49.3183,0,0,0,0
300,1510,Box,10.8,49.3183,0,0,0,0
300,1511,Box,12,49.3183,0,0,0,0
300,1512,Box,13.2,49.3183,0,0,0,0
300,1513,Box,14.4,49.3183,0,0,0,0
300,1514,Box,15.6,49.3183,0,0,0,0
300,1515,Box,16.8,49.3183,0,0,0,0
300,1516,Box,18,49.3183,0,0,0,0
300,1517,Box,19.2,49.3183,0,0,0,0
300,1518,Box,20.4,49.3183,0,0,0,0
300,1519,Box,21.6,49.3183,0,0,0,0
300,1520,Box,22.8,49.3183,0,0,0,0
300,1521,Box,-24,50.5183,0,0,0,0
300,1522,Box,-22.8,50.5183,0,0,0,0
300,1523,Box,-21.6,50.5183,0,0,0,0
300,1524,Box,-20.4,50.5183,0,0,0,0
300,1525,Box,-19.2,50.5183,0,0,0,0
300,1526,Box,-18,50.5183,0,0,0,0
300,1527,Box,-16.8,50.5183,0,0,0,0
300,1528,Box,-15.6,50.5183,0,0,0,0
300,1529,Box,-14.4,50.5183,0,0,0,0
300,1530,Box,-13.2,50.5183,0,0,0,0
300,1531,Box,-12,50.5183,0,0,0,0
300,1532,Box,-10.8,50.5183,0,0,0,0
300,1533,Box,-9.6,50.5183,0,0,0,0
300,1534,Box,-8.4,50.5183,0,0,0,0
300,1535,Box,-7.2,50.5183,0,0,0,0
300,1536,Box,-6,50.5183,0,0,0,0
300,1537,Box,-4.8,50.5183,0,0,0,0
300,1538,Box,-3.6,50.5183,0,0,0,0
300,1539,Box,-2.4,50.5183,0,0,0,0
300,1540,Box,-1.2,50.5183,0,0,0,0
300,1541,Box,0,50.5183,0,0,0,0
300,1542,Box,1.2,50.5183,0,0,0,0
300,1543,Box,2.4,50.5183,0,0,0,0
300,1544,Box,3.6,50.5183,0,0,0,0
300,1545,Box,4.8,50.5183,0,0,0,0
300,1546,Box,6,50.5183,0,0,0,0
300,1547,Box,7.2,50.5183,0,0,0,0
300,1548,Box,8.4,50.5183,0,0,0,0
300,1549,Box,9.6,50.5183,0,0,0,0
300,1550,Box,10.8,50.5183,0,0,0,0
300,1551,Box,12,50.5183,0,0,0,0
300,1552,Box,13.2,50.5183,0,0,0,0
300,1553,Box,14.4,50.5183,0,0,0,0
300,1554,Box,15.6,50.5183,0,0,0,0
300,1555,Box,16.8,50.5183,0,0,0,0
300,1556,Box,18,50.5183,0,0,0,0
300,1557,Box,19.2,50.5183,0,0,0,0
300,1558,Box,20.4,50.5183,0,0,0,0
300,1559,Box,21.6,50.5183,0,0,0,0
300,1560,Box,22.8,50.5183,0,0,0,0
300,1561,Box,-24,51.7183,0,0,0,0
300,1562,Box,-22.8,51.7183,0,0,0,0
300,1563,Box,-21.6,51.7183,0,0,0,0
300,1564,Box,-20.4,51.7183,0,0,0,0
300,1565,Box,-19.2,51.7183,0,0,0,0
300,1566,Box,-18,51.7183,0,0,0,0
300,1567,Box,-16.8,51.7183,0,0,0,0
300,1568,Box,-15.6,51.7183,0,0,0,0
300,1569,Box,-14.4,51.7183,0,0,0,0
300,1570,Box,-13.2,51.7183,0,0,0,0
300,1571,Box,-12,51.7183,0,0,0,0
300,1572,Box,-10.8,51.7183,0,0,0,0
300,1573,Box,-9.6,51.7183,0,0,0,0
300,1574,Box,-8.4,51.7183,0,0,0,0
300,1575,Box,-7.2,51.7183,0,0,0,0
300,1576,Box,-6,51.7183,0,0,0,0
300,1577,Box,-4.8,51.7183,0,0,0,0
300,1578,Box,-3.6,51.7183,0,0,0,0
300,1579,Box,-2.4,51.7183,0,0,0,0
300,1580,Box,-1.2,51.7183,0,0,0,0
300,1581,Box,0,51.7183,0,0,0,0
300,1582,Box,1.2,51.7183,0,0,0,0
300,1583,Box,2.4,51.7183,0,0,0,0
300,1584,Box,3.6,51.7183,0,0,0,0
300,1585,Box,4.8,51.7183,0,0,0,0
300,1586,Box,6,51.7183,0,0,0,0
300,1587,Box,7.2,51.7183,0,0,0,0
300,1588,Box,8.4,51.7183,0,0,0,0
300,1589,Box,9.6,51.7183,0,0,0,0
300,1590,Box,10.8,51.7183,0,0,0,0
300,1591,Box,12,51.7183,0,0,0,0
300,1592,Box,13.2,51.7183,0,0,0,0
300,1593,Box,14.4,51.7183,0,0,0,0
300,1594,Box,15.6,51.7183,0,0,0,0
300,1595,Box,16.8,51.7183,0,0,0,0
300,1596,Box,18,51.7183,0,0,0,0
300,1597,Box,19.2,51.7183,0,0,0,0
300,1598,Box,20.4,51.7183,0,0,0,0
300,1599,Box,21.6,51.7183,0,0,0,0
300,1600,Box,22.8,51.7183,0,0,0,0
300,1601,Box,-24,52.9183,0,0,0,0
300,1602,Box,-22.8,52.9183,0,0,0,0
300,1603,Box,-21.6,52.9183,0,0,0,0
300,1604,Box,-20.4,52.9183,0,0,0,0
300,1605,Box,-19.2,52.9183,0,0,0,0
300,1606,Box,-18,52.9183,0,0,0,0
300,1607,Box,-16.8,52.9183,0,0,0,0
300,1608,Box,-15.6,52.9183,0,0,0,0
300,1609,Box,-14.4,52.9183,0,0,0,0
300,1610,Box,-13.2,52.9183,0,0,0,0
300,1611,Box,-12,52.9183,0,0,0,0
300,1612,Box,-10.8,52.9183,0,0,0,0
300,1613,Box,-9.6,52.9183,0,0,0,0
300,1614,Box,-8.4,52.9183,0,0,0,0
300,1615,Box,-7.2,52.9183,0,0,0,0
300,1616,Box,-6,52.9183,0,0,0,0
300,1617,Box,-4.8,52.9183,0,0,0,0
300,1618,Box,-3.6,52.9183,0,0,0,0
300,1619,Box,-2.4,52.9183,0,0,0,0
300,1620,Box,-1.2,52.9183,0,0,0,0
300,1621,Box,0,52.9183,0,0,0,0
300,1622,Box,1.2,52.9183,0,0,0,0
300,1623,Box,2.4,52.9183,0,0,0,0
300,1624,Box,3.6,52.9183,0,0,0,0
300,1625,Box,4.8,52.9183,0,0,0,0
300,1626,Box,6,52.9183,0,0,0,0
300,1627,Box,7.2,52.9183,0,0,0,0
300,1628,Box,8.4,52.9183,0,0,0,0
300,1629,Box,9.6,52.9183,0,0,0,0
300,1630,Box,10.8,52.9183,0,0,0,0
300,1631,Box,12,52.9183,0,0,0,0
300,1632,Box,13.2,52.9183,0,0,0,0
300,1633,Box,14.4,52.9183,0,0,0,0
300,1634,Box,15.6,52.9183,0,0,0,0
300,1635,Box,16.8,52.9183,0,0,0,0
300,1636,Box,18,52.9183,0,0,0,0
300,1637,Box,19.2,52.9183,0,0,0,0
300,1638,Box,20.4,52.9183,0,0,0,0
300,1639,Box,21.6,52.9183,0,0,0,0
300,1640,Box,22.8,52.9183,0,0,0,0
300,1641,Box,-24,54.1183,0,0,0,0
300,1642,Box,-22.8,54.1183,0,0,0,0
300,1643,Box,-21.6,54.1183,0,0,0,0
300,1644,Box,-20.4,54.1183,0,0,0,0
300,1645,Box,-19.2,54.1183,0,0,0,0
300,1646,Box,-18,54.1183,0,0,0,0
300,1647,Box,-16.8,54.1183,0,0,0,0
300,1648,Box,-15.6,54.1183,0,0,0,0
300,1649,Box,-14.4,54.1183,0,0,0,0
300,1650,Box,-13.2,54.1183,0,0,0,0
300,1651,Box,-12,54.1183,0,0,0,0
300,1652,Box,-10.8,54.1183,0,0,0,0
300,1653,Box,-9.6,54.1183,0,0,0,0
300,1654,Box,-8.4,54.1183,0,0,0,0
300,1655,Box,-7.2,54.1183,0,0,0,0
300,1656,Box,-6,54.1183,0,0,0,0
300,1657,Box,-4.8,54.1183,0,0,0,0
300,1658,Box,-3.6,54.1183,0,0,0,0
300,1659,Box,-2.4,54.1183,0,0,0,0
300,1660,Box,-1.2,54.1183,0,0,0,0
300,1661,Box,0,54.1183,0,0,0,0
300,1662,Box,1.2,54.1183,0,0,0,0
300,1663,Box,2.4,54.1183,0,0,0,0
300,1664,Box,3.6,54.1183,0,0,0,0
300,1665,Box,4.8,54.1183,0,0,0,0
300,1666,Box,6,54.1183,0,0,0,0
300,1667,Box,7.2,54.1183,0,0,0,0
300,1668,Box,8.4,54.1183,0,0,0,0
300,1669,Box,9.6,54.1183,0,0,0,0
300,1670,Box,10.8,54.1183,0,0,0,0
300,1671,Box,12,54.1183,0,0,0,0
300,1672,Box,13.2,54.1183,0,0,0,0
300,1673,Box,14.4,54.1183,0,0,0,0
300,1674,Box,15.6,54.1183,0,0,0,0
300,1675,Box,16.8,54.1183,0,0,0,0
300,1676,Box,18,54.1183,0,0,0,0
300,1677,Box,19.2,54.1183,0,0,0,0
300,1678,Box,20.4,54.1183,0,0,0,0
300,1679,Box,21.6,54.1183,0,0,0,0
300,1680,Box,22.8,54.1183,0,0,0,0
300,1681,Box,-24,55.3183,0,0,0,0
300,1682,Box,-22.8,55.3183,0,0,0,0
300,1683,Box,-21.6,55.3183,0,0,0,0
300,1684,Box,-20.4,55.3183,0,0,0,0
300,1685,Box,-19.2,55.3183,0,0,0,0
300,1686,Box,-18,55.3183,0,0,0,0
300,1687,Box,-16.8,55.3183,0,0,0,0
300,1688,Box,-15.6,55.3183,0,0,0,0
300,1689,Box,-14.4,55.3183,0,0,0,0
300,1690,Box,-13.2,55.3183,0,0,0,0
300,1691,Box,-12,55.3183,0,0,0,0
300,1692,Box,-10.8,55.3183,0,0,0,0
300,1693,Box,-9.6,55.3183,0,0,0,0
300,1694,Box,-8.4,55.3183,0,0,0,0
300,1695,Box,-7.2,55.3183,0,0,0,0
300,1696,Box,-6,55.3183,0,0,0,0
300,1697,Box,-4.8,55.3183,0,0,0,0
300,1698,Box,-3.6,55.3183,0,0,0,0
300,1699,Box,-2.4,55.3183,0,0,0,0
300,1700,Box,-1.2,55.3183,0,0,0,0
300,1701,Box,0,55.3183,0,0,0,0
300,1702,Box,1.2,55.3183,0,0,0,0
300,1703,Box,2.4,55.3183,0,0,0,0
300,1704,Box,3.6,55.3183,0,0,0,0
300,1705,Box,4.8,55.3183,0,0,0,0
300,1706,Box,6,55.3183,0,0,0,0
300,1707,Box,7.2,55.3183,0,0,0,0
300,1708,Box,8.4,55.3183,0,0,0,0
300,1709,Box,9.6,55.3183,0,0,0,0
300,1710,Box,10.8,55.3183,0,0,0,0
300,1711,Box,12,55.3183,0,0,0,0
300,1712,Box,13.2,55.3183,0,0,0,0
300,1713,Box,14.4,55.3183,0,0,0,0
300,1714,Box,15.6,55.3183,0,0,0,0
300,1715,Box,16.8,55.3183,0,0,0,0
300,1716,Box,18,55.3183,0,0,0,0
300,1717,Box,19.2,55.3183,0,0,0,0
300,1718,Box,20.4,55.3183,0,0,0,0
300,1719,Box,21.6,55.3183,0,0,0,0
300,1720,Box,22.8,55.3183,0,0,0,0
300,1721,Box,-24,56.5183,0,0,0,0
300,1722,Box,-22.8,56.5183,0,0,0,0
300,1723,Box,-21.6,56.5183,0,0,0,0
300,1724,Box,-20.4,56.5183,0,0,0,0
300,1725,Box,-19.2,56.5183,0,0,0,0
300,1726,Box,-18,56.5183,0,0,0,0
300,1727,Box,-16.8,56.5183,0,0,0,0
300,1728,Box,-15.6,56.5183,0,0,0,0
300,1729,Box,-14.4,56.5183,0,0,0,0
300,1730,Box,-13.2,56.5183,0,0,0,0
300,1731,Box,-12,56.5183,0,0,0,0
300,1732,Box,-10.8,56.5183,0,0,0,0
300,1733,Box,-9.6,56.5183,0,0,0,0
300,1734,Box,-8.4,56.5183,0,0,0,0
300,1735,Box,-7.2,56.5183,0,0,0,0
300,1736,Box,-6,56.5183,0,0,0,0
300,1737,Box,-4.8,56.5183,0,0,0,0
300,1738,Box,-3.6,56.5183,0,0,0,0
300,1739,Box,-2.4,56.5183,0,0,0,0
300,1740,Box,-1.2,56.5183,0,0,0,0
300,1741,Box,0,56.5183,0,0,0,0
300,1742,Box,1.2,56.5183,0,0,0,0
300,1743,Box,2.4,56.5183,0,0,0,0
300,1744,Box,3.6,56.5183,0,0,0,0
300,1745,Box,4.8,56.5183,0,0,0,0
300,1746,Box,6,56.5183,0,0,0,0
300,1747,Box,7.2,56.5183,0,0,0,0
300,1748,Box,8.4,56.5183,0,0,0,0
300,1749,Box,9.6,56.5183,0,0,0,0
300,1750,Box,10.8,56.5183,0,0,0,0
300,1751,Box,12,56.5183,0,0,0,0
300,1752,Box,13.2,56.5183,0,0,0,0
300,1753,Box,14.4,56.5183,0,0,0,0
300,1754,Box,15.6,56.5183,0,0,0,0
300,1755,Box,16.8,56.5183,0,0,0,0
300,1756,Box,18,56.5183,0,0,0,0
300,1757,Box,19.2,56.5183,0,0,0,0
300,1758,Box,20.4,56.5183,0,0,0,0
300,1759,Box,21.6,56.5183,0,0,0,0
300,1760,Box,22.8,56.5183,0,0,0,0
300,1761,Box,-24,57.7183,0,0,0,0
300,1762,Box,-22.8,57.7183,0,0,0,0
300,1763,Box,-21.6,57.7183,0,0,0,0
300,1764,Box,-20.4,57.7183,0,0,0,0
300,1765,Box,-19.2,57.7183,0,0,0,0
300,1766,Box,-18,57.7183,0,0,0,0
300,1767,Box,-16.8,57.7183,0,0,0,0
300,1768,Box,-15.6,57.7183,0,0,0,0
300,1769,Box,-14.4,57.7183,0,0,0,0
300,1770,Box,-13.2,57.7183,0,0,0,0
300,1771,Box,-12,57.7183,0,0,0,0
300,1772,Box,-10.8,57.7183,0,0,0,0
300,1773,Box,-9.6,57.7183,0,0,0,0
300,1774,Box,-8.4,57.7183,0,0,0,0
300,1775,Box,-7.2,57.7183,0,0,0,0
300,1776,Box,-6,57.7183,0,0,0,0
300,1777,Box,-4.8,57.7183,0,0,0,0
300,1778,Box,-3.6,57.7183,0,0,0,0
300,1779,Box,-2.4,57.7183,0,0,0,0
300,1780,Box,-1.2,57.7183,0,0,0,0
300,1781,Box,0,57.7183,0,0,0,0
300,1782,Box,1.2,57.7183,0,0,0,0
300,1783,Box,2.4,57.7183,0,0,0,0
300,1784,Box,3.6,57.7183,0,0,0,0
300,1785,Box,4.8,57.7183,0,0,0,0
300,1786,Box,6,57.7183,0,0,0,0
300,1787,Box,7.2,57.7183,0,0,0,0
300,1788,Box,8.4,57.7183,0,0,0,0
300,1789,Box,9.6,57.7183,0,0,0,0
300,1790,Box,10.8,57.7183,0,0,0,0
300,1791,Box,12,57.7183,0,0,0,0
300,1792,Box,13.2,57.7183,0,0,0,0
300,1793,Box,14.4,57.7183,0,0,0,0
300,1794,Box,15.6,57.7183,0,0,0,0
300,1795,Box,16.8,57.7183,0,0,0,0
300,1796,Box,18,57.7183,0,0,0,0
300,1797,Box,19.2,57.7183,0,0,0,0
300,1798,Box,20.4,57.7183,0,0,0,0
300,1799,Box,21.6,57.7183,0,0,0,0
300,1800,Box,22.8,57.7183,0,0,0,0
300,1801,Box,-24,58.9183,0,0,0,0
300,1802,Box,-22.8,58.9183,0,0,0,0
300,1803,Box,-21.6,58.9183,0,0,0,0
300,1804,Box,-20.4,58.9183,0,0,0,0
300,1805,Box,-19.2,58.9183,0,0,0,0
300,1806,Box,-18,58.9183,0,0,0,0
300,1807,Box,-16.8,58.9183,0,0,0,0
300,1808,Box,-15.6,58.9183,0,0,0,0
300,1809,Box,-14.4,58.9183,0,0,0,0
300,1810,Box,-13.2,58.9183,0,0,0,0
300,1811,Box,-12,58.9183,0,0,0,0
300,1812,Box,-10.8,58.9183,0,0,0,0
300,1813,Box,-9.6,58.9183,0,0,0,0
300,1814,Box,-8.4,58.9183,0,0,0,0
300,1815,Box,-7.2,58.9183,0,0,0,0
300,1816,Box,-6,58.9183,0,0,0,0
300,1817,Box,-4.8,58.9183,0,0,0,0
300,1818,Box,-3.6,58.9183,0,0,0,0
300,1819,Box,-2.4,58.9183,0,0,0,0
300,1820,Box,-1.2,58.9183,0,0,0,0
300,1821,Box,0,58.9183,0,0,0,0
300,1822,Box,1.2,58.9183,0,0,0,0
300,1823,Box,2.4,58.9183,0,0,0,0
300,1824,Box,3.6,58.9183,0,0,0,0
300,1825,Box,4.8,58.9183,0,0,0,0
300,1826,Box,6,58.9183,0,0,0,0
300,1827,Box,7.2,58.9183,0,0,0,0
300,1828,Box,8.4,58.9183,0,0,0,0
300,1829,Box,9.6,58.9183,0,0,0,0
300,1830,Box,10.8,58.9183,0,0,0,0
300,1831,Box,12,58.9183,0,0,0,0
300,1832,Box,13.2,58.9183,0,0,0,0
300,1833,Box,14.4,58.9183,0,0,0,0
300,1834,Box,15.6,58.9183,0,0,0,0
300,1835,Box,16.8,58.9183,0,0,0,0
300,1836,Box,18,58.9183,0,0,0,0
300,1837,Box,19.2,58.9183,0,0,0,0
300,1838,Box,20.4,58.9183,0,0,0,0
300,1839,Box,21.6,58.9183,0,0,0,0
300,1840,Box,22.8,58.9183,0,0,0,0
300,1841,Box,-24,60.1183,0,0,0,0
300,1842,Box,-22.8,60.1183,0,0,0,0
300,1843,Box,-21.6,60.1183,0,0,0,0
300,1844,Box,-20.4,60.1183,0,0,0,0
300,1845,Box,-19.2,60.1183,0,0,0,0
300,1846,Box,-18,60.1183,0,0,0,0
300,1847,Box,-16.8,60.1183,0,0,0,0
300,1848,Box,-15.6,60.1183,0,0,0,0
300,1849,Box,-14.4,60.1183,0,0,0,0
300,1850,Box,-13.2,60.1183,0,0,0,0
300,1851,Box,-12,60.1183,0,0,0,0
300,1852,Box,-10.8,60.1183,0,0,0,0
300,1853,Box,-9.6,60.1183,0,0,0,0
300,1854,Box,-8.4,60.1183,0,0,0,0
300,1855,Box,-7.2,60.1183,0,0,0,0
300,1856,Box,-6,60.1183,0,0,0,0
300,1857,Box,-4.8,60.1183,0,0,0,0
300,1858,Box,-3.6,60.1183,0,0,0,0
300,1859,Box,-2.4,60.1183,0,0,0,0
300,1860,Box,-1.2,60.1183,0,0,0,0
300,1861,Box,0,60.1183,0,0,0,0
300,1862,Box,1.2,60.1183,0,0,0,0
300,1863,Box,2.4,60.1183,0,0,0,0
300,1864,Box,3.6,60.1183,0,0,0,0
300,1865,Box,4.8,60.1183,0,0,0,0
300,1866,Box,6,60.1183,0,0,0,0
300,1867,Box,7.2,60.1183,0,0,0,0
300,1868,Box,8.4,60.1183,0,0,0,0
300,1869,Box,9.6,60.1183,0,0,0,0
300,1870,Box,10.8,60.1183,0,0,0,0
300,1871,Box,12,60.1183,0,0,0,0
300,1872,Box,13.2,60.1183,0,0,0,0
300,1873,Box,14.4,60.1183,0,0,0,0
300,1874,Box,15.6,60.1183,0,0,0,0
300,1875,Box,16.8,60.1183,0,0,0,0
300,1876,Box,18,60.1183,0,0,0,0
300,1877,Box,19.2,60.1183,0,0,0,0
300,1878,Box,20.4,60.1183,0,0,0,0
300,1879,Box,21.6,60.1183,0,0,0,0
300,1880,Box,22.8,60.1183,0,0,0,0
300,1881,Box,-24,61.3183,0,0,0,0
300,1882,Box,-22.8,61.3183,0,0,0,0
300,1883,Box,-21.6,61.3183,0,0,0,0
300,1884,Box,-20.4,61.3183,0,0,0,0
300,1885,Box,-19.2,61.3183,0,0,0,0
300,1886,Box,-18,61.3183,0,0,0,0
300,1887,Box,-16.8,61.3183,0,0,0,0
300,1888,Box,-15.6,61.3183,0,0,0,0
300,1889,Box,-14.4,61.3183,0,0,0,0
300,1890,Box,-13.2,61.3183,0,0,0,0
300,1891,Box,-12,61.3183,0,0,0,0
300,1892,Box,-10.8,61.3183,0,0,0,0
300,1893,Box,-9.6,61.3183,0,0,0,0
300,1894,Box,-8.4,61.3183,0,0,0,0
300,1895,Box,-7.2,61.3183,0,0,0,0
300,1896,Box,-6,61.3183,0,0,0,0
300,1897,Box,-4.8,61.3183,0,0,0,0
300,1898,Box,-3.6,61.3183,0,0,0,0
300,1899,Box,-2.4,61.3183,0,0,0,0
300,1900,Box,-1.2,61.3183,0,0,0,0
300,1901,Box,0,61.3183,0,0,0,0
300,1902,Box,1.2,61.3183,0,0,0,0
300,1903,Box,2.4,61.3183,0,0,0,0
300,1904,Box,3.6,61.3183,0,0,0,0
300,1905,Box,4.8,61.3183,0,0,0,0
300,1906,Box,6,61.3183,0,0,0,0
300,1907,Box,7.2,61.3183,0,0,0,0
300,1908,Box,8.4,61.3183,0,0,0,0
300,1909,Box,9.6,61.3183,0,0,0,0
300,1910,Box,10.8,61.3183,0,0,0,0
300,1911,Box,12,61.3183,0,0,0,0
300,1912,Box,13.2,61.3183,0,0,0,0
300,1913,Box,14.4,61.3183,0,0,0,0
300,1914,Box,15.6,61.3183,0,0,0,0
300,1915,Box,16.8,61.3183,0,0,0,0
300,1916,Box,18,61.3183,0,0,0,0
300,1917,Box,19.2,61.3183,0,0,0,0
300,1918,Box,20.4,61.3183,0,0,0,0
300,1919,Box,21.6,61.3183,0,0,0,0
300,1920,Box,22.8,61.3183,0,0,0,0
300,1921,Box,-24,62.5183,0,0,0,0
300,1922,Box,-22.8,62.5183,0,0,0,0
300,1923,Box,-21.6,62.5183,0,0,0,0
300,1924,Box,-20.4,62.5183,0,0,0,0
300,1925,Box,-19.2,62.5183,0,0,0,0
300,1926,Box,-18,62.5183,0,0,0,0
300,1927,Box,-16.8,62.5183,0,0,0,0
300,1928,Box,-15.6,62.5183,0,0,0,0
300,1929,Box,-14.4,62.5183,0,0,0,0
300,1930,Box,-13.2,62.5183,0,0,0,0
300,1931,Box,-12,62.5183,0,0,0,0
300,1932,Box,-10.8,62.5183,0,0,0,0
300,1933,Box,-9.6,62.5183,0,0,0,0
300,1934,Box,-8.4,62.5183,0,0,0,0
300,1935,Box,-7.2,62.5183,0,0,0,0
300,1936,Box,-6,62.5183,0,0,0,0
300,1937,Box,-4.8,62.5183,0,0,0,0
300,1938,Box,-3.6,62.5183,0,0,0,0
300,1939,Box,-2.4,62.5183,0,0,0,0
300,1940,Box,-1.2,62.5183,0,0,0,0
300,1941,Box,0,62.5183,0,0,0,0
300,1942,Box,1.2,62.5183,0,0,0,0
300,1943,Box,2.4,62.5183,0,0,0,0
300,1944,Box,3.6,62.5183,0,0,0,0
300,1945,Box,4.8,62.5183,0,0,0,0
300,1946,Box,6,62.5183,0,0,0,0
300,1947,Box,7.2,62.5183,0,0,0,0
300,1948,Box,8.4,62.5183,0,0,0,0
300,1949,Box,9.6,62.5183,0,0,0,0
300,1950,Box,10.8,62.5183,0,0,0,0
300,1951,Box,12,62.5183,0,0,0,0
300,1952,Box,13.2,62.5183,0,0,0,0
300,1953,Box,14.4,62.5183,0,0,0,0
300,1954,Box,15.6,62.5183,0,0,0,0
300,1955,Box,16.8,62.5183,0,0,0,0
300,1956,Box,18,62.5183,0,0,0,0
300,1957,Box,19.2,62.5183,0,0,0,0
300,1958,Box,20.4,62.5183,0,0,0,0
300,1959,Box,21.6,62.5183,0,0,0,0
300,1960,Box,22.8,62.5183,0,0,0,0
300,1961,Box,-24,63.7183,0,0,0,0
300,1962,Box,-22.8,63.7183,0,0,0,0
300,1963,Box,-21.6,63.7183,0,0,0,0
300,1964,Box,-20.4,63.7183,0,0,0,0
300,1965,Box,-19.2,63.7183,0,0,0,0
300,1966,Box,-18,63.7183,0,0,0,0
300,1967,Box,-16.8,63.7183,0,0,0,0
300,1968,Box,-15.6,63.7183,0,0,0,0
300,1969,Box,-14.4,63.7183,0,0,0,0
300,1970,Box,-13.2,63.7183,0,0,0,0
300,1971,Box,-12,63.7183,0,0,0,0
300,1972,Box,-10.8,63.7183,0,0,0,0
300,1973,Box,-9.6,63.7183,0,0,0,0
300,1974,Box,-8.4,63.7183,0,0,0,0
300,1975,Box,-7.2,63.7183,0,0,0,0
300,1976,Box,-6,63.7183,0,0,0,0
300,1977,Box,-4.8,63.7183,0,0,0,0
300,1978,Box,-3.6,63.7183,0,0,0,0
300,1979,Box,-2.4,63.7183,0,0,0,0
300,1980,Box,-1.2,63.7183,0,0,0,0
300,1981,Box,0,63.7183,0,0,0,0
300,1982,Box,1.2,63.7183,0,0,0,0
300,1983,Box,2.4,63.7183,0,0,0,0
300,1984,Box,3.6,63.7183,0,0,0,0
300,1985,Box,4.8,63.7183,0,0,0,0
300,1986,Box,6,63.7183,0,0,0,0
300,1987,Box,7.2,63.7183,0,0,0,0
300,1988,Box,8.4,63.7183,0,0,0,0
300,1989,Box,9.6,63.7183,0,0,0,0
300,1990,Box,10.8,63.7183,0,0,0,0
300,1991,Box,12,63.7183,0,0,0,0
300,1992,Box,13.2,63.7183,0,0,0,0
300,1993,Box,14.4,63.7183,0,0,0,0
300,1994,Box,15.6,63.7183,0,0,0,0
300,1995,Box,16.8,63.7183,0,0,0,0
300,1996,Box,18,63.7183,0,0,0,0
300,1997,Box,19.2,63.7183,0,0,0,0
300,1998,Box,20.4,63.7183,0,0,0,0
300,1999,Box,21.6,63.7183,0,0,0,0
300,2000,Box,22.8,63.7183,0,0,0,0
600,0,Box,0,-2,0,0,0,0
600,1,Box,-24,4.91833,0,0,0,0
600,2,Box,-22.8,4.91833,0,0,0,0
600,3,Box,-21.6,4.91833,0,0,0,0
600,4,Box,-20.4,4.91833,0,0,0,0
600,5,Box,-19.2,4.91833,0,0,0,0
600,6,Box,-18,4.91833,0,0,0,0
600,7,Box,-16.8,4.91833,0,0,0,0
600,8,Box,-15.6,4.91833,0,0,0,0
600,9,Box,-14.4,4.91833,0,0,0,0
600,10,Box,-13.2,4.91833,0,0,0,0
600,11,Box,-12,4.91833,0,0,0,0
600,12,Box,-10.8,4.91833,0,0,0,0
600,13,Box,-9.6,4.91833,0,0,0,0
600,14,Box,-8.4,4.91833,0,0,0,0
600,15,Box,-7.2,4.91833,0,0,0,0
600,16,Box,-6,4.91833,0,0,0,0
600,17,Box,-4.8,4.91833,0,0,0,0
600,18,Box,-3.6,4.91833,0,0,0,0
600,19,Box,-2.4,4.91833,0,0,0,0
600,20,Box,-1.2,4.91833,0,0,0,0
600,21,Box,0,4.91833,0,0,0,0
600,22,Box,1.2,4.91833,0,0,0,0
600,23,Box,2.4,4.91833,0,0,0,0
600,24,Box,3.6,4.91833,0,0,0,0
600,25,Box,4.8,4.91833,0,0,0,0
600,26,Box,6,4.91833,0,0,0,0
600,27,Box,7.2,4.91833,0,0,0,0
600,28,Box,8.4,4.91833,0,0,0,0
600,29,Box,9.6,4.91833,0,0,0,0
600,30,Box,10.8,4.91833,0,0,0,0
600,31,Box,12,4.91833,0,0,0,0
600,32,Box,13.2,4.91833,0,0,0,0
600,33,Box,14.4,4.91833,0,0,0,0
600,34,Box,15.6,4.91833,0,0,0,0
600,35,Box,16.8,4.91833,0,0,0,0
600,36,Box,18,4.91833,0,0,0,0
600,37,Box,19.2,4.91833,0,0,0,0
600,38,Box,20.4,4.91833,0,0,0,0
600,39,Box,21.6,4.91833,0,0,0,0
600,40,Box,22.8,4.91833,0,0,0,0
600,41,Box,-24,6.11833,0,0,0,0
600,42,Box,-22.8,6.11833,0,0,0,0
600,43,Box,-21.6,6.11833,0,0,0,0
600,44,Box,-20.4,6.11833,0,0,0,0
600,45,Box,-19.2,6.11833,0,0,0,0
600,46,Box,-18,6.11833,0,0,0,0
600,47,Box,-16.8,6.11833,0,0,0,0
600,48,Box,-15.6,6.11833,0,0,0,0
600,49,Box,-14.4,6.11833,0,0,0,0
600,50,Box,-13.2,6.11833,0,0,0,0
600,51,Box,-12,6.11833,0,0,0,0
600,52,Box,-10.8,6.11833,0,0,0,0
600,53,Box,-9.6,6.11833,0,0,0,0
600,54,Box,-8.4,6.11833,0,0,0,0
600,55,Box,-7.2,6.11833,0,0,0,0
600,56,Box,-6,6.11833,0,0,0,0
600,57,Box,-4.8,6.11833,0,0,0,0
600,58,Box,-3.6,6.11833,0,0,0,0
600,59,Box,-2.4,6.11833,0,0,0,0
600,60,Box,-1.2,6.11833,0,0,0,0
600,61,Box,0,6.11833,0,0,0,0
600,62,Box,1.2,6.11833,0,0,0,0
600,63,Box,2.4,6.11833,0,0,0,0
600,64,Box,3.6,6.11833,0,0,0,0
600,65,Box,4.8,6.11833,0,0,0,0
600,66,Box,6,6.11833,0,0,0,0
600,67,Box,7.2,6.11833,0,0,0,0
600,68,Box,8.4,6.11833,0,0,0,0
600,69,Box,9.6,6.11833,0,0,0,0
600,70,Box,10.8,6.11833,0,0,0,0
600,71,Box,12,6.11833,0,0,0,0
600,72,Box,13.2,6.11833,0,0,0,0
600,73,Box,14.4,6.11833,0,0,0,0
600,74,Box,15.6,6.11833,0,0,0,0
600,75,Box,16.8,6.11833,0,0,0,0
600,76,Box,18,6.11833,0,0,0,0
600,77,Box,19.2,6.11833,0,0,0,0
600,78,Box,20.4,6.11833,0,0,0,0
600,79,Box,21.6,6.11833,0,0,0,0
600,80,Box,22.8,6.11833,0,0,0,0
600,81,Box,-24,7.31833,0,0,0,0
600,82,Box,-22.8,7.31833,0,0,0,0
600,83,Box,-21.6,7.31833,0,0,0,0
600,84,Box,-20.4,7.31833,0,0,0,0
600,85,Box,-19.2,7.31833,0,0,0,0
600,86,Box,-18,7.31833,0,0,0,0
600,87,Box,-16.8,7.31833,0,0,0,0
600,88,Box,-15.6,7.31833,0,0,0,0
600,89,Box,-14.4,7.31833,0,0,0,0
600,90,Box,-13.2,7.31833,0,0,0,0
600,91,Box,-12,7.31833,0,0,0,0
600,92,Box,-10.8,7.31833,0,0,0,0
600,93,Box,-9.6,7.31833,0,0,0,0
600,94,Box,-8.4,7.31833,0,0,0,0
600,95,Box,-7.2,7.31833,0,0,0,0
600,96,Box,-6,7.31833,0,0,0,0
600,97,Box,-4.8,7.31833,0,0,0,0
600,98,Box,-3.6,7.31833,0,0,0,0
600,99,Box,-2.4,7.31833,0,0,0,0
600,100,Box,-1.2,7.31833,0,0,0,0
600,101,Box,0,7.31833,0,0,0,0
600,102,Box,1.2,7.31833,0,0,0,0
600,103,Box,2.4,7.31833,0,0,0,0
600,104,Box,3.6,7.31833,0,0,0,0
600,105,Box,4.8,7.31833,0,0,0,0
600,106,Box,6,7.31833,0,0,0,0
600,107,Box,7.2,7.31833,0,0,0,0
600,108,Box,8.4,7.31833,0,0,0,0
600,109,Box,9.6,7.31833,0,0,0,0
600,110,Box,10.8,7.31833,0,0,0,0
600,111,Box,12,7.31833,0,0,0,0
600,112,Box,13.2,7.31833,0,0,0,0
600,113,Box,14.4,7.31833,0,0,0,0
600,114,Box,15.6,7.31833,0,0,0,0
600,115,Box,16.8,7.31833,0,0,0,0
600,116,Box,18,7.31833,0,0,0,0
600,117,Box,19.2,7.31833,0,0,0,0
600,118,Box,20.4,7.31833,0,0,0,0
600,119,Box,21.6,7.31833,0,0,0,0
600,120,Box,22.8,7.31833,0,0,0,0
600,121,Box,-24,8.51835,0,0,0,0
600,122,Box,-22.8,8.51835,0,0,0,0
600,123,Box,-21.6,8.51835,0,0,0,0
600,124,Box,-20.4,8.51835,0,0,0,0
600,125,Box,-19.2,8.51835,0,0,0,0
600,126,Box,-18,8.51835,0,0,0,0
600,127,Box,-16.8,8.51835,0,0,0,0
600,128,Box,-15.6,8.51835,0,0,0,0
600,129,Box,-14.4,8.51835,0,0,0,0
600,130,Box,-13.2,8.51835,0,0,0,0
600,131,Box,-12,8.51835,0,0,0,0
600,132,Box,-10.8,8.51835,0,0,0,0
600,133,Box,-9.6,8.51835,0,0,0,0
600,134,Box,-8.4,8.51835,0,0,0,0
600,135,Box,-7.2,8.51835,0,0,0,0
600,136,Box,-6,8.51835,0,0,0,0
600,137,Box,-4.8,8.51835,0,0,0,0
600,138,Box,-3.6,8.51835,0,0,0,0
600,139,Box,-2.4,8.51835,0,0,0,0
600,140,Box,-1.2,8.51835,0,0,0,0
600,141,Box,0,8.51835,0,0,0,0
600,142,Box,1.2,8.51835,0,0,0,0
600,143,Box,2.4,8.51835,0,0,0,0
600,144,Box,3.6,8.51835,0,0,0,0
600,145,Box,4.8,8.51835,0,0,0,0
600,146,Box,6,8.51835,0,0,0,0
600,147,Box,7.2,8.51835,0,0,0,0
600,148,Box,8.4,8.51835,0,0,0,0
600,149,Box,9.6,8.51835,0,0,0,0
600,150,Box,10.8,8.51835,0,0,0,0
600,151,Box,12,8.51835,0,0,0,0
600,152,Box,13.2,8.51835,0,0,0,0
600,153,Box,14.4,8.51835,0,0,0,0
600,154,Box,15.6,8.51835,0,0,0,0
600,155,Box,16.8,8.51835,0,0,0,0
600,156,Box,18,8.51835,0,0,0,0
600,157,Box,19.2,8.51835,0,0,0,0
600,158,Box,20.4,8.51835,0,0,0,0
600,159,Box,21.6,8.51835,0,0,0,0
600,160,Box,22.8,8.51835,0,0,0,0
600,161,Box,-24,9.71835,0,0,0,0
600,162,Box,-22.8,9.71835,0,0,0,0
600,163,Box,-21.6,9.71835,0,0,0,0
600,164,Box,-20.4,9.71835,0,0,0,0
600,165,Box,-19.2,9.71835,0,0,0,0
600,166,Box,-18,9.71835,0,0,0,0
600,167,Box,-16.8,9.71835,0,0,0,0
600,168,Box,-15.6,9.71835,0,0,0,0
600,169,Box,-14.4,9.71835,0,0,0,0
600,170,Box,-13.2,9.71835,0,0,0,0
600,171,Box,-12,9.71835,0,0,0,0
600,172,Box,-10.8,9.71835,0,0,0,0
600,173,Box,-9.6,9.71835,0,0,0,0
600,174,Box,-8.4,9.71835,0,0,0,0
600,175,Box,-7.2,9.71835,0,0,0,0
600,176,Box,-6,9.71835,0,0,0,0
600,177,Box,-4.8,9.71835,0,0,0,0
600,178,Box,-3.6,9.71835,0,0,0,0
600,179,Box,-2.4,9.71835,0,0,0,0
600,180,Box,-1.2,9.71835,0,0,0,0
600,181,Box,0,9.71835,0,0,0,0
600,182,Box,1.2,9.71835,0,0,0,0
600,183,Box,2.4,9.71835,0,0,0,0
600,184,Box,3.6,9.71835,0,0,0,0
600,185,Box,4.8,9.71835,0,0,0,0
600,186,Box,6,9.71835,0,0,0,0
600,187,Box,7.2,9.71835,0,0,0,0
600,188,Box,8.4,9.71835,0,0,0,0
600,189,Box,9.6,9.71835,0,0,0,0
600,190,Box,10.8,9.71835,0,0,0,0
600,191,Box,12,9.71835,0,0,0,0
600,192,Box,13.2,9.71835,0,0,0,0
600,193,Box,14.4,9.71835,0,0,0,0
600,194,Box,15.6,9.71835,0,0,0,0
600,195,Box,16.8,9.71835,0,0,0,0
600,196,Box,18,9.71835,0,0,0,0
600,197,Box,19.2,9.71835,0,0,0,0
600,198,Box,20.4,9.71835,0,0,0,0
600,199,Box,21.6,9.71835,0,0,0,0
600,200,Box,22.8,9.71835,0,0,0,0
600,201,Box,-24,10.9183,0,0,0,0
600,202,Box,-22.8,10.9183,0,0,0,0
600,203,Box,-21.6,10.9183,0,0,0,0
600,204,Box,-20.4,10.9183,0,0,0,0
600,205,Box,-19.2,10.9183,0,0,0,0
600,206,Box,-18,10.9183,0,0,0,0
600,207,Box,-16.8,10.9183,0,0,0,0
600,208,Box,-15.6,10.9183,0,0,0,0
600,209,Box,-14.4,10.9183,0,0,0,0
600,210,Box,-13.2,10.9183,0,0,0,0
600,211,Box,-12,10.9183,0,0,0,0
600,212,Box,-10.8,10.9183,0,0,0,0
600,213,Box,-9.6,10.9183,0,0,0,0
600,214,Box,-8.4,10.9183,0,0,0,0
600,215,Box,-7.2,10.9183,0,0,0,0
600,216,Box,-6,10.9183,0,0,0,0
600,217,Box,-4.8,10.9183,0,0,0,0
600,218,Box,-3.6,10.9183,0,0,0,0
600,219,Box,-2.4,10.9183,0,0,0,0
600,220,Box,-1.2,10.9183,0,0,0,0
600,221,Box,0,10.9183,0,0,0,0
600,222,Box,1.2,10.9183,0,0,0,0
600,223,Box,2.4,10.9183,0,0,0,0
600,224,Box,3.6,10.9183,0,0,0,0
600,225,Box,4.8,10.9183,0,0,0,0
600,226,Box,6,10.9183,0,0,0,0
600,227,Box,7.2,10.9183,0,0,0,0
600,228,Box,8.4,10.9183,0,0,0,0
600,229,Box,9.6,10.9183,0,0,0,0
600,230,Box,10.8,10.9183,0,0,0,0
600,231,Box,12,10.9183,0,0,0,0
600,232,Box,13.2,10.9183,0,0,0,0
600,233,Box,14.4,10.9183,0,0,0,0
600,234,Box,15.6,10.9183,0,0,0,0
600,235,Box,16.8,10.9183,0,0,0,0
600,236,Box,18,10.9183,0,0,0,0
600,237,Box,19.2,10.9183,0,0,0,0
600,238,Box,20.4,10.9183,0,0,0,0
600,239,Box,21.6,10.9183,0,0,0,0
600,240,Box,22.8,10.9183,0,0,0,0
600,241,Box,-24,12.1183,0,0,0,0
600,242,Box,-22.8,12.1183,0,0,0,0
600,243,Box,-21.6,12.1183,0,0,0,0
600,244,Box,-20.4,12.1183,0,0,0,0
600,245,Box,-19.2,12.1183,0,0,0,0
600,246,Box,-18,12.1183,0,0,0,0
600,247,Box,-16.8,12.1183,0,0,0,0
600,248,Box,-15.6,12.1183,0,0,0,0
600,249,Box,-14.4,12.1183,0,0,0,0
600,250,Box,-13.2,12.1183,0,0,0,0
600,251,Box,-12,12.1183,0,0,0,0
600,252,Box,-10.8,12.1183,0,0,0,0
600,253,Box,-9.6,12.1183,0,0,0,0
600,254,Box,-8.4,12.1183,0,0,0,0
600,255,Box,-7.2,12.1183,0,0,0,0
600,256,Box,-6,12.1183,0,0,0,0
600,257,Box,-4.8,12.1183,0,0,0,0
600,258,Box,-3.6,12.1183,0,0,0,0
600,259,Box,-2.4,12.1183,0,0,0,0
600,260,Box,-1.2,12.1183,0,0,0,0
600,261,Box,0,12.1183,0,0,0,0
600,262,Box,1.2,12.1183,0,0,0,0
600,263,Box,2.4,12.1183,0,0,0,0
600,264,Box,3.6,12.1183,0,0,0,0
600,265,Box,4.8,12.1183,0,0,0,0
600,266,Box,6,12.1183,0,0,0,0
600,267,Box,7.2,12.1183,0,0,0,0
600,268,Box,8.4,12.1183,0,0,0,0
600,269,Box,9.6,12.1183,0,0,0,0
600,270,Box,10.8,12.1183,0,0,0,0
600,271,Box,12,12.1183,0,0,0,0
600,272,Box,13.2,12.1183,0,0,0,0
600,273,Box,14.4,12.1183,0,0,0,0
600,274,Box,15.6,12.1183,0,0,0,0
600,275,Box,16.8,12.1183,0,0,0,0
600,276,Box,18,12.1183,0,0,0,0
600,277,Box,19.2,12.1183,0,0,0,0
600,278,Box,20.4,12.1183,0,0,0,0
600,279,Box,21.6,12.1183,0,0,0,0
600,280,Box,22.8,12.1183,0,0,0,0
600,281,Box,-24,13.3183,0,0,0,0
600,282,Box,-22.8,13.3183,0,0,0,0
600,283,Box,-21.6,13.3183,0,0,0,0
600,284,Box,-20.4,13.3183,0,0,0,0
600,285,Box,-19.2,13.3183,0,0,0,0
600,286,Box,-18,13.3183,0,0,0,0
600,287,Box,-16.8,13.3183,0,0,0,0
600,288,Box,-15.6,13.3183,0,0,0,0
600,289,Box,-14.4,13.3183,0,0,0,0
600,290,Box,-13.2,13.3183,0,0,0,0
600,291,Box,-12,13.3183,0,0,0,0
600,292,Box,-10.8,13.3183,0,0,0,0
600,293,Box,-9.6,13.3183,0,0,0,0
600,294,Box,-8.4,13.3183,0,0,0,0
600,295,Box,-7.2,13.3183,0,0,0,0
600,296,Box,-6,13.3183,0,0,0,0
600,297,Box,-4.8,13.3183,0,0,0,0
600,298,Box,-3.6,13.3183,0,0,0,0
600,299,Box,-2.4,13.3183,0,0,0,0
600,300,Box,-1.2,13.3183,0,0,0,0
600,301,Box,0,13.3183,0,0,0,0
600,302,Box,1.2,13.3183,0,0,0,0
600,303,Box,2.4,13.3183,0,0,0,0
600,304,Box,3.6,13.3183,0,0,0,0
600,305,Box,4.8,13.3183,0,0,0,0
600,306,Box,6,13.3183,0,0,0,0
600,307,Box,7.2,13.3183,0,0,0,0
600,308,Box,8.4,13.3183,0,0,0,0
600,309,Box,9.6,13.3183,0,0,0,0
600,310,Box,10.8,13.3183,0,0,0,0
600,311,Box,12,13.3183,0,0,0,0
600,312,Box,13.2,13.3183,0,0,0,0
600,313,Box,14.4,13.3183,0,0,0,0
600,314,Box,15.6,13.3183,0,0,0,0
600,315,Box,16.8,13.3183,0,0,0,0
600,316,Box,18,13.3183,0,0,0,0
600,317,Box,19.2,13.3183,0,0,0,0
600,318,Box,20.4,13.3183,0,0,0,0
600,319,Box,21.6,13.3183,0,0,0,0
600,320,Box,22.8,13.3183,0,0,0,0
600,321,Box,-24,14.5183,0,0,0,0
600,322,Box,-22.8,14.5183,0,0,0,0
600,323,Box,-21.6,14.5183,0,0,0,0
600,324,Box,-20.4,14.5183,0,0,0,0
600,325,Box,-19.2,14.5183,0,0,0,0
600,326,Box,-18,14.5183,0,0,0,0
600,327,Box,-16.8,14.5183,0,0,0,0
600,328,Box,-15.6,14.5183,0,0,0,0
600,329,Box,-14.4,14.5183,0,0,0,0
600,330,Box,-13.2,14.5183,0,0,0,0
600,331,Box,-12,14.5183,0,0,0,0
600,332,Box,-10.8,14.5183,0,0,0,0
600,333,Box,-9.6,14.5183,0,0,0,0
600,334,Box,-8.4,14.5183,0,0,0,0
600,335,Box,-7.2,14.5183,0,0,0,0
600,336,Box,-6,14.5183,0,0,0,0
600,337,Box,-4.8,14.5183,0,0,0,0
600,338,Box,-3.6,14.5183,0,0,0,0
600,339,Box,-2.4,14.5183,0,0,0,0
600,340,Box,-1.2,14.5183,0,0,0,0
600,341,Box,0,14.5183,0,0,0,0
600,342,Box,1.2,14.5183,0,0,0,0
600,343,Box,2.4,14.5183,0,0,0,0
600,344,Box,3.6,14.5183,0,0,0,0
600,345,Box,4.8,14.5183,0,0,0,0
600,346,Box,6,14.5183,0,0,0,0
600,347,Box,7.2,14.5183,0,0,0,0
600,348,Box,8.4,14.5183,0,0,0,0
600,349,Box,9.6,14.5183,0,0,0,0
600,350,Box,10.8,14.5183,0,0,0,0
600,351,Box,12,14.5183,0,0,0,0
600,352,Box,13.2,14.5183,0,0,0,0
600,353,Box,14.4,14.5183,0,0,0,0
600,354,Box,15.6,14.5183,0,0,0,0
600,355,Box,16.8,14.5183,0,0,0,0
600,356,Box,18,14.5183,0,0,0,0
600,357,Box,19.2,14.5183,0,0,0,0
600,358,Box,20.4,14.5183,0,0,0,0
600,359,Box,21.6,14.5183,0,0,0,0
600,360,Box,22.8,14.5183,0,0,0,0
600,361,Box,-24,15.7183,0,0,0,0
600,362,Box,-22.8,15.7183,0,0,0,0
600,363,Box,-21.6,15.7183,0,0,0,0
600,364,Box,-20.4,15.7183,0,0,0,0
600,365,Box,-19.2,15.7183,0,0,0,0
600,366,Box,-18,15.7183,0,0,0,0
600,367,Box,-16.8,15.7183,0,0,0,0
600,368,Box,-15.6,15.7183,0,0,0,0
600,369,Box,-14.4,15.7183,0,0,0,0
600,370,Box,-13.2,15.7183,0,0,0,0
600,371,Box,-12,15.7183,0,0,0,0
600,372,Box,-10.8,15.7183,0,0,0,0
600,373,Box,-9.6,15.7183,0,0,0,0
600,374,Box,-8.4,15.7183,0,0,0,0
600,375,Box,-7.2,15.7183,0,0,0,0
600,376,Box,-6,15.7183,0,0,0,0
600,377,Box,-4.8,15.7183,0,0,0,0
600,378,Box,-3.6,15.7183,0,0,0,0
600,379,Box,-2.4,15.7183,0,0,0,0
600,380,Box,-1.2,15.7183,0,0,0,0
600,381,Box,0,15.7183,0,0,0,0
600,382,Box,1.2,15.7183,0,0,0,0
600,383,Box,2.4,15.7183,0,0,0,0
600,384,Box,3.6,15.7183,0,0,0,0
600,385,Box,4.8,15.7183,0,0,0,0
600,386,Box,6,15.7183,0,0,0,0
600,387,Box,7.2,15.7183,0,0,0,0
600,388,Box,8.4,15.7183,0,0,0,0
600,389,Box,9.6,15.7183,0,0,0,0
600,390,Box,10.8,15.7183,0,0,0,0
600,391,Box,12,15.7183,0,0,0,0
600,392,Box,13.2,15.7183,0,0,0,0
600,393,Box,14.4,15.7183,0,0,0,0
600,394,Box,15.6,15.7183,0,0,0,0
600,395,Box,16.8,15.7183,0,0,0,0
600,396,Box,18,15.7183,0,0,0,0
600,397,Box,19.2,15.7183,0,0,0,0
600,398,Box,20.4,15.7183,0,0,0,0
600,399,Box,21.6,15.7183,0,0,0,0
600,400,Box,22.8,15.7183,0,0,0,0
600,401,Box,-24,16.9183,0,0,0,0
600,402,Box,-22.8,16.9183,0,0,0,0
600,403,Box,-21.6,16.9183,0,0,0,0
600,404,Box,-20.4,16.9183,0,0,0,0
600,405,Box,-19.2,16.9183,0,0,0,0
600,406,Box,-18,16.9183,0,0,0,0
600,407,Box,-16.8,16.9183,0,0,0,0
600,408,Box,-15.6,16.9183,0,0,0,0
600,409,Box,-14.4,16.9183,0,0,0,0
600,410,Box,-13.2,16.9183,0,0,0,0
600,411,Box,-12,16.9183,0,0,0,0
600,412,Box,-10.8,16.9183,0,0,0,0
600,413,Box,-9.6,16.9183,0,0,0,0
600,414,Box,-8.4,16.9183,0,0,0,0
600,415,Box,-7.2,16.9183,0,0,0,0
600,416,Box,-6,16.9183,0,0,0,0
600,417,Box,-4.8,16.9183,0,0,0,0
600,418,Box,-3.6,16.9183,0,0,0,0
600,419,Box,-2.4,16.9183,0,0,0,0
600,420,Box,-1.2,16.9183,0,0,0,0
600,421,Box,0,16.9183,0,0,0,0
600,422,Box,1.2,16.9183,0,0,0,0
600,423,Box,2.4,16.9183,0,0,0,0
600,424,Box,3.6,16.9183,0,0,0,0
600,425,Box,4.8,16.9183,0,0,0,0
600,426,Box,6,16.9183,0,0,0,0
600,427,Box,7.2,16.9183,0,0,0,0
600,428,Box,8.4,16.9183,0,0,0,0
600,429,Box,9.6,16.9183,0,0,0,0
600,430,Box,10.8,16.9183,0,0,0,0
600,431,Box,12,16.9183,0,0,0,0
600,432,Box,13.2,16.9183,0,0,0,0
600,433,Box,14.4,16.9183,0,0,0,0
600,434,Box,15.6,16.9183,0,0,0,0
600,435,Box,16.8,16.9183,0,0,0,0
600,436,Box,18,16.9183,0,0,0,0
600,437,Box,19.2,16.9183,0,0,0,0
600,438,Box,20.4,16.9183,0,0,0,0
600,439,Box,21.6,16.9183,0,0,0,0
600,440,Box,22.8,16.9183,0,0,0,0
600,441,Box,-24,18.1183,0,0,0,0
600,442,Box,-22.8,18.1183,0,0,0,0
600,443,Box,-21.6,18.1183,0,0,0,0
600,444,Box,-20.4,18.1183,0,0,0,0
600,445,Box,-19.2,18.1183,0,0,0,0
600,446,Box,-18,18.1183,0,0,0,0
600,447,Box,-16.8,18.1183,0,0,0,0
600,448,Box,-15.6,18.1183,0,0,0,0
600,449,Box,-14.4,18.1183,0,0,0,0
600,450,Box,-13.2,18.1183,0,0,0,0
600,451,Box,-12,18.1183,0,0,0,0
600,452,Box,-10.8,18.1183,0,0,0,0
600,453,Box,-9.6,18.1183,0,0,0,0
600,454,Box,-8.4,18.1183,0,0,0,0
600,455,Box,-7.2,18.1183,0,0,0,0
600,456,Box,-6,18.1183,0,0,0,0
600,457,Box,-4.8,18.1183,0,0,0,0
600,458,Box,-3.6,18.1183,0,0,0,0
600,459,Box,-2.4,18.1183,0,0,0,0
600,460,Box,-1.2,18.1183,0,0,0,0
600,461,Box,0,18.1183,0,0,0,0
600,462,Box,1.2,18.1183,0,0,0,0
600,463,Box,2.4,18.1183,0,0,0,0
600,464,Box,3.6,18.1183,0,0,0,0
600,465,Box,4.8,18.1183,0,0,0,0
600,466,Box,6,18.1183,0,0,0,0
600,467,Box,7.2,18.1183,0,0,0,0
600,468,Box,8.4,18.1183,0,0,0,0
600,469,Box,9.6,18.1183,0,0,0,0
600,470,Box,10.8,18.1183,0,0,0,0
600,471,Box,12,18.1183,0,0,0,0
600,472,Box,13.2,18.1183,0,0,0,0
600,473,Box,14.4,18.1183,0,0,0,0
600,474,Box,15.6,18.1183,0,0,0,0
600,475,Box,16.8,18.1183,0,0,0,0
600,476,Box,18,18.1183,0,0,0,0
600,477,Box,19.2,18.1183,0,0,0,0
600,478,Box,20.4,18.1183,0,0,0,0
600,479,Box,21.6,18.1183,0,0,0,0
600,480,Box,22.8,18.1183,0,0,0,0
600,481,Box,-24,19.3183,0,0,0,0
600,482,Box,-22.8,19.3183,0,0,0,0
600,483,Box,-21.6,19.3183,0,0,0,0
600,484,Box,-20.4,19.3183,0,0,0,0
600,485,Box,-19.2,19.3183,0,0,0,0
600,486,Box,-18,19.3183,0,0,0,0
600,487,Box,-16.8,19.3183,0,0,0,0
600,488,Box,-15.6,19.3183,0,0,0,0
600,489,Box,-14.4,19.3183,0,0,0,0
600,490,Box,-13.2,19.3183,0,0,0,0
600,491,Box,-12,19.3183,0,0,0,0
600,492,Box,-10.8,19.3183,0,0,0,0
600,493,Box,-9.6,19.3183,0,0,0,0
600,494,Box,-8.4,19.3183,0,0,0,0
600,495,Box,-7.2,19.3183,0,0,0,0
600,496,Box,-6,19.3183,0,0,0,0
600,497,Box,-4.8,19.3183,0,0,0,0
600,498,Box,-3.6,19.3183,0,0,0,0
600,499,Box,-2.4,19.3183,0,0,0,0
600,500,Box,-1.2,19.3183,0,0,0,0
600,501,Box,0,19.3183,0,0,0,0
600,502,Box,1.2,19.3183,0,0,0,0
600,503,Box,2.4,19.3183,0,0,0,0
600,504,Box,3.6,19.3183,0,0,0,0
600,505,Box,4.8,19.3183,0,0,0,0
600,506,Box,6,19.3183,0,0,0,0
600,507,Box,7.2,19.3183,0,0,0,0
600,508,Box,8.4,19.3183,0,0,0,0
600,509,Box,9.6,19.3183,0,0,0,0
600,510,Box,10.8,19.3183,0,0,0,0
600,511,Box,12,19.3183,0,0,0,0
600,512,Box,13.2,19.3183,0,0,0,0
600,513,Box,14.4,19.3183,0,0,0,0
600,514,Box,15.6,19.3183,0,0,0,0
600,515,Box,16.8,19.3183,0,0,0,0
600,516,Box,18,19.3183,0,0,0,0
600,517,Box,19.2,19.3183,0,0,0,0
600,518,Box,20.4,19.3183,0,0,0,0
600,519,Box,21.6,19.3183,0,0,0,0
600,520,Box,22.8,19.3183,0,0,0,0
600,521,Box,-24,20.5183,0,0,0,0
600,522,Box,-22.8,20.5183,0,0,0,0
600,523,Box,-21.6,20.5183,0,0,0,0
600,524,Box,-20.4,20.5183,0,0,0,0
600,525,Box,-19.2,20.5183,0,0,0,0
600,526,Box,-18,20.5183,0,0,0,0
600,527,Box,-16.8,20.5183,0,0,0,0
600,528,Box,-15.6,20.5183,0,0,0,0
600,529,Box,-14.4,20.5183,0,0,0,0
600,530,Box,-13.2,20.5183,0,0,0,0
600,531,Box,-12,20.5183,0,0,0,0
600,532,Box,-10.8,20.5183,0,0,0,0
600,533,Box,-9.6,20.5183,0,0,0,0
600,534,Box,-8.4,20.5183,0,0,0,0
600,535,Box,-7.2,20.5183,0,0,0,0
600,536,Box,-6,20.5183,0,0,0,0
600,537,Box,-4.8,20.5183,0,0,0,0
600,538,Box,-3.6,20.5183,0,0,0,0
600,539,Box,-2.4,20.5183,0,0,0,0
600,540,Box,-1.2,20.5183,0,0,0,0
600,541,Box,0,20.5183,0,0,0,0
600,542,Box,1.2,20.5183,0,0,0,0
600,543,Box,2.4,20.5183,0,0,0,0
600,544,Box,3.6,20.5183,0,0,0,0
600,545,Box,4.8,20.5183,0,0,0,0
600,546,Box,6,20.5183,0,0,0,0
600,547,Box,7.2,20.5183,0,0,0,0
600,548,Box,8.4,20.5183,0,0,0,0
600,549,Box,9.6,20.5183,0,0,0,0
600,550,Box,10.8,20.5183,0,0,0,0
600,551,Box,12,20.5183,0,0,0,0
600,552,Box,13.2,20.5183,0,0,0,0
600,553,Box,14.4,20.5183,0,0,0,0
600,554,Box,15.6,20.5183,0,0,0,0
600,555,Box,16.8,20.5183,0,0,0,0
600,556,Box,18,20.5183,0,0,0,0
600,557,Box,19.2,20.5183,0,0,0,0
600,558,Box,20.4,20.5183,0,0,0,0
600,559,Box,21.6,20.5183,0,0,0,0
600,560,Box,22.8,20.5183,0,0,0,0
600,561,Box,-24,21.7183,0,0,0,0
600,562,Box,-22.8,21.7183,0,0,0,0
600,563,Box,-21.6,21.7183,0,0,0,0
600,564,Box,-20.4,21.7183,0,0,0,0
600,565,Box,-19.2,21.7183,0,0,0,0
600,566,Box,-18,21.7183,0,0,0,0
600,567,Box,-16.8,21.7183,0,0,0,0
600,568,Box,-15.6,21.7183,0,0,0,0
600,569,Box,-14.4,21.7183,0,0,0,0
600,570,Box,-13.2,21.7183,0,0,0,0
600,571,Box,-12,21.7183,0,0,0,0
600,572,Box,-10.8,21.7183,0,0,0,0
600,573,Box,-9.6,21.7183,0,0,0,0
600,574,Box,-8.4,21.7183,0,0,0,0
600,575,Box,-7.2,21.7183,0,0,0,0
600,576,Box,-6,21.7183,0,0,0,0
600,577,Box,-4.8,21.7183,0,0,0,0
600,578,Box,-3.6,21.7183,0,0,0,0
600,579,Box,-2.4,21.7183,0,0,0,0
600,580,Box,-1.2,21.7183,0,0,0,0
600,581,Box,0,21.7183,0,0,0,0
600,582,Box,1.2,21.7183,0,0,0,0
600,583,Box,2.4,21.7183,0,0,0,0
600,584,Box,3.6,21.7183,0,0,0,0
600,585,Box,4.8,21.7183,0,0,0,0
600,586,Box,6,21.7183,0,0,0,0
600,587,Box,7.2,21.7183,0,0,0,0
600,588,Box,8.4,21.7183,0,0,0,0
600,589,Box,9.6,21.7183,0,0,0,0
600,590,Box,10.8,21.7183,0,0,0,0
600,591,Box,12,21.7183,0,0,0,0
600,592,Box,13.2,21.7183,0,0,0,0
600,593,Box,14.4,21.7183,0,0,0,0
600,594,Box,15.6,21.7183,0,0,0,0
600,595,Box,16.8,21.7183,0,0,0,0
600,596,Box,18,21.7183,0,0,0,0
600,597,Box,19.2,21.7183,0,0,0,0
600,598,Box,20.4,21.7183,0,0,0,0
600,599,Box,21.6,21.7183,0,0,0,0
600,600,Box,22.8,21.7183,0,0,0,0
600,601,Box,-24,22.9183,0,0,0,0
600,602,Box,-22.8,22.9183,0,0,0,0
600,603,Box,-21.6,22.9183,0,0,0,0
600,604,Box,-20.4,22.9183,0,0,0,0
600,605,Box,-19.2,22.9183,0,0,0,0
600,606,Box,-18,22.9183,0,0,0,0
600,607,Box,-16.8,22.9183,0,0,0,0
600,608,Box,-15.6,22.9183,0,0,0,0
600,609,Box,-14.4,22.9183,0,0,0,0
600,610,Box,-13.2,22.9183,0,0,0,0
600,611,Box,-12,22.9183,0,0,0,0
600,612,Box,-10.8,22.9183,0,0,0,0
600,613,Box,-9.6,22.9183,0,0,0,0
600,614,Box,-8.4,22.9183,0,0,0,0
600,615,Box,-7.2,22.9183,0,0,0,0
600,616,Box,-6,22.9183,0,0,0,0
600,617,Box,-4.8,22.9183,0,0,0,0
600,618,Box,-3.6,22.9183,0,0,0,0
600,619,Box,-2.4,22.9183,0,0,0,0
600,620,Box,-1.2,22.9183,0,0,0,0
600,621,Box,0,22.9183,0,0,0,0
600,622,Box,1.2,22.9183,0,0,0,0
600,623,Box,2.4,22.9183,0,0,0,0
600,624,Box,3.6,22.9183,0,0,0,0
600,625,Box,4.8,22.9183,0,0,0,0
600,626,Box,6,22.9183,0,0,0,0
600,627,Box,7.2,22.9183,0,0,0,0
600,628,Box,8.4,22.9183,0,0,0,0
600,629,Box,9.6,22.9183,0,0,0,0
600,630,Box,10.8,22.9183,0,0,0,0
600,631,Box,12,22.9183,0,0,0,0
600,632,Box,13.2,22.9183,0,0,0,0
600,633,Box,14.4,22.9183,0,0,0,0
600,634,Box,15.6,22.9183,0,0,0,0
600,635,Box,16.8,22.9183,0,0,0,0
600,636,Box,18,22.9183,0,0,0,0
600,637,Box,19.2,22.9183,0,0,0,0
600,638,Box,20.4,22.9183,0,0,0,0
600,639,Box,21.6,22.9183,0,0,0,0
600,640,Box,22.8,22.9183,0,0,0,0
600,641,Box,-24,24.1183,0,0,0,0
600,642,Box,-22.8,24.1183,0,0,0,0
600,643,Box,-21.6,24.1183,0,0,0,0
600,644,Box,-20.4,24.1183,0,0,0,0
600,645,Box,-19.2,24.1183,0,0,0,0
600,646,Box,-18,24.1183,0,0,0,0
600,647,Box,-16.8,24.1183,0,0,0,0
600,648,Box,-15.6,24.1183,0,0,0,0
600,649,Box,-14.4,24.1183,0,0,0,0
600,650,Box,-13.2,24.1183,0,0,0,0
600,651,Box,-12,24.1183,0,0,0,0
600,652,Box,-10.8,24.1183,0,0,0,0
600,653,Box,-9.6,24.1183,0,0,0,0
600,654,Box,-8.4,24.1183,0,0,0,0
600,655,Box,-7.2,24.1183,0,0,0,0
600,656,Box,-6,24.1183,0,0,0,0
600,657,Box,-4.8,24.1183,0,0,0,0
600,658,Box,-3.6,24.1183,0,0,0,0
600,659,Box,-2.4,24.1183,0,0,0,0
600,660,Box,-1.2,24.1183,0,0,0,0
600,661,Box,0,24.1183,0,0,0,0
600,662,Box,1.2,24.1183,0,0,0,0
600,663,Box,2.4,24.1183,0,0,0,0
600,664,Box,3.6,24.1183,0,0,0,0
600,665,Box,4.8,24.1183,0,0,0,0
600,666,Box,6,24.1183,0,0,0,0
600,667,Box,7.2,24.1183,0,0,0,0
600,668,Box,8.4,24.1183,0,0,0,0
600,669,Box,9.6,24.1183,0,0,0,0
600,670,Box,10.8,24.1183,0,0,0,0
600,671,Box,12,24.1183,0,0,0,0
600,672,Box,13.2,24.1183,0,0,0,0
600,673,Box,14.4,24.1183,0,0,0,0
600,674,Box,15.6,24.1183,0,0,0,0
600,675,Box,16.8,24.1183,0,0,0,0
600,676,Box,18,24.1183,0,0,0,0
600,677,Box,19.2,24.1183,0,0,0,0
600,678,Box,20.4,24.1183,0,0,0,0
600,679,Box,21.6,24.1183,0,0,0,0
600,680,Box,22.8,24.1183,0,0,0,0
600,681,Box,-24,25.3183,0,0,0,0
600,682,Box,-22.8,25.3183,0,0,0,0
600,683,Box,-21.6,25.3183,0,0,0,0
600,684,Box,-20.4,25.3183,0,0,0,0
600,685,Box,-19.2,25.3183,0,0,0,0
600,686,Box,-18,25.3183,0,0,0,0
600,687,Box,-16.8,25.3183,0,0,0,0
600,688,Box,-15.6,25.3183,0,0,0,0
600,689,Box,-14.4,25.3183,0,0,0,0
600,690,Box,-13.2,25.3183,0,0,0,0
600,691,Box,-12,25.3183,0,0,0,0
600,692,Box,-10.8,25.3183,0,0,0,0
600,693,Box,-9.6,25.3183,0,0,0,0
600,694,Box,-8.4,25.3183,0,0,0,0
600,695,Box,-7.2,25.3183,0,0,0,0
600,696,Box,-6,25.3183,0,0,0,0
600,697,Box,-4.8,25.3183,0,0,0,0
600,698,Box,-3.6,25.3183,0,0,0,0
600,699,Box,-2.4,25.3183,0,0,0,0
600,700,Box,-1.2,25.3183,0,0,0,0
600,701,Box,0,25.3183,0,0,0,0
600,702,Box,1.2,25.3183,0,0,0,0
600,703,Box,2.4,25.3183,0,0,0,0
600,704,Box,3.6,25.3183,0,0,0,0
600,705,Box,4.8,25.3183,0,0,0,0
600,706,Box,6,25.3183,0,0,0,0
600,707,Box,7.2,25.3183,0,0,0,0
600,708,Box,8.4,25.3183,0,0,0,0
600,709,Box,9.6,25.3183,0,0,0,0
600,710,Box,10.8,25.3183,0,0,0,0
600,711,Box,12,25.3183,0,0,0,0
600,712,Box,13.2,25.3183,0,0,0,0
600,713,Box,14.4,25.3183,0,0,0,0
600,714,Box,15.6,25.3183,0,0,0,0
600,715,Box,16.8,25.3183,0,0,0,0
600,716,Box,18,25.3183,0,0,0,0
600,717,Box,19.2,25.3183,0,0,0,0
600,718,Box,20.4,25.3183,0,0,0,0
600,719,Box,21.6,25.3183,0,0,0,0
600,720,Box,22.8,25.3183,0,0,0,0
600,721,Box,-24,26.5183,0,0,0,0
600,722,Box,-22.8,26.5183,0,0,0,0
600,723,Box,-21.6,26.5183,0,0,0,0
600,724,Box,-20.4,26.5183,0,0,0,0
600,725,Box,-19.2,26.5183,0,0,0,0
600,726,Box,-18,26.5183,0,0,0,0
600,727,Box,-16.8,26.5183,0,0,0,0
600,728,Box,-15.6,26.5183,0,0,0,0
600,729,Box,-14.4,26.5183,0,0,0,0
600,730,Box,-13.2,26.5183,0,0,0,0
600,731,Box,-12,26.5183,0,0,0,0
600,732,Box,-10.8,26.5183,0,0,0,0
600,733,Box,-9.6,26.5183,0,0,0,0
600,734,Box,-8.4,26.5183,0,0,0,0
600,735,Box,-7.2,26.5183,0,0,0,0
600,736,Box,-6,26.5183,0,0,0,0
600,737,Box,-4.8,26.5183,0,0,0,0
600,738,Box,-3.6,26.5183,0,0,0,0
600,739,Box,-2.4,26.5183,0,0,0,0
600,740,Box,-1.2,26.5183,0,0,0,0
600,741,Box,0,26.5183,0,0,0,0
600,742,Box,1.2,26.5183,0,0,0,0
600,743,Box,2.4,26.5183,0,0,0,0
600,744,Box,3.6,26.5183,0,0,0,0
600,745,Box,4.8,26.5183,0,0,0,0
600,746,Box,6,26.5183,0,0,0,0
600,747,Box,7.2,26.5183,0,0,0,0
600,748,Box,8.4,26.5183,0,0,0,0
600,749,Box,9.6,26.5183,0,0,0,0
600,750,Box,10.8,26.5183,0,0,0,0
600,751,Box,12,26.5183,0,0,0,0
600,752,Box,13.2,26.5183,0,0,0,0
600,753,Box,14.4,26.5183,0,0,0,0
600,754,Box,15.6,26.5183,0,0,0,0
600,755,Box,16.8,26.5183,0,0,0,0
600,756,Box,18,26.5183,0,0,0,0
600,757,Box,19.2,26.5183,0,0,0,0
600,758,Box,20.4,26.5183,0,0,0,0
600,759,Box,21.6,26.5183,0,0,0,0
600,760,Box,22.8,26.5183,0,0,0,0
600,761,Box,-24,27.7183,0,0,0,0
600,762,Box,-22.8,27.7183,0,0,0,0
600,763,Box,-21.6,27.7183,0,0,0,0
600,764,Box,-20.4,27.7183,0,0,0,0
600,765,Box,-19.2,27.7183,0,0,0,0
600,766,Box,-18,27.7183,0,0,0,0
600,767,Box,-16.8,27.7183,0,0,0,0
600,768,Box,-15.6,27.7183,0,0,0,0
600,769,Box,-14.4,27.7183,0,0,0,0
600,770,Box,-13.2,27.7183,0,0,0,0
600,771,Box,-12,27.7183,0,0,0,0
600,772,Box,-10.8,27.7183,0,0,0,0
600,773,Box,-9.6,27.7183,0,0,0,0
600,774,Box,-8.4,27.7183,0,0,0,0
600,775,Box,-7.2,27.7183,0,0,0,0
600,776,Box,-6,27.7183,0,0,0,0
600,777,Box,-4.8,27.7183,0,0,0,0
600,778,Box,-3.6,27.7183,0,0,0,0
600,779,Box,-2.4,27.7183,0,0,0,0
600,780,Box,-1.2,27.7183,0,0,0,0
600,781,Box,0,27.7183,0,0,0,0
600,782,Box,1.2,27.7183,0,0,0,0
600,783,Box,2.4,27.7183,0,0,0,0
600,784,Box,3.6,27.7183,0,0,0,0
600,785,Box,4.8,27.7183,0,0,0,0
600,786,Box,6,27.7183,0,0,0,0
600,787,Box,7.2,27.7183,0,0,0,0
600,788,Box,8.4,27.7183,0,0,0,0
600,789,Box,9.6,27.7183,0,0,0,0
600,790,Box,10.8,27.7183,0,0,0,0
600,791,Box,12,27.7183,0,0,0,0
600,792,Box,13.2,27.7183,0,0,0,0
600,793,Box,14.4,27.7183,0,0,0,0
600,794,Box,15.6,27.7183,0,0,0,0
600,795,Box,16.8,27.7183,0,0,0,0
600,796,Box,18,27.7183,0,0,0,0
600,797,Box,19.2,27.7183,0,0,0,0
600,798,Box,20.4,27.7183,0,0,0,0
600,799,Box,21.6,27.7183,0,0,0,0
600,800,Box,22.8,27.7183,0,0,0,0
600,801,Box,-24,28.9183,0,0,0,0
600,802,Box,-22.8,28.9183,0,0,0,0
600,803,Box,-21.6,28.9183,0,0,0,0
600,804,Box,-20.4,28.9183,0,0,0,0
600,805,Box,-19.2,28.9183,0,0,0,0
600,806,Box,-18,28.9183,0,0,0,0
600,807,Box,-16.8,28.9183,0,0,0,0
600,808,Box,-15.6,28.9183,0,0,0,0
600,809,Box,-14.4,28.9183,0,0,0,0
600,810,Box,-13.2,28.9183,0,0,0,0
600,811,Box,-12,28.9183,0,0,0,0
600,812,Box,-10.8,28.9183,0,0,0,0
600,813,Box,-9.6,28.9183,0,0,0,0
600,814,Box,-8.4,28.9183,0,0,0,0
600,815,Box,-7.2,28.9183,0,0,0,0
600,816,Box,-6,28.9183,0,0,0,0
600,817,Box,-4.8,28.9183,0,0,0,0
600,818,Box,-3.6,28.9183,0,0,0,0
600,819,Box,-2.4,28.9183,0,0,0,0
600,820,Box,-1.2,28.9183,0,0,0,0
600,821,Box,0,28.9183,0,0,0,0
600,822,Box,1.2,28.9183,0,0,0,0
600,823,Box,2.4,28.9183,0,0,0,0
600,824,Box,3.6,28.9183,0,0,0,0
600,825,Box,4.8,28.9183,0,0,0,0
600,826,Box,6,28.9183,0,0,0,0
600,827,Box,7.2,28.9183,0,0,0,0
600,828,Box,8.4,28.9183,0,0,0,0
600,829,Box,9.6,28.9183,0,0,0,0
600,830,Box,10.8,28.9183,0,0,0,0
600,831,Box,12,28.9183,0,0,0,0
600,832,Box,13.2,28.9183,0,0,0,0
600,833,Box,14.4,28.9183,0,0,0,0
600,834,Box,15.6,28.9183,0,0,0,0
600,835,Box,16.8,28.9183,0,0,0,0
600,836,Box,18,28.9183,0,0,0,0
600,837,Box,19.2,28.9183,0,0,0,0
600,838,Box,20.4,28.9183,0,0,0,0
600,839,Box,21.6,28.9183,0,0,0,0
600,840,Box,22.8,28.9183,0,0,0,0
600,841,Box,-24,30.1183,0,0,0,0
600,842,Box,-22.8,30.1183,0,0,0,0
600,843,Box,-21.6,30.1183,0,0,0,0
600,844,Box,-20.4,30.1183,0,0,0,0
600,845,Box,-19.2,30.1183,0,0,0,0
600,846,Box,-18,30.1183,0,0,0,0
600,847,Box,-16.8,30.1183,0,0,0,0
600,848,Box,-15.6,30.1183,0,0,0,0
600,849,Box,-14.4,30.1183,0,0,0,0
600,850,Box,-13.2,30.1183,0,0,0,0
600,851,Box,-12,30.1183,0,0,0,0
600,852,Box,-10.8,30.1183,0,0,0,0
600,853,Box,-9.6,30.1183,0,0,0,0
600,854,Box,-8.4,30.1183,0,0,0,0
600,855,Box,-7.2,30.1183,0,0,0,0
600,856,Box,-6,30.1183,0,0,0,0
600,857,Box,-4.8,30.1183,0,0,0,0
600,858,Box,-3.6,30.1183,0,0,0,0
600,859,Box,-2.4,30.1183,0,0,0,0
600,860,Box,-1.2,30.1183,0,0,0,0
600,861,Box,0,30.1183,0,0,0,0
600,862,Box,1.2,30.1183,0,0,0,0
600,863,Box,2.4,30.1183,0,0,0,0
600,864,Box,3.6,30.1183,0,0,0,0
600,865,Box,4.8,30.1183,0,0,0,0
600,866,Box,6,30.1183,0,0,0,0
600,867,Box,7.2,30.1183,0,0,0,0
600,868,Box,8.4,30.1183,0,0,0,0
600,869,Box,9.6,30.1183,0,0,0,0
600,870,Box,10.8,30.1183,0,0,0,0
600,871,Box,12,30.1183,0,0,0,0
600,872,Box,13.2,30.1183,0,0,0,0
600,873,Box,14.4,30.1183,0,0,0,0
600,874,Box,15.6,30.1183,0,0,0,0
600,875,Box,16.8,30.1183,0,0,0,0
600,876,Box,18,30.1183,0,0,0,0
600,877,Box,19.2,30.1183,0,0,0,0
600,878,Box,20.4,30.1183,0,0,0,0
600,879,Box,21.6,30.1183,0,0,0,0
600,880,Box,22.8,30.1183,0,0,0,0
600,881,Box,-24,31.3183,0,0,0,0
600,882,Box,-22.8,31.3183,0,0,0,0
600,883,Box,-21.6,31.3183,0,0,0,0
600,884,Box,-20.4,31.3183,0,0,0,0
600,885,Box,-19.2,31.3183,0,0,0,0
600,886,Box,-18,31.3183,0,0,0,0
600,887,Box,-16.8,31.3183,0,0,0,0
600,888,Box,-15.6,31.3183,0,0,0,0
600,889,Box,-14.4,31.3183,0,0,0,0
600,890,Box,-13.2,31.3183,0,0,0,0
600,891,Box,-12,31.3183,0,0,0,0
600,892,Box,-10.8,31.3183,0,0,0,0
600,893,Box,-9.6,31.3183,0,0,0,0
600,894,Box,-8.4,31.3183,0,0,0,0
600,895,Box,-7.2,31.3183,0,0,0,0
600,896,Box,-6,31.3183,0,0,0,0
600,897,Box,-4.8,31.3183,0,0,0,0
600,898,Box,-3.6,31.3183,0,0,0,0
600,899,Box,-2.4,31.3183,0,0,0,0
600,900,Box,-1.2,31.3183,0,0,0,0
600,901,Box,0,31.3183,0,0,0,0
600,902,Box,1.2,31.3183,0,0,0,0
600,903,Box,2.4,31.3183,0,0,0,0
600,904,Box,3.6,31.3183,0,0,0,0
600,905,Box,4.8,31.3183,0,0,0,0
600,906,Box,6,31.3183,0,0,0,0
600,907,Box,7.2,31.3183,0,0,0,0
600,908,Box,8.4,31.3183,0,0,0,0
600,909,Box,9.6,31.3183,0,0,0,0
600,910,Box,10.8,31.3183,0,0,0,0
600,911,Box,12,31.3183,0,0,0,0
600,912,Box,13.2,31.3183,0,0,0,0
600,913,Box,14.4,31.3183,0,0,0,0
600,914,Box,15.6,31.3183,0,0,0,0
600,915,Box,16.8,31.3183,0,0,0,0
600,916,Box,18,31.3183,0,0,0,0
600,917,Box,19.2,31.3183,0,0,0,0
600,918,Box,20.4,31.3183,0,0,0,0
600,919,Box,21.6,31.3183,0,0,0,0
600,920,Box,22.8,31.3183,0,0,0,0
600,921,Box,-24,32.5183,0,0,0,0
600,922,Box,-22.8,32.5183,0,0,0,0
600,923,Box,-21.6,32.5183,0,0,0,0
600,924,Box,-20.4,32.5183,0,0,0,0
600,925,Box,-19.2,32.5183,0,0,0,0
600,926,Box,-18,32.5183,0,0,0,0
600,927,Box,-16.8,32.5183,0,0,0,0
600,928,Box,-15.6,32.5183,0,0,0,0
600,929,Box,-14.4,32.5183,0,0,0,0
600,930,Box,-13.2,32.5183,0,0,0,0
600,931,Box,-12,32.5183,0,0,0,0
600,932,Box,-10.8,32.5183,0,0,0,0
600,933,Box,-9.6,32.5183,0,0,0,0
600,934,Box,-8.4,32.5183,0,0,0,0
600,935,Box,-7.2,32.5183,0,0,0,0
600,936,Box,-6,32.5183,0,0,0,0
600,937,Box,-4.8,32.5183,0,0,0,0
600,938,Box,-3.6,32.5183,0,0,0,0
600,939,Box,-2.4,32.5183,0,0,0,0
600,940,Box,-1.2,32.5183,0,0,0,0
600,941,Box,0,32.5183,0,0,0,0
600,942,Box,1.2,32.5183,0,0,0,0
600,943,Box,2.4,32.5183,0,0,0,0
600,944,Box,3.6,32.5183,0,0,0,0
600,945,Box,4.8,32.5183,0,0,0,0
600,946,Box,6,32.5183,0,0,0,0
600,947,Box,7.2,32.5183,0,0,0,0
600,948,Box,8.4,32.5183,0,0,0,0
600,949,Box,9.6,32.5183,0,0,0,0
600,950,Box,10.8,32.5183,0,0,0,0
600,951,Box,12,32.5183,0,0,0,0
600,952,Box,13.2,32.5183,0,0,0,0
600,953,Box,14.4,32.5183,0,0,0,0
600,954,Box,15.6,32.5183,0,0,0,0
600,955,Box,16.8,32.5183,0,0,0,0
600,956,Box,18,32.5183,0,0,0,0
600,957,Box,19.2,32.5183,0,0,0,0
600,958,Box,20.4,32.5183,0,0,0,0
600,959,Box,21.6,32.5183,0,0,0,0
600,960,Box,22.8,32.5183,0,0,0,0
600,961,Box,-24,33.7183,0,0,0,0
600,962,Box,-22.8,33.7183,0,0,0,0
600,963,Box,-21.6,33.7183,0,0,0,0
600,964,Box,-20.4,33.7183,0,0,0,0
600,965,Box,-19.2,33.7183,0,0,0,0
600,966,Box,-18,33.7183,0,0,0,0
600,967,Box,-16.8,33.7183,0,0,0,0
600,968,Box,-15.6,33.7183,0,0,0,0
600,969,Box,-14.4,33.7183,0,0,0,0
600,970,Box,-13.2,33.7183,0,0,0,0
600,971,Box,-12,33.7183,0,0,0,0
600,972,Box,-10.8,33.7183,0,0,0,0
600,973,Box,-9.6,33.7183,0,0,0,0
600,974,Box,-8.4,33.7183,0,0,0,0
600,975,Box,-7.2,33.7183,0,0,0,0
600,976,Box,-6,33.7183,0,0,0,0
600,977,Box,-4.8,33.7183,0,0,0,0
600,978,Box,-3.6,33.7183,0,0,0,0
600,979,Box,-2.4,33.7183,0,0,0,0
600,980,Box,-1.2,33.7183,0,0,0,0
600,981,Box,0,33.7183,0,0,0,0
600,982,Box,1.2,33.7183,0,0,0,0
600,983,Box,2.4,33.7183,0,0,0,0
600,984,Box,3.6,33.7183,0,0,0,0
600,985,Box,4.8,33.7183,0,0,0,0
600,986,Box,6,33.7183,0,0,0,0
600,987,Box,7.2,33.7183,0,0,0,0
600,988,Box,8.4,33.7183,0,0,0,0
600,989,Box,9.6,33.7183,0,0,0,0
600,990,Box,10.8,33.7183,0,0,0,0
600,991,Box,12,33.7183,0,0,0,0
600,992,Box,13.2,33.7183,0,0,0,0
600,993,Box,14.4,33.7183,0,0,0,0
600,994,Box,15.6,33.7183,0,0,0,0
600,995,Box,16.8,33.7183,0,0,0,0
600,996,Box,18,33.7183,0,0,0,0
600,997,Box,19.2,33.7183,0,0,0,0
600,998,Box,20.4,33.7183,0,0,0,0
600,999,Box,21.6,33.7183,0,0,0,0
600,1000,Box,22.8,33.7183,0,0,0,0
600,1001,Box,-24,34.9183,0,0,0,0
600,1002,Box,-22.8,34.9183,0,0,0,0
600,1003,Box,-21.6,34.9183,0,0,0,0
600,1004,Box,-20.4,34.9183,0,0,0,0
600,1005,Box,-19.2,34.9183,0,0,0,0
600,1006,Box,-18,34.9183,0,0,0,0
600,1007,Box,-16.8,34.9183,0,0,0,0
600,1008,Box,-15.6,34.9183,0,0,0,0
600,1009,Box,-14.4,34.9183,0,0,0,0
600,1010,Box,-13.2,34.9183,0,0,0,0
600,1011,Box,-12,34.9183,0,0,0,0
600,1012,Box,-10.8,34.9183,0,0,0,0
600,1013,Box,-9.6,34.9183,0,0,0,0
600,1014,Box,-8.4,34.9183,0,0,0,0
600,1015,Box,-7.2,34.9183,0,0,0,0
600,1016,Box,-6,34.9183,0,0,0,0
600,1017,Box,-4.8,34.9183,0,0,0,0
600,1018,Box,-3.6,34.9183,0,0,0,0
600,1019,Box,-2.4,34.9183,0,0,0,0
600,1020,Box,-1.2,34.9183,0,0,0,0
600,1021,Box,0,34.9183,0,0,0,0
600,1022,Box,1.2,34.9183,0,0,0,0
600,1023,Box,2.4,34.9183,0,0,0,0
600,1024,Box,3.6,34.9183,0,0,0,0
600,1025,Box,4.8,34.9183,0,0,0,0
600,1026,Box,6,34.9183,0,0,0,0
600,1027,Box,7.2,34.9183,0,0,0,0
600,1028,Box,8.4,34.9183,0,0,0,0
600,1029,Box,9.6,34.9183,0,0,0,0
600,1030,Box,10.8,34.9183,0,0,0,0
600,1031,Box,12,34.9183,0,0,0,0
600,1032,Box,13.2,34.9183,0,0,0,0
600,1033,Box,14.4,34.9183,0,0,0,0
600,1034,Box,15.6,34.9183,0,0,0,0
600,1035,Box,16.8,34.9183,0,0,0,0
600,1036,Box,18,34.9183,0,0,0,0
600,1037,Box,19.2,34.9183,0,0,0,0
600,1038,Box,20.4,34.9183,0,0,0,0
600,1039,Box,21.6,34.9183,0,0,0,0
600,1040,Box,22.8,34.9183,0,0,0,0
600,1041,Box,-24,36.1183,0,0,0,0
600,1042,Box,-22.8,36.1183,0,0,0,0
600,1043,Box,-21.6,36.1183,0,0,0,0
600,1044,Box,-20.4,36.1183,0,0,0,0
600,1045,Box,-19.2,36.1183,0,0,0,0
600,1046,Box,-18,36.1183,0,0,0,0
600,1047,Box,-16.8,36.1183,0,0,0,0
600,1048,Box,-15.6,36.1183,0,0,0,0
600,1049,Box,-14.4,36.1183,0,0,0,0
600,1050,Box,-13.2,36.1183,0,0,0,0
600,1051,Box,-12,36.1183,0,0,0,0
600,1052,Box,-10.8,36.1183,0,0,0,0
600,1053,Box,-9.6,36.1183,0,0,0,0
600,1054,Box,-8.4,36.1183,0,0,0,0
600,1055,Box,-7.2,36.1183,0,0,0,0
600,1056,Box,-6,36.1183,0,0,0,0
600,1057,Box,-4.8,36.1183,0,0,0,0
600,1058,Box,-3.6,36.1183,0,0,0,0
600,1059,Box,-2.4,36.1183,0,0,0,0
600,1060,Box,-1.2,36.1183,0,0,0,0
600,1061,Box,0,36.1183,0,0,0,0
600,1062,Box,1.2,36.1183,0,0,0,0
600,1063,Box,2.4,36.1183,0,0,0,0
600,1064,Box,3.6,36.1183,0,0,0,0
600,1065,Box,4.8,36.1183,0,0,0,0
600,1066,Box,6,36.1183,0,0,0,0
600,1067,Box,7.2,36.1183,0,0,0,0
600,1068,Box,8.4,36.1183,0,0,0,0
600,1069,Box,9.6,36.1183,0,0,0,0
600,1070,Box,10.8,36.1183,0,0,0,0
600,1071,Box,12,36.1183,0,0,0,0
600,1072,Box,13.2,36.1183,0,0,0,0
600,1073,Box,14.4,36.1183,0,0,0,0
600,1074,Box,15.6,36.1183,0,0,0,0
600,1075,Box,16.8,36.1183,0,0,0,0
600,1076,Box,18,36.1183,0,0,0,0
600,1077,Box,19.2,36.1183,0,0,0,0
600,1078,Box,20.4,36.1183,0,0,0,0
600,1079,Box,21.6,36.1183,0,0,0,0
600,1080,Box,22.8,36.1183,0,0,0,0
600,1081,Box,-24,37.3183,0,0,0,0
600,1082,Box,-22.8,37.3183,0,0,0,0
600,1083,Box,-21.6,37.3183,0,0,0,0
600,1084,Box,-20.4,37.3183,0,0,0,0
600,1085,Box,-19.2,37.3183,0,0,0,0
600,1086,Box,-18,37.3183,0,0,0,0
600,1087,Box,-16.8,37.3183,0,0,0,0
600,1088,Box,-15.6,37.3183,0,0,0,0
600,1089,Box,-14.4,37.3183,0,0,0,0
600,1090,Box,-13.2,37.3183,0,0,0,0
600,1091,Box,-12,37.3183,0,0,0,0
600,1092,Box,-10.8,37.3183,0,0,0,0
600,1093,Box,-9.6,37.3183,0,0,0,0
600,1094,Box,-8.4,37.3183,0,0,0,0
600,1095,Box,-7.2,37.3183,0,0,0,0
600,1096,Box,-6,37.3183,0,0,0,0
600,1097,Box,-4.8,37.3183,0,0,0,0
600,1098,Box,-3.6,37.3183,0,0,0,0
600,1099,Box,-2.4,37.3183,0,0,0,0
600,1100,Box,-1.2,37.3183,0,0,0,0
600,1101,Box,0,37.3183,0,0,0,0
600,1102,Box,1.2,37.3183,0,0,0,0
600,1103,Box,2.4,37.3183,0,0,0,0
600,1104,Box,3.6,37.3183,0,0,0,0
600,1105,Box,4.8,37.3183,0,0,0,0
600,1106,Box,6,37.3183,0,0,0,0
600,1107,Box,7.2,37.3183,0,0,0,0
600,1108,Box,8.4,37.3183,0,0,0,0
600,1109,Box,9.6,37.3183,0,0,0,0
600,1110,Box,10.8,37.3183,0,0,0,0
600,1111,Box,12,37.3183,0,0,0,0
600,1112,Box,13.2,37.3183,0,0,0,0
600,1113,Box,14.4,37.3183,0,0,0,0
600,1114,Box,15.6,37.3183,0,0,0,0
600,1115,Box,16.8,37.3183,0,0,0,0
600,1116,Box,18,37.3183,0,0,0,0
600,1117,Box,19.2,37.3183,0,0,0,0
600,1118,Box,20.4,37.3183,0,0,0,0
600,1119,Box,21.6,37.3183,0,0,0,0
600,1120,Box,22.8,37.3183,0,0,0,0
600,1121,Box,-24,38.5183,0,0,0,0
600,1122,Box,-22.8,38.5183,0,0,0,0
600,1123,Box,-21.6,38.5183,0,0,0,0
600,1124,Box,-20.4,38.5183,0,0,0,0
600,1125,Box,-19.2,38.5183,0,0,0,0
600,1126,Box,-18,38.5183,0,0,0,0
600,1127,Box,-16.8,38.5183,0,0,0,0
600,1128,Box,-15.6,38.5183,0,0,0,0
600,1129,Box,-14.4,38.5183,0,0,0,0
600,1130,Box,-13.2,38.5183,0,0,0,0
600,1131,Box,-12,38.5183,0,0,0,0
600,1132,Box,-10.8,38.5183,0,0,0,0
600,1133,Box,-9.6,38.5183,0,0,0,0
600,1134,Box,-8.4,38.5183,0,0,0,0
600,1135,Box,-7.2,38.5183,0,0,0,0
600,1136,Box,-6,38.5183,0,0,0,0
600,1137,Box,-4.8,38.5183,0,0,0,0
600,1138,Box,-3.6,38.5183,0,0,0,0
600,1139,Box,-2.4,38.5183,0,0,0,0
600,1140,Box,-1.2,38.5183,0,0,0,0
600,1141,Box,0,38.5183,0,0,0,0
600,1142,Box,1.2,38.5183,0,0,0,0
600,1143,Box,2.4,38.5183,0,0,0,0
600,1144,Box,3.6,38.5183,0,0,0,0
600,1145,Box,4.8,38.5183,0,0,0,0
600,1146,Box,6,38.5183,0,0,0,0
600,1147,Box,7.2,38.5183,0,0,0,0
600,1148,Box,8.4,38.5183,0,0,0,0
600,1149,Box,9.6,38.5183,0,0,0,0
600,1150,Box,10.8,38.5183,0,0,0,0
600,1151,Box,12,38.5183,0,0,0,0
600,1152,Box,13.2,38.5183,0,0,0,0
600,1153,Box,14.4,38.5183,0,0,0,0
600,1154,Box,15.6,38.5183,0,0,0,0
600,1155,Box,16.8,38.5183,0,0,0,0
600,1156,Box,18,38.5183,0,0,0,0
600,1157,Box,19.2,38.5183,0,0,0,0
600,1158,Box,20.4,38.5183,0,0,0,0
600,1159,Box,21.6,38.5183,0,0,0,0
600,1160,Box,22.8,38.5183,0,0,0,0
600,1161,Box,-24,39.7183,0,0,0,0
600,1162,Box,-22.8,39.7183,0,0,0,0
600,1163,Box,-21.6,39.7183,0,0,0,0
600,1164,Box,-20.4,39.7183,0,0,0,0
600,1165,Box,-19.2,39.7183,0,0,0,0
600,1166,Box,-18,39.7183,0,0,0,0
600,1167,Box,-16.8,39.7183,0,0,0,0
600,1168,Box,-15.6,39.7183,0,0,0,0
600,1169,Box,-14.4,39.7183,0,0,0,0
600,1170,Box,-13.2,39.7183,0,0,0,0
600,1171,Box,-12,39.7183,0,0,0,0
600,1172,Box,-10.8,39.7183,0,0,0,0
600,1173,Box,-9.6,39.7183,0,0,0,0
600,1174,Box,-8.4,39.7183,0,0,0,0
600,1175,Box,-7.2,39.7183,0,0,0,0
600,1176,Box,-6,39.7183,0,0,0,0
600,1177,Box,-4.8,39.7183,0,0,0,0
600,1178,Box,-3.6,39.7183,0,0,0,0
600,1179,Box,-2.4,39.7183,0,0,0,0
600,1180,Box,-1.2,39.7183,0,0,0,0
600,1181,Box,0,39.7183,0,0,0,0
600,1182,Box,1.2,39.7183,0,0,0,0
600,1183,Box,2.4,39.7183,0,0,0,0
600,1184,Box,3.6,39.7183,0,0,0,0
600,1185,Box,4.8,39.7183,0,0,0,0
600,1186,Box,6,39.7183,0,0,0,0
600,1187,Box,7.2,39.7183,0,0,0,0
600,1188,Box,8.4,39.7183,0,0,0,0
600,1189,Box,9.6,39.7183,0,0,0,0
600,1190,Box,10.8,39.7183,0,0,0,0
600,1191,Box,12,39.7183,0,0,0,0
600,1192,Box,13.2,39.7183,0,0,0,0
600,1193,Box,14.4,39.7183,0,0,0,0
600,1194,Box,15.6,39.7183,0,0,0,0
600,1195,Box,16.8,39.7183,0,0,0,0
600,1196,Box,18,39.7183,0,0,0,0
600,1197,Box,19.2,39.7183,0,0,0,0
600,1198,Box,20.4,39.7183,0,0,0,0
600,1199,Box,21.6,39.7183,0,0,0,0
600,1200,Box,22.8,39.7183,0,0,0,0
600,1201,Box,-24,40.9183,0,0,0,0
600,1202,Box,-22.8,40.9183,0,0,0,0
600,1203,Box,-21.6,40.9183,0,0,0,0
600,1204,Box,-20.4,40.9183,0,0,0,0
600,1205,Box,-19.2,40.9183,0,0,0,0
600,1206,Box,-18,40.9183,0,0,0,0
600,1207,Box,-16.8,40.9183,0,0,0,0
600,1208,Box,-15.6,40.9183,0,0,0,0
600,1209,Box,-14.4,40.9183,0,0,0,0
600,1210,Box,-13.2,40.9183,0,0,0,0
600,1211,Box,-12,40.9183,0,0,0,0
600,1212,Box,-10.8,40.9183,0,0,0,0
600,1213,Box,-9.6,40.9183,0,0,0,0
600,1214,Box,-8.4,40.9183,0,0,0,0
600,1215,Box,-7.2,40.9183,0,0,0,0
600,1216,Box,-6,40.9183,0,0,0,0
600,1217,Box,-4.8,40.9183,0,0,0,0
600,1218,Box,-3.6,40.9183,0,0,0,0
600,1219,Box,-2.4,40.9183,0,0,0,0
600,1220,Box,-1.2,40.9183,0,0,0,0
600,1221,Box,0,40.9183,0,0,0,0
600,1222,Box,1.2,40.9183,0,0,0,0
600,1223,Box,2.4,40.9183,0,0,0,0
600,1224,Box,3.6,40.9183,0,0,0,0
600,1225,Box,4.8,40.9183,0,0,0,0
600,1226,Box,6,40.9183,0,0,0,0
600,1227,Box,7.2,40.9183,0,0,0,0
600,1228,Box,8.4,40.9183,0,0,0,0
600,1229,Box,9.6,40.9183,0,0,0,0
600,1230,Box,10.8,40.9183,0,0,0,0
600,1231,Box,12,40.9183,0,0,0,0
600,1232,Box,13.2,40.9183,0,0,0,0
600,1233,Box,14.4,40.9183,0,0,0,0
600,1234,Box,15.6,40.9183,0,0,0,0
600,1235,Box,16.8,40.9183,0,0,0,0
600,1236,Box,18,40.9183,0,0,0,0
600,1237,Box,19.2,40.9183,0,0,0,0
600,1238,Box,20.4,40.9183,0,0,0,0
600,1239,Box,21.6,40.9183,0,0,0,0
600,1240,Box,22.8,40.9183,0,0,0,0
600,1241,Box,-24,42.1183,0,0,0,0
600,1242,Box,-22.8,42.1183,0,0,0,0
600,1243,Box,-21.6,42.1183,0,0,0,0
600,1244,Box,-20.4,42.1183,0,0,0,0
600,1245,Box,-19.2,42.1183,0,0,0,0
600,1246,Box,-18,42.1183,0,0,0,0
600,1247,Box,-16.8,42.1183,0,0,0,0
600,1248,Box,-15.6,42.1183,0,0,0,0
600,1249,Box,-14.4,42.1183,0,0,0,0
600,1250,Box,-13.2,42.1183,0,0,0,0
600,1251,Box,-12,42.1183,0,0,0,0
600,1252,Box,-10.8,42.1183,0,0,0,0
600,1253,Box,-9.6,42.1183,0,0,0,0
600,1254,Box,-8.4,42.1183,0,0,0,0
600,1255,Box,-7.2,42.1183,0,0,0,0
600,1256,Box,-6,42.1183,0,0,0,0
600,1257,Box,-4.8,42.1183,0,0,0,0
600,1258,Box,-3.6,42.1183,0,0,0,0
600,1259,Box,-2.4,42.1183,0,0,0,0
600,1260,Box,-1.2,42.1183,0,0,0,0
600,1261,Box,0,42.1183,0,0,0,0
600,1262,Box,1.2,42.1183,0,0,0,0
600,1263,Box,2.4,42.1183,0,0,0,0
600,1264,Box,3.6,42.1183,0,0,0,0
600,1265,Box,4.8,42.1183,0,0,0,0
600,1266,Box,6,42.1183,0,0,0,0
600,1267,Box,7.2,42.1183,0,0,0,0
600,1268,Box,8.4,42.1183,0,0,0,0
600,1269,Box,9.6,42.1183,0,0,0,0
600,1270,Box,10.8,42.1183,0,0,0,0
600,1271,Box,12,42.1183,0,0,0,0
600,1272,Box,13.2,42.1183,0,0,0,0
600,1273,Box,14.4,42.1183,0,0,0,0
600,1274,Box,15.6,42.1183,0,0,0,0
600,1275,Box,16.8,42.1183,0,0,0,0
600,1276,Box,18,42.1183,0,0,0,0
600,1277,Box,19.2,42.1183,0,0,0,0
600,1278,Box,20.4,42.1183,0,0,0,0
600,1279,Box,21.6,42.1183,0,0,0,0
600,1280,Box,22.8,42.1183,0,0,0,0
600,1281,Box,-24,43.3183,0,0,0,0
600,1282,Box,-22.8,43.3183,0,0,0,0
600,1283,Box,-21.6,43.3183,0,0,0,0
600,1284,Box,-20.4,43.3183,0,0,0,0
600,1285,Box,-19.2,43.3183,0,0,0,0
600,1286,Box,-18,43.3183,0,0,0,0
600,1287,Box,-16.8,43.3183,0,0,0,0
600,1288,Box,-15.6,43.3183,0,0,0,0
600,1289,Box,-14.4,43.3183,0,0,0,0
600,1290,Box,-13.2,43.3183,0,0,0,0
600,1291,Box,-12,43.3183,0,0,0,0
600,1292,Box,-10.8,43.3183,0,0,0,0
600,1293,Box,-9.6,43.3183,0,0,0,0
600,1294,Box,-8.4,43.3183,0,0,0,0
600,1295,Box,-7.2,43.3183,0,0,0,0
600,1296,Box,-6,43.3183,0,0,0,0
600,1297,Box,-4.8,43.3183,0,0,0,0
600,1298,Box,-3.6,43.3183,0,0,0,0
600,1299,Box,-2.4,43.3183,0,0,0,0
600,1300,Box,-1.2,43.3183,0,0,0,0
600,1301,Box,0,43.3183,0,0,0,0
600,1302,Box,1.2,43.3183,0,0,0,0
600,1303,Box,2.4,43.3183,0,0,0,0
600,1304,Box,3.6,43.3183,0,0,0,0
600,1305,Box,4.8,43.3183,0,0,0,0
600,1306,Box,6,43.3183,0,0,0,0
600,1307,Box,7.2,43.3183,0,0,0,0
600,1308,Box,8.4,43.3183,0,0,0,0
600,1309,Box,9.6,43.3183,0,0,0,0
600,1310,Box,10.8,43.3183,0,0,0,0
600,1311,Box,12,43.3183,0,0,0,0
600,1312,Box,13.2,43.3183,0,0,0,0
600,1313,Box,14.4,43.3183,0,0,0,0
600,1314,Box,15.6,43.3183,0,0,0,0
600,1315,Box,16.8,43.3183,0,0,0,0
600,1316,Box,18,43.3183,0,0,0,0
600,1317,Box,19.2,43.3183,0,0,0,0
600,1318,Box,20.4,43.3183,0,0,0,0
600,1319,Box,21.6,43.3183,0,0,0,0
600,1320,Box,22.8,43.3183,0,0,0,0
600,1321,Box,-24,44.5183,0,0,0,0
600,1322,Box,-22.8,44.5183,0,0,0,0
600,1323,Box,-21.6,44.5183,0,0,0,0
600,1324,Box,-20.4,44.5183,0,0,0,0
600,1325,Box,-19.2,44.5183,0,0,0,0
600,1326,Box,-18,44.5183,0,0,0,0
600,1327,Box,-16.8,44.5183,0,0,0,0
600,1328,Box,-15.6,44.5183,0,0,0,0
600,1329,Box,-14.4,44.5183,0,0,0,0
600,1330,Box,-13.2,44.5183,0,0,0,0
600,1331,Box,-12,44.5183,0,0,0,0
600,1332,Box,-10.8,44.5183,0,0,0,0
600,1333,Box,-9.6,44.5183,0,0,0,0
600,1334,Box,-8.4,44.5183,0,0,0,0
600,1335,Box,-7.2,44.5183,0,0,0,0
600,1336,Box,-6,44.5183,0,0,0,0
600,1337,Box,-4.8,44.5183,0,0,0,0
600,1338,Box,-3.6,44.5183,0,0,0,0
600,1339,Box,-2.4,44.5183,0,0,0,0
600,1340,Box,-1.2,44.5183,0,0,0,0
600,1341,Box,0,44.5183,0,0,0,0
600,1342,Box,1.2,44.5183,0,0,0,0
600,1343,Box,2.4,44.5183,0,0,0,0
600,1344,Box,3.6,44.5183,0,0,0,0
600,1345,Box,4.8,44.5183,0,0,0,0
600,1346,Box,6,44.5183,0,0,0,0
600,1347,Box,7.2,44.5183,0,0,0,0
600,1348,Box,8.4,44.5183,0,0,0,0
600,1349,Box,9.6,44.5183,0,0,0,0
600,1350,Box,10.8,44.5183,0,0,0,0
600,1351,Box,12,44.5183,0,0,0,0
600,1352,Box,13.2,44.5183,0,0,0,0
600,1353,Box,14.4,44.5183,0,0,0,0
600,1354,Box,15.6,44.5183,0,0,0,0
600,1355,Box,16.8,44.5183,0,0,0,0
600,1356,Box,18,44.5183,0,0,0,0
600,1357,Box,19.2,44.5183,0,0,0,0
600,1358,Box,20.4,44.5183,0,0,0,0
600,1359,Box,21.6,44.5183,0,0,0,0
600,1360,Box,22.8,44.5183,0,0,0,0
600,1361,Box,-24,45.7183,0,0,0,0
600,1362,Box,-22.8,45.7183,0,0,0,0
600,1363,Box,-21.6,45.7183,0,0,0,0
600,1364,Box,-20.4,45.7183,0,0,0,0
600,1365,Box,-19.2,45.7183,0,0,0,0
600,1366,Box,-18,45.7183,0,0,0,0
600,1367,Box,-16.8,45.7183,0,0,0,0
600,1368,Box,-15.6,45.7183,0,0,0,0
600,1369,Box,-14.4,45.7183,0,0,0,0
600,1370,Box,-13.2,45.7183,0,0,0,0
600,1371,Box,-12,45.7183,0,0,0,0
600,1372,Box,-10.8,45.7183,0,0,0,0
600,1373,Box,-9.6,45.7183,0,0,0,0
600,1374,Box,-8.4,45.7183,0,0,0,0
600,1375,Box,-7.2,45.7183,0,0,0,0
600,1376,Box,-6,45.7183,0,0,0,0
600,1377,Box,-4.8,45.7183,0,0,0,0
600,1378,Box,-3.6,45.7183,0,0,0,0
600,1379,Box,-2.4,45.7183,0,0,0,0
600,1380,Box,-1.2,45.7183,0,0,0,0
600,1381,Box,0,45.7183,0,0,0,0
600,1382,Box,1.2,45.7183,0,0,0,0
600,1383,Box,2.4,45.7183,0,0,0,0
600,1384,Box,3.6,45.7183,0,0,0,0
600,1385,Box,4.8,45.7183,0,0,0,0
600,1386,Box,6,45.7183,0,0,0,0
600,1387,Box,7.2,45.7183,0,0,0,0
600,1388,Box,8.4,45.7183,0,0,0,0
600,1389,Box,9.6,45.7183,0,0,0,0
600,1390,Box,10.8,45.7183,0,0,0,0
600,1391,Box,12,45.7183,0,0,0,0
600,1392,Box,13.2,45.7183,0,0,0,0
600,1393,Box,14.4,45.7183,0,0,0,0
600,1394,Box,15.6,45.7183,0,0,0,0
600,1395,Box,16.8,45.7183,0,0,0,0
600,1396,Box,18,45.7183,0,0,0,0
600,1397,Box,19.2,45.7183,0,0,0,0
600,1398,Box,20.4,45.7183,0,0,0,0
600,1399,Box,21.6,45.7183,0,0,0,0
600,1400,Box,22.8,45.7183,0,0,0,0
600,1401,Box,-24,46.9183,0,0,0,0
600,1402,Box,-22.8,46.9183,0,0,0,0
600,1403,Box,-21.6,46.9183,0,0,0,0
600,1404,Box,-20.4,46.9183,0,0,0,0
600,1405,Box,-19.2,46.9183,0,0,0,0
600,1406,Box,-18,46.9183,0,0,0,0
600,1407,Box,-16.8,46.9183,0,0,0,0
600,1408,Box,-15.6,46.9183,0,0,0,0
600,1409,Box,-14.4,46.9183,0,0,0,0
600,1410,Box,-13.2,46.9183,0,0,0,0
600,1411,Box,-12,46.9183,0,0,0,0
600,1412,Box,-10.8,46.9183,0,0,0,0
600,1413,Box,-9.6,46.9183,0,0,0,0
600,1414,Box,-8.4,46.9183,0,0,0,0
600,1415,Box,-7.2,46.9183,0,0,0,0
600,1416,Box,-6,46.9183,0,0,0,0
600,1417,Box,-4.8,46.9183,0,0,0,0
600,1418,Box,-3.6,46.9183,0,0,0,0
600,1419,Box,-2.4,46.9183,0,0,0,0
600,1420,Box,-1.2,46.9183,0,0,0,0
600,1421,Box,0,46.9183,0,0,0,0
600,1422,Box,1.2,46.9183,0,0,0,0
600,1423,Box,2.4,46.9183,0,0,0,0
600,1424,Box,3.6,46.9183,0,0,0,0
600,1425,Box,4.8,46.9183,0,0,0,0
600,1426,Box,6,46.9183,0,0,0,0
600,1427,Box,7.2,46.9183,0,0,0,0
600,1428,Box,8.4,46.9183,0,0,0,0
600,1429,Box,9.6,46.9183,0,0,0,0
600,1430,Box,10.8,46.9183,0,0,0,0
600,1431,Box,12,46.9183,0,0,0,0
600,1432,Box,13.2,46.9183,0,0,0,0
600,1433,Box,14.4,46.9183,0,0,0,0
600,1434,Box,15.6,46.9183,0,0,0,0
600,1435,Box,16.8,46.9183,0,0,0,0
600,1436,Box,18,46.9183,0,0,0,0
600,1437,Box,19.2,46.9183,0,0,0,0
600,1438,Box,20.4,46.9183,0,0,0,0
600,1439,Box,21.6,46.9183,0,0,0,0
600,1440,Box,22.8,46.9183,0,0,0,0
600,1441,Box,-24,48.1183,0,0,0,0
600,1442,Box,-22.8,48.1183,0,0,0,0
600,1443,Box,-21.6,48.1183,0,0,0,0
600,1444,Box,-20.4,48.1183,0,0,0,0
600,1445,Box,-19.2,48.1183,0,0,0,0
600,1446,Box,-18,48.1183,0,0,0,0
600,1447,Box,-16.8,48.1183,0,0,0,0
600,1448,Box,-15.6,48.1183,0,0,0,0
600,1449,Box,-14.4,48.1183,0,0,0,0
600,1450,Box,-13.2,48.1183,0,0,0,0
600,1451,Box,-12,48.1183,0,0,0,0
600,1452,Box,-10.8,48.1183,0,0,0,0
600,1453,Box,-9.6,48.1183,0,0,0,0
600,1454,Box,-8.4,48.1183,0,0,0,0
600,1455,Box,-7.2,48.1183,0,0,0,0
600,1456,Box,-6,48.1183,0,0,0,0
600,1457,Box,-4.8,48.1183,0,0,0,0
600,1458,Box,-3.6,48.1183,0,0,0,0
600,1459,Box,-2.4,48.1183,0,0,0,0
600,1460,Box,-1.2,48.1183,0,0,0,0
600,1461,Box,0,48.1183,0,0,0,0
600,1462,Box,1.2,48.1183,0,0,0,0
600,1463,Box,2.4,48.1183,0,0,0,0
600,1464,Box,3.6,48.1183,0,0,0,0
600,1465,Box,4.8,48.1183,0,0,0,0
600,1466,Box,6,48.1183,0,0,0,0
600,1467,Box,7.2,48.1183,0,0,0,0
600,1468,Box,8.4,48.1183,0,0,0,0
600,1469,Box,9.6,48.1183,0,0,0,0
600,1470,Box,10.8,48.1183,0,0,0,0
600,1471,Box,12,48.1183,0,0,0,0
600,1472,Box,13.2,48.1183,0,0,0,0
600,1473,Box,14.4,48.1183,0,0,0,0
600,1474,Box,15.6,48.1183,0,0,0,0
600,1475,Box,16.8,48.1183,0,0,0,0
600,1476,Box,18,48.1183,0,0,0,0
600,1477,Box,19.2,48.1183,0,0,0,0
600,1478,Box,20.4,48.1183,0,0,0,0
600,1479,Box,21.6,48.1183,0,0,0,0
600,1480,Box,22.8,48.1183,0,0,0,0
600,1481,Box,-24,49.3183,0,0,0,0
600,1482,Box,-22.8,49.3183,0,0,0,0
600,1483,Box,-21.6,49.3183,0,0,0,0
600,1484,Box,-20.4,49.3183,0,0,0,0
600,1485,Box,-19.2,49.3183,0,0,0,0
600,1486,Box,-18,49.3183,0,0,0,0
600,1487,Box,-16.8,49.3183,0,0,0,0
600,1488,Box,-15.6,49.3183,0,0,0,0
600,1489,Box,-14.4,49.3183,0,0,0,0
600,1490,Box,-13.2,49.3183,0,0,0,0
600,1491,Box,-12,49.3183,0,0,0,0
600,1492,Box,-10.8,49.3183,0,0,0,0
600,1493,Box,-9.6,49.3183,0,0,0,0
600,1494,Box,-8.4,49.3183,0,0,0,0
600,1495,Box,-7.2,49.3183,0,0,0,0
600,1496,Box,-6,49.3183,0,0,0,0
600,1497,Box,-4.8,49.3183,0,0,0,0
600,1498,Box,-3.6,49.3183,0,0,0,0
600,1499,Box,-2.4,49.3183,0,0,0,0
600,1500,Box,-1.2,49.3183,0,0,0,0
600,1501,Box,0,49.3183,0,0,0,0
600,1502,Box,1.2,49.3183,0,0,0,0
600,1503,Box,2.4,49.3183,0,0,0,0
600,1504,Box,3.6,49.3183,0,0,0,0
600,1505,Box,4.8,49.3183,0,0,0,0
600,1506,Box,6,49.3183,0,0,0,0
600,1507,Box,7.2,49.3183,0,0,0,0
600,1508,Box,8.4,49.3183,0,0,0,0
600,1509,Box,9.6,49.3183,0,0,0,0
600,1510,Box,10.8,49.3183,0,0,0,0
600,1511,Box,12,49.3183,0,0,0,0
600,1512,Box,13.2,49.3183,0,0,0,0
600,1513,Box,14.4,49.3183,0,0,0,0
600,1514,Box,15.6,49.3183,0,0,0,0
600,1515,Box,16.8,49.3183,0,0,0,0
600,1516,Box,18,49.3183,0,0,0,0
600,1517,Box,19.2,49.3183,0,0,0,0
600,1518,Box,20.4,49.3183,0,0,0,0
600,1519,Box,21.6,49.3183,0,0,0,0
600,1520,Box,22.8,49.3183,0,0,0,0
600,1521,Box,-24,50.5183,0,0,0,0
600,1522,Box,-22.8,50.5183,0,0,0,0
600,1523,Box,-21.6,50.5183,0,0,0,0
600,1524,Box,-20.4,50.5183,0,0,0,0
600,1525,Box,-19.2,50.5183,0,0,0,0
600,1526,Box,-18,50.5183,0,0,0,0
600,1527,Box,-16.8,50.5183,0,0,0,0
600,1528,Box,-15.6,50.5183,0,0,0,0
600,1529,Box,-14.4,50.5183,0,0,0,0
600,1530,Box,-13.2,50.5183,0,0,0,0
600,1531,Box,-12,50.5183,0,0,0,0
600,1532,Box,-10.8,50.5183,0,0,0,0
600,1533,Box,-9.6,50.5183,0,0,0,0
600,1534,Box,-8.4,50.5183,0,0,0,0
600,1535,Box,-7.2,50.5183,0,0,0,0
600,1536,Box,-6,50.5183,0,0,0,0
600,1537,Box,-4.8,50.5183,0,0,0,0
600,1538,Box,-3.6,50.5183,0,0,0,0
600,1539,Box,-2.4,50.5183,0,0,0,0
600,1540,Box,-1.2,50.5183,0,0,0,0
600,1541,Box,0,50.5183,0,0,0,0
600,1542,Box,1.2,50.5183,0,0,0,0
600,1543,Box,2.4,50.5183,0,0,0,0
600,1544,Box,3.6,50.5183,0,0,0,0
600,1545,Box,4.8,50.5183,0,0,0,0
600,1546,Box,6,50.5183,0,0,0,0
600,1547,Box,7.2,50.5183,0,0,0,0
600,1548,Box,8.4,50.5183,0,0,0,0
600,1549,Box,9.6,50.5183,0,0,0,0
600,1550,Box,10.8,50.5183,0,0,0,0
600,1551,Box,12,50.5183,0,0,0,0
600,1552,Box,13.2,50.5183,0,0,0,0
600,1553,Box,14.4,50.5183,0,0,0,0
600,1554,Box,15.6,50.5183,0,0,0,0
600,1555,Box,16.8,50.5183,0,0,0,0
600,1556,Box,18,50.5183,0,0,0,0
600,1557,Box,19.2,50.5183,0,0,0,0
600,1558,Box,20.4,50.5183,0,0,0,0
600,1559,Box,21.6,50.5183,0,0,0,0
600,1560,Box,22.8,50.5183,0,0,0,0
600,1561,Box,-24,51.7183,0,0,0,0
600,1562,Box,-22.8,51.7183,0,0,0,0
600,1563,Box,-21.6,51.7183,0,0,0,0
600,1564,Box,-20.4,51.7183,0,0,0,0
600,1565,Box,-19.2,51.7183,0,0,0,0
600,1566,Box,-18,51.7183,0,0,0,0
600,1567,Box,-16.8,51.7183,0,0,0,0
600,1568,Box,-15.6,51.7183,0,0,0,0
600,1569,Box,-14.4,51.7183,0,0,0,0
600,1570,Box,-13.2,51.7183,0,0,0,0
600,1571,Box,-12,51.7183,0,0,0,0
600,1572,Box,-10.8,51.7183,0,0,0,0
600,1573,Box,-9.6,51.7183,0,0,0,0
600,1574,Box,-8.4,51.7183,0,0,0,0
600,1575,Box,-7.2,51.7183,0,0,0,0
600,1576,Box,-6,51.7183,0,0,0,0
600,1577,Box,-4.8,51.7183,0,0,0,0
600,1578,Box,-3.6,51.7183,0,0,0,0
600,1579,Box,-2.4,51.7183,0,0,0,0
600,1580,Box,-1.2,51.7183,0,0,0,0
600,1581,Box,0,51.7183,0,0,0,0
600,1582,Box,1.2,51.7183,0,0,0,0
600,1583,Box,2.4,51.7183,0,0,0,0
600,1584,Box,3.6,51.7183,0,0,0,0
600,1585,Box,4.8,51.7183,0,0,0,0
600,1586,Box,6,51.7183,0,0,0,0
600,1587,Box,7.2,51.7183,0,0,0,0
600,1588,Box,8.4,51.7183,0,0,0,0
600,1589,Box,9.6,51.7183,0,0,0,0
600,1590,Box,10.8,51.7183,0,0,0,0
600,1591,Box,12,51.7183,0,0,0,0
600,1592,Box,13.2,51.7183,0,0,0,0
600,1593,Box,14.4,51.7183,0,0,0,0
600,1594,Box,15.6,51.7183,0,0,0,0
600,1595,Box,16.8,51.7183,0,0,0,0
600,1596,Box,18,51.7183,0,0,0,0
600,1597,Box,19.2,51.7183,0,0,0,0
600,1598,Box,20.4,51.7183,0,0,0,0
600,1599,Box,21.6,51.7183,0,0,0,0
600,1600,Box,22.8,51.7183,0,0,0,0
600,1601,Box,-24,52.9183,0,0,0,0
600,1602,Box,-22.8,52.9183,0,0,0,0
600,1603,Box,-21.6,52.9183,0,0,0,0
600,1604,Box,-20.4,52.9183,0,0,0,0
600,1605,Box,-19.2,52.9183,0,0,0,0
600,1606,Box,-18,52.9183,0,0,0,0
600,1607,Box,-16.8,52.9183,0,0,0,0
600,1608,Box,-15.6,52.9183,0,0,0,0
600,1609,Box,-14.4,52.9183,0,0,0,0
600,1610,Box,-13.2,52.9183,0,0,0,0
600,1611,Box,-12,52.9183,0,0,0,0
600,1612,Box,-10.8,52.9183,0,0,0,0
600,1613,Box,-9.6,52.9183,0,0,0,0
600,1614,Box,-8.4,52.9183,0,0,0,0
600,1615,Box,-7.2,52.9183,0,0,0,0
600,1616,Box,-6,52.9183,0,0,0,0
600,1617,Box,-4.8,52.9183,0,0,0,0
600,1618,Box,-3.6,52.9183,0,0,0,0
600,1619,Box,-2.4,52.9183,0,0,0,0
600,1620,Box,-1.2,52.9183,0,0,0,0
600,1621,Box,0,52.9183,0,0,0,0
600,1622,Box,1.2,52.9183,0,0,0,0
600,1623,Box,2.4,52.9183,0,0,0,0
600,1624,Box,3.6,52.9183,0,0,0,0
600,1625,Box,4.8,52.9183,0,0,0,0
600,1626,Box,6,52.9183,0,0,0,0
600,1627,Box,7.2,52.9183,0,0,0,0
600,1628,Box,8.4,52.9183,0,0,0,0
600,1629,Box,9.6,52.9183,0,0,0,0
600,1630,Box,10.8,52.9183,0,0,0,0
600,1631,Box,12,52.9183,0,0,0,0
600,1632,Box,13.2,52.9183,0,0,0,0
600,1633,Box,14.4,52.9183,0,0,0,0
600,1634,Box,15.6,52.9183,0,0,0,0
600,1635,Box,16.8,52.9183,0,0,0,0
600,1636,Box,18,52.9183,0,0,0,0
600,1637,Box,19.2,52.9183,0,0,0,0
600,1638,Box,20.4,52.9183,0,0,0,0
600,1639,Box,21.6,52.9183,0,0,0,0
600,1640,Box,22.8,52.9183,0,0,0,0
600,1641,Box,-24,54.1183,0,0,0,0
600,1642,Box,-22.8,54.1183,0,0,0,0
600,1643,Box,-21.6,54.1183,0,0,0,0
600,1644,Box,-20.4,54.1183,0,0,0,0
600,1645,Box,-19.2,54.1183,0,0,0,0
600,1646,Box,-18,54.1183,0,0,0,0
600,1647,Box,-16.8,54.1183,0,0,0,0
600,1648,Box,-15.6,54.1183,0,0,0,0
600,1649,Box,-14.4,54.1183,0,0,0,0
600,1650,Box,-13.2,54.1183,0,0,0,0
600,1651,Box,-12,54.1183,0,0,0,0
600,1652,Box,-10.8,54.1183,0,0,0,0
600,1653,Box,-9.6,54.1183,0,0,0,0
600,1654,Box,-8.4,54.1183,0,0,0,0
600,1655,Box,-7.2,54.1183,0,0,0,0
600,1656,Box,-6,54.1183,0,0,0,0
600,1657,Box,-4.8,54.1183,0,0,0,0
600,1658,Box,-3.6,54.1183,0,0,0,0
600,1659,Box,-2.4,54.1183,0,0,0,0
600,1660,Box,-1.2,54.1183,0,0,0,0
600,1661,Box,0,54.1183,0,0,0,0
600,1662,Box,1.2,54.1183,0,0,0,0
600,1663,Box,2.4,54.1183,0,0,0,0
600,1664,Box,3.6,54.1183,0,0,0,0
600,1665,Box,4.8,54.1183,0,0,0,0
600,1666,Box,6,54.1183,0,0,0,0
600,1667,Box,7.2,54.1183,0,0,0,0
600,1668,Box,8.4,54.1183,0,0,0,0
600,1669,Box,9.6,54.1183,0,0,0,0
600,1670,Box,10.8,54.1183,0,0,0,0
600,1671,Box,12,54.1183,0,0,0,0
600,1672,Box,13.2,54.1183,0,0,0,0
600,1673,Box,14.4,54.1183,0,0,0,0
600,1674,Box,15.6,54.1183,0,0,0,0
600,1675,Box,16.8,54.1183,0,0,0,0
600,1676,Box,18,54.1183,0,0,0,0
600,1677,Box,19.2,54.1183,0,0,0,0
600,1678,Box,20.4,54.1183,0,0,0,0
600,1679,Box,21.6,54.1183,0,0,0,0
600,1680,Box,22.8,54.1183,0,0,0,0
600,1681,Box,-24,55.3183,0,0,0,0
600,1682,Box,-22.8,55.3183,0,0,0,0
600,1683,Box,-21.6,55.3183,0,0,0,0
600,1684,Box,-20.4,55.3183,0,0,0,0
600,1685,Box,-19.2,55.3183,0,0,0,0
600,1686,Box,-18,55.3183,0,0,0,0
600,1687,Box,-16.8,55.3183,0,0,0,0
600,1688,Box,-15.6,55.3183,0,0,0,0
600,1689,Box,-14.4,55.3183,0,0,0,0
600,1690,Box,-13.2,55.3183,0,0,0,0
600,1691,Box,-12,55.3183,0,0,0,0
600,1692,Box,-10.8,55.3183,0,0,0,0
600,1693,Box,-9.6,55.3183,0,0,0,0
600,1694,Box,-8.4,55.3183,0,0,0,0
600,1695,Box,-7.2,55.3183,0,0,0,0
600,1696,Box,-6,55.3183,0,0,0,0
600,1697,Box,-4.8,55.3183,0,0,0,0
600,1698,Box,-3.6,55.3183,0,0,0,0
600,1699,Box,-2.4,55.3183,0,0,0,0
600,1700,Box,-1.2,55.3183,0,0,0,0
600,1701,Box,0,55.3183,0,0,0,0
600,1702,Box,1.2,55.3183,0,0,0,0
600,1703,Box,2.4,55.3183,0,0,0,0
600,1704,Box,3.6,55.3183,0,0,0,0
600,1705,Box,4.8,55.3183,0,0,0,0
600,1706,Box,6,55.3183,0,0,0,0
600,1707,Box,7.2,55.3183,0,0,0,0
600,1708,Box,8.4,55.3183,0,0,0,0
600,1709,Box,9.6,55.3183,0,0,0,0
600,1710,Box,10.8,55.3183,0,0,0,0
600,1711,Box,12,55.3183,0,0,0,0
600,1712,Box,13.2,55.3183,0,0,0,0
600,1713,Box,14.4,55.3183,0,0,0,0
600,1714,Box,15.6,55.3183,0,0,0,0
600,1715,Box,16.8,55.3183,0,0,0,0
600,1716,Box,18,55.3183,0,0,0,0
600,1717,Box,19.2,55.3183,0,0,0,0
600,1718,Box,20.4,55.3183,0,0,0,0
600,1719,Box,21.6,55.3183,0,0,0,0
600,1720,Box,22.8,55.3183,0,0,0,0
600,1721,Box,-24,56.5183,0,0,0,0
600,1722,Box,-22.8,56.5183,0,0,0,0
600,1723,Box,-21.6,56.5183,0,0,0,0
600,1724,Box,-20.4,56.5183,0,0,0,0
600,1725,Box,-19.2,56.5183,0,0,0,0
600,1726,Box,-18,56.5183,0,0,0,0
600,1727,Box,-16.8,56.5183,0,0,0,0
600,1728,Box,-15.6,56.5183,0,0,0,0
600,1729,Box,-14.4,56.5183,0,0,0,0
600,1730,Box,-13.2,56.5183,0,0,0,0
600,1731,Box,-12,56.5183,0,0,0,0
600,1732,Box,-10.8,56.5183,0,0,0,0
600,1733,Box,-9.6,56.5183,0,0,0,0
600,1734,Box,-8.4,56.5183,0,0,0,0
600,1735,Box,-7.2,56.5183,0,0,0,0
600,1736,Box,-6,56.5183,0,0,0,0
600,1737,Box,-4.8,56.5183,0,0,0,0
600,1738,Box,-3.6,56.5183,0,0,0,0
600,1739,Box,-2.4,56.5183,0,0,0,0
600,1740,Box,-1.2,56.5183,0,0,0,0
600,1741,Box,0,56.5183,0,0,0,0
600,1742,Box,1.2,56.5183,0,0,0,0
600,1743,Box,2.4,56.5183,0,0,0,0
600,1744,Box,3.6,56.5183,0,0,0,0
600,1745,Box,4.8,56.5183,0,0,0,0
600,1746,Box,6,56.5183,0,0,0,0
600,1747,Box,7.2,56.5183,0,0,0,0
600,1748,Box,8.4,56.5183,0,0,0,0
600,1749,Box,9.6,56.5183,0,0,0,0
600,1750,Box,10.8,56.5183,0,0,0,0
600,1751,Box,12,56.5183,0,0,0,0
600,1752,Box,13.2,56.5183,0,0,0,0
600,1753,Box,14.4,56.5183,0,0,0,0
600,1754,Box,15.6,56.5183,0,0,0,0
600,1755,Box,16.8,56.5183,0,0,0,0
600,1756,Box,18,56.5183,0,0,0,0
600,1757,Box,19.2,56.5183,0,0,0,0
600,1758,Box,20.4,56.5183,0,0,0,0
600,1759,Box,21.6,56.5183,0,0,0,0
600,1760,Box,22.8,56.5183,0,0,0,0
600,1761,Box,-24,57.7183,0,0,0,0
600,1762,Box,-22.8,57.7183,0,0,0,0
600,1763,Box,-21.6,57.7183,0,0,0,0
600,1764,Box,-20.4,57.7183,0,0,0,0
600,1765,Box,-19.2,57.7183,0,0,0,0
600,1766,Box,-18,57.7183,0,0,0,0
600,1767,Box,-16.8,57.7183,0,0,0,0
600,1768,Box,-15.6,57.7183,0,0,0,0
600,1769,Box,-14.4,57.7183,0,0,0,0
600,1770,Box,-13.2,57.7183,0,0,0,0
600,1771,Box,-12,57.7183,0,0,0,0
600,1772,Box,-10.8,57.7183,0,0,0,0
600,1773,Box,-9.6,57.7183,0,0,0,0
600,1774,Box,-8.4,57.7183,0,0,0,0
600,1775,Box,-7.2,57.7183,0,0,0,0
600,1776,Box,-6,57.7183,0,0,0,0
600,1777,Box,-4.8,57.7183,0,0,0,0
600,1778,Box,-3.6,57.7183,0,0,0,0
600,1779,Box,-2.4,57.7183,0,0,0,0
600,1780,Box,-1.2,57.7183,0,0,0,0
600,1781,Box,0,57.7183,0,0,0,0
600,1782,Box,1.2,57.7183,0,0,0,0
600,1783,Box,2.4,57.7183,0,0,0,0
600,1784,Box,3.6,57.7183,0,0,0,0
600,1785,Box,4.8,57.7183,0,0,0,0
600,1786,Box,6,57.7183,0,0,0,0
600,1787,Box,7.2,57.7183,0,0,0,0
600,1788,Box,8.4,57.7183,0,0,0,0
600,1789,Box,9.6,57.7183,0,0,0,0
600,1790,Box,10.8,57.7183,0,0,0,0
600,1791,Box,12,57.7183,0,0,0,0
600,1792,Box,13.2,57.7183,0,0,0,0
600,1793,Box,14.4,57.7183,0,0,0,0
600,1794,Box,15.6,57.7183,0,0,0,0
600,1795,Box,16.8,57.7183,0,0,0,0
600,1796,Box,18,57.7183,0,0,0,0
600,1797,Box,19.2,57.7183,0,0,0,0
600,1798,Box,20.4,57.7183,0,0,0,0
600,1799,Box,21.6,57.7183,0,0,0,0
600,1800,Box,22.8,57.7183,0,0,0,0
600,1801,Box,-24,58.9183,0,0,0,0
600,1802,Box,-22.8,58.9183,0,0,0,0
600,1803,Box,-21.6,58.9183,0,0,0,0
600,1804,Box,-20.4,58.9183,0,0,0,0
600,1805,Box,-19.2,58.9183,0,0,0,0
600,1806,Box,-18,58.9183,0,0,0,0
600,1807,Box,-16.8,58.9183,0,0,0,0
600,1808,Box,-15.6,58.9183,0,0,0,0
600,1809,Box,-14.4,58.9183,0,0,0,0
600,1810,Box,-13.2,58.9183,0,0,0,0
600,1811,Box,-12,58.9183,0,0,0,0
600,1812,Box,-10.8,58.9183,0,0,0,0
600,1813,Box,-9.6,58.9183,0,0,0,0
600,1814,Box,-8.4,58.9183,0,0,0,0
600,1815,Box,-7.2,58.9183,0,0,0,0
600,1816,Box,-6,58.9183,0,0,0,0
600,1817,Box,-4.8,58.9183,0,0,0,0
600,1818,Box,-3.6,58.9183,0,0,0,0
600,1819,Box,-2.4,58.9183,0,0,0,0
600,1820,Box,-1.2,58.9183,0,0,0,0
600,1821,Box,0,58.9183,0,0,0,0
600,1822,Box,1.2,58.9183,0,0,0,0
600,1823,Box,2.4,58.9183,0,0,0,0
600,1824,Box,3.6,58.9183,0,0,0,0
600,1825,Box,4.8,58.9183,0,0,0,0
600,1826,Box,6,58.9183,0,0,0,0
600,1827,Box,7.2,58.9183,0,0,0,0
600,1828,Box,8.4,58.9183,0,0,0,0
600,1829,Box,9.6,58.9183,0,0,0,0
600,1830,Box,10.8,58.9183,0,0,0,0
600,1831,Box,12,58.9183,0,0,0,0
600,1832,Box,13.2,58.9183,0,0,0,0
600,1833,Box,14.4,58.9183,0,0,0,0
600,1834,Box,15.6,58.9183,0,0,0,0
600,1835,Box,16.8,58.9183,0,0,0,0
600,1836,Box,18,58.9183,0,0,0,0
600,1837,Box,19.2,58.9183,0,0,0,0
600,1838,Box,20.4,58.9183,0,0,0,0
600,1839,Box,21.6,58.9183,0,0,0,0
600,1840,Box,22.8,58.9183,0,0,0,0
600,1841,Box,-24,60.1183,0,0,0,0
600,1842,Box,-22.8,60.1183,0,0,0,0
600,1843,Box,-21.6,60.1183,0,0,0,0
600,1844,Box,-20.4,60.1183,0,0,0,0
600,1845,Box,-19.2,60.1183,0,0,0,0
600,1846,Box,-18,60.1183,0,0,0,0
600,1847,Box,-16.8,60.1183,0,0,0,0
600,1848,Box,-15.6,60.1183,0,0,0,0
600,1849,Box,-14.4,60.1183,0,0,0,0
600,1850,Box,-13.2,60.1183,0,0,0,0
600,1851,Box,-12,60.1183,0,0,0,0
600,1852,Box,-10.8,60.1183,0,0,0,0
600,1853,Box,-9.6,60.1183,0,0,0,0
600,1854,Box,-8.4,60.1183,0,0,0,0
600,1855,Box,-7.2,60.1183,0,0,0,0
600,1856,Box,-6,60.1183,0,0,0,0
600,1857,Box,-4.8,60.1183,0,0,0,0
600,1858,Box,-3.6,60.1183,0,0,0,0
600,1859,Box,-2.4,60.1183,0,0,0,0
600,1860,Box,-1.2,60.1183,0,0,0,0
600,1861,Box,0,60.1183,0,0,0,0
600,1862,Box,1.2,60.1183,0,0,0,0
600,1863,Box,2.4,60.1183,0,0,0,0
600,1864,Box,3.6,60.1183,0,0,0,0
600,1865,Box,4.8,60.1183,0,0,0,0
600,1866,Box,6,60.1183,0,0,0,0
600,1867,Box,7.2,60.1183,0,0,0,0
600,1868,Box,8.4,60.1183,0,0,0,0
600,1869,Box,9.6,60.1183,0,0,0,0
600,1870,Box,10.8,60.1183,0,0,0,0
600,1871,Box,12,60.1183,0,0,0,0
600,1872,Box,13.2,60.1183,0,0,0,0
600,1873,Box,14.4,60.1183,0,0,0,0
600,1874,Box,15.6,60.1183,0,0,0,0
600,1875,Box,16.8,60.1183,0,0,0,0
600,1876,Box,18,60.1183,0,0,0,0
600,1877,Box,19.2,60.1183,0,0,0,0
600,1878,Box,20.4,60.1183,0,0,0,0
600,1879,Box,21.6,60.1183,0,0,0,0
600,1880,Box,22.8,60.1183,0,0,0,0
600,1881,Box,-24,61.3183,0,0,0,0
600,1882,Box,-22.8,61.3183,0,0,0,0
600,1883,Box,-21.6,61.3183,0,0,0,0
600,1884,Box,-20.4,61.3183,0,0,0,0
600,1885,Box,-19.2,61.3183,0,0,0,0
600,1886,Box,-18,61.3183,0,0,0,0
600,1887,Box,-16.8,61.3183,0,0,0,0
600,1888,Box,-15.6,61.3183,0,0,0,0
600,1889,Box,-14.4,61.3183,0,0,0,0
600,1890,Box,-13.2,61.3183,0,0,0,0
600,1891,Box,-12,61.3183,0,0,0,0
600,1892,Box,-10.8,61.3183,0,0,0,0
600,1893,Box,-9.6,61.3183,0,0,0,0
600,1894,Box,-8.4,61.3183,0,0,0,0
600,1895,Box,-7.2,61.3183,0,0,0,0
600,1896,Box,-6,61.3183,0,0,0,0
600,1897,Box,-4.8,61.3183,0,0,0,0
600,1898,Box,-3.6,61.3183,0,0,0,0
600,1899,Box,-2.4,61.3183,0,0,0,0
600,1900,Box,-1.2,61.3183,0,0,0,0
600,1901,Box,0,61.3183,0,0,0,0
600,1902,Box,1.2,61.3183,0,0,0,0
600,1903,Box,2.4,61.3183,0,0,0,0
600,1904,Box,3.6,61.3183,0,0,0,0
600,1905,Box,4.8,61.3183,0,0,0,0
600,1906,Box,6,61.3183,0,0,0,0
600,1907,Box,7.2,61.3183,0,0,0,0
600,1908,Box,8.4,61.3183,0,0,0,0
600,1909,Box,9.6,61.3183,0,0,0,0
600,1910,Box,10.8,61.3183,0,0,0,0
600,1911,Box,12,61.3183,0,0,0,0
600,1912,Box,13.2,61.3183,0,0,0,0
600,1913,Box,14.4,61.3183,0,0,0,0
600,1914,Box,15.6,61.3183,0,0,0,0
600,1915,Box,16.8,61.3183,0,0,0,0
600,1916,Box,18,61.3183,0,0,0,0
600,1917,Box,19.2,61.3183,0,0,0,0
600,1918,Box,20.4,61.3183,0,0,0,0
600,1919,Box,21.6,61.3183,0,0,0,0
600,1920,Box,22.8,61.3183,0,0,0,0
600,1921,Box,-24,62.5183,0,0,0,0
600,1922,Box,-22.8,62.5183,0,0,0,0
600,1923,Box,-21.6,62.5183,0,0,0,0
600,1924,Box,-20.4,62.5183,0,0,0,0
600,1925,Box,-19.2,62.5183,0,0,0,0
600,1926,Box,-18,62.5183,0,0,0,0
600,1927,Box,-16.8,62.5183,0,0,0,0
600,1928,Box,-15.6,62.5183,0,0,0,0
600,1929,Box,-14.4,62.5183,0,0,0,0
600,1930,Box,-13.2,62.5183,0,0,0,0
600,1931,Box,-12,62.5183,0,0,0,0
600,1932,Box,-10.8,62.5183,0,0,0,0
600,1933,Box,-9.6,62.5183,0,0,0,0
600,1934,Box,-8.4,62.5183,0,0,0,0
600,1935,Box,-7.2,62.5183,0,0,0,0
600,1936,Box,-6,62.5183,0,0,0,0
600,1937,Box,-4.8,62.5183,0,0,0,0
600,1938,Box,-3.6,62.5183,0,0,0,0
600,1939,Box,-2.4,62.5183,0,0,0,0
600,1940,Box,-1.2,62.5183,0,0,0,0
600,1941,Box,0,62.5183,0,0,0,0
600,1942,Box,1.2,62.5183,0,0,0,0
600,1943,Box,2.4,62.5183,0,0,0,0
600,1944,Box,3.6,62.5183,0,0,0,0
600,1945,Box,4.8,62.5183,0,0,0,0
600,1946,Box,6,62.5183,0,0,0,0
600,1947,Box,7.2,62.5183,0,0,0,0
600,1948,Box,8.4,62.5183,0,0,0,0
600,1949,Box,9.6,62.5183,0,0,0,0
600,1950,Box,10.8,62.5183,0,0,0,0
600,1951,Box,12,62.5183,0,0,0,0
600,1952,Box,13.2,62.5183,0,0,0,0
600,1953,Box,14.4,62.5183,0,0,0,0
600,1954,Box,15.6,62.5183,0,0,0,0
600,1955,Box,16.8,62.5183,0,0,0,0
600,1956,Box,18,62.5183,0,0,0,0
600,1957,Box,19.2,62.5183,0,0,0,0
600,1958,Box,20.4,62.5183,0,0,0,0
600,1959,Box,21.6,62.5183,0,0,0,0
600,1960,Box,22.8,62.5183,0,0,0,0
600,1961,Box,-24,63.7183,0,0,0,0
600,1962,Box,-22.8,63.7183,0,0,0,0
600,1963,Box,-21.6,63.7183,0,0,0,0
600,1964,Box,-20.4,63.7183,0,0,0,0
600,1965,Box,-19.2,63.7183,0,0,0,0
600,1966,Box,-18,63.7183,0,0,0,0
600,1967,Box,-16.8,63.7183,0,0,0,0
600,1968,Box,-15.6,63.7183,0,0,0,0
600,1969,Box,-14.4,63.7183,0,0,0,0
600,1970,Box,-13.2,63.7183,0,0,0,0
600,1971,Box,-12,63.7183,0,0,0,0
600,1972,Box,-10.8,63.7183,0,0,0,0
600,1973,Box,-9.6,63.7183,0,0,0,0
600,1974,Box,-8.4,63.7183,0,0,0,0
600,1975,Box,-7.2,63.7183,0,0,0,0
600,1976,Box,-6,63.7183,0,0,0,0
600,1977,Box,-4.8,63.7183,0,0,0,0
600,1978,Box,-3.6,63.7183,0,0,0,0
600,1979,Box,-2.4,63.7183,0,0,0,0
600,1980,Box,-1.2,63.7183,0,0,0,0
600,1981,Box,0,63.7183,0,0,0,0
600,1982,Box,1.2,63.7183,0,0,0,0
600,1983,Box,2.4,63.7183,0,0,0,0
600,1984,Box,3.6,63.7183,0,0,0,0
600,1985,Box,4.8,63.7183,0,0,0,0
600,1986,Box,6,63.7183,0,0,0,0
600,1987,Box,7.2,63.7183,0,0,0,0
600,1988,Box,8.4,63.7183,0,0,0,0
600,1989,Box,9.6,63.7183,0,0,0,0
600,1990,Box,10.8,63.7183,0,0,0,0
600,1991,Box,12,63.7183,0,0,0,0
600,1992,Box,13.2,63.7183,0,0,0,0
600,1993,Box,14.4,63.7183,0,0,0,0
600,1994,Box,15.6,63.7183,0,0,0,0
600,1995,Box,16.8,63.7183,0,0,0,0
600,1996,Box,18,63.7183,0,0,0,0
600,1997,Box,19.2,63.7183,0,0,0,0
600,1998,Box,20.4,63.7183,0,0,0,0
600,1999,Box,21.6,63.7183,0,0,0,0
600,2000,Box,22.8,63.7183,0,0,0,0
900,0,Box,0,-2,0,0,0,0
900,1,Box,-24,4.91833,0,0,0,0
900,2,Box,-22.8,4.91833,0,0,0,0
900,3,Box,-21.6,4.91833,0,0,0,0
900,4,Box,-20.4,4.91833,0,0,0,0
900,5,Box,-19.2,4.91833,0,0,0,0
900,6,Box,-18,4.91833,0,0,0,0
900,7,Box,-16.8,4.91833,0,0,0,0
900,8,Box,-15.6,4.91833,0,0,0,0
900,9,Box,-14.4,4.91833,0,0,0,0
900,10,Box,-13.2,4.91833,0,0,0,0
900,11,Box,-12,4.91833,0,0,0,0
900,12,Box,-10.8,4.91833,0,0,0,0
900,13,Box,-9.6,4.91833,0,0,0,0
900,14,Box,-8.4,4.91833,0,0,0,0
900,15,Box,-7.2,4.91833,0,0,0,0
900,16,Box,-6,4.91833,0,0,0,0
900,17,Box,-4.8,4.91833,0,0,0,0
900,18,Box,-3.6,4.91833,0,0,0,0
900,19,Box,-2.4,4.91833,0,0,0,0
900,20,Box,-1.2,4.91833,0,0,0,0
900,21,Box,0,4.91833,0,0,0,0
900,22,Box,1.2,4.91833,0,0,0,0
900,23,Box,2.4,4.91833,0,0,0,0
900,24,Box,3.6,4.91833,0,0,0,0
900,25,Box,4.8,4.91833,0,0,0,0
900,26,Box,6,4.91833,0,0,0,0
900,27,Box,7.2,4.91833,0,0,0,0
900,28,Box,8.4,4.91833,0,0,0,0
900,29,Box,9.6,4.91833,0,0,0,0
900,30,Box,10.8,4.91833,0,0,0,0
900,31,Box,12,4.91833,0,0,0,0
900,32,Box,13.2,4.91833,0,0,0,0
900,33,Box,14.4,4.91833,0,0,0,0
900,34,Box,15.6,4.91833,0,0,0,0
900,35,Box,16.8,4.91833,0,0,0,0
900,36,Box,18,4.91833,0,0,0,0
900,37,Box,19.2,4.91833,0,0,0,0
900,38,Box,20.4,4.91833,0,0,0,0
900,39,Box,21.6,4.91833,0,0,0,0
900,40,Box,22.8,4.91833,0,0,0,0
900,41,Box,-24,6.11833,0,0,0,0
900,42,Box,-22.8,6.11833,0,0,0,0
900,43,Box,-21.6,6.11833,0,0,0,0
900,44,Box,-20.4,6.11833,0,0,0,0
900,45,Box,-19.2,6.11833,0,0,0,0
900,46,Box,-18,6.11833,0,0,0,0
900,47,Box,-16.8,6.11833,0,0,0,0
900,48,Box,-15.6,6.11833,0,0,0,0
900,49,Box,-14.4,6.11833,0,0,0,0
900,50,Box,-13.2,6.11833,0,0,0,0
900,51,Box,-12,6.11833,0,0,0,0
900,52,Box,-10.8,6.11833,0,0,0,0
900,53,Box,-9.6,6.11833,0,0,0,0
900,54,Box,-8.4,6.11833,0,0,0,0
900,55,Box,-7.2,6.11833,0,0,0,0
900,56,Box,-6,6.11833,0,0,0,0
900,57,Box,-4.8,6.11833,0,0,0,0
900,58,Box,-3.6,6.11833,0,0,0,0
900,59,Box,-2.4,6.11833,0,0,0,0
900,60,Box,-1.2,6.11833,0,0,0,0
900,61,Box,0,6.11833,0,0,0,0
900,62,Box,1.2,6.11833,0,0,0,0
900,63,Box,2.4,6.11833,0,0,0,0
900,64,Box,3.6,6.11833,0,0,0,0
900,65,Box,4.8,6.11833,0,0,0,0
900,66,Box,6,6.11833,0,0,0,0
900,67,Box,7.2,6.11833,0,0,0,0
900,68,Box,8.4,6.11833,0,0,0,0
900,69,Box,9.6,6.11833,0,0,0,0
900,70,Box,10.8,6.11833,0,0,0,0
900,71,Box,12,6.11833,0,0,0,0
900,72,Box,13.2,6.11833,0,0,0,0
900,73,Box,14.4,6.11833,0,0,0,0
900,74,Box,15.6,6.11833,0,0,0,0
900,75,Box,16.8,6.11833,0,0,0,0
900,76,Box,18,6.11833,0,0,0,0
900,77,Box,19.2,6.11833,0,0,0,0
900,78,Box,20.4,6.11833,0,0,0,0
900,79,Box,21.6,6.11833,0,0,0,0
900,80,Box,22.8,6.11833,0,0,0,0
900,81,Box,-24,7.31833,0,0,0,0
900,82,Box,-22.8,7.31833,0,0,0,0
900,83,Box,-21.6,7.31833,0,0,0,0
900,84,Box,-20.4,7.31833,0,0,0,0
900,85,Box,-19.2,7.31833,0,0,0,0
900,86,Box,-18,7.31833,0,0,0,0
900,87,Box,-16.8,7.31833,0,0,0,0
900,88,Box,-15.6,7.31833,0,0,0,0
900,89,Box,-14.4,7.31833,0,0,0,0
900,90,Box,-13.2,7.31833,0,0,0,0
900,91,Box,-12,7.31833,0,0,0,0
900,92,Box,-10.8,7.31833,0,0,0,0
900,93,Box,-9.6,7.31833,0,0,0,0
900,94,Box,-8.4,7.31833,0,0,0,0
900,95,Box,-7.2,7.31833,0,0,0,0
900,96,Box,-6,7.31833,0,0,0,0
900,97,Box,-4.8,7.31833,0,0,0,0
900,98,Box,-3.6,7.31833,0,0,0,0
900,99,Box,-2.4,7.31833,0,0,0,0
900,100,Box,-1.2,7.31833,0,0,0,0
900,101,Box,0,7.31833,0,0,0,0
900,102,Box,1.2,7.31833,0,0,0,0
900,103,Box,2.4,7.31833,0,0,0,0
900,104,Box,3.6,7.31833,0,0,0,0
900,105,Box,4.8,7.31833,0,0,0,0
900,106,Box,6,7.31833,0,0,0,0
900,107,Box,7.2,7.31833,0,0,0,0
900,108,Box,8.4,7.31833,0,0,0,0
900,109,Box,9.6,7.31833,0,0,0,0
900,110,Box,10.8,7.31833,0,0,0,0
900,111,Box,12,7.31833,0,0,0,0
900,112,Box,13.2,7.31833,0,0,0,0
900,113,Box,14.4,7.31833,0,0,0,0
900,114,Box,15.6,7.31833,0,0,0,0
900,115,Box,16.8,7.31833,0,0,0,0
900,116,Box,18,7.31833,0,0,0,0
900,117,Box,19.2,7.31833,0,0,0,0
900,118,Box,20.4,7.31833,0,0,0,0
900,119,Box,21.6,7.31833,0,0,0,0
900,120,Box,22.8,7.31833,0,0,0,0
900,121,Box,-24,8.51835,0,0,0,0
900,122,Box,-22.8,8.51835,0,0,0,0
900,123,Box,-21.6,8.51835,0,0,0,0
900,124,Box,-20.4,8.51835,0,0,0,0
900,125,Box,-19.2,8.51835,0,0,0,0
900,126,Box,-18,8.51835,0,0,0,0
900,127,Box,-16.8,8.51835,0,0,0,0
900,128,Box,-15.6,8.51835,0,0,0,0
900,129,Box,-14.4,8.51835,0,0,0,0
900,130,Box,-13.2,8.51835,0,0,0,0
900,131,Box,-12,8.51835,0,0,0,0
900,132,Box,-10.8,8.51835,0,0,0,0
900,133,Box,-9.6,8.51835,0,0,0,0
900,134,Box,-8.4,8.51835,0,0,0,0
900,135,Box,-7.2,8.51835,0,0,0,0
900,136,Box,-6,8.51835,0,0,0,0
900,137,Box,-4.8,8.51835,0,0,0,0
900,138,Box,-3.6,8.51835,0,0,0,0
900,139,Box,-2.4,8.51835,0,0,0,0
900,140,Box,-1.2,8.51835,0,0,0,0
900,141,Box,0,8.51835,0,0,0,0
900,142,Box,1.2,8.51835,0,0,0,0
900,143,Box,2.4,8.51835,0,0,0,0
900,144,Box,3.6,8.51835,0,0,0,0
900,145,Box,4.8,8.51835,0,0,0,0
900,146,Box,6,8.51835,0,0,0,0
900,147,Box,7.2,8.51835,0,0,0,0
900,148,Box,8.4,8.51835,0,0,0,0
900,149,Box,9.6,8.51835,0,0,0,0
900,150,Box,10.8,8.51835,0,0,0,0
900,151,Box,12,8.51835,0,0,0,0
900,152,Box,13.2,8.51835,0,0,0,0
900,153,Box,14.4,8.51835,0,0,0,0
900,154,Box,15.6,8.51835,0,0,0,0
900,155,Box,16.8,8.51835,0,0,0,0
900,156,Box,18,8.51835,0,0,0,0
900,157,Box,19.2,8.51835,0,0,0,0
900,158,Box,20.4,8.51835,0,0,0,0
900,159,Box,21.6,8.51835,0,0,0,0
900,160,Box,22.8,8.51835,0,0,0,0
900,161,Box,-24,9.71835,0,0,0,0
900,162,Box,-22.8,9.71835,0,0,0,0
900,163,Box,-21.6,9.71835,0,0,0,0
900,164,Box,-20.4,9.71835,0,0,0,0
900,165,Box,-19.2,9.71835,0,0,0,0
900,166,Box,-18,9.71835,0,0,0,0
900,167,Box,-16.8,9.71835,0,0,0,0
900,168,Box,-15.6,9.71835,0,0,0,0
900,169,Box,-14.4,9.71835,0,0,0,0
900,170,Box,-13.2,9.71835,0,0,0,0
900,171,Box,-12,9.71835,0,0,0,0
900,172,Box,-10.8,9.71835,0,0,0,0
900,173,Box,-9.6,9.71835,0,0,0,0
900,174,Box,-8.4,9.71835,0,0,0,0
900,175,Box,-7.2,9.71835,0,0,0,0
900,176,Box,-6,9.71835,0,0,0,0
900,177,Box,-4.8,9.71835,0,0,0,0
900,178,Box,-3.6,9.71835,0,0,0,0
900,179,Box,-2.4,9.71835,0,0,0,0
900,180,Box,-1.2,9.71835,0,0,0,0
900,181,Box,0,9.71835,0,0,0,0
900,182,Box,1.2,9.71835,0,0,0,0
900,183,Box,2.4,9.71835,0,0,0,0
900,184,Box,3.6,9.71835,0,0,0,0
900,185,Box,4.8,9.71835,0,0,0,0
900,186,Box,6,9.71835,0,0,0,0
900,187,Box,7.2,9.71835,0,0,0,0
900,188,Box,8.4,9.71835,0,0,0,0
900,189,Box,9.6,9.71835,0,0,0,0
900,190,Box,10.8,9.71835,0,0,0,0
900,191,Box,12,9.71835,0,0,0,0
900,192,Box,13.2,9.71835,0,0,0,0
900,193,Box,14.4,9.71835,0,0,0,0
900,194,Box,15.6,9.71835,0,0,0,0
900,195,Box,16.8,9.71835,0,0,0,0
900,196,Box,18,9.71835,0,0,0,0
900,197,Box,19.2,9.71835,0,0,0,0
900,198,Box,20.4,9.71835,0,0,0,0
900,199,Box,21.6,9.71835,0,0,0,0
900,200,Box,22.8,9.71835,0,0,0,0
900,201,Box,-24,10.9183,0,0,0,0
900,202,Box,-22.8,10.9183,0,0,0,0
900,203,Box,-21.6,10.9183,0,0,0,0
900,204,Box,-20.4,10.9183,0,0,0,0
900,205,Box,-19.2,10.9183,0,0,0,0
900,206,Box,-18,10.9183,0,0,0,0
900,207,Box,-16.8,10.9183,0,0,0,0
900,208,Box,-15.6,10.9183,0,0,0,0
900,209,Box,-14.4,10.9183,0,0,0,0
900,210,Box,-13.2,10.9183,0,0,0,0
900,211,Box,-12,10.9183,0,0,0,0
900,212,Box,-10.8,10.9183,0,0,0,0
900,213,Box,-9.6,10.9183,0,0,0,0
900,214,Box,-8.4,10.9183,0,0,0,0
900,215,Box,-7.2,10.9183,0,0,0,0
900,216,Box,-6,10.9183,0,0,0,0
900,217,Box,-4.8,10.9183,0,0,0,0
900,218,Box,-3.6,10.9183,0,0,0,0
900,219,Box,-2.4,10.9183,0,0,0,0
900,220,Box,-1.2,10.9183,0,0,0,0
900,221,Box,0,10.9183,0,0,0,0
900,222,Box,1.2,10.9183,0,0,0,0
900,223,Box,2.4,10.9183,0,0,0,0
900,224,Box,3.6,10.9183,0,0,0,0
900,225,Box,4.8,10.9183,0,0,0,0
900,226,Box,6,10.9183,0,0,0,0
900,227,Box,7.2,10.9183,0,0,0,0
900,228,Box,8.4,10.9183,0,0,0,0
900,229,Box,9.6,10.9183,0,0,0,0
900,230,Box,10.8,10.9183,0,0,0,0
900,231,Box,12,10.9183,0,0,0,0
900,232,Box,13.2,10.9183,0,0,0,0
900,233,Box,14.4,10.9183,0,0,0,0
900,234,Box,15.6,10.9183,0,0,0,0
900,235,Box,16.8,10.9183,0,0,0,0
900,236,Box,18,10.9183,0,0,0,0
900,237,Box,19.2,10.9183,0,0,0,0
900,238,Box,20.4,10.9183,0,0,0,0
900,239,Box,21.6,10.9183,0,0,0,0
900,240,Box,22.8,10.9183,0,0,0,0
900,241,Box,-24,12.1183,0,0,0,0
900,242,Box,-22.8,12.1183,0,0,0,0
900,243,Box,-21.6,12.1183,0,0,0,0
900,244,Box,-20.4,12.1183,0,0,0,0
900,245,Box,-19.2,12.1183,0,0,0,0
900,246,Box,-18,12.1183,0,0,0,0
900,247,Box,-16.8,12.1183,0,0,0,0
900,248,Box,-15.6,12.1183,0,0,0,0
900,249,Box,-14.4,12.1183,0,0,0,0
900,250,Box,-13.2,12.1183,0,0,0,0
900,251,Box,-12,12.1183,0,0,0,0
900,252,Box,-10.8,12.1183,0,0,0,0
900,253,Box,-9.6,12.1183,0,0,0,0
900,254,Box,-8.4,12.1183,0,0,0,0
900,255,Box,-7.2,12.1183,0,0,0,0
900,256,Box,-6,12.1183,0,0,0,0
900,257,Box,-4.8,12.1183,0,0,0,0
900,258,Box,-3.6,12.1183,0,0,0,0
900,259,Box,-2.4,12.1183,0,0,0,0
900,260,Box,-1.2,12.1183,0,0,0,0
900,261,Box,0,12.1183,0,0,0,0
900,262,Box,1.2,12.1183,0,0,0,0
900,263,Box,2.4,12.1183,0,0,0,0
900,264,Box,3.6,12.1183,0,0,0,0
900,265,Box,4.8,12.1183,0,0,0,0
900,266,Box,6,12.1183,0,0,0,0
900,267,Box,7.2,12.1183,0,0,0,0
900,268,Box,8.4,12.1183,0,0,0,0
900,269,Box,9.6,12.1183,0,0,0,0
900,270,Box,10.8,12.1183,0,0,0,0
900,271,Box,12,12.1183,0,0,0,0
900,272,Box,13.2,12.1183,0,0,0,0
900,273,Box,14.4,12.1183,0,0,0,0
900,274,Box,15.6,12.1183,0,0,0,0
900,275,Box,16.8,12.1183,0,0,0,0
900,276,Box,18,12.1183,0,0,0,0
900,277,Box,19.2,12.1183,0,0,0,0
900,278,Box,20.4,12.1183,0,0,0,0
900,279,Box,21.6,12.1183,0,0,0,0
900,280,Box,22.8,12.1183,0,0,0,0
900,281,Box,-24,13.3183,0,0,0,0
900,282,Box,-22.8,13.3183,0,0,0,0
900,283,Box,-21.6,13.3183,0,0,0,0
900,284,Box,-20.4,13.3183,0,0,0,0
900,285,Box,-19.2,13.3183,0,0,0,0
900,286,Box,-18,13.3183,0,0,0,0
900,287,Box,-16.8,13.3183,0,0,0,0
900,288,Box,-15.6,13.3183,0,0,0,0
900,289,Box,-14.4,13.3183,0,0,0,0
900,290,Box,-13.2,13.3183,0,0,0,0
900,291,Box,-12,13.3183,0,0,0,0
900,292,Box,-10.8,13.3183,0,0,0,0
900,293,Box,-9.6,13.3183,0,0,0,0
900,294,Box,-8.4,13.3183,0,0,0,0
900,295,Box,-7.2,13.3183,0,0,0,0
900,296,Box,-6,13.3183,0,0,0,0
900,297,Box,-4.8,13.3183,0,0,0,0
900,298,Box,-3.6,13.3183,0,0,0,0
900,299,Box,-2.4,13.3183,0,0,0,0
900,300,Box,-1.2,13.3183,0,0,0,0
900,301,Box,0,13.3183,0,0,0,0
900,302,Box,1.2,13.3183,0,0,0,0
900,303,Box,2.4,13.3183,0,0,0,0
900,304,Box,3.6,13.3183,0,0,0,0
900,305,Box,4.8,13.3183,0,0,0,0
900,306,Box,6,13.3183,0,0,0,0
900,307,Box,7.2,13.3183,0,0,0,0
900,308,Box,8.4,13.3183,0,0,0,0
900,309,Box,9.6,13.3183,0,0,0,0
900,310,Box,10.8,13.3183,0,0,0,0
900,311,Box,12,13.3183,0,0,0,0
900,312,Box,13.2,13.3183,0,0,0,0
900,313,Box,14.4,13.3183,0,0,0,0
900,314,Box,15.6,13.3183,0,0,0,0
900,315,Box,16.8,13.3183,0,0,0,0
900,316,Box,18,13.3183,0,0,0,0
900,317,Box,19.2,13.3183,0,0,0,0
900,318,Box,20.4,13.3183,0,0,0,0
900,319,Box,21.6,13.3183,0,0,0,0
900,320,Box,22.8,13.3183,0,0,0,0
900,321,Box,-24,14.5183,0,0,0,0
900,322,Box,-22.8,14.5183,0,0,0,0
900,323,Box,-21.6,14.5183,0,0,0,0
900,324,Box,-20.4,14.5183,0,0,0,0
900,325,Box,-19.2,14.5183,0,0,0,0
900,326,Box,-18,14.5183,0,0,0,0
900,327,Box,-16.8,14.5183,0,0,0,0
900,328,Box,-15.6,14.5183,0,0,0,0
900,329,Box,-14.4,14.5183,0,0,0,0
900,330,Box,-13.2,14.5183,0,0,0,0
900,331,Box,-12,14.5183,0,0,0,0
900,332,Box,-10.8,14.5183,0,0,0,0
900,333,Box,-9.6,14.5183,0,0,0,0
900,334,Box,-8.4,14.5183,0,0,0,0
900,335,Box,-7.2,14.5183,0,0,0,0
900,336,Box,-6,14.5183,0,0,0,0
900,337,Box,-4.8,14.5183,0,0,0,0
900,338,Box,-3.6,14.5183,0,0,0,0
900,339,Box,-2.4,14.5183,0,0,0,0
900,340,Box,-1.2,14.5183,0,0,0,0
900,341,Box,0,14.5183,0,0,0,0
900,342,Box,1.2,14.5183,0,0,0,0
900,343,Box,2.4,14.5183,0,0,0,0
900,344,Box,3.6,14.5183,0,0,0,0
900,345,Box,4.8,14.5183,0,0,0,0
900,346,Box,6,14.5183,0,0,0,0
900,347,Box,7.2,14.5183,0,0,0,0
900,348,Box,8.4,14.5183,0,0,0,0
900,349,Box,9.6,14.5183,0,0,0,0
900,350,Box,10.8,14.5183,0,0,0,0
900,351,Box,12,14.5183,0,0,0,0
900,352,Box,13.2,14.5183,0,0,0,0
900,353,Box,14.4,14.5183,0,0,0,0
900,354,Box,15.6,14.5183,0,0,0,0
900,355,Box,16.8,14.5183,0,0,0,0
900,356,Box,18,14.5183,0,0,0,0
900,357,Box,19.2,14.5183,0,0,0,0
900,358,Box,20.4,14.5183,0,0,0,0
900,359,Box,21.6,14.5183,0,0,0,0
900,360,Box,22.8,14.5183,0,0,0,0
900,361,Box,-24,15.7183,0,0,0,0
900,362,Box,-22.8,15.7183,0,0,0,0
900,363,Box,-21.6,15.7183,0,0,0,0
900,364,Box,-20.4,15.7183,0,0,0,0
900,365,Box,-19.2,15.7183,0,0,0,0
900,366,Box,-18,15.7183,0,0,0,0
900,367,Box,-16.8,15.7183,0,0,0,0
900,368,Box,-15.6,15.7183,0,0,0,0
900,369,Box,-14.4,15.7183,0,0,0,0
900,370,Box,-13.2,15.7183,0,0,0,0
900,371,Box,-12,15.7183,0,0,0,0
900,372,Box,-10.8,15.7183,0,0,0,0
900,373,Box,-9.6,15.7183,0,0,0,0
900,374,Box,-8.4,15.7183,0,0,0,0
900,375,Box,-7.2,15.7183,0,0,0,0
900,376,Box,-6,15.7183,0,0,0,0
900,377,Box,-4.8,15.7183,0,0,0,0
900,378,Box,-3.6,15.7183,0,0,0,0
900,379,Box,-2.4,15.7183,0,0,0,0
900,380,Box,-1.2,15.7183,0,0,0,0
900,381,Box,0,15.7183,0,0,0,0
900,382,Box,1.2,15.7183,0,0,0,0
900,383,Box,2.4,15.7183,0,0,0,0
900,384,Box,3.6,15.7183,0,0,0,0
900,385,Box,4.8,15.7183,0,0,0,0
900,386,Box,6,15.7183,0,0,0,0
900,387,Box,7.2,15.7183,0,0,0,0
900,388,Box,8.4,15.7183,0,0,0,0
900,389,Box,9.6,15.7183,0,0,0,0
900,390,Box,10.8,15.7183,0,0,0,0
900,391,Box,12,15.7183,0,0,0,0
900,392,Box,13.2,15.7183,0,0,0,0
900,393,Box,14.4,15.7183,0,0,0,0
900,394,Box,15.6,15.7183,0,0,0,0
900,395,Box,16.8,15.7183,0,0,0,0
900,396,Box,18,15.7183,0,0,0,0
900,397,Box,19.2,15.7183,0,0,0,0
900,398,Box,20.4,15.7183,0,0,0,0
900,399,Box,21.6,15.7183,0,0,0,0
900,400,Box,22.8,15.7183,0,0,0,0
900,401,Box,-24,16.9183,0,0,0,0
900,402,Box,-22.8,16.9183,0,0,0,0
900,403,Box,-21.6,16.9183,0,0,0,0
900,404,Box,-20.4,16.9183,0,0,0,0
900,405,Box,-19.2,16.9183,0,0,0,0
900,406,Box,-18,16.9183,0,0,0,0
900,407,Box,-16.8,16.9183,0,0,0,0
900,408,Box,-15.6,16.9183,0,0,0,0
900,409,Box,-14.4,16.9183,0,0,0,0
900,410,Box,-13.2,16.9183,0,0,0,0
900,411,Box,-12,16.9183,0,0,0,0
900,412,Box,-10.8,16.9183,0,0,0,0
900,413,Box,-9.6,16.9183,0,0,0,0
900,414,Box,-8.4,16.9183,0,0,0,0
900,415,Box,-7.2,16.9183,0,0,0,0
900,416,Box,-6,16.9183,0,0,0,0
900,417,Box,-4.8,16.9183,0,0,0,0
900,418,Box,-3.6,16.9183,0,0,0,0
900,419,Box,-2.4,16.9183,0,0,0,0
900,420,Box,-1.2,16.9183,0,0,0,0
900,421,Box,0,16.9183,0,0,0,0
900,422,Box,1.2,16.9183,0,0,0,0
900,423,Box,2.4,16.9183,0,0,0,0
900,424,Box,3.6,16.9183,0,0,0,0
900,425,Box,4.8,16.9183,0,0,0,0
900,426,Box,6,16.9183,0,0,0,0
900,427,Box,7.2,16.9183,0,0,0,0
900,428,Box,8.4,16.9183,0,0,0,0
900,429,Box,9.6,16.9183,0,0,0,0
900,430,Box,10.8,16.9183,0,0,0,0
900,431,Box,12,16.9183,0,0,0,0
900,432,Box,13.2,16.9183,0,0,0,0
900,433,Box,14.4,16.9183,0,0,0,0
900,434,Box,15.6,16.9183,0,0,0,0
900,435,Box,16.8,16.9183,0,0,0,0
900,436,Box,18,16.9183,0,0,0,0
900,437,Box,19.2,16.9183,0,0,0,0
900,438,Box,20.4,16.9183,0,0,0,0
900,439,Box,21.6,16.9183,0,0,0,0
900,440,Box,22.8,16.9183,0,0,0,0
900,441,Box,-24,18.1183,0,0,0,0
900,442,Box,-22.8,18.1183,0,0,0,0
900,443,Box,-21.6,18.1183,0,0,0,0
900,444,Box,-20.4,18.1183,0,0,0,0
900,445,Box,-19.2,18.1183,0,0,0,0
900,446,Box,-18,18.1183,0,0,0,0
900,447,Box,-16.8,18.1183,0,0,0,0
900,448,Box,-15.6,18.1183,0,0,0,0
900,449,Box,-14.4,18.1183,0,0,0,0
900,450,Box,-13.2,18.1183,0,0,0,0
900,451,Box,-12,18.1183,0,0,0,0
900,452,Box,-10.8,18.1183,0,0,0,0
900,453,Box,-9.6,18.1183,0,0,0,0
900,454,Box,-8.4,18.1183,0,0,0,0
900,455,Box,-7.2,18.1183,0,0,0,0
900,456,Box,-6,18.1183,0,0,0,0
900,457,Box,-4.8,18.1183,0,0,0,0
900,458,Box,-3.6,18.1183,0,0,0,0
900,459,Box,-2.4,18.1183,0,0,0,0
900,460,Box,-1.2,18.1183,0,0,0,0
900,461,Box,0,18.1183,0,0,0,0
900,462,Box,1.2,18.1183,0,0,0,0
900,463,Box,2.4,18.1183,0,0,0,0
900,464,Box,3.6,18.1183,0,0,0,0
900,465,Box,4.8,18.1183,0,0,0,0
900,466,Box,6,18.1183,0,0,0,0
900,467,Box,7.2,18.1183,0,0,0,0
900,468,Box,8.4,18.1183,0,0,0,0
900,469,Box,9.6,18.1183,0,0,0,0
900,470,Box,10.8,18.1183,0,0,0,0
900,471,Box,12,18.1183,0,0,0,0
900,472,Box,13.2,18.1183,0,0,0,0
900,473,Box,14.4,18.1183,0,0,0,0
900,474,Box,15.6,18.1183,0,0,0,0
900,475,Box,16.8,18.1183,0,0,0,0
900,476,Box,18,18.1183,0,0,0,0
900,477,Box,19.2,18.1183,0,0,0,0
900,478,Box,20.4,18.1183,0,0,0,0
900,479,Box,21.6,18.1183,0,0,0,0
900,480,Box,22.8,18.1183,0,0,0,0
900,481,Box,-24,19.3183,0,0,0,0
900,482,Box,-22.8,19.3183,0,0,0,0
900,483,Box,-21.6,19.3183,0,0,0,0
900,484,Box,-20.4,19.3183,0,0,0,0
900,485,Box,-19.2,19.3183,0,0,0,0
900,486,Box,-18,19.3183,0,0,0,0
900,487,Box,-16.8,19.3183,0,0,0,0
900,488,Box,-15.6,19.3183,0,0,0,0
900,489,Box,-14.4,19.3183,0,0,0,0
900,490,Box,-13.2,19.3183,0,0,0,0
900,491,Box,-12,19.3183,0,0,0,0
900,492,Box,-10.8,19.3183,0,0,0,0
900,493,Box,-9.6,19.3183,0,0,0,0
900,494,Box,-8.4,19.3183,0,0,0,0
900,495,Box,-7.2,19.3183,0,0,0,0
900,496,Box,-6,19.3183,0,0,0,0
900,497,Box,-4.8,19.3183,0,0,0,0
900,498,Box,-3.6,19.3183,0,0,0,0
900,499,Box,-2.4,19.3183,0,0,0,0
900,500,Box,-1.2,19.3183,0,0,0,0
900,501,Box,0,19.3183,0,0,0,0
900,502,Box,1.2,19.3183,0,0,0,0
900,503,Box,2.4,19.3183,0,0,0,0
900,504,Box,3.6,19.3183,0,0,0,0
900,505,Box,4.8,19.3183,0,0,0,0
900,506,Box,6,19.3183,0,0,0,0
900,507,Box,7.2,19.3183,0,0,0,0
900,508,Box,8.4,19.3183,0,0,0,0
900,509,Box,9.6,19.3183,0,0,0,0
900,510,Box,10.8,19.3183,0,0,0,0
900,511,Box,12,19.3183,0,0,0,0
900,512,Box,13.2,19.3183,0,0,0,0
900,513,Box,14.4,19.3183,0,0,0,0
900,514,Box,15.6,19.3183,0,0,0,0
900,515,Box,16.8,19.3183,0,0,0,0
900,516,Box,18,19.3183,0,0,0,0
900,517,Box,19.2,19.3183,0,0,0,0
900,518,Box,20.4,19.3183,0,0,0,0
900,519,Box,21.6,19.3183,0,0,0,0
900,520,Box,22.8,19.3183,0,0,0,0
900,521,Box,-24,20.5183,0,0,0,0
900,522,Box,-22.8,20.5183,0,0,0,0
900,523,Box,-21.6,20.5183,0,0,0,0
900,524,Box,-20.4,20.5183,0,0,0,0
900,525,Box,-19.2,20.5183,0,0,0,0
900,526,Box,-18,20.5183,0,0,0,0
900,527,Box,-16.8,20.5183,0,0,0,0
900,528,Box,-15.6,20.5183,0,0,0,0
900,529,Box,-14.4,20.5183,0,0,0,0
900,530,Box,-13.2,20.5183,0,0,0,0
900,531,Box,-12,20.5183,0,0,0,0
900,532,Box,-10.8,20.5183,0,0,0,0
900,533,Box,-9.6,20.5183,0,0,0,0
900,534,Box,-8.4,20.5183,0,0,0,0
900,535,Box,-7.2,20.5183,0,0,0,0
900,536,Box,-6,20.5183,0,0,0,0
900,537,Box,-4.8,20.5183,0,0,0,0
900,538,Box,-3.6,20.5183,0,0,0,0
900,539,Box,-2.4,20.5183,0,0,0,0
900,540,Box,-1.2,20.5183,0,0,0,0
900,541,Box,0,20.5183,0,0,0,0
900,542,Box,1.2,20.5183,0,0,0,0
900,543,Box,2.4,20.5183,0,0,0,0
900,544,Box,3.6,20.5183,0,0,0,0
900,545,Box,4.8,20.5183,0,0,0,0
900,546,Box,6,20.5183,0,0,0,0
900,547,Box,7.2,20.5183,0,0,0,0
900,548,Box,8.4,20.5183,0,0,0,0
900,549,Box,9.6,20.5183,0,0,0,0
900,550,Box,10.8,20.5183,0,0,0,0
900,551,Box,12,20.5183,0,0,0,0
900,552,Box,13.2,20.5183,0,0,0,0
900,553,Box,14.4,20.5183,0,0,0,0
900,554,Box,15.6,20.5183,0,0,0,0
900,555,Box,16.8,20.5183,0,0,0,0
900,556,Box,18,20.5183,0,0,0,0
900,557,Box,19.2,20.5183,0,0,0,0
900,558,Box,20.4,20.5183,0,0,0,0
900,559,Box,21.6,20.5183,0,0,0,0
900,560,Box,22.8,20.5183,0,0,0,0
900,561,Box,-24,21.7183,0,0,0,0
900,562,Box,-22.8,21.7183,0,0,0,0
900,563,Box,-21.6,21.7183,0,0,0,0
900,564,Box,-20.4,21.7183,0,0,0,0
900,565,Box,-19.2,21.7183,0,0,0,0
900,566,Box,-18,21.7183,0,0,0,0
900,567,Box,-16.8,21.7183,0,0,0,0
900,568,Box,-15.6,21.7183,0,0,0,0
900,569,Box,-14.4,21.7183,0,0,0,0
900,570,Box,-13.2,21.7183,0,0,0,0
900,571,Box,-12,21.7183,0,0,0,0
900,572,Box,-10.8,21.7183,0,0,0,0
900,573,Box,-9.6,21.7183,0,0,0,0
900,574,Box,-8.4,21.7183,0,0,0,0
900,575,Box,-7.2,21.7183,0,0,0,0
900,576,Box,-6,21.7183,0,0,0,0
900,577,Box,-4.8,21.7183,0,0,0,0
900,578,Box,-3.6,21.7183,0,0,0,0
900,579,Box,-2.4,21.7183,0,0,0,0
900,580,Box,-1.2,21.7183,0,0,0,0
900,581,Box,0,21.7183,0,0,0,0
900,582,Box,1.2,21.7183,0,0,0,0
900,583,Box,2.4,21.7183,0,0,0,0
900,584,Box,3.6,21.7183,0,0,0,0
900,585,Box,4.8,21.7183,0,0,0,0
900,586,Box,6,21.7183,0,0,0,0
900,587,Box,7.2,21.7183,0,0,0,0
900,588,Box,8.4,21.7183,0,0,0,0
900,589,Box,9.6,21.7183,0,0,0,0
900,590,Box,10.8,21.7183,0,0,0,0
900,591,Box,12,21.7183,0,0,0,0
900,592,Box,13.2,21.7183,0,0,0,0
900,593,Box,14.4,21.7183,0,0,0,0
900,594,Box,15.6,21.7183,0,0,0,0
900,595,Box,16.8,21.7183,0,0,0,0
900,596,Box,18,21.7183,0,0,0,0
900,597,Box,19.2,21.7183,0,0,0,0
900,598,Box,20.4,21.7183,0,0,0,0
900,599,Box,21.6,21.7183,0,0,0,0
900,600,Box,22.8,21.7183,0,0,0,0
900,601,Box,-24,22.9183,0,0,0,0
900,602,Box,-22.8,22.9183,0,0,0,0
900,603,Box,-21.6,22.9183,0,0,0,0
900,604,Box,-20.4,22.9183,0,0,0,0
900,605,Box,-19.2,22.9183,0,0,0,0
900,606,Box,-18,22.9183,0,0,0,0
900,607,Box,-16.8,22.9183,0,0,0,0
900,608,Box,-15.6,22.9183,0,0,0,0
900,609,Box,-14.4,22.9183,0,0,0,0
900,610,Box,-13.2,22.9183,0,0,0,0
900,611,Box,-12,22.9183,0,0,0,0
900,612,Box,-10.8,22.9183,0,0,0,0
900,613,Box,-9.6,22.9183,0,0,0,0
900,614,Box,-8.4,22.9183,0,0,0,0
900,615,Box,-7.2,22.9183,0,0,0,0
900,616,Box,-6,22.9183,0,0,0,0
900,617,Box,-4.8,22.9183,0,0,0,0
900,618,Box,-3.6,22.9183,0,0,0,0
900,619,Box,-2.4,22.9183,0,0,0,0
900,620,Box,-1.2,22.9183,0,0,0,0
900,621,Box,0,22.9183,0,0,0,0
900,622,Box,1.2,22.9183,0,0,0,0
900,623,Box,2.4,22.9183,0,0,0,0
900,624,Box,3.6,22.9183,0,0,0,0
900,625,Box,4.8,22.9183,0,0,0,0
900,626,Box,6,22.9183,0,0,0,0
900,627,Box,7.2,22.9183,0,0,0,0
900,628,Box,8.4,22.9183,0,0,0,0
900,629,Box,9.6,22.9183,0,0,0,0
900,630,Box,10.8,22.9183,0,0,0,0
900,631,Box,12,22.9183,0,0,0,0
900,632,Box,13.2,22.9183,0,0,0,0
900,633,Box,14.4,22.9183,0,0,0,0
900,634,Box,15.6,22.9183,0,0,0,0
900,635,Box,16.8,22.9183,0,0,0,0
900,636,Box,18,22.9183,0,0,0,0
900,637,Box,19.2,22.9183,0,0,0,0
900,638,Box,20.4,22.9183,0,0,0,0
900,639,Box,21.6,22.9183,0,0,0,0
900,640,Box,22.8,22.9183,0,0,0,0
900,641,Box,-24,24.1183,0,0,0,0
900,642,Box,-22.8,24.1183,0,0,0,0
900,643,Box,-21.6,24.1183,0,0,0,0
900,644,Box,-20.4,24.1183,0,0,0,0
900,645,Box,-19.2,24.1183,0,0,0,0
900,646,Box,-18,24.1183,0,0,0,0
900,647,Box,-16.8,24.1183,0,0,0,0
900,648,Box,-15.6,24.1183,0,0,0,0
900,649,Box,-14.4,24.1183,0,0,0,0
900,650,Box,-13.2,24.1183,0,0,0,0
900,651,Box,-12,24.1183,0,0,0,0
900,652,Box,-10.8,24.1183,0,0,0,0
900,653,Box,-9.6,24.1183,0,0,0,0
900,654,Box,-8.4,24.1183,0,0,0,0
900,655,Box,-7.2,24.1183,0,0,0,0
900,656,Box,-6,24.1183,0,0,0,0
900,657,Box,-4.8,24.1183,0,0,0,0
900,658,Box,-3.6,24.1183,0,0,0,0
900,659,Box,-2.4,24.1183,0,0,0,0
900,660,Box,-1.2,24.1183,0,0,0,0
900,661,Box,0,24.1183,0,0,0,0
900,662,Box,1.2,24.1183,0,0,0,0
900,663,Box,2.4,24.1183,0,0,0,0
900,664,Box,3.6,24.1183,0,0,0,0
900,665,Box,4.8,24.1183,0,0,0,0
900,666,Box,6,24.1183,0,0,0,0
900,667,Box,7.2,24.1183,0,0,0,0
900,668,Box,8.4,24.1183,0,0,0,0
900,669,Box,9.6,24.1183,0,0,0,0
900,670,Box,10.8,24.1183,0,0,0,0
900,671,Box,12,24.1183,0,0,0,0
900,672,Box,13.2,24.1183,0,0,0,0
900,673,Box,14.4,24.1183,0,0,0,0
900,674,Box,15.6,24.1183,0,0,0,0
900,675,Box,16.8,24.1183,0,0,0,0
900,676,Box,18,24.1183,0,0,0,0
900,677,Box,19.2,24.1183,0,0,0,0
900,678,Box,20.4,24.1183,0,0,0,0
900,679,Box,21.6,24.1183,0,0,0,0
900,680,Box,22.8,24.1183,0,0,0,0
900,681,Box,-24,25.3183,0,0,0,0
900,682,Box,-22.8,25.3183,0,0,0,0
900,683,Box,-21.6,25.3183,0,0,0,0
900,684,Box,-20.4,25.3183,0,0,0,0
900,685,Box,-19.2,25.3183,0,0,0,0
900,686,Box,-18,25.3183,0,0,0,0
900,687,Box,-16.8,25.3183,0,0,0,0
900,688,Box,-15.6,25.3183,0,0,0,0
900,689,Box,-14.4,25.3183,0,0,0,0
900,690,Box,-13.2,25.3183,0,0,0,0
900,691,Box,-12,25.3183,0,0,0,0
900,692,Box,-10.8,25.3183,0,0,0,0
900,693,Box,-9.6,25.3183,0,0,0,0
900,694,Box,-8.4,25.3183,0,0,0,0
900,695,Box,-7.2,25.3183,0,0,0,0
900,696,Box,-6,25.3183,0,0,0,0
900,697,Box,-4.8,25.3183,0,0,0,0
900,698,Box,-3.6,25.3183,0,0,0,0
900,699,Box,-2.4,25.3183,0,0,0,0
900,700,Box,-1.2,25.3183,0,0,0,0
900,701,Box,0,25.3183,0,0,0,0
900,702,Box,1.2,25.3183,0,0,0,0
900,703,Box,2.4,25.3183,0,0,0,0
900,704,Box,3.6,25.3183,0,0,0,0
900,705,Box,4.8,25.3183,0,0,0,0
900,706,Box,6,25.3183,0,0,0,0
900,707,Box,7.2,25.3183,0,0,0,0
900,708,Box,8.4,25.3183,0,0,0,0
900,709,Box,9.6,25.3183,0,0,0,0
900,710,Box,10.8,25.3183,0,0,0,0
900,711,Box,12,25.3183,0,0,0,0
900,712,Box,13.2,25.3183,0,0,0,0
900,713,Box,14.4,25.3183,0,0,0,0
900,714,Box,15.6,25.3183,0,0,0,0
900,715,Box,16.8,25.3183,0,0,0,0
900,716,Box,18,25.3183,0,0,0,0
900,717,Box,19.2,25.3183,0,0,0,0
900,718,Box,20.4,25.3183,0,0,0,0
900,719,Box,21.6,25.3183,0,0,0,0
900,720,Box,22.8,25.3183,0,0,0,0
900,721,Box,-24,26.5183,0,0,0,0
900,722,Box,-22.8,26.5183,0,0,0,0
900,723,Box,-21.6,26.5183,0,0,0,0
900,724,Box,-20.4,26.5183,0,0,0,0
900,725,Box,-19.2,26.5183,0,0,0,0
900,726,Box,-18,26.5183,0,0,0,0
900,727,Box,-16.8,26.5183,0,0,0,0
900,728,Box,-15.6,26.5183,0,0,0,0
900,729,Box,-14.4,26.5183,0,0,0,0
900,730,Box,-13.2,26.5183,0,0,0,0
900,731,Box,-12,26.5183,0,0,0,0
900,732,Box,-10.8,26.5183,0,0,0,0
900,733,Box,-9.6,26.5183,0,0,0,0
900,734,Box,-8.4,26.5183,0,0,0,0
900,735,Box,-7.2,26.5183,0,0,0,0
900,736,Box,-6,26.5183,0,0,0,0
900,737,Box,-4.8,26.5183,0,0,0,0
900,738,Box,-3.6,26.5183,0,0,0,0
900,739,Box,-2.4,26.5183,0,0,0,0
900,740,Box,-1.2,26.5183,0,0,0,0
900,741,Box,0,26.5183,0,0,0,0
900,742,Box,1.2,26.5183,0,0,0,0
900,743,Box,2.4,26.5183,0,0,0,0
900,744,Box,3.6,26.5183,0,0,0,0
900,745,Box,4.8,26.5183,0,0,0,0
900,746,Box,6,26.5183,0,0,0,0
900,747,Box,7.2,26.5183,0,0,0,0
900,748,Box,8.4,26.5183,0,0,0,0
900,749,Box,9.6,26.5183,0,0,0,0
900,750,Box,10.8,26.5183,0,0,0,0
900,751,Box,12,26.5183,0,0,0,0
900,752,Box,13.2,26.5183,0,0,0,0
900,753,Box,14.4,26.5183,0,0,0,0
900,754,Box,15.6,26.5183,0,0,0,0
900,755,Box,16.8,26.5183,0,0,0,0
900,756,Box,18,26.5183,0,0,0,0
900,757,Box,19.2,26.5183,0,0,0,0
900,758,Box,20.4,26.5183,0,0,0,0
900,759,Box,21.6,26.5183,0,0,0,0
900,760,Box,22.8,26.5183,0,0,0,0
900,761,Box,-24,27.7183,0,0,0,0
900,762,Box,-22.8,27.7183,0,0,0,0
900,763,Box,-21.6,27.7183,0,0,0,0
900,764,Box,-20.4,27.7183,0,0,0,0
900,765,Box,-19.2,27.7183,0,0,0,0
900,766,Box,-18,27.7183,0,0,0,0
900,767,Box,-16.8,27.7183,0,0,0,0
900,768,Box,-15.6,27.7183,0,0,0,0
900,769,Box,-14.4,27.7183,0,0,0,0
900,770,Box,-13.2,27.7183,0,0,0,0
900,771,Box,-12,27.7183,0,0,0,0
900,772,Box,-10.8,27.7183,0,0,0,0
900,773,Box,-9.6,27.7183,0,0,0,0
900,774,Box,-8.4,27.7183,0,0,0,0
900,775,Box,-7.2,27.7183,0,0,0,0
900,776,Box,-6,27.7183,0,0,0,0
900,777,Box,-4.8,27.7183,0,0,0,0
900,778,Box,-3.6,27.7183,0,0,0,0
900,779,Box,-2.4,27.7183,0,0,0,0
900,780,Box,-1.2,27.7183,0,0,0,0
900,781,Box,0,27.7183,0,0,0,0
900,782,Box,1.2,27.7183,0,0,0,0
900,783,Box,2.4,27.7183,0,0,0,0
900,784,Box,3.6,27.7183,0,0,0,0
900,785,Box,4.8,27.7183,0,0,0,0
900,786,Box,6,27.7183,0,0,0,0
900,787,Box,7.2,27.7183,0,0,0,0
900,788,Box,8.4,27.7183,0,0,0,0
900,789,Box,9.6,27.7183,0,0,0,0
900,790,Box,10.8,27.7183,0,0,0,0
900,791,Box,12,27.7183,0,0,0,0
900,792,Box,13.2,27.7183,0,0,0,0
900,793,Box,14.4,27.7183,0,0,0,0
900,794,Box,15.6,27.7183,0,0,0,0
900,795,Box,16.8,27.7183,0,0,0,0
900,796,Box,18,27.7183,0,0,0,0
900,797,Box,19.2,27.7183,0,0,0,0
900,798,Box,20.4,27.7183,0,0,0,0
900,799,Box,21.6,27.7183,0,0,0,0
900,800,Box,22.8,27.7183,0,0,0,0
900,801,Box,-24,28.9183,0,0,0,0
900,802,Box,-22.8,28.9183,0,0,0,0
900,803,Box,-21.6,28.9183,0,0,0,0
900,804,Box,-20.4,28.9183,0,0,0,0
900,805,Box,-19.2,28.9183,0,0,0,0
900,806,Box,-18,28.9183,0,0,0,0
900,807,Box,-16.8,28.9183,0,0,0,0
900,808,Box,-15.6,28.9183,0,0,0,0
900,809,Box,-14.4,28.9183,0,0,0,0
900,810,Box,-13.2,28.9183,0,0,0,0
900,811,Box,-12,28.9183,0,0,0,0
900,812,Box,-10.8,28.9183,0,0,0,0
900,813,Box,-9.6,28.9183,0,0,0,0
900,814,Box,-8.4,28.9183,0,0,0,0
900,815,Box,-7.2,28.9183,0,0,0,0
900,816,Box,-6,28.9183,0,0,0,0
900,817,Box,-4.8,28.9183,0,0,0,0
900,818,Box,-3.6,28.9183,0,0,0,0
900,819,Box,-2.4,28.9183,0,0,0,0
900,820,Box,-1.2,28.9183,0,0,0,0
900,821,Box,0,28.9183,0,0,0,0
900,822,Box,1.2,28.9183,0,0,0,0
900,823,Box,2.4,28.9183,0,0,0,0
900,824,Box,3.6,28.9183,0,0,0,0
900,825,Box,4.8,28.9183,0,0,0,0
900,826,Box,6,28.9183,0,0,0,0
900,827,Box,7.2,28.9183,0,0,0,0
900,828,Box,8.4,28.9183,0,0,0,0
900,829,Box,9.6,28.9183,0,0,0,0
900,830,Box,10.8,28.9183,0,0,0,0
900,831,Box,12,28.9183,0,0,0,0
900,832,Box,13.2,28.9183,0,0,0,0
900,833,Box,14.4,28.9183,0,0,0,0
900,834,Box,15.6,28.9183,0,0,0,0
900,835,Box,16.8,28.9183,0,0,0,0
900,836,Box,18,28.9183,0,0,0,0
900,837,Box,19.2,28.9183,0,0,0,0
900,838,Box,20.4,28.9183,0,0,0,0
900,839,Box,21.6,28.9183,0,0,0,0
900,840,Box,22.8,28.9183,0,0,0,0
900,841,Box,-24,30.1183,0,0,0,0
900,842,Box,-22.8,30.1183,0,0,0,0
900,843,Box,-21.6,30.1183,0,0,0,0
900,844,Box,-20.4,30.1183,0,0,0,0
900,845,Box,-19.2,30.1183,0,0,0,0
900,846,Box,-18,30.1183,0,0,0,0
900,847,Box,-16.8,30.1183,0,0,0,0
900,848,Box,-15.6,30.1183,0,0,0,0
900,849,Box,-14.4,30.1183,0,0,0,0
900,850,Box,-13.2,30.1183,0,0,0,0
900,851,Box,-12,30.1183,0,0,0,0
900,852,Box,-10.8,30.1183,0,0,0,0
900,853,Box,-9.6,30.1183,0,0,0,0
900,854,Box,-8.4,30.1183,0,0,0,0
900,855,Box,-7.2,30.1183,0,0,0,0
900,856,Box,-6,30.1183,0,0,0,0
900,857,Box,-4.8,30.1183,0,0,0,0
900,858,Box,-3.6,30.1183,0,0,0,0
900,859,Box,-2.4,30.1183,0,0,0,0
900,860,Box,-1.2,30.1183,0,0,0,0
900,861,Box,0,30.1183,0,0,0,0
900,862,Box,1.2,30.1183,0,0,0,0
900,863,Box,2.4,30.1183,0,0,0,0
900,864,Box,3.6,30.1183,0,0,0,0
900,865,Box,4.8,30.1183,0,0,0,0
900,866,Box,6,30.1183,0,0,0,0
900,867,Box,7.2,30.1183,0,0,0,0
900,868,Box,8.4,30.1183,0,0,0,0
900,869,Box,9.6,30.1183,0,0,0,0
900,870,Box,10.8,30.1183,0,0,0,0
900,871,Box,12,30.1183,0,0,0,0
900,872,Box,13.2,30.1183,0,0,0,0
900,873,Box,14.4,30.1183,0,0,0,0
900,874,Box,15.6,30.1183,0,0,0,0
900,875,Box,16.8,30.1183,0,0,0,0
900,876,Box,18,30.1183,0,0,0,0
900,877,Box,19.2,30.1183,0,0,0,0
900,878,Box,20.4,30.1183,0,0,0,0
900,879,Box,21.6,30.1183,0,0,0,0
900,880,Box,22.8,30.1183,0,0,0,0
900,881,Box,-24,31.3183,0,0,0,0
900,882,Box,-22.8,31.3183,0,0,0,0
900,883,Box,-21.6,31.3183,0,0,0,0
900,884,Box,-20.4,31.3183,0,0,0,0
900,885,Box,-19.2,31.3183,0,0,0,0
900,886,Box,-18,31.3183,0,0,0,0
900,887,Box,-16.8,31.3183,0,0,0,0
900,888,Box,-15.6,31.3183,0,0,0,0
900,889,Box,-14.4,31.3183,0,0,0,0
900,890,Box,-13.2,31.3183,0,0,0,0
900,891,Box,-12,31.3183,0,0,0,0
900,892,Box,-10.8,31.3183,0,0,0,0
900,893,Box,-9.6,31.3183,0,0,0,0
900,894,Box,-8.4,31.3183,0,0,0,0
900,895,Box,-7.2,31.3183,0,0,0,0
900,896,Box,-6,31.3183,0,0,0,0
900,897,Box,-4.8,31.3183,0,0,0,0
900,898,Box,-3.6,31.3183,0,0,0,0
900,899,Box,-2.4,31.3183,0,0,0,0
900,900,Box,-1.2,31.3183,0,0,0,0
900,901,Box,0,31.3183,0,0,0,0
900,902,Box,1.2,31.3183,0,0,0,0
900,903,Box,2.4,31.3183,0,0,0,0
900,904,Box,3.6,31.3183,0,0,0,0
900,905,Box,4.8,31.3183,0,0,0,0
900,906,Box,6,31.3183,0,0,0,0
900,907,Box,7.2,31.3183,0,0,0,0
900,908,Box,8.4,31.3183,0,0,0,0
900,909,Box,9.6,31.3183,0,0,0,0
900,910,Box,10.8,31.3183,0,0,0,0
900,911,Box,12,31.3183,0,0,0,0
900,912,Box,13.2,31.3183,0,0,0,0
900,913,Box,14.4,31.3183,0,0,0,0
900,914,Box,15.6,31.3183,0,0,0,0
900,915,Box,16.8,31.3183,0,0,0,0
900,916,Box,18,31.3183,0,0,0,0
900,917,Box,19.2,31.3183,0,0,0,0
900,918,Box,20.4,31.3183,0,0,0,0
900,919,Box,21.6,31.3183,0,0,0,0
900,920,Box,22.8,31.3183,0,0,0,0
900,921,Box,-24,32.5183,0,0,0,0
900,922,Box,-22.8,32.5183,0,0,0,0
900,923,Box,-21.6,32.5183,0,0,0,0
900,924,Box,-20.4,32.5183,0,0,0,0
900,925,Box,-19.2,32.5183,0,0,0,0
900,926,Box,-18,32.5183,0,0,0,0
900,927,Box,-16.8,32.5183,0,0,0,0
900,928,Box,-15.6,32.5183,0,0,0,0
900,929,Box,-14.4,32.5183,0,0,0,0
900,930,Box,-13.2,32.5183,0,0,0,0
900,931,Box,-12,32.5183,0,0,0,0
900,932,Box,-10.8,32.5183,0,0,0,0
900,933,Box,-9.6,32.5183,0,0,0,0
900,934,Box,-8.4,32.5183,0,0,0,0
900,935,Box,-7.2,32.5183,0,0,0,0
900,936,Box,-6,32.5183,0,0,0,0
900,937,Box,-4.8,32.5183,0,0,0,0
900,938,Box,-3.6,32.5183,0,0,0,0
900,939,Box,-2.4,32.5183,0,0,0,0
900,940,Box,-1.2,32.5183,0,0,0,0
900,941,Box,0,32.5183,0,0,0,0
900,942,Box,1.2,32.5183,0,0,0,0
900,943,Box,2.4,32.5183,0,0,0,0
900,944,Box,3.6,32.5183,0,0,0,0
900,945,Box,4.8,32.5183,0,0,0,0
900,946,Box,6,32.5183,0,0,0,0
900,947,Box,7.2,32.5183,0,0,0,0
900,948,Box,8.4,32.5183,0,0,0,0
900,949,Box,9.6,32.5183,0,0,0,0
900,950,Box,10.8,32.5183,0,0,0,0
900,951,Box,12,32.5183,0,0,0,0
900,952,Box,13.2,32.5183,0,0,0,0
900,953,Box,14.4,32.5183,0,0,0,0
900,954,Box,15.6,32.5183,0,0,0,0
900,955,Box,16.8,32.5183,0,0,0,0
900,956,Box,18,32.5183,0,0,0,0
900,957,Box,19.2,32.5183,0,0,0,0
900,958,Box,20.4,32.5183,0,0,0,0
900,959,Box,21.6,32.5183,0,0,0,0
900,960,Box,22.8,32.5183,0,0,0,0
900,961,Box,-24,33.7183,0,0,0,0
900,962,Box,-22.8,33.7183,0,0,0,0
900,963,Box,-21.6,33.7183,0,0,0,0
900,964,Box,-20.4,33.7183,0,0,0,0
900,965,Box,-19.2,33.7183,0,0,0,0
900,966,Box,-18,33.7183,0,0,0,0
900,967,Box,-16.8,33.7183,0,0,0,0
900,968,Box,-15.6,33.7183,0,0,0,0
900,969,Box,-14.4,33.7183,0,0,0,0
900,970,Box,-13.2,33.7183,0,0,0,0
900,971,Box,-12,33.7183,0,0,0,0
900,972,Box,-10.8,33.7183,0,0,0,0
900,973,Box,-9.6,33.7183,0,0,0,0
900,974,Box,-8.4,33.7183,0,0,0,0
900,975,Box,-7.2,33.7183,0,0,0,0
900,976,Box,-6,33.7183,0,0,0,0
900,977,Box,-4.8,33.7183,0,0,0,0
900,978,Box,-3.6,33.7183,0,0,0,0
900,979,Box,-2.4,33.7183,0,0,0,0
900,980,Box,-1.2,33.7183,0,0,0,0
900,981,Box,0,33.7183,0,0,0,0
900,982,Box,1.2,33.7183,0,0,0,0
900,983,Box,2.4,33.7183,0,0,0,0
900,984,Box,3.6,33.7183,0,0,0,0
900,985,Box,4.8,33.7183,0,0,0,0
900,986,Box,6,33.7183,0,0,0,0
900,987,Box,7.2,33.7183,0,0,0,0
900,988,Box,8.4,33.7183,0,0,0,0
900,989,Box,9.6,33.7183,0,0,0,0
900,990,Box,10.8,33.7183,0,0,0,0
900,991,Box,12,33.7183,0,0,0,0
900,992,Box,13.2,33.7183,0,0,0,0
900,993,Box,14.4,33.7183,0,0,0,0
900,994,Box,15.6,33.7183,0,0,0,0
900,995,Box,16.8,33.7183,0,0,0,0
900,996,Box,18,33.7183,0,0,0,0
900,997,Box,19.2,33.7183,0,0,0,0
900,998,Box,20.4,33.7183,0,0,0,0
900,999,Box,21.6,33.7183,0,0,0,0
900,1000,Box,22.8,33.7183,0,0,0,0
900,1001,Box,-24,34.9183,0,0,0,0
900,1002,Box,-22.8,34.9183,0,0,0,0
900,1003,Box,-21.6,34.9183,0,0,0,0
900,1004,Box,-20.4,34.9183,0,0,0,0
900,1005,Box,-19.2,34.9183,0,0,0,0
900,1006,Box,-18,34.9183,0,0,0,0
900,1007,Box,-16.8,34.9183,0,0,0,0
900,1008,Box,-15.6,34.9183,0,0,0,0
900,1009,Box,-14.4,34.9183,0,0,0,0
900,1010,Box,-13.2,34.9183,0,0,0,0
900,1011,Box,-12,34.9183,0,0,0,0
900,1012,Box,-10.8,34.9183,0,0,0,0
900,1013,Box,-9.6,34.9183,0,0,0,0
900,1014,Box,-8.4,34.9183,0,0,0,0
900,1015,Box,-7.2,34.9183,0,0,0,0
900,1016,Box,-6,34.9183,0,0,0,0
900,1017,Box,-4.8,34.9183,0,0,0,0
900,1018,Box,-3.6,34.9183,0,0,0,0
900,1019,Box,-2.4,34.9183,0,0,0,0
900,1020,Box,-1.2,34.9183,0,0,0,0
900,1021,Box,0,34.9183,0,0,0,0
900,1022,Box,1.2,34.9183,0,0,0,0
900,1023,Box,2.4,34.9183,0,0,0,0
900,1024,Box,3.6,34.9183,0,0,0,0
900,1025,Box,4.8,34.9183,0,0,0,0
900,1026,Box,6,34.9183,0,0,0,0
900,1027,Box,7.2,34.9183,0,0,0,0
900,1028,Box,8.4,34.9183,0,0,0,0
900,1029,Box,9.6,34.9183,0,0,0,0
900,1030,Box,10.8,34.9183,0,0,0,0
900,1031,Box,12,34.9183,0,0,0,0
900,1032,Box,13.2,34.9183,0,0,0,0
900,1033,Box,14.4,34.9183,0,0,0,0
900,1034,Box,15.6,34.9183,0,0,0,0
900,1035,Box,16.8,34.9183,0,0,0,0
900,1036,Box,18,34.9183,0,0,0,0
900,1037,Box,19.2,34.9183,0,0,0,0
900,1038,Box,20.4,34.9183,0,0,0,0
900,1039,Box,21.6,34.9183,0,0,0,0
900,1040,Box,22.8,34.9183,0,0,0,0
900,1041,Box,-24,36.1183,0,0,0,0
900,1042,Box,-22.8,36.1183,0,0,0,0
900,1043,Box,-21.6,36.1183,0,0,0,0
900,1044,Box,-20.4,36.1183,0,0,0,0
900,1045,Box,-19.2,36.1183,0,0,0,0
900,1046,Box,-18,36.1183,0,0,0,0
900,1047,Box,-16.8,36.1183,0,0,0,0
900,1048,Box,-15.6,36.1183,0,0,0,0
900,1049,Box,-14.4,36.1183,0,0,0,0
900,1050,Box,-13.2,36.1183,0,0,0,0
900,1051,Box,-12,36.1183,0,0,0,0
900,1052,Box,-10.8,36.1183,0,0,0,0
900,1053,Box,-9.6,36.1183,0,0,0,0
900,1054,Box,-8.4,36.1183,0,0,0,0
900,1055,Box,-7.2,36.1183,0,0,0,0
900,1056,Box,-6,36.1183,0,0,0,0
900,1057,Box,-4.8,36.1183,0,0,0,0
900,1058,Box,-3.6,36.1183,0,0,0,0
900,1059,Box,-2.4,36.1183,0,0,0,0
900,1060,Box,-1.2,36.1183,0,0,0,0
900,1061,Box,0,36.1183,0,0,0,0
900,1062,Box,1.2,36.1183,0,0,0,0
900,1063,Box,2.4,36.1183,0,0,0,0
900,1064,Box,3.6,36.1183,0,0,0,0
900,1065,Box,4.8,36.1183,0,0,0,0
900,1066,Box,6,36.1183,0,0,0,0
900,1067,Box,7.2,36.1183,0,0,0,0
900,1068,Box,8.4,36.1183,0,0,0,0
900,1069,Box,9.6,36.1183,0,0,0,0
900,1070,Box,10.8,36.1183,0,0,0,0
900,1071,Box,12,36.1183,0,0,0,0
900,1072,Box,13.2,36.1183,0,0,0,0
900,1073,Box,14.4,36.1183,0,0,0,0
900,1074,Box,15.6,36.1183,0,0,0,0
900,1075,Box,16.8,36.1183,0,0,0,0
900,1076,Box,18,36.1183,0,0,0,0
900,1077,Box,19.2,36.1183,0,0,0,0
900,1078,Box,20.4,36.1183,0,0,0,0
900,1079,Box,21.6,36.1183,0,0,0,0
900,1080,Box,22.8,36.1183,0,0,0,0
900,1081,Box,-24,37.3183,0,0,0,0
900,1082,Box,-22.8,37.3183,0,0,0,0
900,1083,Box,-21.6,37.3183,0,0,0,0
900,1084,Box,-20.4,37.3183,0,0,0,0
900,1085,Box,-19.2,37.3183,0,0,0,0
900,1086,Box,-18,37.3183,0,0,0,0
900,1087,Box,-16.8,37.3183,0,0,0,0
900,1088,Box,-15.6,37.3183,0,0,0,0
900,1089,Box,-14.4,37.3183,0,0,0,0
900,1090,Box,-13.2,37.3183,0,0,0,0
900,1091,Box,-12,37.3183,0,0,0,0
900,1092,Box,-10.8,37.3183,0,0,0,0
900,1093,Box,-9.6,37.3183,0,0,0,0
900,1094,Box,-8.4,37.3183,0,0,0,0
900,1095,Box,-7.2,37.3183,0,0,0,0
900,1096,Box,-6,37.3183,0,0,0,0
900,1097,Box,-4.8,37.3183,0,0,0,0
900,1098,Box,-3.6,37.3183,0,0,0,0
900,1099,Box,-2.4,37.3183,0,0,0,0
900,1100,Box,-1.2,37.3183,0,0,0,0
900,1101,Box,0,37.3183,0,0,0,0
900,1102,Box,1.2,37.3183,0,0,0,0
900,1103,Box,2.4,37.3183,0,0,0,0
900,1104,Box,3.6,37.3183,0,0,0,0
900,1105,Box,4.8,37.3183,0,0,0,0
900,1106,Box,6,37.3183,0,0,0,0
900,1107,Box,7.2,37.3183,0,0,0,0
900,1108,Box,8.4,37.3183,0,0,0,0
900,1109,Box,9.6,37.3183,0,0,0,0
900,1110,Box,10.8,37.3183,0,0,0,0
900,1111,Box,12,37.3183,0,0,0,0
900,1112,Box,13.2,37.3183,0,0,0,0
900,1113,Box,14.4,37.3183,0,0,0,0
900,1114,Box,15.6,37.3183,0,0,0,0
900,1115,Box,16.8,37.3183,0,0,0,0
900,1116,Box,18,37.3183,0,0,0,0
900,1117,Box,19.2,37.3183,0,0,0,0
900,1118,Box,20.4,37.3183,0,0,0,0
900,1119,Box,21.6,37.3183,0,0,0,0
900,1120,Box,22.8,37.3183,0,0,0,0
900,1121,Box,-24,38.5183,0,0,0,0
900,1122,Box,-22.8,38.5183,0,0,0,0
900,1123,Box,-21.6,38.5183,0,0,0,0
900,1124,Box,-20.4,38.5183,0,0,0,0
900,1125,Box,-19.2,38.5183,0,0,0,0
900,1126,Box,-18,38.5183,0,0,0,0
900,1127,Box,-16.8,38.5183,0,0,0,0
900,1128,Box,-15.6,38.5183,0,0,0,0
900,1129,Box,-14.4,38.5183,0,0,0,0
900,1130,Box,-13.2,38.5183,0,0,0,0
900,1131,Box,-12,38.5183,0,0,0,0
900,1132,Box,-10.8,38.5183,0,0,0,0
900,1133,Box,-9.6,38.5183,0,0,0,0
900,1134,Box,-8.4,38.5183,0,0,0,0
900,1135,Box,-7.2,38.5183,0,0,0,0
900,1136,Box,-6,38.5183,0,0,0,0
900,1137,Box,-4.8,38.5183,0,0,0,0
900,1138,Box,-3.6,38.5183,0,0,0,0
900,1139,Box,-2.4,38.5183,0,0,0,0
900,1140,Box,-1.2,38.5183,0,0,0,0
900,1141,Box,0,38.5183,0,0,0,0
900,1142,Box,1.2,38.5183,0,0,0,0
900,1143,Box,2.4,38.5183,0,0,0,0
900,1144,Box,3.6,38.5183,0,0,0,0
900,1145,Box,4.8,38.5183,0,0,0,0
900,1146,Box,6,38.5183,0,0,0,0
900,1147,Box,7.2,38.5183,0,0,0,0
900,1148,Box,8.4,38.5183,0,0,0,0
900,1149,Box,9.6,38.5183,0,0,0,0
900,1150,Box,10.8,38.5183,0,0,0,0
900,1151,Box,12,38.5183,0,0,0,0
900,1152,Box,13.2,38.5183,0,0,0,0
900,1153,Box,14.4,38.5183,0,0,0,0
900,1154,Box,15.6,38.5183,0,0,0,0
900,1155,Box,16.8,38.5183,0,0,0,0
900,1156,Box,18,38.5183,0,0,0,0
900,1157,Box,19.2,38.5183,0,0,0,0
900,1158,Box,20.4,38.5183,0,0,0,0
900,1159,Box,21.6,38.5183,0,0,0,0
900,1160,Box,22.8,38.5183,0,0,0,0
900,1161,Box,-24,39.7183,0,0,0,0
900,1162,Box,-22.8,39.7183,0,0,0,0
900,1163,Box,-21.6,39.7183,0,0,0,0
900,1164,Box,-20.4,39.7183,0,0,0,0
900,1165,Box,-19.2,39.7183,0,0,0,0
900,1166,Box,-18,39.7183,0,0,0,0
900,1167,Box,-16.8,39.7183,0,0,0,0
900,1168,Box,-15.6,39.7183,0,0,0,0
900,1169,Box,-14.4,39.7183,0,0,0,0
900,1170,Box,-13.2,39.7183,0,0,0,0
900,1171,Box,-12,39.7183,0,0,0,0
900,1172,Box,-10.8,39.7183,0,0,0,0
900,1173,Box,-9.6,39.7183,0,0,0,0
900,1174,Box,-8.4,39.7183,0,0,0,0
900,1175,Box,-7.2,39.7183,0,0,0,0
900,1176,Box,-6,39.7183,0,0,0,0
900,1177,Box,-4.8,39.7183,0,0,0,0
900,1178,Box,-3.6,39.7183,0,0,0,0
900,1179,Box,-2.4,39.7183,0,0,0,0
900,1180,Box,-1.2,39.7183,0,0,0,0
900,1181,Box,0,39.7183,0,0,0,0
900,1182,Box,1.2,39.7183,0,0,0,0
900,1183,Box,2.4,39.7183,0,0,0,0
900,1184,Box,3.6,39.7183,0,0,0,0
900,1185,Box,4.8,39.7183,0,0,0,0
900,1186,Box,6,39.7183,0,0,0,0
900,1187,Box,7.2,39.7183,0,0,0,0
900,1188,Box,8.4,39.7183,0,0,0,0
900,1189,Box,9.6,39.7183,0,0,0,0
900,1190,Box,10.8,39.7183,0,0,0,0
900,1191,Box,12,39.7183,0,0,0,0
900,1192,Box,13.2,39.7183,0,0,0,0
900,1193,Box,14.4,39.7183,0,0,0,0
900,1194,Box,15.6,39.7183,0,0,0,0
900,1195,Box,16.8,39.7183,0,0,0,0
900,1196,Box,18,39.7183,0,0,0,0
900,1197,Box,19.2,39.7183,0,0,0,0
900,1198,Box,20.4,39.7183,0,0,0,0
900,1199,Box,21.6,39.7183,0,0,0,0
900,1200,Box,22.8,39.7183,0,0,0,0
900,1201,Box,-24,40.9183,0,0,0,0
900,1202,Box,-22.8,40.9183,0,0,0,0
900,1203,Box,-21.6,40.9183,0,0,0,0
900,1204,Box,-20.4,40.9183,0,0,0,0
900,1205,Box,-19.2,40.9183,0,0,0,0
900,1206,Box,-18,40.9183,0,0,0,0
900,1207,Box,-16.8,40.9183,0,0,0,0
900,1208,Box,-15.6,40.9183,0,0,0,0
900,1209,Box,-14.4,40.9183,0,0,0,0
900,1210,Box,-13.2,40.9183,0,0,0,0
900,1211,Box,-12,40.9183,0,0,0,0
900,1212,Box,-10.8,40.9183,0,0,0,0
900,1213,Box,-9.6,40.9183,0,0,0,0
900,1214,Box,-8.4,40.9183,0,0,0,0
900,1215,Box,-7.2,40.9183,0,0,0,0
900,1216,Box,-6,40.9183,0,0,0,0
900,1217,Box,-4.8,40.9183,0,0,0,0
900,1218,Box,-3.6,40.9183,0,0,0,0
900,1219,Box,-2.4,40.9183,0,0,0,0
900,1220,Box,-1.2,40.9183,0,0,0,0
900,1221,Box,0,40.9183,0,0,0,0
900,1222,Box,1.2,40.9183,0,0,0,0
900,1223,Box,2.4,40.9183,0,0,0,0
900,1224,Box,3.6,40.9183,0,0,0,0
900,1225,Box,4.8,40.9183,0,0,0,0
900,1226,Box,6,40.9183,0,0,0,0
900,1227,Box,7.2,40.9183,0,0,0,0
900,1228,Box,8.4,40.9183,0,0,0,0
900,1229,Box,9.6,40.9183,0,0,0,0
900,1230,Box,10.8,40.9183,0,0,0,0
900,1231,Box,12,40.9183,0,0,0,0
900,1232,Box,13.2,40.9183,0,0,0,0
900,1233,Box,14.4,40.9183,0,0,0,0
900,1234,Box,15.6,40.9183,0,0,0,0
900,1235,Box,16.8,40.9183,0,0,0,0
900,1236,Box,18,40.9183,0,0,0,0
900,1237,Box,19.2,40.9183,0,0,0,0
900,1238,Box,20.4,40.9183,0,0,0,0
900,1239,Box,21.6,40.9183,0,0,0,0
900,1240,Box,22.8,40.9183,0,0,0,0
900,1241,Box,-24,42.1183,0,0,0,0
900,1242,Box,-22.8,42.1183,0,0,0,0
900,1243,Box,-21.6,42.1183,0,0,0,0
900,1244,Box,-20.4,42.1183,0,0,0,0
900,1245,Box,-19.2,42.1183,0,0,0,0
900,1246,Box,-18,42.1183,0,0,0,0
900,1247,Box,-16.8,42.1183,0,0,0,0
900,1248,Box,-15.6,42.1183,0,0,0,0
900,1249,Box,-14.4,42.1183,0,0,0,0
900,1250,Box,-13.2,42.1183,0,0,0,0
900,1251,Box,-12,42.1183,0,0,0,0
900,1252,Box,-10.8,42.1183,0,0,0,0
900,1253,Box,-9.6,42.1183,0,0,0,0
900,1254,Box,-8.4,42.1183,0,0,0,0
900,1255,Box,-7.2,42.1183,0,0,0,0
900,1256,Box,-6,42.1183,0,0,0,0
900,1257,Box,-4.8,42.1183,0,0,0,0
900,1258,Box,-3.6,42.1183,0,0,0,0
900,1259,Box,-2.4,42.1183,0,0,0,0
900,1260,Box,-1.2,42.1183,0,0,0,0
900,1261,Box,0,42.1183,0,0,0,0
900,1262,Box,1.2,42.1183,0,0,0,0
900,1263,Box,2.4,42.1183,0,0,0,0
900,1264,Box,3.6,42.1183,0,0,0,0
900,1265,Box,4.8,42.1183,0,0,0,0
900,1266,Box,6,42.1183,0,0,0,0
900,1267,Box,7.2,42.1183,0,0,0,0
900,1268,Box,8.4,42.1183,0,0,0,0
900,1269,Box,9.6,42.1183,0,0,0,0
900,1270,Box,10.8,42.1183,0,0,0,0
900,1271,Box,12,42.1183,0,0,0,0
900,1272,Box,13.2,42.1183,0,0,0,0
900,1273,Box,14.4,42.1183,0,0,0,0
900,1274,Box,15.6,42.1183,0,0,0,0
900,1275,Box,16.8,42.1183,0,0,0,0
900,1276,Box,18,42.1183,0,0,0,0
900,1277,Box,19.2,42.1183,0,0,0,0
900,1278,Box,20.4,42.1183,0,0,0,0
900,1279,Box,21.6,42.1183,0,0,0,0
900,1280,Box,22.8,42.1183,0,0,0,0
900,1281,Box,-24,43.3183,0,0,0,0
900,1282,Box,-22.8,43.3183,0,0,0,0
900,1283,Box,-21.6,43.3183,0,0,0,0
900,1284,Box,-20.4,43.3183,0,0,0,0
900,1285,Box,-19.2,43.3183,0,0,0,0
900,1286,Box,-18,43.3183,0,0,0,0
900,1287,Box,-16.8,43.3183,0,0,0,0
900,1288,Box,-15.6,43.3183,0,0,0,0
900,1289,Box,-14.4,43.3183,0,0,0,0
900,1290,Box,-13.2,43.3183,0,0,0,0
900,1291,Box,-12,43.3183,0,0,0,0
900,1292,Box,-10.8,43.3183,0,0,0,0
900,1293,Box,-9.6,43.3183,0,0,0,0
900,1294,Box,-8.4,43.3183,0,0,0,0
900,1295,Box,-7.2,43.3183,0,0,0,0
900,1296,Box,-6,43.3183,0,0,0,0
900,1297,Box,-4.8,43.3183,0,0,0,0
900,1298,Box,-3.6,43.3183,0,0,0,0
900,1299,Box,-2.4,43.3183,0,0,0,0
900,1300,Box,-1.2,43.3183,0,0,0,0
900,1301,Box,0,43.3183,0,0,0,0
900,1302,Box,1.2,43.3183,0,0,0,0
900,1303,Box,2.4,43.3183,0,0,0,0
900,1304,Box,3.6,43.3183,0,0,0,0
900,1305,Box,4.8,43.3183,0,0,0,0
900,1306,Box,6,43.3183,0,0,0,0
900,1307,Box,7.2,43.3183,0,0,0,0
900,1308,Box,8.4,43.3183,0,0,0,0
900,1309,Box,9.6,43.3183,0,0,0,0
900,1310,Box,10.8,43.3183,0,0,0,0
900,1311,Box,12,43.3183,0,0,0,0
900,1312,Box,13.2,43.3183,0,0,0,0
900,1313,Box,14.4,43.3183,0,0,0,0
900,1314,Box,15.6,43.3183,0,0,0,0
900,1315,Box,16.8,43.3183,0,0,0,0
900,1316,Box,18,43.3183,0,0,0,0
900,1317,Box,19.2,43.3183,0,0,0,0
900,1318,Box,20.4,43.3183,0,0,0,0
900,1319,Box,21.6,43.3183,0,0,0,0
900,1320,Box,22.8,43.3183,0,0,0,0
900,1321,Box,-24,44.5183,0,0,0,0
900,1322,Box,-22.8,44.5183,0,0,0,0
900,1323,Box,-21.6,44.5183,0,0,0,0
900,1324,Box,-20.4,44.5183,0,0,0,0
900,1325,Box,-19.2,44.5183,0,0,0,0
900,1326,Box,-18,44.5183,0,0,0,0
900,1327,Box,-16.8,44.5183,0,0,0,0
900,1328,Box,-15.6,44.5183,0,0,0,0
900,1329,Box,-14.4,44.5183,0,0,0,0
900,1330,Box,-13.2,44.5183,0,0,0,0
900,1331,Box,-12,44.5183,0,0,0,0
900,1332,Box,-10.8,44.5183,0,0,0,0
900,1333,Box,-9.6,44.5183,0,0,0,0
900,1334,Box,-8.4,44.5183,0,0,0,0
900,1335,Box,-7.2,44.5183,0,0,0,0
900,1336,Box,-6,44.5183,0,0,0,0
900,1337,Box,-4.8,44.5183,0,0,0,0
900,1338,Box,-3.6,44.5183,0,0,0,0
900,1339,Box,-2.4,44.5183,0,0,0,0
900,1340,Box,-1.2,44.5183,0,0,0,0
900,1341,Box,0,44.5183,0,0,0,0
900,1342,Box,1.2,44.5183,0,0,0,0
900,1343,Box,2.4,44.5183,0,0,0,0
900,1344,Box,3.6,44.5183,0,0,0,0
900,1345,Box,4.8,44.5183,0,0,0,0
900,1346,Box,6,44.5183,0,0,0,0
900,1347,Box,7.2,44.5183,0,0,0,0
900,1348,Box,8.4,44.5183,0,0,0,0
900,1349,Box,9.6,44.5183,0,0,0,0
900,1350,Box,10.8,44.5183,0,0,0,0
900,1351,Box,12,44.5183,0,0,0,0
900,1352,Box,13.2,44.5183,0,0,0,0
900,1353,Box,14.4,44.5183,0,0,0,0
900,1354,Box,15.6,44.5183,0,0,0,0
900,1355,Box,16.8,44.5183,0,0,0,0
900,1356,Box,18,44.5183,0,0,0,0
900,1357,Box,19.2,44.5183,0,0,0,0
900,1358,Box,20.4,44.5183,0,0,0,0
900,1359,Box,21.6,44.5183,0,0,0,0
900,1360,Box,22.8,44.5183,0,0,0,0
900,1361,Box,-24,45.7183,0,0,0,0
900,1362,Box,-22.8,45.7183,0,0,0,0
900,1363,Box,-21.6,45.7183,0,0,0,0
900,1364,Box,-20.4,45.7183,0,0,0,0
900,1365,Box,-19.2,45.7183,0,0,0,0
900,1366,Box,-18,45.7183,0,0,0,0
900,1367,Box,-16.8,45.7183,0,0,0,0
900,1368,Box,-15.6,45.7183,0,0,0,0
900,1369,Box,-14.4,45.7183,0,0,0,0
900,1370,Box,-13.2,45.7183,0,0,0,0
900,1371,Box,-12,45.7183,0,0,0,0
900,1372,Box,-10.8,45.7183,0,0,0,0
900,1373,Box,-9.6,45.7183,0,0,0,0
900,1374,Box,-8.4,45.7183,0,0,0,0
900,1375,Box,-7.2,45.7183,0,0,0,0
900,1376,Box,-6,45.7183,0,0,0,0
900,1377,Box,-4.8,45.7183,0,0,0,0
900,1378,Box,-3.6,45.7183,0,0,0,0
900,1379,Box,-2.4,45.7183,0,0,0,0
900,1380,Box,-1.2,45.7183,0,0,0,0
900,1381,Box,0,45.7183,0,0,0,0
900,1382,Box,1.2,45.7183,0,0,0,0
900,1383,Box,2.4,45.7183,0,0,0,0
900,1384,Box,3.6,45.7183,0,0,0,0
900,1385,Box,4.8,45.7183,0,0,0,0
900,1386,Box,6,45.7183,0,0,0,0
900,1387,Box,7.2,45.7183,0,0,0,0
900,1388,Box,8.4,45.7183,0,0,0,0
900,1389,Box,9.6,45.7183,0,0,0,0
900,1390,Box,10.8,45.7183,0,0,0,0
900,1391,Box,12,45.7183,0,0,0,0
900,1392,Box,13.2,45.7183,0,0,0,0
900,1393,Box,14.4,45.7183,0,0,0,0
900,1394,Box,15.6,45.7183,0,0,0,0
900,1395,Box,16.8,45.7183,0,0,0,0
900,1396,Box,18,45.7183,0,0,0,0
900,1397,Box,19.2,45.7183,0,0,0,0
900,1398,Box,20.4,45.7183,0,0,0,0
900,1399,Box,21.6,45.7183,0,0,0,0
900,1400,Box,22.8,45.7183,0,0,0,0
900,1401,Box,-24,46.9183,0,0,0,0
900,1402,Box,-22.8,46.9183,0,0,0,0
900,1403,Box,-21.6,46.9183,0,0,0,0
900,1404,Box,-20.4,46.9183,0,0,0,0
900,1405,Box,-19.2,46.9183,0,0,0,0
900,1406,Box,-18,46.9183,0,0,0,0
900,1407,Box,-16.8,46.9183,0,0,0,0
900,1408,Box,-15.6,46.9183,0,0,0,0
900,1409,Box,-14.4,46.9183,0,0,0,0
900,1410,Box,-13.2,46.9183,0,0,0,0
900,1411,Box,-12,46.9183,0,0,0,0
900,1412,Box,-10.8,46.9183,0,0,0,0
900,1413,Box,-9.6,46.9183,0,0,0,0
900,1414,Box,-8.4,46.9183,0,0,0,0
900,1415,Box,-7.2,46.9183,0,0,0,0
900,1416,Box,-6,46.9183,0,0,0,0
900,1417,Box,-4.8,46.9183,0,0,0,0
900,1418,Box,-3.6,46.9183,0,0,0,0
900,1419,Box,-2.4,46.9183,0,0,0,0
900,1420,Box,-1.2,46.9183,0,0,0,0
900,1421,Box,0,46.9183,0,0,0,0
900,1422,Box,1.2,46.9183,0,0,0,0
900,1423,Box,2.4,46.9183,0,0,0,0
900,1424,Box,3.6,46.9183,0,0,0,0
900,1425,Box,4.8,46.9183,0,0,0,0
900,1426,Box,6,46.9183,0,0,0,0
900,1427,Box,7.2,46.9183,0,0,0,0
900,1428,Box,8.4,46.9183,0,0,0,0
900,1429,Box,9.6,46.9183,0,0,0,0
900,1430,Box,10.8,46.9183,0,0,0,0
900,1431,Box,12,46.9183,0,0,0,0
900,1432,Box,13.2,46.9183,0,0,0,0
900,1433,Box,14.4,46.9183,0,0,0,0
900,1434,Box,15.6,46.9183,0,0,0,0
900,1435,Box,16.8,46.9183,0,0,0,0
900,1436,Box,18,46.9183,0,0,0,0
900,1437,Box,19.2,46.9183,0,0,0,0
900,1438,Box,20.4,46.9183,0,0,0,0
900,1439,Box,21.6,46.9183,0,0,0,0
900,1440,Box,22.8,46.9183,0,0,0,0
900,1441,Box,-24,48.1183,0,0,0,0
900,1442,Box,-22.8,48.1183,0,0,0,0
900,1443,Box,-21.6,48.1183,0,0,0,0
900,1444,Box,-20.4,48.1183,0,0,0,0
900,1445,Box,-19.2,48.1183,0,0,0,0
900,1446,Box,-18,48.1183,0,0,0,0
900,1447,Box,-16.8,48.1183,0,0,0,0
900,1448,Box,-15.6,48.1183,0,0,0,0
900,1449,Box,-14.4,48.1183,0,0,0,0
900,1450,Box,-13.2,48.1183,0,0,0,0
900,1451,Box,-12,48.1183,0,0,0,0
900,1452,Box,-10.8,48.1183,0,0,0,0
900,1453,Box,-9.6,48.1183,0,0,0,0
900,1454,Box,-8.4,48.1183,0,0,0,0
900,1455,Box,-7.2,48.1183,0,0,0,0
900,1456,Box,-6,48.1183,0,0,0,0
900,1457,Box,-4.8,48.1183,0,0,0,0
900,1458,Box,-3.6,48.1183,0,0,0,0
900,1459,Box,-2.4,48.1183,0,0,0,0
900,1460,Box,-1.2,48.1183,0,0,0,0
900,1461,Box,0,48.1183,0,0,0,0
900,1462,Box,1.2,48.1183,0,0,0,0
900,1463,Box,2.4,48.1183,0,0,0,0
900,1464,Box,3.6,48.1183,0,0,0,0
900,1465,Box,4.8,48.1183,0,0,0,0
900,1466,Box,6,48.1183,0,0,0,0
900,1467,Box,7.2,48.1183,0,0,0,0
900,1468,Box,8.4,48.1183,0,0,0,0
900,1469,Box,9.6,48.1183,0,0,0,0
900,1470,Box,10.8,48.1183,0,0,0,0
900,1471,Box,12,48.1183,0,0,0,0
900,1472,Box,13.2,48.1183,0,0,0,0
900,1473,Box,14.4,48.1183,0,0,0,0
900,1474,Box,15.6,48.1183,0,0,0,0
900,1475,Box,16.8,48.1183,0,0,0,0
900,1476,Box,18,48.1183,0,0,0,0
900,1477,Box,19.2,48.1183,0,0,0,0
900,1478,Box,20.4,48.1183,0,0,0,0
900,1479,Box,21.6,48.1183,0,0,0,0
900,1480,Box,22.8,48.1183,0,0,0,0
900,1481,Box,-24,49.3183,0,0,0,0
900,1482,Box,-22.8,49.3183,0,0,0,0
900,1483,Box,-21.6,49.3183,0,0,0,0
900,1484,Box,-20.4,49.3183,0,0,0,0
900,1485,Box,-19.2,49.3183,0,0,0,0
900,1486,Box,-18,49.3183,0,0,0,0
900,1487,Box,-16.8,49.3183,0,0,0,0
900,1488,Box,-15.6,49.3183,0,0,0,0
900,1489,Box,-14.4,49.3183,0,0,0,0
900,1490,Box,-13.2,49.3183,0,0,0,0
900,1491,Box,-12,49.3183,0,0,0,0
900,1492,Box,-10.8,49.3183,0,0,0,0
900,1493,Box,-9.6,49.3183,0,0,0,0
900,1494,Box,-8.4,49.3183,0,0,0,0
900,1495,Box,-7.2,49.3183,0,0,0,0
900,1496,Box,-6,49.3183,0,0,0,0
900,1497,Box,-4.8,49.3183,0,0,0,0
900,1498,Box,-3.6,49.3183,0,0,0,0
900,1499,Box,-2.4,49.3183,0,0,0,0
900,1500,Box,-1.2,49.3183,0,0,0,0
900,1501,Box,0,49.3183,0,0,0,0
900,1502,Box,1.2,49.3183,0,0,0,0
900,1503,Box,2.4,49.3183,0,0,0,0
900,1504,Box,3.6,49.3183,0,0,0,0
900,1505,Box,4.8,49.3183,0,0,0,0
900,1506,Box,6,49.3183,0,0,0,0
900,1507,Box,7.2,49.3183,0,0,0,0
900,1508,Box,8.4,49.3183,0,0,0,0
900,1509,Box,9.6,49.3183,0,0,0,0
900,1510,Box,10.8,49.3183,0,0,0,0
900,1511,Box,12,49.3183,0,0,0,0
900,1512,Box,13.2,49.3183,0,0,0,0
900,1513,Box,14.4,49.3183,0,0,0,0
900,1514,Box,15.6,49.3183,0,0,0,0
900,1515,Box,16.8,49.3183,0,0,0,0
900,1516,Box,18,49.3183,0,0,0,0
900,1517,Box,19.2,49.3183,0,0,0,0
900,1518,Box,20.4,49.3183,0,0,0,0
900,1519,Box,21.6,49.3183,0,0,0,0
900,1520,Box,22.8,49.3183,0,0,0,0
900,1521,Box,-24,50.5183,0,0,0,0
900,1522,Box,-22.8,50.5183,0,0,0,0
900,1523,Box,-21.6,50.5183,0,0,0,0
900,1524,Box,-20.4,50.5183,0,0,0,0
900,1525,Box,-19.2,50.5183,0,0,0,0
900,1526,Box,-18,50.5183,0,0,0,0
900,1527,Box,-16.8,50.5183,0,0,0,0
900,1528,Box,-15.6,50.5183,0,0,0,0
900,1529,Box,-14.4,50.5183,0,0,0,0
900,1530,Box,-13.2,50.5183,0,0,0,0
900,1531,Box,-12,50.5183,0,0,0,0
900,1532,Box,-10.8,50.5183,0,0,0,0
900,1533,Box,-9.6,50.5183,0,0,0,0
900,1534,Box,-8.4,50.5183,0,0,0,0
900,1535,Box,-7.2,50.5183,0,0,0,0
900,1536,Box,-6,50.5183,0,0,0,0
900,1537,Box,-4.8,50.5183,0,0,0,0
900,1538,Box,-3.6,50.5183,0,0,0,0
900,1539,Box,-2.4,50.5183,0,0,0,0
900,1540,Box,-1.2,50.5183,0,0,0,0
900,1541,Box,0,50.5183,0,0,0,0
900,1542,Box,1.2,50.5183,0,0,0,0
900,1543,Box,2.4,50.5183,0,0,0,0
900,1544,Box,3.6,50.5183,0,0,0,0
900,1545,Box,4.8,50.5183,0,0,0,0
900,1546,Box,6,50.5183,0,0,0,0
900,1547,Box,7.2,50.5183,0,0,0,0
900,1548,Box,8.4,50.5183,0,0,0,0
900,1549,Box,9.6,50.5183,0,0,0,0
900,1550,Box,10.8,50.5183,0,0,0,0
900,1551,Box,12,50.5183,0,0,0,0
900,1552,Box,13.2,50.5183,0,0,0,0
900,1553,Box,14.4,50.5183,0,0,0,0
900,1554,Box,15.6,50.5183,0,0,0,0
900,1555,Box,16.8,50.5183,0,0,0,0
900,1556,Box,18,50.5183,0,0,0,0
900,1557,Box,19.2,50.5183,0,0,0,0
900,1558,Box,20.4,50.5183,0,0,0,0
900,1559,Box,21.6,50.5183,0,0,0,0
900,1560,Box,22.8,50.5183,0,0,0,0
900,1561,Box,-24,51.7183,0,0,0,0
900,1562,Box,-22.8,51.7183,0,0,0,0
900,1563,Box,-21.6,51.7183,0,0,0,0
900,1564,Box,-20.4,51.7183,0,0,0,0
900,1565,Box,-19.2,51.7183,0,0,0,0
900,1566,Box,-18,51.7183,0,0,0,0
900,1567,Box,-16.8,51.7183,0,0,0,0
900,1568,Box,-15.6,51.7183,0,0,0,0
900,1569,Box,-14.4,51.7183,0,0,0,0
900,1570,Box,-13.2,51.7183,0,0,0,0
900,1571,Box,-12,51.7183,0,0,0,0
900,1572,Box,-10.8,51.7183,0,0,0,0
900,1573,Box,-9.6,51.7183,0,0,0,0
900,1574,Box,-8.4,51.7183,0,0,0,0
900,1575,Box,-7.2,51.7183,0,0,0,0
900,1576,Box,-6,51.7183,0,0,0,0
900,1577,Box,-4.8,51.7183,0,0,0,0
900,1578,Box,-3.6,51.7183,0,0,0,0
900,1579,Box,-2.4,51.7183,0,0,0,0
900,1580,Box,-1.2,51.7183,0,0,0,0
900,1581,Box,0,51.7183,0,0,0,0
900,1582,Box,1.2,51.7183,0,0,0,0
900,1583,Box,2.4,51.7183,0,0,0,0
900,1584,Box,3.6,51.7183,0,0,0,0
900,1585,Box,4.8,51.7183,0,0,0,0
900,1586,Box,6,51.7183,0,0,0,0
900,1587,Box,7.2,51.7183,0,0,0,0
900,1588,Box,8.4,51.7183,0,0,0,0
900,1589,Box,9.6,51.7183,0,0,0,0
900,1590,Box,10.8,51.7183,0,0,0,0
900,1591,Box,12,51.7183,0,0,0,0
900,1592,Box,13.2,51.7183,0,0,0,0
900,1593,Box,14.4,51.7183,0,0,0,0
900,1594,Box,15.6,51.7183,0,0,0,0
900,1595,Box,16.8,51.7183,0,0,0,0
900,1596,Box,18,51.7183,0,0,0,0
900,1597,Box,19.2,51.7183,0,0,0,0
900,1598,Box,20.4,51.7183,0,0,0,0
900,1599,Box,21.6,51.7183,0,0,0,0
900,1600,Box,22.8,51.7183,0,0,0,0
900,1601,Box,-24,52.9183,0,0,0,0
900,1602,Box,-22.8,52.9183,0,0,0,0
900,1603,Box,-21.6,52.9183,0,0,0,0
900,1604,Box,-20.4,52.9183,0,0,0,0
900,1605,Box,-19.2,52.9183,0,0,0,0
900,1606,Box,-18,52.9183,0,0,0,0
900,1607,Box,-16.8,52.9183,0,0,0,0
900,1608,Box,-15.6,52.9183,0,0,0,0
900,1609,Box,-14.4,52.9183,0,0,0,0
900,1610,Box,-13.2,52.9183,0,0,0,0
900,1611,Box,-12,52.9183,0,0,0,0
900,1612,Box,-10.8,52.9183,0,0,0,0
900,1613,Box,-9.6,52.9183,0,0,0,0
900,1614,Box,-8.4,52.9183,0,0,0,0
900,1615,Box,-7.2,52.9183,0,0,0,0
900,1616,Box,-6,52.9183,0,0,0,0
900,1617,Box,-4.8,52.9183,0,0,0,0
900,1618,Box,-3.6,52.9183,0,0,0,0
900,1619,Box,-2.4,52.9183,0,0,0,0
900,1620,Box,-1.2,52.9183,0,0,0,0
900,1621,Box,0,52.9183,0,0,0,0
900,1622,Box,1.2,52.9183,0,0,0,0
900,1623,Box,2.4,52.9183,0,0,0,0
900,1624,Box,3.6,52.9183,0,0,0,0
900,1625,Box,4.8,52.9183,0,0,0,0
900,1626,Box,6,52.9183,0,0,0,0
900,1627,Box,7.2,52.9183,0,0,0,0
900,1628,Box,8.4,52.9183,0,0,0,0
900,1629,Box,9.6,52.9183,0,0,0,0
900,1630,Box,10.8,52.9183,0,0,0,0
900,1631,Box,12,52.9183,0,0,0,0
900,1632,Box,13.2,52.9183,0,0,0,0
900,1633,Box,14.4,52.9183,0,0,0,0
900,1634,Box,15.6,52.9183,0,0,0,0
900,1635,Box,16.8,52.9183,0,0,0,0
900,1636,Box,18,52.9183,0,0,0,0
900,1637,Box,19.2,52.9183,0,0,0,0
900,1638,Box,20.4,52.9183,0,0,0,0
900,1639,Box,21.6,52.9183,0,0,0,0
900,1640,Box,22.8,52.9183,0,0,0,0
900,1641,Box,-24,54.1183,0,0,0,0
900,1642,Box,-22.8,54.1183,0,0,0,0
900,1643,Box,-21.6,54.1183,0,0,0,0
900,1644,Box,-20.4,54.1183,0,0,0,0
900,1645,Box,-19.2,54.1183,0,0,0,0
900,1646,Box,-18,54.1183,0,0,0,0
900,1647,Box,-16.8,54.1183,0,0,0,0
900,1648,Box,-15.6,54.1183,0,0,0,0
900,1649,Box,-14.4,54.1183,0,0,0,0
900,1650,Box,-13.2,54.1183,0,0,0,0
900,1651,Box,-12,54.1183,0,0,0,0
900,1652,Box,-10.8,54.1183,0,0,0,0
900,1653,Box,-9.6,54.1183,0,0,0,0
900,1654,Box,-8.4,54.1183,0,0,0,0
900,1655,Box,-7.2,54.1183,0,0,0,0
900,1656,Box,-6,54.1183,0,0,0,0
900,1657,Box,-4.8,54.1183,0,0,0,0
900,1658,Box,-3.6,54.1183,0,0,0,0
900,1659,Box,-2.4,54.1183,0,0,0,0
900,1660,Box,-1.2,54.1183,0,0,0,0
900,1661,Box,0,54.1183,0,0,0,0
900,1662,Box,1.2,54.1183,0,0,0,0
900,1663,Box,2.4,54.1183,0,0,0,0
900,1664,Box,3.6,54.1183,0,0,0,0
900,1665,Box,4.8,54.1183,0,0,0,0
900,1666,Box,6,54.1183,0,0,0,0
900,1667,Box,7.2,54.1183,0,0,0,0
900,1668,Box,8.4,54.1183,0,0,0,0
900,1669,Box,9.6,54.1183,0,0,0,0
900,1670,Box,10.8,54.1183,0,0,0,0
900,1671,Box,12,54.1183,0,0,0,0
900,1672,Box,13.2,54.1183,0,0,0,0
900,1673,Box,14.4,54.1183,0,0,0,0
900,1674,Box,15.6,54.1183,0,0,0,0
900,1675,Box,16.8,54.1183,0,0,0,0
900,1676,Box,18,54.1183,0,0,0,0
900,1677,Box,19.2,54.1183,0,0,0,0
900,1678,Box,20.4,54.1183,0,0,0,0
900,1679,Box,21.6,54.1183,0,0,0,0
900,1680,Box,22.8,54.1183,0,0,0,0
900,1681,Box,-24,55.3183,0,0,0,0
900,1682,Box,-22.8,55.3183,0,0,0,0
900,1683,Box,-21.6,55.3183,0,0,0,0
900,1684,Box,-20.4,55.3183,0,0,0,0
900,1685,Box,-19.2,55.3183,0,0,0,0
900,1686,Box,-18,55.3183,0,0,0,0
900,1687,Box,-16.8,55.3183,0,0,0,0
900,1688,Box,-15.6,55.3183,0,0,0,0
900,1689,Box,-14.4,55.3183,0,0,0,0
900,1690,Box,-13.2,55.3183,0,0,0,0
900,1691,Box,-12,55.3183,0,0,0,0
900,1692,Box,-10.8,55.3183,0,0,0,0
900,1693,Box,-9.6,55.3183,0,0,0,0
900,1694,Box,-8.4,55.3183,0,0,0,0
900,1695,Box,-7.2,55.3183,0,0,0,0
900,1696,Box,-6,55.3183,0,0,0,0
900,1697,Box,-4.8,55.3183,0,0,0,0
900,1698,Box,-3.6,55.3183,0,0,0,0
900,1699,Box,-2.4,55.3183,0,0,0,0
900,1700,Box,-1.2,55.3183,0,0,0,0
900,1701,Box,0,55.3183,0,0,0,0
900,1702,Box,1.2,55.3183,0,0,0,0
900,1703,Box,2.4,55.3183,0,0,0,0
900,1704,Box,3.6,55.3183,0,0,0,0
900,1705,Box,4.8,55.3183,0,0,0,0
900,1706,Box,6,55.3183,0,0,0,0
900,1707,Box,7.2,55.3183,0,0,0,0
900,1708,Box,8.4,55.3183,0,0,0,0
900,1709,Box,9.6,55.3183,0,0,0,0
900,1710,Box,10.8,55.3183,0,0,0,0
900,1711,Box,12,55.3183,0,0,0,0
900,1712,Box,13.2,55.3183,0,0,0,0
900,1713,Box,14.4,55.3183,0,0,0,0
900,1714,Box,15.6,55.3183,0,0,0,0
900,1715,Box,16.8,55.3183,0,0,0,0
900,1716,Box,18,55.3183,0,0,0,0
900,1717,Box,19.2,55.3183,0,0,0,0
900,1718,Box,20.4,55.3183,0,0,0,0
900,1719,Box,21.6,55.3183,0,0,0,0
900,1720,Box,22.8,55.3183,0,0,0,0
900,1721,Box,-24,56.5183,0,0,0,0
900,1722,Box,-22.8,56.5183,0,0,0,0
900,1723,Box,-21.6,56.5183,0,0,0,0
900,1724,Box,-20.4,56.5183,0,0,0,0
900,1725,Box,-19.2,56.5183,0,0,0,0
900,1726,Box,-18,56.5183,0,0,0,0
900,1727,Box,-16.8,56.5183,0,0,0,0
900,1728,Box,-15.6,56.5183,0,0,0,0
900,1729,Box,-14.4,56.5183,0,0,0,0
900,1730,Box,-13.2,56.5183,0,0,0,0
900,1731,Box,-12,56.5183,0,0,0,0
900,1732,Box,-10.8,56.5183,0,0,0,0
900,1733,Box,-9.6,56.5183,0,0,0,0
900,1734,Box,-8.4,56.5183,0,0,0,0
900,1735,Box,-7.2,56.5183,0,0,0,0
900,1736,Box,-6,56.5183,0,0,0,0
900,1737,Box,-4.8,56.5183,0,0,0,0
900,1738,Box,-3.6,56.5183,0,0,0,0
900,1739,Box,-2.4,56.5183,0,0,0,0
900,1740,Box,-1.2,56.5183,0,0,0,0
900,1741,Box,0,56.5183,0,0,0,0
900,1742,Box,1.2,56.5183,0,0,0,0
900,1743,Box,2.4,56.5183,0,0,0,0
900,1744,Box,3.6,56.5183,0,0,0,0
900,1745,Box,4.8,56.5183,0,0,0,0
900,1746,Box,6,56.5183,0,0,0,0
900,1747,Box,7.2,56.5183,0,0,0,0
900,1748,Box,8.4,56.5183,0,0,0,0
900,1749,Box,9.6,56.5183,0,0,0,0
900,1750,Box,10.8,56.5183,0,0,0,0
900,1751,Box,12,56.5183,0,0,0,0
900,1752,Box,13.2,56.5183,0,0,0,0
900,1753,Box,14.4,56.5183,0,0,0,0
900,1754,Box,15.6,56.5183,0,0,0,0
900,1755,Box,16.8,56.5183,0,0,0,0
900,1756,Box,18,56.5183,0,0,0,0
900,1757,Box,19.2,56.5183,0,0,0,0
900,1758,Box,20.4,56.5183,0,0,0,0
900,1759,Box,21.6,56.5183,0,0,0,0
900,1760,Box,22.8,56.5183,0,0,0,0
900,1761,Box,-24,57.7183,0,0,0,0
900,1762,Box,-22.8,57.7183,0,0,0,0
900,1763,Box,-21.6,57.7183,0,0,0,0
900,1764,Box,-20.4,57.7183,0,0,0,0
900,1765,Box,-19.2,57.7183,0,0,0,0
900,1766,Box,-18,57.7183,0,0,0,0
900,1767,Box,-16.8,57.7183,0,0,0,0
900,1768,Box,-15.6,57.7183,0,0,0,0
900,1769,Box,-14.4,57.7183,0,0,0,0
900,1770,Box,-13.2,57.7183,0,0,0,0
900,1771,Box,-12,57.7183,0,0,0,0
900,1772,Box,-10.8,57.7183,0,0,0,0
900,1773,Box,-9.6,57.7183,0,0,0,0
900,1774,Box,-8.4,57.7183,0,0,0,0
900,1775,Box,-7.2,57.7183,0,0,0,0
900,1776,Box,-6,57.7183,0,0,0,0
900,1777,Box,-4.8,57.7183,0,0,0,0
900,1778,Box,-3.6,57.7183,0,0,0,0
900,1779,Box,-2.4,57.7183,0,0,0,0
900,1780,Box,-1.2,57.7183,0,0,0,0
900,1781,Box,0,57.7183,0,0,0,0
900,1782,Box,1.2,57.7183,0,0,0,0
900,1783,Box,2.4,57.7183,0,0,0,0
900,1784,Box,3.6,57.7183,0,0,0,0
900,1785,Box,4.8,57.7183,0,0,0,0
900,1786,Box,6,57.7183,0,0,0,0
900,1787,Box,7.2,57.7183,0,0,0,0
900,1788,Box,8.4,57.7183,0,0,0,0
900,1789,Box,9.6,57.7183,0,0,0,0
900,1790,Box,10.8,57.7183,0,0,0,0
900,1791,Box,12,57.7183,0,0,0,0
900,1792,Box,13.2,57.7183,0,0,0,0
900,1793,Box,14.4,57.7183,0,0,0,0
900,1794,Box,15.6,57.7183,0,0,0,0
900,1795,Box,16.8,57.7183,0,0,0,0
900,1796,Box,18,57.7183,0,0,0,0
900,1797,Box,19.2,57.7183,0,0,0,0
900,1798,Box,20.4,57.7183,0,0,0,0
900,1799,Box,21.6,57.7183,0,0,0,0
900,1800,Box,22.8,57.7183,0,0,0,0
900,1801,Box,-24,58.9183,0,0,0,0
900,1802,Box,-22.8,58.9183,0,0,0,0
900,1803,Box,-21.6,58.9183,0,0,0,0
900,1804,Box,-20.4,58.9183,0,0,0,0
900,1805,Box,-19.2,58.9183,0,0,0,0
900,1806,Box,-18,58.9183,0,0,0,0
900,1807,Box,-16.8,58.9183,0,0,0,0
900,1808,Box,-15.6,58.9183,0,0,0,0
900,1809,Box,-14.4,58.9183,0,0,0,0
900,1810,Box,-13.2,58.9183,0,0,0,0
900,1811,Box,-12,58.9183,0,0,0,0
900,1812,Box,-10.8,58.9183,0,0,0,0
900,1813,Box,-9.6,58.9183,0,0,0,0
900,1814,Box,-8.4,58.9183,0,0,0,0
900,1815,Box,-7.2,58.9183,0,0,0,0
900,1816,Box,-6,58.9183,0,0,0,0
900,1817,Box,-4.8,58.9183,0,0,0,0
900,1818,Box,-3.6,58.9183,0,0,0,0
900,1819,Box,-2.4,58.9183,0,0,0,0
900,1820,Box,-1.2,58.9183,0,0,0,0
900,1821,Box,0,58.9183,0,0,0,0
900,1822,Box,1.2,58.9183,0,0,0,0
900,1823,Box,2.4,58.9183,0,0,0,0
900,1824,Box,3.6,58.9183,0,0,0,0
900,1825,Box,4.8,58.9183,0,0,0,0
900,1826,Box,6,58.9183,0,0,0,0
900,1827,Box,7.2,58.9183,0,0,0,0
900,1828,Box,8.4,58.9183,0,0,0,0
900,1829,Box,9.6,58.9183,0,0,0,0
900,1830,Box,10.8,58.9183,0,0,0,0
900,1831,Box,12,58.9183,0,0,0,0
900,1832,Box,13.2,58.9183,0,0,0,0
900,1833,Box,14.4,58.9183,0,0,0,0
900,1834,Box,15.6,58.9183,0,0,0,0
900,1835,Box,16.8,58.9183,0,0,0,0
900,1836,Box,18,58.9183,0,0,0,0
900,1837,Box,19.2,58.9183,0,0,0,0
900,1838,Box,20.4,58.9183,0,0,0,0
900,1839,Box,21.6,58.9183,0,0,0,0
900,1840,Box,22.8,58.9183,0,0,0,0
900,1841,Box,-24,60.1183,0,0,0,0
900,1842,Box,-22.8,60.1183,0,0,0,0
900,1843,Box,-21.6,60.1183,0,0,0,0
900,1844,Box,-20.4,60.1183,0,0,0,0
900,1845,Box,-19.2,60.1183,0,0,0,0
900,1846,Box,-18,60.1183,0,0,0,0
900,1847,Box,-16.8,60.1183,0,0,0,0
900,1848,Box,-15.6,60.1183,0,0,0,0
900,1849,Box,-14.4,60.1183,0,0,0,0
900,1850,Box,-13.2,60.1183,0,0,0,0
900,1851,Box,-12,60.1183,0,0,0,0
900,1852,Box,-10.8,60.1183,0,0,0,0
900,1853,Box,-9.6,60.1183,0,0,0,0
900,1854,Box,-8.4,60.1183,0,0,0,0
900,1855,Box,-7.2,60.1183,0,0,0,0
900,1856,Box,-6,60.1183,0,0,0,0
900,1857,Box,-4.8,60.1183,0,0,0,0
900,1858,Box,-3.6,60.1183,0,0,0,0
900,1859,Box,-2.4,60.1183,0,0,0,0
900,1860,Box,-1.2,60.1183,0,0,0,0
900,1861,Box,0,60.1183,0,0,0,0
900,1862,Box,1.2,60.1183,0,0,0,0
900,1863,Box,2.4,60.1183,0,0,0,0
900,1864,Box,3.6,60.1183,0,0,0,0
900,1865,Box,4.8,60.1183,0,0,0,0
900,1866,Box,6,60.1183,0,0,0,0
900,1867,Box,7.2,60.1183,0,0,0,0
900,1868,Box,8.4,60.1183,0,0,0,0
900,1869,Box,9.6,60.1183,0,0,0,0
900,1870,Box,10.8,60.1183,0,0,0,0
900,1871,Box,12,60.1183,0,0,0,0
900,1872,Box,13.2,60.1183,0,0,0,0
900,1873,Box,14.4,60.1183,0,0,0,0
900,1874,Box,15.6,60.1183,0,0,0,0
900,1875,Box,16.8,60.1183,0,0,0,0
900,1876,Box,18,60.1183,0,0,0,0
900,1877,Box,19.2,60.1183,0,0,0,0
900,1878,Box,20.4,60.1183,0,0,0,0
900,1879,Box,21.6,60.1183,0,0,0,0
900,1880,Box,22.8,60.1183,0,0,0,0
900,1881,Box,-24,61.3183,0,0,0,0
900,1882,Box,-22.8,61.3183,0,0,0,0
900,1883,Box,-21.6,61.3183,0,0,0,0
900,1884,Box,-20.4,61.3183,0,0,0,0
900,1885,Box,-19.2,61.3183,0,0,0,0
900,1886,Box,-18,61.3183,0,0,0,0
900,1887,Box,-16.8,61.3183,0,0,0,0
900,1888,Box,-15.6,61.3183,0,0,0,0
900,1889,Box,-14.4,61.3183,0,0,0,0
900,1890,Box,-13.2,61.3183,0,0,0,0
900,1891,Box,-12,61.3183,0,0,0,0
900,1892,Box,-10.8,61.3183,0,0,0,0
900,1893,Box,-9.6,61.3183,0,0,0,0
900,1894,Box,-8.4,61.3183,0,0,0,0
900,1895,Box,-7.2,61.3183,0,0,0,0
900,1896,Box,-6,61.3183,0,0,0,0
900,1897,Box,-4.8,61.3183,0,0,0,0
900,1898,Box,-3.6,61.3183,0,0,0,0
900,1899,Box,-2.4,61.3183,0,0,0,0
900,1900,Box,-1.2,61.3183,0,0,0,0
900,1901,Box,0,61.3183,0,0,0,0
900,1902,Box,1.2,61.3183,0,0,0,0
900,1903,Box,2.4,61.3183,0,0,0,0
900,1904,Box,3.6,61.3183,0,0,0,0
900,1905,Box,4.8,61.3183,0,0,0,0
900,1906,Box,6,61.3183,0,0,0,0
900,1907,Box,7.2,61.3183,0,0,0,0
900,1908,Box,8.4,61.3183,0,0,0,0
900,1909,Box,9.6,61.3183,0,0,0,0
900,1910,Box,10.8,61.3183,0,0,0,0
900,1911,Box,12,61.3183,0,0,0,0
900,1912,Box,13.2,61.3183,0,0,0,0
900,1913,Box,14.4,61.3183,0,0,0,0
900,1914,Box,15.6,61.3183,0,0,0,0
900,1915,Box,16.8,61.3183,0,0,0,0
900,1916,Box,18,61.3183,0,0,0,0
900,1917,Box,19.2,61.3183,0,0,0,0
900,1918,Box,20.4,61.3183,0,0,0,0
900,1919,Box,21.6,61.3183,0,0,0,0
900,1920,Box,22.8,61.3183,0,0,0,0
900,1921,Box,-24,62.5183,0,0,0,0
900,1922,Box,-22.8,62.5183,0,0,0,0
900,1923,Box,-21.6,62.5183,0,0,0,0
900,1924,Box,-20.4,62.5183,0,0,0,0
900,1925,Box,-19.2,62.5183,0,0,0,0
900,1926,Box,-18,62.5183,0,0,0,0
900,1927,Box,-16.8,62.5183,0,0,0,0
900,1928,Box,-15.6,62.5183,0,0,0,0
900,1929,Box,-14.4,62.5183,0,0,0,0
900,1930,Box,-13.2,62.5183,0,0,0,0
900,1931,Box,-12,62.5183,0,0,0,0
900,1932,Box,-10.8,62.5183,0,0,0,0
900,1933,Box,-9.6,62.5183,0,0,0,0
900,1934,Box,-8.4,62.5183,0,0,0,0
900,1935,Box,-7.2,62.5183,0,0,0,0
900,1936,Box,-6,62.5183,0,0,0,0
900,1937,Box,-4.8,62.5183,0,0,0,0
900,1938,Box,-3.6,62.5183,0,0,0,0
900,1939,Box,-2.4,62.5183,0,0,0,0
900,1940,Box,-1.2,62.5183,0,0,0,0
900,1941,Box,0,62.5183,0,0,0,0
900,1942,Box,1.2,62.5183,0,0,0,0
900,1943,Box,2.4,62.5183,0,0,0,0
900,1944,Box,3.6,62.5183,0,0,0,0
900,1945,Box,4.8,62.5183,0,0,0,0
900,1946,Box,6,62.5183,0,0,0,0
900,1947,Box,7.2,62.5183,0,0,0,0
900,1948,Box,8.4,62.5183,0,0,0,0
900,1949,Box,9.6,62.5183,0,0,0,0
900,1950,Box,10.8,62.5183,0,0,0,0
900,1951,Box,12,62.5183,0,0,0,0
900,1952,Box,13.2,62.5183,0,0,0,0
900,1953,Box,14.4,62.5183,0,0,0,0
900,1954,Box,15.6,62.5183,0,0,0,0
900,1955,Box,16.8,62.5183,0,0,0,0
900,1956,Box,18,62.5183,0,0,0,0
900,1957,Box,19.2,62.5183,0,0,0,0
900,1958,Box,20.4,62.5183,0,0,0,0
900,1959,Box,21.6,62.5183,0,0,0,0
900,1960,Box,22.8,62.5183,0,0,0,0
900,1961,Box,-24,63.7183,0,0,0,0
900,1962,Box,-22.8,63.7183,0,0,0,0
900,1963,Box,-21.6,63.7183,0,0,0,0
900,1964,Box,-20.4,63.7183,0,0,0,0
900,1965,Box,-19.2,63.7183,0,0,0,0
900,1966,Box,-18,63.7183,0,0,0,0
900,1967,Box,-16.8,63.7183,0,0,0,0
900,1968,Box,-15.6,63.7183,0,0,0,0
900,1969,Box,-14.4,63.7183,0,0,0,0
900,1970,Box,-13.2,63.7183,0,0,0,0
900,1971,Box,-12,63.7183,0,0,0,0
900,1972,Box,-10.8,63.7183,0,0,0,0
900,1973,Box,-9.6,63.7183,0,0,0,0
900,1974,Box,-8.4,63.7183,0,0,0,0
900,1975,Box,-7.2,63.7183,0,0,0,0
900,1976,Box,-6,63.7183,0,0,0,0
900,1977,Box,-4.8,63.7183,0,0,0,0
900,1978,Box,-3.6,63.7183,0,0,0,0
900,1979,Box,-2.4,63.7183,0,0,0,0
900,1980,Box,-1.2,63.7183,0,0,0,0
900,1981,Box,0,63.7183,0,0,0,0
900,1982,Box,1.2,63.7183,0,0,0,0
900,1983,Box,2.4,63.7183,0,0,0,0
900,1984,Box,3.6,63.7183,0,0,0,0
900,1985,Box,4.8,63.7183,0,0,0,0
900,1986,Box,6,63.7183,0,0,0,0
900,1987,Box,7.2,63.7183,0,0,0,0
900,1988,Box,8.4,63.7183,0,0,0,0
900,1989,Box,9.6,63.7183,0,0,0,0
900,1990,Box,10.8,63.7183,0,0,0,0
900,1991,Box,12,63.7183,0,0,0,0
900,1992,Box,13.2,63.7183,0,0,0,0
900,1993,Box,14.4,63.7183,0,0,0,0
900,1994,Box,15.6,63.7183,0,0,0,0
900,1995,Box,16.8,63.7183,0,0,0,0
900,1996,Box,18,63.7183,0,0,0,0
900,1997,Box,19.2,63.7183,0,0,0,0
900,1998,Box,20.4,63.7183,0,0,0,0
900,1999,Box,21.6,63.7183,0,0,0,0
900,2000,Box,22.8,63.7183,0,0,0,0
