Frame,BodyID,Shape,PosX,PosY,Angle,VelX,VelY,AngVel
0,0,Box,0,-1,0,0,0,0
0,1,Box,0,0.497278,0,0,-0.163333,0
0,2,Box,0,1.49728,0,0,-0.163333,0
0,3,Box,0,2.49728,0,0,-0.163333,0
0,4,Box,0,3.49728,0,0,-0.163333,0
0,5,Box,0,4.49728,0,0,-0.163333,0
0,6,Box,0,5.49728,0,0,-0.163333,0
0,7,Box,0,6.49728,0,0,-0.163333,0
0,8,Box,0,7.49728,0,0,-0.163333,0
0,9,Box,0,8.49728,0,0,-0.163333,0
0,10,Box,0,9.49728,0,0,-0.163333,0
0,11,Box,0,10.4973,0,0,-0.163333,0
0,12,Box,0,11.4973,0,0,-0.163333,0
0,13,Box,0,12.4973,0,0,-0.163333,0
0,14,Box,0,13.4973,0,0,-0.163333,0
0,15,Box,0,14.4973,0,0,-0.163333,0
5,0,Box,0,-1,0,0,0,0
5,1,Box,0.00131006,0.49663,-0.000726939,0.023427,-0.00750879,-0.0128952
5,2,Box,-0.00182009,1.48221,0.0105218,-0.0688316,-0.168235,0.258838
5,3,Box,-0.0130933,2.47898,0.0177069,-0.341509,-0.23542,0.420237
5,4,Box,0.00307783,3.45785,-0.00109583,0.0693313,-0.615002,-0.0398528
5,5,Box,0.00379346,4.45655,0.000708931,0.0979304,-0.653325,0.0210515
5,6,Box,0.00188159,5.45245,0.00132131,0.0687964,-0.675233,0.0483855
5,7,Box,0.000286646,6.44785,0.000920818,0.0171988,-0.6787,0.0552491
5,8,Box,0,7.44283,0,0,-0.98,0
5,9,Box,0,8.44283,0,0,-0.98,0
5,10,Box,0,9.44283,0,0,-0.98,0
5,11,Box,0,10.4428,0,0,-0.98,0
5,12,Box,0,11.4428,0,0,-0.98,0
5,13,Box,0,12.4428,0,0,-0.98,0
5,14,Box,0,13.4428,0,0,-0.98,0
5,15,Box,0,14.4428,0,0,-0.98,0
10,0,Box,0,-1,0,0,0,0
10,1,Box,0.00293859,0.484424,-0.00165791,0.0175271,-0.00517548,-0.0101955
10,2,Box,-0.0139886,1.46777,0.0437114,-0.200721,-0.223572,0.485368
10,3,Box,-0.059509,2.43565,0.0683665,-0.683653,-0.333764,0.719724
10,4,Box,0.0112747,3.41549,-0.00528343,0.109187,-0.935325,-0.0658792
10,5,Box,0.0153873,4.38782,0.00886262,0.165283,-1.00079,0.111954
10,6,Box,0.00490992,5.37606,0.0190568,0.0478966,-1.05524,0.256301
10,7,Box,0.00929619,6.35853,0.00965284,0.163926,-1.24192,0.129496
10,8,Box,-0.00378808,7.34757,0.00632476,-0.113054,-1.43317,-0.0536744
10,9,Box,0.00392482,8.33579,-0.000681165,0.0406059,-1.52356,-0.0401081
10,10,Box,0.00302614,9.33177,0.00107104,0.0733106,-1.54793,0.0133621
10,11,Box,0.00142597,10.328,0.00114978,0.0543858,-1.5618,0.0372221
10,12,Box,0.00025601,11.3242,0.000685646,0.0153606,-1.56378,0.0411387
10,13,Box,0,12.3203,0,0,-1.79667,0
10,14,Box,0,13.3203,0,0,-1.79667,0
10,15,Box,0,14.3203,0,0,-1.79667,0
15,0,Box,0,-1,0,0,0,0
15,1,Box,0.00294239,0.461952,-0.00143722,-0.00156046,-0.00102764,0.00311628
15,2,Box,-0.035823,1.43726,0.0928089,-0.378487,-0.262614,0.731645
15,3,Box,-0.124443,2.37356,0.116398,-0.711149,-0.723585,0.328323
15,4,Box,0.0212672,3.35438,-0.0133849,0.107455,-1.24138,-0.123117
15,5,Box,0.0336779,4.30829,0.0176859,0.24387,-1.35252,0.081796
15,6,Box,0.0135878,5.27122,0.0430568,0.161004,-1.43006,0.293192
15,7,Box,0.0304528,6.23507,0.0233971,0.292826,-1.64743,0.21967
15,8,Box,-0.023225,7.20676,-0.0204485,-0.334298,-2.09682,-0.400569
15,9,Box,0.00355685,8.1814,-0.00941037,-0.012289,-2.09178,-0.132028
15,10,Box,0.00966791,9.17195,-0.00227023,0.109835,-2.13483,-0.0342502
15,11,Box,0.010686,10.1655,0.00296152,0.135598,-2.17153,0.0267335
15,12,Box,0.00648862,11.1592,0.00439101,0.10249,-2.20061,0.0648985
15,13,Box,0.00207472,12.1541,0.00599681,0.0327224,-2.2206,0.0923414
15,14,Box,-0.00335646,13.1496,0.00634256,-0.0639295,-2.23051,0.111803
15,15,Box,0.00343877,14.1409,-0.00250868,0.0873655,-2.331,-0.0636446
20,0,Box,0,-1,0,0,0,0
20,1,Box,0.00195993,0.443712,0.00046163,-0.00522132,-0.00260161,0.0104456
20,2,Box,-0.0508796,1.40458,0.140424,-0.235559,-0.452913,0.432346
20,3,Box,-0.20651,2.30253,0.175081,-0.960005,-0.682927,0.912912
20,4,Box,0.0369423,3.26754,-0.0203468,0.238179,-1.52177,-0.119613
20,5,Box,0.0608856,4.19846,0.0273995,0.338625,-1.61456,0.181815
20,6,Box,0.037261,5.13512,0.0564811,0.366371,-1.88366,0.0376319
20,7,Box,0.0576942,6.07217,0.0445401,0.34266,-1.9831,0.272387
20,8,Box,-0.0657377,7.03958,-0.0708437,-0.566707,-2.63313,-0.753345
20,9,Box,0.00280912,8.00623,-0.0230374,-0.0310085,-2.53173,-0.181233
20,10,Box,0.0179996,8.97719,-0.00988195,0.085716,-2.61336,-0.126392
20,11,Box,0.0251555,9.96113,0.00487191,0.188692,-2.63404,0.0096026
20,12,Box,0.017651,10.9519,0.00982291,0.173747,-2.6583,0.0730914
20,13,Box,0.0072984,11.9454,0.0149314,0.0996754,-2.6724,0.110307
20,14,Box,-0.00839898,12.9361,0.0147623,-0.0735191,-2.74621,0.00259516
20,15,Box,0.015412,13.9235,-0.0110344,0.178992,-2.8439,-0.168306
25,0,Box,0,-1,0,0,0,0
25,1,Box,0.00203041,0.426413,0.000812057,0.0042613,-0.00362952,0.000165275
25,2,Box,-0.0221768,1.35776,0.152574,0.101556,-0.620419,-0.0546775
25,3,Box,-0.359417,2.21592,0.275864,-1.74377,-0.68496,1.44981
25,4,Box,0.0679478,3.16203,-0.0488698,0.456993,-2.05614,-0.54147
25,5,Box,0.105921,4.0812,0.0583874,0.523208,-1.78375,0.555902
25,6,Box,0.0780416,4.96568,0.048217,0.529394,-2.34253,-0.180852
25,7,Box,0.092878,5.87435,0.0733233,0.497379,-2.24125,0.428628
25,8,Box,-0.141685,6.84249,-0.15144,-0.881809,-3.11474,-1.11911
25,9,Box,0.00148749,7.80418,-0.0437332,-0.125828,-2.96495,-0.291915
25,10,Box,0.029566,8.7618,-0.0184571,0.132094,-2.99619,-0.12433
25,11,Box,0.0445089,9.73506,0.00423977,0.246052,-3.03017,-0.0311871
25,12,Box,0.0359707,10.7119,0.0121571,0.271718,-3.0525,0.0234177
25,13,Box,0.0229169,11.6959,0.0210316,0.247242,-3.06541,0.0563627
25,14,Box,-0.0186201,12.6767,-0.0165835,-0.153865,-3.41619,-0.612037
25,15,Box,0.0337751,13.6645,-0.040531,0.245704,-3.37694,-0.473424
30,0,Box,0,-1,0,0,0,0
30,1,Box,0.00309337,0.414855,0.000278826,0.0129933,-0.00306463,-0.00831769
30,2,Box,0.0673298,1.31898,0.116862,0.504638,-0.634212,-0.727198
30,3,Box,-0.643677,2.08622,0.43785,-2.94389,-0.873231,2.287
30,4,Box,0.117607,2.9995,-0.123126,0.672319,-2.91859,-1.17765
30,5,Box,0.188591,3.9284,0.106164,0.829826,-2.28717,0.678423
30,6,Box,0.143254,4.78384,0.0756136,0.880662,-2.58508,0.366648
30,7,Box,0.142465,5.65934,0.113595,0.561324,-2.62893,0.526963
30,8,Box,-0.265623,6.62107,-0.262055,-1.20083,-3.6262,-1.46755
30,9,Box,0.00472949,7.56642,-0.0763555,-0.218897,-3.54331,-0.468054
30,10,Box,0.0409991,8.51533,-0.0304671,0.129819,-3.48011,-0.149034
30,11,Box,0.0677661,9.47513,-0.00108082,0.275233,-3.51419,-0.0850728
30,12,Box,0.0629427,10.4367,0.0112649,0.354232,-3.53042,-0.0347445
30,13,Box,0.0513214,11.3969,0.0229122,0.386727,-3.53977,-0.00219631
30,14,Box,-0.0367891,12.3916,-0.0952033,-0.236915,-4.07843,-1.15149
30,15,Box,0.0580906,13.3607,-0.0943132,0.316527,-3.93836,-0.755828
35,0,Box,0,-1,0,0,0,0
35,1,Box,0.00291718,0.438365,0.00084112,-0.00400998,-0.00105715,0.00802563
35,2,Box,0.155586,1.36175,0.00600517,0.799938,-0.784536,-1.5878
35,3,Box,-0.953754,2.04239,0.62765,-3.0096,-1.39054,2.27771
35,4,Box,0.187633,2.56353,-0.201913,0.762888,-3.94324,-0.926432
35,5,Box,0.294331,3.63035,0.180612,0.788771,-3.26028,0.95444
35,6,Box,0.21912,4.52442,0.0992517,0.929208,-3.55734,0.280918
35,7,Box,0.197318,5.40336,0.157211,0.555805,-3.46786,0.50701
35,8,Box,-0.435655,6.35566,-0.391597,-1.27766,-4.36748,-1.58371
35,9,Box,0.0200762,7.2606,-0.120514,-0.243995,-4.4284,-0.526384
35,10,Box,0.0522239,8.21297,-0.0446293,0.117964,-4.28247,-0.173792
35,11,Box,0.0925839,9.16024,-0.00956542,0.256555,-4.26414,-0.114008
35,12,Box,0.0924625,10.1054,0.00500027,0.352665,-4.25295,-0.080233
35,13,Box,0.0869889,11.0475,0.0198921,0.422183,-4.24798,-0.0616643
35,14,Box,-0.0648046,12.0644,-0.204918,-0.294252,-4.77613,-1.39628
35,15,Box,0.0917947,13.0247,-0.166523,0.379898,-4.62228,-0.906782
40,0,Box,0,-1,0,0,0,0
40,1,Box,-0.0150408,0.424148,0.00275563,-0.333138,-0.0181888,0.0532361
40,2,Box,0.243596,1.31881,-0.177114,1.57644,-1.72425,-2.0445
40,3,Box,-1.20455,1.88568,0.817459,-3.0096,-2.20721,2.27771
40,4,Box,0.245906,2.20204,-0.135099,0.901633,-3.5799,2.40694
40,5,Box,0.396863,3.24317,0.259074,0.753268,-4.07642,0.826035
40,6,Box,0.296557,4.18792,0.122244,0.916347,-4.32649,0.238078
40,7,Box,0.277796,5.14693,0.197672,0.573912,-4.25107,0.440287
40,8,Box,-0.634815,5.95832,-0.523421,-1.28631,-5.16392,-1.58156
40,9,Box,0.0357773,6.84472,-0.163749,-0.238772,-5.25633,-0.51495
40,10,Box,0.0629038,7.8277,-0.0587586,0.122667,-5.11615,-0.165696
40,11,Box,0.117966,8.77084,-0.019036,0.253176,-5.09919,-0.110993
40,12,Box,0.121708,9.70417,-0.00209885,0.35054,-5.09312,-0.0919772
40,13,Box,0.124285,10.6335,0.0132391,0.43616,-5.0941,-0.0880038
40,14,Box,-0.101033,11.6816,-0.324606,-0.329368,-5.5271,-1.45633
40,15,Box,0.132668,12.642,-0.243634,0.396612,-5.40504,-0.934995
45,0,Box,0,-1,0,0,0,0
45,1,Box,-0.0664518,0.393993,0.0135756,-0.038641,-0.038632,0.078248
45,2,Box,0.40776,1.19212,-0.219443,1.95355,-1.97682,-1.05879
45,3,Box,-1.45535,1.66091,1.00727,-3.0096,-3.02388,2.27771
45,4,Box,0.389935,2.07474,-0.121567,1.9473,-1.77286,-0.168663
45,5,Box,0.576573,3.08276,0.254992,2.19831,-1.95316,-0.12954
45,6,Box,0.344015,4.00777,0.191905,0.427927,-1.92276,1.14821
45,7,Box,0.35462,4.9526,0.125455,1.34589,-2.91208,-0.460387
45,8,Box,-0.750955,5.47276,-0.655218,-1.28631,-5.98058,-1.58156
45,9,Box,0.0214331,6.32472,-0.206311,-0.236227,-6.07942,-0.508384
45,10,Box,0.0721255,7.3401,-0.07189,0.127928,-5.94807,-0.151999
45,11,Box,0.143314,8.29566,-0.0279225,0.25142,-5.93675,-0.104706
45,12,Box,0.150899,9.23031,-0.0104798,0.351295,-5.94106,-0.105128
45,13,Box,0.162783,10.1574,0.00521715,0.448651,-5.94301,-0.100453
45,14,Box,-0.143648,11.2398,-0.447859,-0.364506,-6.26249,-1.49166
45,15,Box,0.178902,12.1959,-0.322488,0.412455,-6.19691,-0.952834
50,0,Box,0,-1,0,0,0,0
50,1,Box,-0.152262,0.38707,0.0180814,-0.0555037,-0.0188908,0.042464
50,2,Box,0.646139,1.06816,-0.348084,2.37383,-2.74559,-1.7212
50,3,Box,-1.70615,1.36809,1.19708,-3.0096,-3.84055,2.27771
50,4,Box,0.59039,1.99461,-0.155709,2.66374,-2.22437,-0.611109
50,5,Box,0.839763,2.9865,0.249004,2.75284,-2.12535,0.505412
50,6,Box,0.344378,3.80196,0.339306,-0.218323,-2.58745,2.3605
50,7,Box,0.485985,4.78932,0.105951,1.90423,-3.72087,-0.381416
50,8,Box,-0.873715,4.96,-0.716002,-1.40195,-6.48526,-0.472529
50,9,Box,-0.00161565,5.79061,-0.177613,-0.195026,-5.07138,3.74662
50,10,Box,0.0799887,6.77697,-0.0857802,0.0673801,-6.77489,-0.247931
50,11,Box,0.167765,7.74165,-0.0365599,0.251117,-6.7461,-0.108332
50,12,Box,0.180065,8.68291,-0.01908,0.356746,-6.75918,-0.0978262
50,13,Box,0.201903,9.6162,-0.00364494,0.460997,-6.77888,-0.107121
50,14,Box,-0.190126,10.7341,-0.573582,-0.396238,-6.9729,-1.52108
50,15,Box,0.228587,11.6789,-0.402669,0.433467,-6.98741,-0.972826
55,0,Box,0,-1,0,0,0,0
55,1,Box,-0.267424,0.482762,0.0190508,9.67234e-05,4.24907e-05,-0.000129053
55,2,Box,0.924667,0.706405,-0.503055,2.40134,-3.80371,-1.74514
55,3,Box,-1.95695,1.00721,1.38689,-3.0096,-4.65721,2.27771
55,4,Box,0.845714,1.79,-0.227729,3.11285,-3.1303,-0.874953
55,5,Box,1.17569,2.82377,0.317257,2.94134,-2.80305,0.891679
55,6,Box,0.246805,3.42787,0.589585,-0.830401,-4.33749,3.17511
55,7,Box,0.644873,4.48524,0.0733981,2.09239,-5.11807,-0.43569
55,8,Box,-0.990543,4.37872,-0.755379,-1.40195,-7.30193,-0.472529
55,9,Box,0.0566702,5.35054,0.0136398,1.18992,-6.11608,2.10203
55,10,Box,0.0327367,6.24981,0.0373856,-0.83104,-6.20229,1.9446
55,11,Box,0.159564,7.16036,-0.0937875,-0.170487,-7.40219,-0.43663
55,12,Box,0.210274,8.09293,-0.0373656,0.358197,-7.35038,-0.284115
55,13,Box,0.24702,9.03387,-0.00970188,0.51844,-7.25068,-0.0677785
55,14,Box,-0.24167,10.181,-0.70491,-0.485561,-7.33501,-1.60603
55,15,Box,0.286457,11.0947,-0.495564,0.577668,-7.64087,-1.18749
60,0,Box,0,-1,0,0,0,0
60,1,Box,-0.267415,0.489363,0.0190397,9.978e-05,4.38467e-05,-0.000133164
60,2,Box,0.944089,0.607231,-0.42134,0.0382706,-0.388597,1.66533
60,3,Box,-2.20775,0.578274,1.5767,-3.0096,-5.47388,2.27771
60,4,Box,1.11201,1.54816,-0.384475,3.14509,-3.20522,-2.15824
60,5,Box,1.49928,2.63552,0.405407,3.31924,-2.95567,1.09933
60,6,Box,0.130319,2.9622,0.850665,-0.863473,-5.27717,3.1266
60,7,Box,0.860347,3.95389,0.114,2.32985,-6.14228,1.10298
60,8,Box,-1.10737,3.7294,-0.794757,-1.40195,-8.1186,-0.472529
60,9,Box,0.142102,4.78873,0.176896,0.843249,-6.90221,1.81296
60,10,Box,-0.0836081,5.6459,0.205845,-0.987181,-7.1503,1.94418
60,11,Box,0.180781,6.59006,-0.106888,0.21465,-7.97212,-0.0503558
60,12,Box,0.238933,7.49947,-0.0518779,0.288625,-8.01438,-0.128265
60,13,Box,0.302211,8.44537,-0.0203575,0.503815,-8.05362,-0.183871
60,14,Box,-0.297585,9.54062,-0.838378,-0.488077,-8.13342,-1.60161
60,15,Box,0.340619,10.4279,-0.594521,0.577668,-8.45754,-1.18749
65,0,Box,0,-1,0,0,0,0
65,1,Box,-0.267407,0.489426,0.0190286,9.97465e-05,4.38392e-05,-0.000133121
65,2,Box,0.959334,0.62492,-0.481257,1.08385,0.362705,-1.6831
65,3,Box,-2.3406,0.479673,1.5958,-0.845528,-0.0434191,-0.0892158
65,4,Box,1.34065,1.46741,-0.472036,2.17415,-0.684867,-0.573617
65,5,Box,1.8081,2.52662,0.339747,3.56594,-1.28429,-1.7807
65,6,Box,0.0583625,2.4816,1.11121,-0.863473,-6.09384,3.1266
65,7,Box,1.07074,3.33146,0.205915,2.32985,-6.95895,1.10298
65,8,Box,-1.2242,3.01201,-0.834134,-1.40195,-8.93526,-0.472529
65,9,Box,0.231853,4.11103,0.327976,0.843249,-7.71888,1.81296
65,10,Box,-0.224832,4.93984,0.372768,-1.03174,-8.09375,2.04117
65,11,Box,0.213433,5.9449,-0.107644,0.245598,-8.70647,0.0167471
65,12,Box,0.267663,6.85994,-0.0655552,0.302675,-8.80559,-0.18267
65,13,Box,0.347995,7.80501,-0.0389001,0.503372,-8.85128,-0.243955
65,14,Box,-0.338259,8.82201,-0.971846,-0.488077,-8.95009,-1.60161
65,15,Box,0.388758,9.68223,-0.693478,0.577668,-9.2742,-1.18749
70,0,Box,0,-1,0,0,0,0
70,1,Box,-0.267399,0.48943,0.0190175,9.97223e-05,4.38318e-05,-0.000133084
70,2,Box,0.973389,0.642448,-0.562754,0.596795,0.144223,-0.86829
70,3,Box,-2.40254,0.476801,1.57103,-0.627015,-0.229291,0.462038
70,4,Box,1.55302,1.38102,-0.613927,2.42955,-1.77347,-2.02808
70,5,Box,2.23539,2.30322,0.387608,4.79179,-3.05003,2.2713
70,6,Box,-0.0135937,1.93295,1.37176,-0.863473,-6.9105,3.1266
70,7,Box,1.24236,2.90716,0.573237,2.13632,-5.30153,3.11331
70,8,Box,-1.34103,2.22657,-0.873512,-1.40195,-9.75193,-0.472529
70,9,Box,0.275283,3.43216,0.536036,0.0689772,-7.91967,2.95256
70,10,Box,-0.359156,4.1496,0.546384,-1.07704,-9.08006,2.10105
70,11,Box,0.2412,5.20639,-0.103967,0.260057,-9.44121,0.0567028
70,12,Box,0.296654,6.13761,-0.0820215,0.307731,-9.57121,-0.207334
70,13,Box,0.395563,7.08942,-0.0612272,0.529161,-9.63126,-0.285597
70,14,Box,-0.378932,8.03533,-1.10531,-0.488077,-9.76675,-1.60161
70,15,Box,0.436897,8.86855,-0.792435,0.577668,-10.0909,-1.18749
75,0,Box,0,-1,0,0,0,0
75,1,Box,-0.27055,0.478758,0.0217075,-0.19472,-0.081262,0.161927
75,2,Box,0.96375,0.659711,-0.626291,0.487247,0.0840214,-0.699242
75,3,Box,-2.43695,0.47879,1.57223,-0.291845,-0.0784061,-0.15745
75,4,Box,1.80292,1.25082,-0.782933,2.42955,-2.59014,-2.02808
75,5,Box,2.64462,2.01134,0.576884,4.79179,-3.8667,2.2713
75,6,Box,-0.0502497,1.41698,1.56676,1.25979,-2.24225,-0.80677
75,7,Box,1.42762,2.41438,0.83268,2.13632,-6.1182,3.11331
75,8,Box,-1.45786,1.37308,-0.912889,-1.40195,-10.5686,-0.472529
75,9,Box,0.297056,2.70875,0.782083,0.0689772,-8.73633,2.95256
75,10,Box,-0.487336,3.34229,0.721388,-1.09383,-9.96963,2.09948
75,11,Box,0.268232,4.35813,-0.0974111,0.281486,-10.2699,0.107929
75,12,Box,0.32421,5.32195,-0.0990523,0.30401,-10.4157,-0.191448
75,13,Box,0.443483,6.28736,-0.0841237,0.508488,-10.462,-0.23585
75,14,Box,-0.419186,7.1852,-1.22849,-0.468318,-10.4566,-1.2769
75,15,Box,0.485036,7.98681,-0.891392,0.577668,-10.9075,-1.18749
80,0,Box,0,-1,0,0,0,0
80,1,Box,-0.309791,0.418245,0.0333656,-0.817729,-0.0397599,0.102086
80,2,Box,0.958445,0.636605,-0.480414,0.611668,-0.583246,3.34901
80,3,Box,-2.61444,0.506288,1.63679,-2.34172,-0.0628484,-0.135105
80,4,Box,2.09468,0.944913,-0.856409,2.95701,-5.07766,-0.140819
80,5,Box,3.04393,1.64828,0.766159,4.79179,-4.68337,2.2713
80,6,Box,0.108301,1.29664,1.21895,2.85888,-2.7422,-2.79145
80,7,Box,1.5683,1.96001,1.03521,1.61006,-5.26031,1.97514
80,8,Box,-1.51096,0.995131,-0.891989,-1.3225,-1.23498,0.670566
80,9,Box,0.37789,2.20592,1.11975,0.447496,-4.92233,4.65894
80,10,Box,-0.631675,2.49798,0.887828,-1.42364,-10.7481,1.92889
80,11,Box,0.292223,3.43658,-0.0973165,0.322185,-11.1874,-0.0273197
80,12,Box,0.348661,4.41461,-0.111806,0.288168,-11.2382,-0.136622
80,13,Box,0.487591,5.38172,-0.10248,0.454262,-11.2983,-0.212227
80,14,Box,-0.459596,6.28939,-1.31334,-0.43895,-11.1469,-0.881886
80,15,Box,0.533175,7.03701,-0.990349,0.577668,-11.7242,-1.18749
85,0,Box,0,-1,0,0,0,0
85,1,Box,-0.496871,0.407001,0.0507896,-1.45278,-0.0814376,0.162582
85,2,Box,1.1881,0.512712,-0.0504478,3.98357,-1.89114,5.6574
85,3,Box,-2.81386,0.487349,1.58675,-2.27102,-0.441344,-0.906409
85,4,Box,2.39393,0.679177,-0.977833,2.49355,-0.38924,-3.39691
85,5,Box,3.44325,1.21717,0.955435,4.79179,-5.50003,2.2713
85,6,Box,0.229039,1.11919,1.12929,1.10227,-3.14812,-1.10953
85,7,Box,1.66633,1.59006,1.24876,0.045566,-0.317388,4.91232
85,8,Box,-1.64205,0.93586,-0.843331,-1.80894,-0.588971,0.489337
85,9,Box,0.599052,1.85711,1.14607,2.24475,-4.61513,-1.94044
85,10,Box,-0.788663,1.59304,0.943442,-1.77081,-11.1206,-0.173662
85,11,Box,0.446168,2.85679,-0.0194042,2.97568,-3.92735,1.59924
85,12,Box,0.211226,3.78886,-0.374225,-2.80261,-6.65662,-5.19795
85,13,Box,0.623016,4.61418,-0.394247,2.11734,-8.66067,-5.50599
85,14,Box,-0.473312,5.40228,-1.08342,-0.0645173,-10.6861,3.9852
85,15,Box,0.581314,6.01917,-1.08931,0.577668,-12.5409,-1.18749
90,0,Box,0,-1,0,0,0,0
90,1,Box,-0.662125,0.463813,0.0583787,-0.433649,-0.000613088,0.00126762
90,2,Box,1.47624,0.491256,0.0327065,3.04556,-1.12131e-06,-8.23879e-07
90,3,Box,-3.00511,0.476778,1.57615,-2.06056,-0.16129,0.322585
90,4,Box,2.63607,0.585494,-1.32787,3.03127,-1.39495,-4.63129
90,5,Box,3.87206,0.772415,0.944633,5.23424,-5.50043,-0.729842
90,6,Box,0.39686,0.827186,0.997554,1.85863,-3.58036,-1.98671
90,7,Box,1.90728,1.53634,1.52271,3.2203,-1.01732,2.63717
90,8,Box,-1.82641,0.806476,-0.827295,-1.90528,-2.06159,0.352002
90,9,Box,0.863407,1.60948,1.2234,2.44623,-2.65598,0.862716
90,10,Box,-0.931619,1.55642,1.11979,-1.82689,-0.433026,2.05811
90,11,Box,0.661939,2.60592,0.0644306,1.55203,-2.82501,0.902165
90,12,Box,-0.138165,3.46155,-0.830993,-3.17545,-5.18291,-5.3646
90,13,Box,0.846303,3.88802,-0.90299,2.02708,-10.2017,-6.5042
90,14,Box,-0.478688,4.47093,-0.751316,-0.0645173,-11.5028,3.9852
90,15,Box,0.631938,4.9905,-1.18224,0.679273,-12.3295,-1.06706
95,0,Box,0,-1,0,0,0,0
95,1,Box,-0.734723,0.488366,0.0505618,-0.144452,-0.147884,-0.313697
95,2,Box,1.64048,0.441272,0.00386269,0.537763,0.00615743,-0.20316
95,3,Box,-3.17474,0.476691,1.56551,-1.80954,-0.159157,-0.318319
95,4,Box,2.85384,0.489918,-1.62724,1.62916,-0.0305981,0.0644597
95,5,Box,4.18166,0.6955,0.614565,3.33548,0.00412008,-4.76856
95,6,Box,0.439032,0.657363,0.898705,0.54577,0.0729865,-0.768379
95,7,Box,2.22916,1.47623,1.62672,3.08372,-0.0932557,0.608484
95,8,Box,-1.97536,0.687369,-0.748473,-1.38283,-0.0059891,1.95563
95,9,Box,1.08622,1.4714,1.13551,1.90899,-0.510071,-1.94193
95,10,Box,-1.08599,1.55546,1.3205,-1.80112,-1.00984,2.53063
95,11,Box,0.675115,2.41133,0.119191,-0.898221,-2.30784,0.893065
95,12,Box,-0.306999,3.01014,-0.59086,-1.91862,-4.28734,3.39065
95,13,Box,1.06474,3.50774,-0.815954,2.93721,-2.69065,7.37614
95,14,Box,-0.765597,4.02919,-0.830627,-4.22145,-4.5483,-0.217825
95,15,Box,0.567654,4.35454,-0.774739,-1.50919,-5.85763,4.12458
100,0,Box,0,-1,0,0,0,0
100,1,Box,-0.736664,0.491336,0.0347077,-0.000735655,-6.72115e-05,0.00152512
100,2,Box,1.67188,0.41626,-0.00157851,0.204328,-0.000935718,-0.0487754
100,3,Box,-3.31021,0.477243,1.57475,-1.51853,-0.135752,0.271657
100,4,Box,2.98693,0.476713,-1.57461,1.5468,-0.488049,0.996643
100,5,Box,4.45962,0.65501,0.217185,3.33548,-0.812547,-4.76856
100,6,Box,0.461199,0.684432,0.848061,0.409899,0.0297079,-0.581206
100,7,Box,2.48706,1.45315,1.66976,3.00079,-0.791976,0.449858
100,8,Box,-2.0873,0.676068,-0.589198,-1.27673,-0.213499,1.83064
100,9,Box,1.26251,1.46622,0.99191,1.48981,0.100558,-1.78412
100,10,Box,-1.2277,1.51649,1.45424,-1.50432,-0.0520451,-0.000784105
100,11,Box,0.573,2.4331,0.212921,-1.58149,-1.1492,1.04129
100,12,Box,-0.531206,2.6782,-0.263389,-2.31383,-4.28635,4.05913
100,13,Box,1.35606,3.3616,-0.274654,3.00692,-1.81402,4.41661
100,14,Box,-1.17607,3.66282,-0.864543,-4.76422,-4.92601,-0.441128
100,15,Box,0.395022,3.88521,-0.339351,-1.81743,-6.14322,5.50867
105,0,Box,0,-1,0,0,0,0
105,1,Box,-0.742039,0.491444,0.0353955,-0.267247,-0.06342,0.137459
105,2,Box,1.68339,0.448617,-0.00173113,0.0717861,-7.47687e-05,-0.000991103
105,3,Box,-3.42223,0.477322,1.57416,-1.23558,-0.135618,0.27155
105,4,Box,3.09526,0.472073,-1.57613,1.29314,-0.0662106,0.0283888
105,5,Box,4.73758,0.546464,-0.180196,3.33548,-1.62921,-4.76856
105,6,Box,0.480756,0.686566,0.824206,0.0696342,0.00280452,-0.0985582
105,7,Box,2.69567,1.45827,1.52898,1.98319,0.55369,-1.2885
105,8,Box,-2.18985,0.649077,-0.43914,-1.0363,-0.345845,1.54419
105,9,Box,1.40873,1.58963,0.843432,1.34883,0.111275,-1.81283
105,10,Box,-1.31878,1.49113,1.47528,-0.620831,-0.514205,-0.534814
105,11,Box,0.425662,2.25622,0.186648,-1.45127,-2.40456,-0.430231
105,12,Box,-0.716869,2.40816,-0.0851196,-1.14741,-0.717024,2.00669
105,13,Box,1.60292,3.22766,-0.0143689,2.8767,-2.192,3.00216
105,14,Box,-1.57848,3.24181,-0.847597,-4.9998,-4.02656,2.78126
105,15,Box,0.24357,3.33244,0.119705,-1.81743,-6.95989,5.50867
110,0,Box,0,-1,0,0,0,0
110,1,Box,-0.759196,0.486312,0.0381647,-0.213053,7.50925e-06,-1.83735e-05
110,2,Box,1.69935,0.464695,-0.00431265,0.516165,-0.0160014,-0.0959427
110,3,Box,-3.51069,0.477442,1.57356,-0.952681,-0.135628,0.271732
110,4,Box,3.19483,0.471429,-1.57596,1.12096,-0.163773,-0.327643
110,5,Box,4.93759,0.609039,-0.310627,2.3261,0.46797,-1.38584
110,6,Box,0.48165,0.686608,0.822941,0.00148132,5.56856e-05,-0.00209638
110,7,Box,2.85012,1.50134,1.44497,1.75506,0.173492,-0.828475
110,8,Box,-2.26378,0.618718,-0.325974,-0.844678,-0.394384,1.31873
110,9,Box,1.50386,1.61907,0.764437,0.337595,-0.208202,0.408352
110,10,Box,-1.3987,1.47906,1.48043,-1.34553,0.0090911,-0.0255606
110,11,Box,0.333306,2.03566,0.323716,-0.341489,-1.89758,1.84741
110,12,Box,-0.875104,2.39241,-0.100732,-2.29888,-0.79344,-1.66026
110,13,Box,1.84264,3.00416,0.235811,2.8767,-3.00867,3.00216
110,14,Box,-1.99615,2.87091,-0.604258,-5.01196,-4.77746,2.92008
110,15,Box,0.139804,2.98519,0.28967,-1.52289,-2.09805,1.10939
115,0,Box,0,-1,0,0,0,0
115,1,Box,-0.778595,0.490284,0.045465,-0.237194,0.0482017,0.172533
115,2,Box,1.74326,0.468727,-0.00620564,0.479501,-0.00351792,-0.0147689
115,3,Box,-3.57557,0.477562,1.57297,-0.669783,-0.135637,0.271915
115,4,Box,3.28148,0.474051,-1.57031,0.995557,-0.131959,0.249156
115,5,Box,5.12051,0.638726,-0.410312,2.10188,0.298551,-1.10134
115,6,Box,0.480619,0.686569,0.824401,-0.0217142,-0.000836194,0.0307313
115,7,Box,2.97498,1.52494,1.39741,1.33954,0.0698574,-0.438257
115,8,Box,-2.35211,0.568433,-0.182165,-1.04691,-0.680085,1.76295
115,9,Box,1.54757,1.63225,0.808938,0.100874,-0.0397676,0.56748
115,10,Box,-1.53505,1.47598,1.48257,-1.67884,-0.211296,0.0136718
115,11,Box,0.281884,1.8932,0.485777,-0.4049,-1.79541,2.04974
115,12,Box,-1.03605,2.4005,-0.0808284,-2.06184,-0.240352,0.65976
115,13,Box,2.08237,2.7126,0.48599,2.8767,-3.82534,3.00216
115,14,Box,-2.41381,2.43195,-0.360918,-5.01196,-5.59412,2.92008
115,15,Box,-0.00307036,2.89894,0.321692,-1.47404,-1.13555,-0.335889
120,0,Box,0,-1,0,0,0,0
120,1,Box,-0.792345,0.501633,0.0659878,-0.180495,0.154022,0.341055
120,2,Box,1.76064,0.475494,-0.00576004,-0.0240151,-0.0135445,0.0477185
120,3,Box,-3.61687,0.47737,1.57236,-0.39619,-0.162507,0.326277
120,4,Box,3.36247,0.464447,-1.58959,1.17607,-0.743776,-1.49724
120,5,Box,5.28289,0.659657,-0.499219,1.84292,0.229433,-1.08315
120,6,Box,0.477588,0.686436,0.82869,-0.0464706,-0.0022152,0.0657779
120,7,Box,3.0917,1.51056,1.40236,2.33319,-1.44899,1.41577
120,8,Box,-2.44111,0.497734,-0.0206634,-1.10802,-1.00865,2.14129
120,9,Box,1.55999,1.65153,0.825047,0.176663,-0.0586889,-0.440972
120,10,Box,-1.66663,1.46157,1.52218,-1.34609,-0.513619,0.950323
120,11,Box,0.217797,1.83429,0.554538,-0.773741,-0.229998,0.44574
120,12,Box,-1.20233,2.41068,-0.065359,-1.97062,-0.0264803,0.382121
120,13,Box,2.29805,2.39568,0.706567,1.39578,-2.27095,1.18548
120,14,Box,-2.83147,1.92494,-0.117578,-5.01196,-6.41079,2.92008
120,15,Box,-0.135128,2.82005,0.411874,-1.63567,-1.11082,1.83195
125,0,Box,0,-1,0,0,0,0
125,1,Box,-0.80338,0.512612,0.0860102,-0.0997369,0.00895915,0.0123558
125,2,Box,1.76044,0.479349,-0.00524056,0.00845633,-0.00355966,-0.00387269
125,3,Box,-3.6485,0.444632,1.62256,-0.945669,-1.70479,3.37437
125,4,Box,3.45393,0.476141,-1.57769,1.26062,-0.51321,1.0525
125,5,Box,5.42282,0.677342,-0.602385,1.56991,0.200905,-1.38806
125,6,Box,0.472339,0.686197,0.836122,-0.0745936,-0.00365528,0.105618
125,7,Box,3.25473,1.44352,1.55577,1.64797,-0.915946,0.488704
125,8,Box,-2.51159,0.513704,0.0173714,-1.08277,1.06464,2.20891
125,9,Box,1.58058,1.66111,0.790826,0.174724,-0.0372417,-0.249066
125,10,Box,-1.75036,1.45683,1.53325,-0.835541,-0.0948025,0.118425
125,11,Box,0.150039,1.80095,0.594014,-0.828894,-0.635271,0.460598
125,12,Box,-1.36325,2.4111,-0.0345659,-1.65183,-0.338347,-0.474349
125,13,Box,2.3852,2.24242,0.795675,1.18513,-1.45179,-0.800439
125,14,Box,-3.22582,1.46824,0.113847,-3.60935,-0.624293,2.20517
125,15,Box,-0.241658,2.75442,0.500149,-1.39205,-0.991811,0.755059
130,0,Box,0,-1,0,0,0,0
130,1,Box,-0.806692,0.522135,0.0892535,-0.0196462,0.016452,0.0362274
130,2,Box,1.76071,0.480196,-0.00532133,0.00202073,-0.001506,-0.000210602
130,3,Box,-3.68747,0.478918,1.59531,-0.462829,-0.294332,-0.60396
130,4,Box,3.5569,0.460574,-1.57107,1.1109,-0.279973,0.56547
130,5,Box,5.54133,0.690081,-0.746382,1.34999,0.095897,-1.91399
130,6,Box,0.464494,0.685735,0.847233,-0.10803,-0.00735726,0.153047
130,7,Box,3.36631,1.40906,1.56364,1.203,-0.766514,-0.687068
130,8,Box,-2.61672,0.518727,0.148929,-1.23113,0.484621,1.13958
130,9,Box,1.58393,1.66417,0.781518,0.052972,-0.0162865,-0.0816569
130,10,Box,-1.80964,1.48793,1.54476,-0.661865,-0.067143,0.0476962
130,11,Box,0.0836294,1.76509,0.635712,-0.777987,-0.334346,0.484456
130,12,Box,-1.49594,2.42341,-0.0279722,-1.23712,-0.212647,-0.27295
130,13,Box,2.4691,2.17417,0.800405,0.97712,-0.983335,-0.0919821
130,14,Box,-3.46921,1.52666,0.20367,-2.78853,0.0952719,0.967187
130,15,Box,-0.327426,2.7172,0.528436,-1.14227,-0.413021,0.187201
135,0,Box,0,-1,0,0,0,0
135,1,Box,-0.804775,0.514034,0.0705757,0.0879756,-0.241641,-0.526688
135,2,Box,1.76081,0.480953,-0.00525584,0.00103637,-0.00205929,0.00129802
135,3,Box,-3.75046,0.476384,1.57491,-0.821676,-0.126207,-0.241586
135,4,Box,3.64153,0.457659,-1.5682,0.896415,-0.237878,0.478379
135,5,Box,5.65394,0.687291,-0.905845,1.36054,-0.120385,-1.93161
135,6,Box,0.453491,0.684984,0.86283,-0.14928,-0.0110524,0.211692
135,7,Box,3.46048,1.4031,1.56696,0.94978,-0.653514,-0.569013
135,8,Box,-2.69196,0.52142,0.153649,-0.766232,-0.192654,-0.45499
135,9,Box,1.58358,1.6661,0.778336,0.00597933,-0.0198851,-0.0238435
135,10,Box,-1.86093,1.5061,1.53171,-0.587608,-0.499331,-0.38499
135,11,Box,0.0240147,1.72857,0.673734,-0.707201,-0.489281,0.425267
135,12,Box,-1.59635,2.44566,-0.0344279,-1.19189,-0.647696,-0.0954253
135,13,Box,2.52419,2.12416,0.804133,0.75773,-0.831325,-0.0753041
135,14,Box,-3.67324,1.56411,0.27519,-2.25126,0.201945,0.83866
135,15,Box,-0.415576,2.67615,0.548669,-1.09679,-0.643779,0.367982
140,0,Box,0,-1,0,0,0,0
140,1,Box,-0.797274,0.494519,0.0290697,0.000145761,6.35162e-05,-0.000190357
140,2,Box,1.7608,0.481038,-0.00499927,0.000459712,-0.00184872,0.0015985
140,3,Box,-3.81228,0.481817,1.58351,-0.702393,0.0650541,0.150688
140,4,Box,3.70304,0.459984,-1.56765,0.762014,-0.178203,0.357926
140,5,Box,5.77041,0.665183,-1.07369,1.42921,-0.370263,-2.08794
140,6,Box,0.438551,0.683643,0.884037,-0.200951,-0.0204795,0.285445
140,7,Box,3.53931,1.40848,1.56792,0.589566,-0.361887,-0.0172088
140,8,Box,-2.75641,0.499034,0.0724388,-0.726867,-0.611184,-1.35374
140,9,Box,1.58157,1.66646,0.776727,-0.00892635,-0.0175495,-0.00399961
140,10,Box,-1.90519,1.46335,1.49077,-0.509015,-0.95979,-0.716529
140,11,Box,-0.0261612,1.69928,0.706654,-0.581011,-0.310763,0.362493
140,12,Box,-1.70526,2.41251,-0.077927,-1.34483,-1.08436,-0.502813
140,13,Box,2.56272,2.08624,0.807997,0.490816,-0.477562,0.0729828
140,14,Box,-3.83568,1.59405,0.355529,-1.69652,0.323071,1.10566
140,15,Box,-0.50208,2.61836,0.608813,-1.05118,-0.804787,0.970895
145,0,Box,0,-1,0,0,0,0
145,1,Box,-0.797263,0.494524,0.0290559,0.000127397,5.54323e-05,-0.000166282
145,2,Box,1.7608,0.481295,-0.00483444,-4.28943e-05,-0.00195048,0.0021711
145,3,Box,-3.86436,0.484624,1.58448,-0.557188,-0.0712901,-0.133368
145,4,Box,3.74625,0.452926,-1.58192,0.358958,-0.358357,-0.717322
145,5,Box,5.89451,0.61798,-1.26172,1.5304,-0.71398,-2.38826
145,6,Box,0.418623,0.681391,0.912391,-0.266721,-0.033758,0.379963
145,7,Box,3.60353,1.40166,1.56031,0.634927,-0.642422,0.0751109
145,8,Box,-2.81308,0.475288,0.0200738,-0.681991,-0.0157341,0.0361897
145,9,Box,1.57996,1.66728,0.775808,0.000122672,-0.0173975,-0.0188914
145,10,Box,-1.93163,1.37833,1.43437,-0.0556609,-1.01385,-0.43928
145,11,Box,-0.0708036,1.67316,0.734023,-0.509958,-0.324464,0.294596
145,12,Box,-1.81629,2.32713,-0.149223,-1.3359,-1.38668,-1.33268
145,13,Box,2.59245,2.04628,0.79414,0.503994,-0.701367,-0.249356
145,14,Box,-3.95771,1.62673,0.457954,-1.34568,0.258053,1.2606
145,15,Box,-0.585473,2.53686,0.71416,-0.925987,-1.06935,1.38211
150,0,Box,0,-1,0,0,0,0
150,1,Box,-0.797253,0.494529,0.029042,0.000127351,5.54174e-05,-0.00016623
150,2,Box,1.76062,0.480925,-0.00434195,-0.000464866,-0.00210741,0.00273008
150,3,Box,-3.89862,0.478609,1.57423,-0.231834,-0.0424686,-0.0629605
150,4,Box,3.77168,0.463274,-1.5769,0.328256,-0.170677,0.345905
150,5,Box,6.02603,0.534695,-1.48229,1.5991,-1.21454,-2.8398
150,6,Box,0.406698,0.669458,0.981655,-0.202356,-0.14119,1.09849
150,7,Box,3.64264,1.41487,1.56841,0.155734,-0.343633,-0.00682977
150,8,Box,-2.88074,0.461275,0.0213311,-0.638716,-0.00561355,0.0125573
150,9,Box,1.57999,1.66652,0.770005,0.0322899,-0.0197292,-0.0688268
150,10,Box,-1.92048,1.30406,1.38685,0.203561,-1.01161,-0.616607
150,11,Box,-0.11293,1.63802,0.781159,-0.516351,-0.513254,0.725577
150,12,Box,-1.92935,2.29374,-0.287563,-1.55658,-1.13172,-1.66772
150,13,Box,2.60511,2.03281,0.794495,0.217136,-0.251592,-0.0615675
150,14,Box,-4.05851,1.64337,0.568462,-1.12829,0.162653,1.30882
150,15,Box,-0.674311,2.4493,0.779007,-1.10772,-1.20209,0.373032
155,0,Box,0,-1,0,0,0,0
155,1,Box,-0.797242,0.494533,0.0290282,0.000127317,5.54025e-05,-0.000166189
155,2,Box,1.76055,0.481048,-0.00407752,-0.00168503,-0.00308302,0.00491339
155,3,Box,-3.9241,0.47835,1.57366,-0.156918,-0.0294891,-0.0393828
155,4,Box,3.79174,0.457324,-1.56767,0.220567,-0.2472,0.497437
155,5,Box,6.12927,0.483114,-1.57286,0.972506,-0.175273,0.353365
155,6,Box,0.408971,0.646507,1.09316,-0.240795,-0.312782,1.57536
155,7,Box,3.67154,1.40182,1.56673,0.175095,-0.667744,-0.462255
155,8,Box,-2.93981,0.488745,0.0225974,-0.140616,-0.000142456,0.000602587
155,9,Box,1.58304,1.66685,0.762186,0.061245,-0.0280154,-0.122461
155,10,Box,-1.87196,1.16066,1.351,0.353211,-1.54813,-0.304861
155,11,Box,-0.172723,1.59145,0.849583,-0.67327,-0.761979,0.943815
155,12,Box,-2.04469,2.26548,-0.433032,-1.61081,-1.53996,-1.60478
155,13,Box,2.61354,2.01125,0.770161,0.262305,-0.443353,-0.29164
155,14,Box,-4.14815,1.65519,0.668571,-1.0216,0.0726491,1.2267
155,15,Box,-0.793212,2.35038,0.849613,-1.39996,-1.47976,0.791963
160,0,Box,0,-1,0,0,0,0
160,1,Box,-0.797659,0.494455,0.0298919,-0.00486096,-0.0029407,0.0100243
160,2,Box,1.7601,0.480712,-0.00312438,-0.0111103,-0.00494035,0.0221434
160,3,Box,-3.93262,0.476652,1.57167,-0.0541852,-0.0679101,0.132195
160,4,Box,3.81306,0.452788,-1.57733,0.262993,-0.261017,-0.524826
160,5,Box,6.1954,0.478356,-1.57011,0.656194,-0.0788248,0.157955
160,6,Box,0.413761,0.606713,1.2401,-0.395237,-0.540127,1.85773
160,7,Box,3.70762,1.39386,1.56968,0.309699,-0.642157,0.359185
160,8,Box,-2.93867,0.491212,0.0225253,0.0022371,0.00368384,-0.00457886
160,9,Box,1.59224,1.66576,0.741643,0.221694,-0.0540186,-0.450262
160,10,Box,-1.85176,0.949075,1.33551,0.338573,-2.37996,-0.104993
160,11,Box,-0.222075,1.55423,0.901729,0.0899072,-0.0933206,-0.038717
160,12,Box,-2.17697,2.149,-0.539612,-1.75058,-2.07464,-0.819899
160,13,Box,2.62473,1.98833,0.744293,0.326343,-0.47734,-0.280606
160,14,Box,-4.22832,1.65947,0.779359,-0.974943,-0.0869531,1.22012
160,15,Box,-0.934295,2.21845,0.91527,-1.55756,-1.89015,0.325958
165,0,Box,0,-1,0,0,0,0
165,1,Box,-0.796453,0.493285,0.0269756,0.00899136,-0.0901461,-0.184627
165,2,Box,1.75987,0.480351,-0.00264682,-0.00224558,-0.00287598,0.00519421
165,3,Box,-3.93227,0.476909,1.56983,0.0415667,-0.066008,-0.123234
165,4,Box,3.83493,0.45441,-1.57231,0.259284,-0.234425,0.473251
165,5,Box,6.23721,0.478056,-1.56952,0.373186,-0.078519,0.157246
165,6,Box,0.413008,0.541471,1.41283,-0.55942,-0.882837,2.24399
165,7,Box,3.74926,1.3863,1.55246,0.291149,-0.700765,-0.571672
165,8,Box,-2.93857,0.491356,0.0223417,0.000161953,7.12126e-05,-0.000214855
165,9,Box,1.6109,1.66415,0.710116,0.252842,-0.0438773,-0.394415
165,10,Box,-1.84881,0.718266,1.41448,-0.102895,-2.76513,1.635
165,11,Box,-0.214497,1.55093,0.884837,0.451445,-0.366259,-0.341288
165,12,Box,-2.32912,1.95752,-0.595181,-1.78274,-2.8233,-0.620023
165,13,Box,2.64028,1.97266,0.715015,0.379139,-0.423672,-0.348123
165,14,Box,-4.30762,1.65661,0.892757,-0.945422,-0.127128,1.46832
165,15,Box,-1.0781,2.03433,0.931108,-1.56275,-2.66822,0.160771
170,0,Box,0,-1,0,0,0,0
170,1,Box,-0.796712,0.493315,0.0275136,-0.00787683,-0.00842851,0.016201
170,2,Box,1.75968,0.480118,-0.00220159,-0.00147134,-0.00220126,0.00374958
170,3,Box,-3.93261,0.477315,1.57083,-0.033528,-0.0560983,0.104363
170,4,Box,3.85289,0.455409,-1.5672,0.176863,-0.223089,0.44707
170,5,Box,6.25545,0.477908,-1.56892,0.0903275,-0.078642,0.157399
170,6,Box,0.421689,0.464662,1.57039,0.291022,-0.283663,-0.576762
170,7,Box,3.77296,1.39714,1.56845,0.0963721,-0.581475,-0.324654
170,8,Box,-2.93842,0.491619,0.0220257,0.00310705,0.00540477,-0.00635631
170,9,Box,1.62411,1.66242,0.686522,0.155838,-0.0355613,-0.246247
170,10,Box,-1.86618,0.472388,1.5956,-0.630488,-2.05877,4.32701
170,11,Box,-0.1864,1.53371,0.869067,0.340931,-0.380932,-0.0791865
170,12,Box,-2.49207,1.69323,-0.637119,-1.83087,-3.52789,-0.135533
170,13,Box,2.64684,1.97409,0.705623,0.229509,-0.306249,-0.269693
170,14,Box,-4.39166,1.64262,1.01209,-1.05701,-0.299042,1.42007
170,15,Box,-1.22698,1.79165,0.96169,-1.76826,-3.00257,1.03422
175,0,Box,0,-1,0,0,0,0
175,1,Box,-0.796281,0.49082,0.0274034,0.00290784,0.000647403,-0.00310847
175,2,Box,1.75941,0.479968,-0.00166077,-0.00387159,-0.00342606,0.00772937
175,3,Box,-3.94445,0.477642,1.57388,-0.188023,-0.186854,0.374862
175,4,Box,3.87018,0.452432,-1.57612,0.220347,-0.266817,-0.535285
175,5,Box,6.2611,0.478297,-1.57268,0.0813691,-0.081276,-0.162604
175,6,Box,0.464623,0.472556,1.57027,0.114865,-0.0789678,0.155027
175,7,Box,3.80459,1.39042,1.57234,0.277732,-0.670203,0.349976
175,8,Box,-2.94517,0.488403,0.0225201,-0.00106009,-0.00091229,0.00216948
175,9,Box,1.63825,1.6603,0.661793,0.200108,-0.0551221,-0.329346
175,10,Box,-1.85881,0.476514,1.56417,0.146233,-0.346069,-0.695598
175,11,Box,-0.178019,1.52918,0.868234,0.160311,-0.119298,-0.0892499
175,12,Box,-2.62023,1.60534,-0.445171,-1.4747,-0.654726,3.04939
175,13,Box,2.65603,1.96247,0.680689,0.312723,-0.381683,-0.296877
175,14,Box,-4.48652,1.61955,1.14243,-1.16434,-0.574611,1.53957
175,15,Box,-1.40137,1.62425,1.12618,-2.11934,-0.634911,3.13247
180,0,Box,0,-1,0,0,0,0
180,1,Box,-0.796333,0.493417,0.0276214,0.000729847,0.000903455,-0.00150178
180,2,Box,1.75917,0.479777,-0.00118067,-0.00199898,-0.00192898,0.00399299
180,3,Box,-3.94439,0.47909,1.57248,0.0209146,-0.0195903,-0.0417301
180,4,Box,3.88813,0.454641,-1.57271,0.204442,-0.216725,0.437476
180,5,Box,6.26496,0.478572,-1.57004,0.0233035,-0.0796637,0.159629
180,6,Box,0.482639,0.476142,1.57243,0.0808373,-0.0952221,0.183233
180,7,Box,3.84326,1.3909,1.55472,0.274222,-0.668754,-0.524885
180,8,Box,-2.94562,0.490143,0.0215825,0.0153066,-0.000890244,-0.0117624
180,9,Box,1.65493,1.65689,0.632756,0.233062,-0.0525393,-0.356736
180,10,Box,-1.85618,0.480022,1.56954,0.0574808,-0.0425005,0.0852717
180,11,Box,-0.173478,1.52598,0.864143,0.0987778,-0.0796032,0.0487349
180,12,Box,-2.75098,1.54441,-0.186708,-1.67851,-0.851444,3.08947
180,13,Box,2.66925,1.93718,0.646497,0.320141,-0.606478,-0.618562
180,14,Box,-4.58971,1.56988,1.30516,-1.30181,-0.728175,2.12975
180,15,Box,-1.57753,1.54083,1.40276,-2.09684,-1.30289,3.47606
185,0,Box,0,-1,0,0,0,0
185,1,Box,-0.796487,0.493705,0.0279387,-0.00367009,-0.00093735,0.00755315
185,2,Box,1.75831,0.478963,-0.000690547,-0.027533,-0.005092,0.00804396
185,3,Box,-3.9455,0.47704,1.57424,-0.112697,-0.130263,0.266166
185,4,Box,3.90084,0.465883,-1.57288,0.15419,-0.122404,0.246263
185,5,Box,6.26971,0.478325,-1.57271,0.0795534,-0.0798408,-0.159787
185,6,Box,0.492786,0.475607,1.57612,0.0244416,-0.166043,0.332954
185,7,Box,3.85664,1.42263,1.56433,0.10371,-0.309583,-0.142793
185,8,Box,-2.9496,0.492203,0.0299144,-0.271001,0.262962,0.530937
185,9,Box,1.66211,1.65179,0.60395,0.160433,-0.105913,-0.552016
185,10,Box,-1.85755,0.483567,1.6077,-0.211162,0.136017,0.480488
185,11,Box,-0.167231,1.5213,0.860602,0.141862,-0.114248,-0.0957734
185,12,Box,-2.88681,1.46687,0.0181348,-1.41417,-0.317491,-0.899195
185,13,Box,2.68376,1.89327,0.607539,0.185211,-0.567622,-0.24368
185,14,Box,-4.70183,1.48687,1.50477,-1.3577,-1.29632,2.49268
185,15,Box,-1.73887,1.46558,1.64082,-1.39057,0.341263,0.827382
190,0,Box,0,-1,0,0,0,0
190,1,Box,-0.796708,0.493896,0.0283938,-0.00292861,-0.000833496,0.00603023
190,2,Box,1.75689,0.478321,-0.000187396,-0.0271474,-0.00442331,-0.00394637
190,3,Box,-3.94805,0.480326,1.57499,-0.0186082,0.00981291,0.0303901
190,4,Box,3.91444,0.463469,-1.57722,0.203041,-0.23548,-0.473085
190,5,Box,6.27349,0.478577,-1.57005,0.0226323,-0.079643,0.15959
190,6,Box,0.508237,0.476099,1.56975,0.16315,-0.161983,-0.324883
190,7,Box,3.87301,1.42287,1.5687,0.295481,-0.573388,0.247688
190,8,Box,-2.9528,0.491103,0.031474,-0.0245337,0.0244801,0.0476288
190,9,Box,1.6725,1.64604,0.571855,0.243462,-0.122362,-0.531952
190,10,Box,-1.86747,0.502595,1.6293,-0.0793331,0.0632451,0.161438
190,11,Box,-0.155699,1.51241,0.853179,0.211751,-0.165499,-0.137163
190,12,Box,-2.97713,1.46248,0.0264661,-0.886304,-0.20195,-0.394511
190,13,Box,2.70374,1.85108,0.572553,0.272887,-0.588613,-0.296405
190,14,Box,-4.83081,1.38965,1.76907,-1.58832,-1.2826,3.57173
190,15,Box,-1.83994,1.50322,1.68101,-1.09102,0.0809465,0.28554
195,0,Box,0,-1,0,0,0,0
195,1,Box,-0.796765,0.494069,0.0285111,0.0013805,0.00126401,-0.00284334
195,2,Box,1.7561,0.478553,0.000914627,-0.00798978,-0.00473877,0.0159899
195,3,Box,-3.96244,0.477084,1.57421,-0.132585,-0.132366,0.264907
195,4,Box,3.93029,0.470474,-1.58193,0.171158,0.15392,-0.331488
195,5,Box,6.27819,0.478321,-1.57272,0.0788668,-0.0798422,-0.159793
195,6,Box,0.520743,0.477347,1.57105,0.0672299,-0.0922395,0.177942
195,7,Box,3.89529,1.42044,1.57722,0.275636,-0.420699,0.762901
195,8,Box,-2.95333,0.491372,0.0332947,-0.00204952,0.00123852,0.0042423
195,9,Box,1.69101,1.63811,0.527982,0.189983,-0.112429,-0.359889
195,10,Box,-1.86884,0.50791,1.63394,0.00883323,-0.0149991,-0.00329061
195,11,Box,-0.149157,1.50727,0.852557,0.0899811,-0.0699,0.0428421
195,12,Box,-3.01148,1.46582,0.00860592,-0.312653,-0.290948,-0.577909
195,13,Box,2.73166,1.79679,0.533009,0.213937,-0.582026,-0.494576
195,14,Box,-4.96167,1.24852,2.08471,-1.56298,-2.00147,3.8741
195,15,Box,-1.9169,1.50558,1.67927,-0.799635,-0.174649,-0.230012
200,0,Box,0,-1,0,0,0,0
200,1,Box,-0.797004,0.49415,0.0290025,-0.0052633,-0.00096306,0.0108436
200,2,Box,1.75522,0.478981,0.00164443,-0.00770666,-0.00370225,0.0154347
200,3,Box,-3.96912,0.477019,1.56622,-0.0460968,-0.158123,-0.316465
200,4,Box,3.94228,0.472771,-1.57903,0.113701,0.110293,-0.226395
200,5,Box,6.28192,0.47858,-1.57007,0.0219356,-0.0796393,0.159585
200,6,Box,0.532691,0.474845,1.56457,0.173712,-0.207165,-0.414601
200,7,Box,3.91602,1.43396,1.5681,0.241119,-0.199157,0.365002
200,8,Box,-2.95135,0.479526,0.0327948,0.0135728,0.000887857,-0.0118921
200,9,Box,1.71216,1.62915,0.477879,0.344071,-0.162412,-0.585522
200,10,Box,-1.86472,0.506244,1.62778,0.0693292,-0.0681595,-0.116482
200,11,Box,-0.139778,1.4999,0.845618,0.239201,-0.193387,-0.157508
200,12,Box,-3.04332,1.46593,-0.0736862,-0.44536,-0.572869,-1.19659
200,13,Box,2.76193,1.72969,0.478308,0.362815,-0.91811,-0.795263
200,14,Box,-5.09192,1.04089,2.40755,-1.56298,-2.81813,3.8741
200,15,Box,-1.96945,1.482,1.63225,-0.514993,-0.432596,-0.801741
205,0,Box,0,-1,0,0,0,0
205,1,Box,-0.797142,0.494348,0.0292883,-0.00379807,-0.00100565,0.00782768
205,2,Box,1.75451,0.479456,0.00261235,-0.0059927,-0.00239254,0.0120144
205,3,Box,-3.97496,0.478595,1.57031,-0.0833393,-0.0828565,0.166139
205,4,Box,3.95518,0.468624,-1.57106,0.199944,-0.197883,-0.397369
205,5,Box,6.28656,0.478317,-1.57274,0.0781599,-0.0798446,-0.159797
205,6,Box,0.547814,0.476181,1.56842,0.133988,-0.133561,-0.267421
205,7,Box,3.93371,1.43003,1.57581,0.218723,-0.55302,0.330536
205,8,Box,-2.94791,0.468912,0.0319067,0.0151828,0.000736853,-0.0130477
205,9,Box,1.7419,1.61377,0.41075,0.489626,-0.228001,-0.797883
205,10,Box,-1.85874,0.489987,1.59969,0.0782592,-0.0750757,-0.151823
205,11,Box,-0.130546,1.49233,0.8421,0.165713,-0.13866,-0.109339
205,12,Box,-3.10401,1.48506,-0.194653,-0.864301,-0.686437,-1.63789
205,13,Box,2.79692,1.63675,0.407068,0.44688,-1.32547,-1.15048
205,14,Box,-5.22217,0.765216,2.73039,-1.56298,-3.6348,3.8741
205,15,Box,-1.98405,1.46187,1.60338,0.203191,-0.166341,-0.357003
210,0,Box,0,-1,0,0,0,0
210,1,Box,-0.797279,0.494472,0.029569,-0.00305666,-0.000816452,0.00630169
210,2,Box,1.75389,0.480204,0.00340531,-0.00769482,-0.00248246,0.0154383
210,3,Box,-3.98033,0.476858,1.57586,-0.108197,-0.160138,0.320362
210,4,Box,3.97381,0.461567,-1.5645,0.214931,-0.211343,0.422779
210,5,Box,6.29022,0.478584,-1.57009,0.0212184,-0.0796359,0.159581
210,6,Box,0.558899,0.476975,1.5718,0.138069,-0.136838,-0.274609
210,7,Box,3.95374,1.41593,1.56873,0.194744,-0.624655,-0.420942
210,8,Box,-2.94378,0.463069,0.030998,0.0133218,-0.000153941,-0.0105759
210,9,Box,1.7867,1.58688,0.313932,0.697022,-0.395763,-1.17006
210,10,Box,-1.84913,0.477461,1.57346,0.14329,-0.255791,-0.517379
210,11,Box,-0.123313,1.48647,0.83865,0.1713,-0.141771,-0.112703
210,12,Box,-3.19731,1.52125,-0.353709,-1.23113,-0.673141,-2.06492
210,13,Box,2.84201,1.5041,0.311093,0.564384,-1.84768,-1.43697
210,14,Box,-5.37569,0.49446,3.12329,-2.26109,-2.43619,5.97595
210,15,Box,-1.95026,1.45171,1.57363,0.524623,-0.323908,-0.27177
215,0,Box,0,-1,0,0,0,0
215,1,Box,-0.797452,0.494736,0.0299274,0.00120373,0.00115892,-0.00248298
215,2,Box,1.75355,0.481199,0.00409722,-0.00429068,-0.00136422,0.0086155
215,3,Box,-3.98409,0.47897,1.57328,-0.022481,-0.0777898,-0.156374
215,4,Box,3.99308,0.459759,-1.57308,0.233407,-0.231338,-0.464288
215,5,Box,6.2948,0.478313,-1.57276,0.0774323,-0.0798473,-0.159801
215,6,Box,0.575382,0.476145,1.57304,0.132315,-0.109043,0.215064
215,7,Box,3.97381,1.41061,1.57293,0.270676,-0.623232,0.340357
215,8,Box,-2.94002,0.464728,0.0302723,0.00766385,0.000732866,-0.00703146
215,9,Box,1.8557,1.54168,0.183243,0.95972,-0.67657,-1.71938
215,10,Box,-1.83848,0.481659,1.55836,0.0849526,0.0310469,-0.0945917
215,11,Box,-0.112903,1.47774,0.834332,0.112601,-0.104824,0.0826103
215,12,Box,-3.31938,1.56852,-0.539103,-1.54969,-0.475403,-2.30405
215,13,Box,2.89449,1.31766,0.185967,0.624264,-2.53154,-1.53399
215,14,Box,-5.47809,0.498925,3.13208,-1.13427,-5.62519e-07,-1.71447e-07
215,15,Box,-1.92197,1.45503,1.56174,0.137019,-0.0808032,0.144529
220,0,Box,0,-1,0,0,0,0
220,1,Box,-0.797106,0.493449,0.027058,-0.00121795,-0.00112025,0.00250446
220,2,Box,1.75323,0.481972,0.00475249,-0.00279021,-0.000671835,0.00560662
220,3,Box,-3.98733,0.477701,1.56801,0.00670369,-0.158432,-0.317661
220,4,Box,4.01097,0.459453,-1.56664,0.200424,-0.214919,0.43086
220,5,Box,6.29841,0.478588,-1.57011,0.02048,-0.0796325,0.159578
220,6,Box,0.585902,0.475804,1.57547,0.0129617,-0.156046,0.312026
220,7,Box,3.99028,1.40853,1.56515,0.153522,-0.610033,-0.376792
220,8,Box,-2.93768,0.474492,0.0300354,-0.000643106,0.0023148,0.00132662
220,9,Box,1.94565,1.46854,0.0166596,1.14992,-1.05733,-2.21445
220,10,Box,-1.83428,0.473768,1.57639,0.0213893,-0.206718,0.413975
220,11,Box,-0.106814,1.47217,0.830416,0.113213,-0.0959484,-0.0758257
220,12,Box,-3.46089,1.6145,-0.734124,-1.73191,-0.170287,-2.33815
220,13,Box,2.94959,1.06841,0.0425261,0.659138,-3.31757,-1.72492
220,14,Box,-5.55847,0.498925,3.13208,-0.851366,-5.62519e-07,-1.69565e-07
220,15,Box,-1.92743,1.44709,1.57319,-0.194101,-0.337017,0.186624
225,0,Box,0,-1,0,0,0,0
225,1,Box,-0.797368,0.493509,0.0275965,-0.00316999,-0.000799585,0.00652169
225,2,Box,1.74521,0.451698,0.00561414,-0.133407,-0.0148275,0.0433898
225,3,Box,-4.01524,0.477682,1.57046,-0.266393,-0.112806,-0.216623
225,4,Box,4.03339,0.456698,-1.57334,0.372428,-0.363227,-0.737696
225,5,Box,6.30293,0.478309,-1.57278,0.0766828,-0.0798504,-0.159804
225,6,Box,0.600788,0.476045,1.56962,0.164404,-0.163296,-0.327409
225,7,Box,4.02268,1.40141,1.57635,0.675752,-0.877651,0.321201
225,8,Box,-2.93243,0.494017,0.0300216,0.000130193,5.65946e-05,-0.000169572
225,9,Box,2.03808,1.40313,-0.179589,0.952326,-1.59762,-1.96931
225,10,Box,-1.83159,0.472471,1.56743,0.0292663,-0.164303,-0.329243
225,11,Box,-0.096539,1.46343,0.823442,0.198673,-0.168834,-0.132869
225,12,Box,-3.54532,1.64157,-0.702338,-0.751801,0.191728,0.226728
225,13,Box,2.99778,0.771514,-0.0593024,0.463891,-3.47832,-0.48148
225,14,Box,-5.61527,0.498925,3.13208,-0.568465,-5.58794e-07,-1.82543e-07
225,15,Box,-1.91996,1.44513,1.56639,0.225082,-0.257028,-0.0827102
230,0,Box,0,-1,0,0,0,0
230,1,Box,-0.797432,0.493685,0.0277294,0.00131876,0.00121375,-0.00271393
230,2,Box,1.69371,0.453997,0.00684783,-0.345633,3.97675e-07,9.23301e-07
230,3,Box,-4.03142,0.477301,1.56821,-0.13716,-0.109687,-0.20966
230,4,Box,4.06578,0.455072,-1.57286,0.337603,-0.233067,0.470809
230,5,Box,6.30647,0.478592,-1.57013,0.0197194,-0.0796292,0.159574
230,6,Box,0.613535,0.477289,1.57091,0.0720594,-0.0935661,0.182894
230,7,Box,4.07957,1.38961,1.5519,0.635766,-0.853695,-0.768517
230,8,Box,-2.93242,0.494772,0.0300074,0.000130152,5.65797e-05,-0.000169523
230,9,Box,2.15198,1.4082,-0.301546,0.232885,-0.93186,-2.57322
230,10,Box,-1.82789,0.46884,1.57685,0.0610932,-0.195467,0.390912
230,11,Box,-0.090587,1.45818,0.82329,0.0839138,-0.0736069,0.0518004
230,12,Box,-3.59146,1.64577,-0.685034,-0.381015,0.0493625,0.0839322
230,13,Box,3.03769,0.517333,-0.0428544,0.52807,-1.01507,2.19794
230,14,Box,-5.6485,0.498925,3.13208,-0.285563,-5.62519e-07,-1.69565e-07
230,15,Box,-1.91796,1.43426,1.57048,-0.0270062,-0.485645,-0.230547
235,0,Box,0,-1,0,0,0,0
235,1,Box,-0.797697,0.49377,0.0282752,-0.00693184,-0.000933682,0.0142693
235,2,Box,1.63117,0.461359,0.00764954,-0.436212,-0.000254762,0.000609904
235,3,Box,-4.04377,0.475895,1.57515,-0.130689,-0.130668,0.261378
235,4,Box,4.08374,0.464665,-1.57335,0.178302,-0.0750366,0.0322825
235,5,Box,6.31092,0.478305,-1.5728,0.075911,-0.0798535,-0.159808
235,6,Box,0.625744,0.474747,1.56446,0.17961,-0.206671,-0.412793
235,7,Box,4.09356,1.42033,1.57289,-0.0298533,-0.26372,0.422409
235,8,Box,-2.93191,0.493496,0.0273459,0.000122543,5.34207e-05,-0.000160568
235,9,Box,2.20671,1.41644,-0.415407,0.144911,-0.420652,-0.398408
235,10,Box,-1.82358,0.468851,1.57189,0.0196181,-0.153534,0.308313
235,11,Box,-0.0818921,1.45068,0.816528,0.228042,-0.200322,-0.166668
235,12,Box,-3.6058,1.6392,-0.679277,-0.076948,-0.218089,0.0462216
235,13,Box,3.05482,0.498829,-0.00428713,0.219796,-0.000109679,-0.00127026
235,14,Box,-5.65815,0.498926,3.13208,-0.00265404,1.98297e-05,6.337e-05
235,15,Box,-1.90225,1.42932,1.56154,0.182501,-0.458453,-0.362268
240,0,Box,0,-1,0,0,0,0
240,1,Box,-0.797721,0.493929,0.028323,-0.000939607,-0.000226658,0.00193472
240,2,Box,1.61227,0.475699,0.00743027,0.00946593,0.00144493,-0.00990003
240,3,Box,-4.05837,0.476421,1.57394,-0.132181,-0.115525,-0.221694
240,4,Box,4.08988,0.465258,-1.56929,-0.0301899,-0.189436,-0.381848
240,5,Box,6.3144,0.478597,-1.57015,0.0189364,-0.0796258,0.15957
240,6,Box,0.630193,0.47928,1.57229,0.0169128,-0.0185511,-0.0179054
240,7,Box,4.0972,1.42619,1.56703,0.196834,-0.340971,-0.0769075
240,8,Box,-2.93189,0.493501,0.0273325,0.00012245,5.33834e-05,-0.000160452
240,9,Box,2.23486,1.43601,-0.427622,0.137399,-0.0940701,-0.0897786
240,10,Box,-1.81623,0.468135,1.56951,0.126773,-0.151674,-0.304441
240,11,Box,-0.0824313,1.45117,0.817384,0.0325249,-0.0295781,-0.0127079
240,12,Box,-3.5911,1.61832,-0.692439,0.284788,-0.336637,-0.31895
240,13,Box,3.07035,0.498818,-0.00444544,0.149887,-0.000100052,-0.00140577
240,14,Box,-5.65816,0.498928,3.13209,-6.50827e-05,2.87071e-05,8.85553e-05
240,15,Box,-1.90056,1.42643,1.58118,0.00496532,-0.52939,0.49932
245,0,Box,0,-1,0,0,0,0
245,1,Box,-0.79779,0.494002,0.0284659,-0.000814419,-0.000143171,0.00167721
245,2,Box,1.6113,0.480514,0.00655703,0.00993906,0.00171714,-0.0106415
245,3,Box,-4.07413,0.476074,1.5695,-0.0790112,-0.0948463,-0.19595
245,4,Box,4.08834,0.467177,-1.56831,-0.00118188,-0.181797,0.364865
245,5,Box,6.31878,0.478301,-1.57282,0.0751165,-0.0798568,-0.159812
245,6,Box,0.630423,0.478957,1.57074,0.0175254,-0.0191763,-0.0186257
245,7,Box,4.09472,1.43017,1.57185,-0.213837,-0.316036,0.0892965
245,8,Box,-2.93163,0.493564,0.0270472,0.00624418,0.000816293,-0.00603185
245,9,Box,2.24717,1.44321,-0.432066,0.0491893,-0.0250503,-0.0297094
245,10,Box,-1.81629,0.467735,1.56981,-0.0658959,-0.156366,0.314681
245,11,Box,-0.0818901,1.45079,0.816272,0.0338483,-0.0302249,-0.0133207
245,12,Box,-3.55531,1.59903,-0.731991,0.288874,-0.0783781,-0.590667
245,13,Box,3.07761,0.498809,-0.00458129,0.0447591,-0.000124419,-0.00201827
245,14,Box,-5.65816,0.498931,3.1321,-6.50473e-05,2.86922e-05,8.85049e-05
245,15,Box,-1.89146,1.42545,1.55984,0.116726,-0.515391,-0.483304
250,0,Box,0,-1,0,0,0,0
250,1,Box,-0.797817,0.494041,0.0285215,-0.000829877,-0.000153531,0.00170914
250,2,Box,1.61213,0.482111,0.0059998,0.00949615,0.00132622,-0.00983539
250,3,Box,-4.08532,0.476244,1.57346,-0.0955709,-0.0954125,0.191041
250,4,Box,4.08645,0.467109,-1.57451,-0.0420902,-0.225671,-0.453083
250,5,Box,6.3222,0.478601,-1.57017,0.0181301,-0.0796222,0.159566
250,6,Box,0.631489,0.47962,1.5723,0.0169948,-0.0185567,-0.0175132
250,7,Box,4.09121,1.42977,1.57054,0.0647891,-0.46539,0.0285328
250,8,Box,-2.93145,0.493645,0.0268236,0.00256903,0.000858167,-0.0030734
250,9,Box,2.25113,1.44651,-0.433305,0.0219325,-0.00626059,-0.0121378
250,10,Box,-1.81927,0.472134,1.57859,-0.0878805,0.0640845,0.218215
250,11,Box,-0.0815519,1.45065,0.815608,0.032998,-0.0296312,-0.0127282
250,12,Box,-3.53522,1.59535,-0.777378,0.132403,-0.097582,-0.415596
250,13,Box,3.07845,0.49892,-0.00520577,0.00677795,0.00156635,-0.00793052
250,14,Box,-5.65817,0.498933,3.1321,-6.50119e-05,2.86773e-05,8.84488e-05
250,15,Box,-1.90565,1.4327,1.57112,-0.0325102,-0.189058,-0.351571
255,0,Box,0,-1,0,0,0,0
255,1,Box,-0.797885,0.494097,0.0286625,-0.000809817,-0.000143071,0.00166808
255,2,Box,1.61427,0.482365,0.00518038,0.009479,0.00128075,-0.00979318
255,3,Box,-4.0947,0.477371,1.57026,-0.0585891,-0.0951183,-0.197597
255,4,Box,4.08089,0.46925,-1.58057,0.046368,0.0279249,-0.124371
255,5,Box,6.32651,0.478296,-1.57284,0.0742983,-0.0798602,-0.159816
255,6,Box,0.632815,0.479178,1.57085,0.0169473,-0.018531,-0.0171842
255,7,Box,4.09081,1.42098,1.57452,-0.160812,-0.375872,0.69604
255,8,Box,-2.93123,0.493723,0.026548,0.00484418,0.00133975,-0.00548376
255,9,Box,2.25367,1.44753,-0.434324,0.0220187,-0.00627758,-0.0124529
255,10,Box,-1.82486,0.466717,1.57369,-0.0781241,-0.187237,0.375715
255,11,Box,-0.0807786,1.45004,0.814552,0.0328813,-0.0295421,-0.0125749
255,12,Box,-3.52733,1.59186,-0.797721,0.00744253,-0.0717316,-0.10453
255,13,Box,3.07901,0.49905,-0.00586567,0.00676158,0.00155946,-0.00792151
255,14,Box,-5.65817,0.498936,3.13211,-6.49728e-05,2.86549e-05,8.84058e-05
255,15,Box,-1.90886,1.42705,1.56723,-0.0919126,-0.505306,-0.315735
260,0,Box,0,-1,0,0,0,0
260,1,Box,-0.79798,0.494183,0.0288585,-0.000889368,-0.000199477,0.00183231
260,2,Box,1.61524,0.482281,0.00454581,0.00919721,0.00123093,-0.00950673
260,3,Box,-4.10426,0.477078,1.57331,-0.0989795,-0.0982734,0.197804
260,4,Box,4.08414,0.467327,-1.56835,0.0160918,-0.0252469,-0.0168918
260,5,Box,6.32986,0.478605,-1.57019,0.0172997,-0.0796185,0.159562
260,6,Box,0.634103,0.479561,1.57188,0.0165248,-0.0180401,-0.0168746
260,7,Box,4.08778,1.42924,1.57563,0.208912,-0.229987,-0.430376
260,8,Box,-2.93102,0.493791,0.0263006,0.00232609,0.000760802,-0.00276754
260,9,Box,2.25559,1.44743,-0.435224,0.0216457,-0.00669994,-0.0121944
260,10,Box,-1.82755,0.463723,1.56827,-0.00539072,-0.187622,-0.376397
260,11,Box,-0.0802465,1.44955,0.813704,0.0317918,-0.0289931,-0.0121509
260,12,Box,-3.52726,1.58703,-0.805809,-0.0493272,-0.0950009,-0.0754403
260,13,Box,3.07953,0.49916,-0.006524,0.00672499,0.00154925,-0.00789019
260,14,Box,-5.65817,0.498938,3.13212,-6.49448e-05,2.864e-05,8.83633e-05
260,15,Box,-1.91486,1.41871,1.57626,-0.0457,-0.554191,0.423217
265,0,Box,0,-1,0,0,0,0
265,1,Box,-0.798041,0.494265,0.0289834,-0.000299653,0.000111512,0.00061745
265,2,Box,1.61694,0.482201,0.0038298,0.00197839,0.00197328,-0.00393582
265,3,Box,-4.11324,0.477628,1.57018,-0.0663894,-0.0965598,-0.194836
265,4,Box,4.08863,0.470402,-1.57072,0.0551922,-0.170999,0.343947
265,5,Box,6.33411,0.478292,-1.57286,0.0734555,-0.0798636,-0.15982
265,6,Box,0.634701,0.47834,1.5728,-0.051439,-0.066454,0.123842
265,7,Box,4.10154,1.43358,1.56431,0.0646405,-0.40726,-0.134114
265,8,Box,-2.93082,0.493852,0.0260699,0.00229043,0.000703766,-0.00267527
265,9,Box,2.25744,1.44704,-0.436172,0.0177904,-0.0109408,-0.00736632
265,10,Box,-1.826,0.46232,1.57154,0.0274533,-0.0595202,0.004484
265,11,Box,-0.0792383,1.4487,0.812851,0.018512,-0.0168675,-0.00160058
265,12,Box,-3.52817,1.58209,-0.81225,-0.0307802,-0.0803432,-0.0838907
265,13,Box,3.08009,0.499289,-0.00718107,0.00660631,0.0015408,-0.0077848
265,14,Box,-5.65818,0.49894,3.13213,-6.49095e-05,2.86326e-05,8.83152e-05
265,15,Box,-1.91871,1.42185,1.57962,0.158861,-0.178423,-0.296766
270,0,Box,0,-1,0,0,0,0
270,1,Box,-0.798146,0.494355,0.029199,-0.000842504,-0.00017268,0.00173639
270,2,Box,1.61783,0.482115,0.00310096,0.00935573,0.00127115,-0.0097323
270,3,Box,-4.12282,0.477069,1.57367,-0.0995079,-0.0981261,0.198929
270,4,Box,4.09556,0.463633,-1.57627,0.0923988,-0.20113,-0.402295
270,5,Box,6.33738,0.47861,-1.57021,0.0164444,-0.0796149,0.159558
270,6,Box,0.637347,0.479597,1.57151,0.0167625,-0.0182139,-0.0169171
270,7,Box,4.10974,1.42199,1.57034,0.136374,-0.569504,0.344555
270,8,Box,-2.93063,0.493911,0.0258464,0.00230849,0.00072518,-0.00271558
270,9,Box,2.2593,1.44655,-0.437214,0.0218698,-0.00619941,-0.0123888
270,10,Box,-1.82307,0.473913,1.56549,0.0130526,0.00271375,-0.0340918
270,11,Box,-0.0783631,1.44789,0.811852,0.0320147,-0.0291313,-0.0121919
270,12,Box,-3.52966,1.57707,-0.817938,-0.0570801,-0.0917986,-0.05661
270,13,Box,3.08065,0.499418,-0.00784317,0.00670707,0.00154363,-0.00789458
270,14,Box,-5.65818,0.498943,3.13213,-6.48778e-05,2.86102e-05,8.82707e-05
270,15,Box,-1.90648,1.44,1.57016,-0.00280867,-0.140236,0.2566
275,0,Box,0,-1,0,0,0,0
275,1,Box,-0.798237,0.494418,0.0293873,-0.00264097,-0.000456095,0.00544374
275,2,Box,1.61924,0.482013,0.00244626,0.00649028,0.0002156,-0.00603125
275,3,Box,-4.13156,0.477814,1.57063,-0.0645696,-0.0955308,-0.192672
275,4,Box,4.10137,0.462329,-1.5696,0.0588169,-0.208497,0.419236
275,5,Box,6.34155,0.478287,-1.57288,0.0725875,-0.0798673,-0.159824
275,6,Box,0.637976,0.479358,1.57253,0.0117245,-0.0180722,-0.0115838
275,7,Box,4.11764,1.4138,1.56338,0.0595169,-0.603506,-0.383522
275,8,Box,-2.93045,0.493968,0.0256312,0.00210835,0.000659645,-0.00247832
275,9,Box,2.2611,1.44607,-0.438161,0.0194447,-0.0119513,-0.0125023
275,10,Box,-1.8216,0.470213,1.57428,-0.00481226,-0.106905,0.213826
275,11,Box,-0.0774042,1.447,0.81101,0.0242731,-0.0256131,-0.0124279
275,12,Box,-3.53112,1.57214,-0.823755,-0.0348207,-0.0783471,-0.0796927
275,13,Box,3.08121,0.499547,-0.00849897,0.00675621,0.00153436,-0.0079436
275,14,Box,-5.65819,0.498945,3.13214,-6.48424e-05,2.85953e-05,8.82325e-05
275,15,Box,-1.90193,1.43556,1.56718,0.179097,-0.329866,-0.280831
280,0,Box,0,-1,0,0,0,0
280,1,Box,-0.798343,0.49451,0.0295432,-0.000854106,-0.00018372,0.00176094
280,2,Box,1.62038,0.481996,0.0016559,0.00931828,0.00128053,-0.00975018
280,3,Box,-4.14002,0.475652,1.56476,-0.0427304,-0.18021,-0.3635
280,4,Box,4.10646,0.458276,-1.57786,0.0692451,-0.224105,-0.447958
280,5,Box,6.34475,0.478615,-1.57023,0.0155635,-0.079611,0.159554
280,6,Box,0.640471,0.479471,1.57116,0.0166939,-0.0181078,-0.0168183
280,7,Box,4.12745,1.41129,1.56659,0.148505,-0.602975,0.322618
280,8,Box,-2.93026,0.494026,0.0254124,0.0025792,0.000762869,-0.00298347
280,9,Box,2.26297,1.44565,-0.439191,0.0217461,-0.00602643,-0.0122773
280,10,Box,-1.81731,0.467972,1.56896,0.0843537,-0.164587,0.331544
280,11,Box,-0.0763531,1.44614,0.810034,0.0316349,-0.0289744,-0.0120334
280,12,Box,-3.53274,1.56696,-0.829912,-0.0461093,-0.105595,-0.112244
280,13,Box,3.08176,0.499675,-0.00915728,0.00665553,0.0015301,-0.00785898
280,14,Box,-5.65819,0.498948,3.13215,-6.48089e-05,2.85804e-05,8.81899e-05
280,15,Box,-1.89593,1.43279,1.57547,-0.0924269,-0.320077,0.0215364
285,0,Box,0,-1,0,0,0,0
285,1,Box,-0.798562,0.494629,0.0298778,0.000150693,0.000612914,-0.00031081
285,2,Box,1.62159,0.481845,0.00129593,0.00230327,0.00235014,-0.00461287
285,3,Box,-4.15084,0.477703,1.57101,-0.0700753,-0.0961962,-0.193328
285,4,Box,4.10567,0.468843,-1.56222,-0.0626376,0.0414334,0.157757
285,5,Box,6.34885,0.478282,-1.5729,0.0716935,-0.079871,-0.159828
285,6,Box,0.640526,0.478185,1.57193,-0.0445392,-0.0642091,0.116056
285,7,Box,4.11615,1.42558,1.57493,-0.0692611,-0.165778,-0.260767
285,8,Box,-2.93009,0.494082,0.0252111,0.00173472,0.000566449,-0.00206774
285,9,Box,2.26452,1.44503,-0.440033,0.0173274,-0.0118854,-0.00531445
285,10,Box,-1.81277,0.469284,1.57353,-0.000952939,-0.0900794,0.180202
285,11,Box,-0.0747883,1.44476,0.808352,0.0255208,-0.0205262,-0.0033285
285,12,Box,-3.53563,1.56136,-0.835112,-0.0446667,-0.0811882,-0.0774668
285,13,Box,3.08244,0.499745,-0.00981147,0.00679636,0.00157986,-0.00805786
285,14,Box,-5.6582,0.49895,3.13215,-6.47716e-05,2.85655e-05,8.81447e-05
285,15,Box,-1.88665,1.43307,1.56696,0.258937,-0.345969,-0.394297
290,0,Box,0,-1,0,0,0,0
290,1,Box,-0.798114,0.494842,0.0293935,-0.000621091,-3.84117e-05,0.00128033
290,2,Box,1.62273,0.481698,0.000551433,0.00934642,0.00130112,-0.00982948
290,3,Box,-4.16099,0.475273,1.56472,-0.0598711,-0.187948,-0.37857
290,4,Box,4.10459,0.472243,-1.57504,0.0478875,0.029521,-0.127869
290,5,Box,6.35198,0.47862,-1.57025,0.0146562,-0.0796071,0.15955
290,6,Box,0.643189,0.479135,1.57065,0.0167345,-0.0181293,-0.0168434
290,7,Box,4.1248,1.43842,1.56772,0.0775069,-0.0689463,0.0732056
290,8,Box,-2.92992,0.494139,0.0250024,0.00228281,0.000691043,-0.0026609
290,9,Box,2.26596,1.44487,-0.441054,0.0216511,-0.00578059,-0.0121143
290,10,Box,-1.81219,0.469252,1.57114,0.00891204,-0.157716,0.316997
290,11,Box,-0.0736377,1.44478,0.807082,0.03205,-0.028506,-0.01237
290,12,Box,-3.53839,1.55524,-0.841976,-0.0623191,-0.116521,-0.117874
290,13,Box,3.08343,0.499667,-0.0104678,0.00660566,0.0015172,-0.00782537
290,14,Box,-5.6582,0.498952,3.13216,-6.47418e-05,2.85506e-05,8.80971e-05
290,15,Box,-1.88084,1.43339,1.56899,-0.128962,-0.302936,0.0291649
295,0,Box,0,-1,0,0,0,0
295,1,Box,-0.797961,0.4949,0.0294411,0.000384947,0.000823944,-0.000793609
295,2,Box,1.62373,0.481414,0.000525338,0.00259834,0.00262662,-0.00519987
295,3,Box,-4.17259,0.477529,1.56846,-0.109438,-0.109467,0.217582
295,4,Box,4.1055,0.470276,-1.5679,-0.00728858,-0.173964,0.348844
295,5,Box,6.356,0.478277,-1.57293,0.0707726,-0.0798749,-0.159832
295,6,Box,0.643098,0.478187,1.57107,-0.0411956,-0.0618244,0.111128
295,7,Box,4.12055,1.43648,1.56943,-0.091573,-0.420944,-0.157218
295,8,Box,-2.92975,0.494196,0.0248019,0.00215138,0.00079884,-0.00267516
295,9,Box,2.26706,1.44421,-0.441764,0.0172988,-0.010918,-0.00446371
295,10,Box,-1.81079,0.47085,1.57286,-0.0128644,0.00321672,0.0434088
295,11,Box,-0.0715529,1.44338,0.804342,0.0270597,-0.0209291,-0.0036205
295,12,Box,-3.54207,1.54922,-0.847311,-0.0894486,-0.0984116,-0.0350333
295,13,Box,3.08442,0.499586,-0.0111217,0.00672693,0.00156666,-0.00800608
295,14,Box,-5.65821,0.498955,3.13217,-6.47064e-05,2.85357e-05,8.80431e-05
295,15,Box,-1.88517,1.43706,1.57365,0.100918,-0.140768,-0.290057
300,0,Box,0,-1,0,0,0,0
300,1,Box,-0.797849,0.494964,0.0295137,0.000183229,0.000595591,-0.000377773
300,2,Box,1.62461,0.481112,0.000214113,0.00235544,0.00239543,-0.00471226
300,3,Box,-4.18502,0.475723,1.57501,-0.138065,-0.189551,0.379909
300,4,Box,4.10639,0.465923,-1.57185,0.0203851,-0.191904,-0.385862
300,5,Box,6.35905,0.478625,-1.57028,0.0137213,-0.0796031,0.159546
300,6,Box,0.644168,0.478009,1.57192,-0.0443817,-0.0640149,0.115815
300,7,Box,4.11787,1.42197,1.57935,0.0185392,-0.575337,0.394253
300,8,Box,-2.9296,0.494249,0.0246122,0.00198351,0.000663238,-0.00238481
300,9,Box,2.26831,1.44382,-0.442581,0.0171535,-0.0113877,-0.00496118
300,10,Box,-1.81257,0.471055,1.57567,-0.0318425,-0.158158,0.316441
300,11,Box,-0.0707294,1.44308,0.80253,0.0249116,-0.0202733,-0.00313134
300,12,Box,-3.54618,1.54309,-0.852265,-0.117239,-0.122289,-0.0306911
300,13,Box,3.08541,0.499504,-0.0117736,0.00670052,0.00155648,-0.00798389
300,14,Box,-5.65821,0.498957,3.13218,-6.46729e-05,2.85208e-05,8.80074e-05
300,15,Box,-1.88467,1.44162,1.57572,-0.12346,-0.283893,0.0746552
305,0,Box,0,-1,0,0,0,0
305,1,Box,-0.797585,0.493735,0.027556,-0.000483493,-5.26311e-05,0.000994754
305,2,Box,1.62559,0.480745,-8.07354e-05,0.0019206,0.00192393,-0.00384113
305,3,Box,-4.19599,0.477557,1.57181,-0.0829938,-0.102372,-0.204225
305,4,Box,4.10763,0.461927,-1.57109,0.0426101,-0.0777248,-0.0311783
305,5,Box,6.363,0.478272,-1.57295,0.0698238,-0.079879,-0.159836
305,6,Box,0.645332,0.47804,1.57266,-0.051849,-0.0663449,0.123968
305,7,Box,4.12198,1.42078,1.5755,0.264649,-0.268133,-0.41157
305,8,Box,-2.92946,0.494298,0.0244448,0.0010684,0.000399175,-0.00133231
305,9,Box,2.26958,1.44346,-0.443386,0.0173293,-0.0104401,-0.00698981
305,10,Box,-1.81508,0.468478,1.56602,-0.0188502,-0.197692,-0.395943
305,11,Box,-0.0707479,1.44233,0.801226,0.0163988,-0.0163746,-0.000923533
305,12,Box,-3.55013,1.53717,-0.857575,-0.0681726,-0.0902102,-0.0756166
305,13,Box,3.0864,0.499419,-0.012427,0.00642825,0.00149239,-0.00767179
305,14,Box,-5.65822,0.498959,3.13218,-6.46412e-05,2.85059e-05,8.79674e-05
305,15,Box,-1.88208,1.43349,1.57096,0.0478985,-0.484002,0.232964
310,0,Box,0,-1,0,0,0,0
310,1,Box,-0.798045,0.493778,0.0283371,-0.00754828,-0.000802731,0.0155389
310,2,Box,1.62634,0.480298,7.52089e-05,-0.0031608,-0.000494323,0.00632141
310,3,Box,-4.20683,0.475629,1.56577,-0.0591661,-0.185786,-0.374164
310,4,Box,4.11011,0.469305,-1.58238,0.101624,0.0780684,-0.242043
310,5,Box,6.36596,0.47863,-1.5703,0.0127586,-0.079599,0.159542
310,6,Box,0.647442,0.47733,1.56829,0.048861,-0.0840676,-0.166568
310,7,Box,4.13942,1.42078,1.57119,0.0182959,-0.302876,0.549105
310,8,Box,-2.92931,0.494348,0.0242665,0.00194589,0.000612149,-0.00229792
310,9,Box,2.27067,1.44277,-0.444193,0.0144626,-0.0207107,-0.0129892
310,10,Box,-1.81673,0.464921,1.57203,-0.0166581,-0.206253,0.414519
310,11,Box,-0.0686717,1.44035,0.797463,0.0722522,-0.0747678,-0.0740707
310,12,Box,-3.55397,1.5313,-0.863156,-0.0749766,-0.112966,-0.108833
310,13,Box,3.08738,0.499336,-0.0130762,0.00646034,0.00145261,-0.00767211
310,14,Box,-5.65822,0.498962,3.13219,-6.46077e-05,2.8491e-05,8.79001e-05
310,15,Box,-1.88417,1.42119,1.56481,-0.0771595,-0.5519,-0.324
315,0,Box,0,-1,0,0,0,0
315,1,Box,-0.798596,0.49407,0.0286553,0.00126194,0.00162543,-0.00259955
315,2,Box,1.62793,0.47998,3.44671e-05,0.00392968,0.00390084,-0.00786067
315,3,Box,-4.21817,0.477375,1.56945,-0.105249,-0.107372,0.209487
315,4,Box,4.11885,0.464876,-1.57367,0.133864,-0.184508,-0.370209
315,5,Box,6.36983,0.478267,-1.57298,0.0688468,-0.0798831,-0.15984
315,6,Box,0.647066,0.478334,1.56825,-0.0337857,-0.0602939,0.105965
315,7,Box,4.14083,1.41922,1.58078,0.0705165,-0.564317,0.410548
315,8,Box,-2.92917,0.494399,0.024093,0.00178372,0.000721695,-0.00228807
315,9,Box,2.27183,1.44229,-0.444833,0.0173987,-0.00777929,-0.000670115
315,10,Box,-1.815,0.462179,1.56724,0.0458747,-0.189215,-0.37915
315,11,Box,-0.0668844,1.43903,0.794538,0.0357133,-0.0249343,-0.00501229
315,12,Box,-3.55847,1.52574,-0.867,-0.0993571,-0.0930841,-0.0218661
315,13,Box,3.08836,0.499255,-0.0137283,0.00664977,0.0015639,-0.00798491
315,14,Box,-5.65823,0.498964,3.1322,-6.45705e-05,2.84761e-05,8.7874e-05
315,15,Box,-1.88727,1.41532,1.57613,-0.00487998,-0.573046,0.444379
320,0,Box,0,-1,0,0,0,0
320,1,Box,-0.799017,0.494298,0.0292682,-1.36872e-05,0.000592386,2.82119e-05
320,2,Box,1.62831,0.479871,2.93202e-05,0.00257,0.00259572,-0.0051406
320,3,Box,-4.22998,0.475549,1.57579,-0.133415,-0.185887,0.372225
320,4,Box,4.12156,0.468306,-1.57134,0.0628235,-0.103851,0.208482
320,5,Box,6.37271,0.478636,-1.57033,0.011767,-0.0795946,0.159537
320,6,Box,0.647674,0.477978,1.57066,-0.0437795,-0.0637591,0.115497
320,7,Box,4.15017,1.42954,1.56659,0.0103541,-0.246158,-0.0875985
320,8,Box,-2.92903,0.494448,0.0239242,0.0018986,0.000640753,-0.0022927
320,9,Box,2.27306,1.44199,-0.445526,0.0170302,-0.0103534,-0.00419093
320,10,Box,-1.80948,0.458244,1.57859,0.0730774,-0.242114,0.484211
320,11,Box,-0.0670038,1.43928,0.791959,0.0242531,-0.0205822,-0.00259129
320,12,Box,-3.56341,1.5201,-0.870022,-0.124501,-0.109122,0.0104961
320,13,Box,3.08933,0.499172,-0.014371,0.00657808,0.00152901,-0.00789274
320,14,Box,-5.65823,0.498967,3.1322,-6.45425e-05,2.84612e-05,8.78312e-05
320,15,Box,-1.89222,1.41383,1.58126,-0.084477,-0.563328,-0.188471
325,0,Box,0,-1,0,0,0,0
325,1,Box,-0.799008,0.494501,0.0292759,-0.000237618,0.000114712,0.000489777
325,2,Box,1.62908,0.479779,2.99279e-06,0.00197557,0.00198532,-0.00395141
325,3,Box,-4.2402,0.477833,1.57254,-0.0764998,-0.100577,-0.200334
325,4,Box,4.12381,0.471127,-1.57036,0.0235317,-0.032108,-0.033432
325,5,Box,6.3765,0.478261,-1.573,0.0678404,-0.0798874,-0.159845
325,6,Box,0.647467,0.476975,1.57258,-0.102932,-0.117314,0.226161
325,7,Box,4.14922,1.43625,1.5665,0.184157,-0.199876,-0.367143
325,8,Box,-2.92892,0.49449,0.0237805,0.000785636,0.000317626,-0.00100816
325,9,Box,2.27433,1.44181,-0.446182,0.0166479,-0.00975598,-0.00611559
325,10,Box,-1.81644,0.46357,1.56689,-0.0811827,-0.214453,-0.430223
325,11,Box,-0.0656846,1.43898,0.789071,0.0166515,-0.0159243,-0.00117946
325,12,Box,-3.56816,1.51451,-0.873973,-0.0743272,-0.0851525,-0.0675208
325,13,Box,3.0903,0.499089,-0.0150127,0.00618838,0.00143475,-0.00743386
325,14,Box,-5.65824,0.498969,3.13221,-6.45053e-05,2.84463e-05,8.7785e-05
325,15,Box,-1.88425,1.42314,1.56751,0.0534442,-0.458744,0.121537
330,0,Box,0,-1,0,0,0,0
330,1,Box,-0.799502,0.494641,0.0301409,-0.00769441,-0.000824978,0.01587
330,2,Box,1.62917,0.479787,0.000169871,-0.00310715,-0.000486251,0.00621472
330,3,Box,-4.25041,0.475971,1.56648,-0.0506557,-0.182674,-0.367776
330,4,Box,4.12783,0.469288,-1.57416,0.0725497,-0.154169,-0.308772
330,5,Box,6.3793,0.478641,-1.57035,0.0107456,-0.0795903,0.159532
330,6,Box,0.65038,0.477249,1.56854,0.0474678,-0.0834778,-0.165387
330,7,Box,4.15526,1.43413,1.57247,0.0685913,-0.46844,0.339582
330,8,Box,-2.92879,0.494536,0.0236236,0.0017102,0.000556417,-0.00204316
330,9,Box,2.27552,1.44136,-0.446977,0.014231,-0.0202372,-0.0126153
330,10,Box,-1.81991,0.468078,1.57363,-0.0606443,0.0393007,0.160279
330,11,Box,-0.0646404,1.43793,0.785291,0.071251,-0.0742822,-0.0737973
330,12,Box,-3.57262,1.50908,-0.878177,-0.0814085,-0.105891,-0.0980626
330,13,Box,3.09126,0.499006,-0.0156557,0.00636428,0.00142751,-0.0076063
330,14,Box,-5.65824,0.498971,3.13222,-6.44736e-05,2.84314e-05,8.77412e-05
330,15,Box,-1.89125,1.42948,1.5724,-0.0204649,-0.150615,-0.26096
335,0,Box,0,-1,0,0,0,0
335,1,Box,-0.7995,0.49373,0.0279927,0.00104742,0.0014069,-0.00215611
335,2,Box,1.63064,0.479894,0.000148361,0.00385431,0.00382325,-0.00771076
335,3,Box,-4.26125,0.477355,1.56991,-0.101015,-0.104237,0.201178
335,4,Box,4.13242,0.463864,-1.5667,0.0420614,-0.208127,0.417267
335,5,Box,6.383,0.478255,-1.57303,0.0668037,-0.0798917,-0.15985
335,6,Box,0.649873,0.478183,1.5687,-0.0359501,-0.0617372,0.109322
335,7,Box,4.15893,1.42132,1.56928,0.0203613,-0.571857,-0.335666
335,8,Box,-2.92867,0.494582,0.0234713,0.00152964,0.000638409,-0.0019865
335,9,Box,2.2768,1.44117,-0.447612,0.0172438,-0.00750998,-0.000690501
335,10,Box,-1.82417,0.466771,1.56862,-0.0277622,-0.183378,-0.368041
335,11,Box,-0.0636023,1.43662,0.782744,0.0327935,-0.0241599,-0.00410096
335,12,Box,-3.5777,1.50391,-0.880579,-0.105914,-0.0888268,-0.0055989
335,13,Box,3.09223,0.498923,-0.0163023,0.00654202,0.001535,-0.00790502
335,14,Box,-5.65825,0.498974,3.13223,-6.44382e-05,2.84165e-05,8.76927e-05
335,15,Box,-1.89278,1.42678,1.57452,-0.00355741,-0.487053,0.290829
340,0,Box,0,-1,0,0,0,0
340,1,Box,-0.799939,0.493981,0.0286198,4.7389e-05,0.000444694,-9.76112e-05
340,2,Box,1.63085,0.479897,0.000145193,0.00250118,0.00252773,-0.00500351
340,3,Box,-4.27248,0.47555,1.57605,-0.129642,-0.182341,0.364986
340,4,Box,4.13647,0.461457,-1.57396,0.054262,-0.21673,-0.434828
340,5,Box,6.38571,0.478647,-1.57038,0.0096935,-0.0795857,0.159527
340,6,Box,0.650423,0.477819,1.57122,-0.0444683,-0.0639214,0.116127
340,7,Box,4.16585,1.41429,1.5742,0.122152,-0.589652,0.332918
340,8,Box,-2.92854,0.494627,0.0233164,0.00187315,0.000634489,-0.00226749
340,9,Box,2.27808,1.44103,-0.448289,0.0168414,-0.0101249,-0.00415395
340,10,Box,-1.82577,0.462255,1.57628,-0.015327,-0.217147,0.434746
340,11,Box,-0.0637675,1.43695,0.780199,0.0223143,-0.0198294,-0.00208987
340,12,Box,-3.58323,1.49872,-0.881365,-0.129516,-0.0969104,0.0612269
340,13,Box,3.09319,0.498839,-0.0169395,0.00647585,0.00150105,-0.00781842
340,14,Box,-5.65825,0.498976,3.13223,-6.44065e-05,2.84016e-05,8.764e-05
340,15,Box,-1.89857,1.4191,1.57239,-0.110022,-0.550036,-0.270749
345,0,Box,0,-1,0,0,0,0
345,1,Box,-0.800652,0.494258,0.0292651,-0.0144261,-0.000717666,0.00135344
345,2,Box,1.63112,0.479838,0.000329655,-0.00350356,-0.000567959,0.00700862
345,3,Box,-4.28201,0.478033,1.57283,-0.0705456,-0.098464,-0.195707
345,4,Box,4.13867,0.460779,-1.56831,0.0104734,-0.201818,0.405122
345,5,Box,6.38932,0.47825,-1.57306,0.065736,-0.0798962,-0.159854
345,6,Box,0.65263,0.476269,1.56671,0.0797625,-0.149217,-0.299022
345,7,Box,4.17205,1.41095,1.56439,0.0372535,-0.60052,-0.419402
345,8,Box,-2.92844,0.494665,0.0231885,0.000543404,0.000244988,-0.000726587
345,9,Box,2.27931,1.44068,-0.449092,0.0140806,-0.0215591,-0.0126339
345,10,Box,-1.82343,0.465499,1.57067,0.0302141,-0.0403793,-0.0418336
345,11,Box,-0.0617182,1.43516,0.776167,0.127997,-0.125247,-0.0912225
345,12,Box,-3.58861,1.49341,-0.883584,-0.0781875,-0.080721,-0.0609277
345,13,Box,3.09414,0.498755,-0.017577,0.00651558,0.00145532,-0.00782056
345,14,Box,-5.65826,0.498979,3.13224,-6.43656e-05,2.83867e-05,8.75895e-05
345,15,Box,-1.89412,1.42512,1.5697,0.267672,-0.219119,-0.471271
350,0,Box,0,-1,0,0,0,0
350,1,Box,-0.801044,0.494486,0.0298616,-0.00810799,-0.000849646,0.0167178
350,2,Box,1.63205,0.479852,0.000272324,-0.0031083,-0.00048755,0.00621766
350,3,Box,-4.29154,0.476225,1.56687,-0.0428596,-0.179267,-0.360652
350,4,Box,4.13912,0.457606,-1.57802,0.00821024,-0.232134,-0.464197
350,5,Box,6.39194,0.478653,-1.57041,0.00860978,-0.079581,0.159522
350,6,Box,0.652679,0.477309,1.56908,0.0433926,-0.0820659,-0.162511
350,7,Box,4.17964,1.41082,1.56408,0.118141,-0.590115,0.27311
350,8,Box,-2.92832,0.494707,0.0230437,0.00154424,0.000516193,-0.00186269
350,9,Box,2.2806,1.44062,-0.449693,0.0140599,-0.0200259,-0.0123578
350,10,Box,-1.82081,0.470714,1.57068,0.0491897,-0.117496,-0.235887
350,11,Box,-0.061784,1.43544,0.773601,0.0680703,-0.0722701,-0.0733056
350,12,Box,-3.5936,1.48833,-0.885884,-0.0853476,-0.0999372,-0.0891236
350,13,Box,3.09509,0.498671,-0.0182119,0.00630665,0.00141012,-0.00758438
350,14,Box,-5.65826,0.498981,3.13225,-6.43339e-05,2.83718e-05,8.75478e-05
350,15,Box,-1.89418,1.43526,1.5754,-0.0436042,-0.35262,0.267632
355,0,Box,0,-1,0,0,0,0
355,1,Box,-0.801387,0.494712,0.0302922,-0.00820899,-0.000864901,0.0169337
355,2,Box,1.63312,0.479914,-4.89893e-05,-0.00305933,-0.000477833,0.00611774
355,3,Box,-4.30179,0.477434,1.57021,-0.0984727,-0.0996421,0.19619
355,4,Box,4.1379,0.466432,-1.56813,0.0443061,-0.122067,-0.245793
355,5,Box,6.39546,0.478244,-1.57308,0.0646361,-0.079901,-0.15986
355,6,Box,0.653616,0.478005,1.56998,0.0409487,-0.0800084,-0.158505
355,7,Box,4.16322,1.42132,1.58191,-0.265781,-0.436741,0.411017
355,8,Box,-2.92821,0.49475,0.0228987,0.00156082,0.000589509,-0.00195953
355,9,Box,2.28192,1.44053,-0.450439,0.0139337,-0.0197392,-0.0122089
355,10,Box,-1.81742,0.471937,1.56842,0.0457164,0.0244862,-0.120046
355,11,Box,-0.061593,1.43541,0.772058,0.0653445,-0.0701598,-0.0716882
355,12,Box,-3.59914,1.48346,-0.885856,-0.108491,-0.0852768,0.0277078
355,13,Box,3.09604,0.498586,-0.0188468,0.00623832,0.00139389,-0.00751403
355,14,Box,-5.65827,0.498983,3.13225,-6.43022e-05,2.83569e-05,8.75091e-05
355,15,Box,-1.888,1.43985,1.56844,0.085247,-0.0447913,0.0323229
360,0,Box,0,-1,0,0,0,0
360,1,Box,-0.801439,0.49389,0.0284644,3.22768e-05,0.000418241,-6.64724e-05
360,2,Box,1.6343,0.479825,-9.82652e-05,0.00263805,0.00265486,-0.00527604
360,3,Box,-4.31241,0.475595,1.57624,-0.126923,-0.179089,0.35837
360,4,Box,4.13768,0.47201,-1.57389,0.0429168,0.0250459,-0.117522
360,5,Box,6.39799,0.478659,-1.57044,0.00749343,-0.0795763,0.159517
360,6,Box,0.653756,0.478154,1.57037,-0.0434054,-0.0629879,0.114474
360,7,Box,4.17126,1.4382,1.56984,0.068681,-0.0657653,0.070618
360,8,Box,-2.92808,0.494793,0.0227476,0.00194222,0.000656349,-0.00235221
360,9,Box,2.28314,1.44029,-0.451031,0.0167171,-0.00937311,-0.00364559
360,10,Box,-1.81741,0.475703,1.5734,-0.0138625,0.00470241,0.0444067
360,11,Box,-0.0608906,1.43425,0.769933,0.0215882,-0.0198491,-0.00165579
360,12,Box,-3.60519,1.47859,-0.883786,-0.132575,-0.0864656,0.123363
360,13,Box,3.09699,0.498501,-0.0194866,0.00635839,0.00147263,-0.00772748
360,14,Box,-5.65827,0.498986,3.13226,-6.42668e-05,2.8342e-05,8.7469e-05
360,15,Box,-1.88963,1.44644,1.56974,0.0544479,-0.0987116,-0.191608
365,0,Box,0,-1,0,0,0,0
365,1,Box,-0.801993,0.494165,0.0288372,-0.000566805,-0.000171511,0.00116774
365,2,Box,1.63508,0.479772,-0.000133134,0.00197142,0.00197887,-0.00394257
365,3,Box,-4.32132,0.478203,1.57308,-0.0660783,-0.0967213,-0.191816
365,4,Box,4.13818,0.469632,-1.56647,-0.0132316,-0.174708,0.349838
365,5,Box,6.40141,0.478237,-1.57311,0.0635031,-0.0799058,-0.159865
365,6,Box,0.653387,0.47705,1.57229,-0.103218,-0.116949,0.226002
365,7,Box,4.16641,1.43654,1.57175,-0.0973118,-0.416769,-0.156816
365,8,Box,-2.92799,0.494829,0.0226279,0.000328321,0.000181431,-0.000477035
365,9,Box,2.28442,1.44021,-0.451646,0.0163241,-0.00903412,-0.00576
365,10,Box,-1.81823,0.468603,1.56743,0.0146609,-0.191013,-0.383005
365,11,Box,-0.0599475,1.43365,0.767119,0.0136255,-0.015758,2.72626e-05
365,12,Box,-3.61106,1.47341,-0.88418,-0.0803961,-0.0777703,-0.0564489
365,13,Box,3.09793,0.498415,-0.0201162,0.00599066,0.00138257,-0.0072877
365,14,Box,-5.65828,0.498988,3.13227,-6.42296e-05,2.83271e-05,8.74043e-05
365,15,Box,-1.88504,1.43418,1.56945,0.0627586,-0.483248,0.25685
370,0,Box,0,-1,0,0,0,0
370,1,Box,-0.802548,0.494422,0.0297201,-0.00765941,-0.000831373,0.0157907
370,2,Box,1.63514,0.479805,1.77585e-05,-0.00299962,-0.000466811,0.00599875
370,3,Box,-4.33037,0.476415,1.56721,-0.0377167,-0.176955,-0.355748
370,4,Box,4.13842,0.466443,-1.57063,0.00961361,-0.192907,-0.388375
370,5,Box,6.40385,0.478665,-1.57047,0.00634344,-0.0795713,0.159512
370,6,Box,0.656237,0.477211,1.56837,0.0475478,-0.0821486,-0.162767
370,7,Box,4.16335,1.42221,1.58109,0.0158651,-0.566067,0.381966
370,8,Box,-2.92787,0.494869,0.0224882,0.00146353,0.000497233,-0.00177645
370,9,Box,2.28558,1.4398,-0.452391,0.0138382,-0.0193725,-0.0119977
370,10,Box,-1.81684,0.464746,1.57406,0.0203318,-0.210569,0.422515
370,11,Box,-0.0588898,1.43272,0.763428,0.070646,-0.0742734,-0.0721955
370,12,Box,-3.61646,1.46849,-0.884684,-0.0883048,-0.0967388,-0.0833512
370,13,Box,3.09887,0.498331,-0.0207477,0.00617721,0.00137756,-0.0074758
370,14,Box,-5.65828,0.49899,3.13228,-6.41961e-05,2.83122e-05,8.73589e-05
370,15,Box,-1.88555,1.42126,1.56495,-0.0538019,-0.55083,-0.301411
375,0,Box,0,-1,0,0,0,0
375,1,Box,-0.802546,0.494869,0.0295242,0.0332391,0.00725652,-0.0351398
375,2,Box,1.63663,0.479869,-6.08164e-05,0.00444663,0.0044178,-0.00889404
375,3,Box,-4.34029,0.477449,1.57051,-0.0972688,-0.0967473,0.193856
375,4,Box,4.13943,0.462282,-1.57758,0.0223833,-0.244403,-0.489343
375,5,Box,6.40717,0.478231,-1.57314,0.0623359,-0.0799107,-0.15987
375,6,Box,0.655847,0.478174,1.56841,-0.0340481,-0.0620212,0.109495
375,7,Box,4.18247,1.42263,1.56261,0.230143,-0.526341,0.081752
375,8,Box,-2.92776,0.49491,0.0223442,0.00166678,0.000586342,-0.00204632
375,9,Box,2.28681,1.43965,-0.452938,0.0172068,-0.00568254,0.00105294
375,10,Box,-1.8127,0.464361,1.57241,0.0285934,-0.0942679,-0.222393
375,11,Box,-0.0570471,1.43195,0.760383,0.0529933,-0.00470116,-0.0165999
375,12,Box,-3.62238,1.46371,-0.882502,-0.111475,-0.0853771,0.0583424
375,13,Box,3.09981,0.498246,-0.0213819,0.006365,0.00148667,-0.00778813
375,14,Box,-5.65828,0.498993,3.13228,-6.41625e-05,2.82973e-05,8.73407e-05
375,15,Box,-1.8887,1.41761,1.57817,-0.110522,-0.433014,0.480164
380,0,Box,0,-1,0,0,0,0
380,1,Box,-0.80209,0.493739,0.0273163,0.0271311,-0.0708831,-0.147088
380,2,Box,1.63691,0.47986,-0.00011646,0.00304699,0.00317149,-0.00609389
380,3,Box,-4.35062,0.475548,1.57648,-0.125669,-0.177455,0.354991
380,4,Box,4.14704,0.463788,-1.56668,0.0869213,-0.225275,0.45197
380,5,Box,6.40951,0.478672,-1.5705,0.00515902,-0.0795663,0.159507
380,6,Box,0.656483,0.477827,1.57094,-0.0413545,-0.0651742,0.116235
380,7,Box,4.18157,1.42398,1.57477,-0.0240764,-0.526412,-0.187707
380,8,Box,-2.92763,0.494954,0.0221922,0.00205882,0.000693871,-0.0024942
380,9,Box,2.28805,1.43952,-0.453513,0.0164687,-0.00951196,-0.00183498
380,10,Box,-1.8139,0.46914,1.57487,-0.0258241,-0.1309,0.261874
380,11,Box,-0.0574642,1.4321,0.758063,-0.00966285,-0.0452662,0.0230195
380,12,Box,-3.62883,1.45891,-0.877919,-0.137067,-0.0842946,0.179221
380,13,Box,3.10074,0.498161,-0.0220091,0.00640718,0.00145522,-0.00780872
380,14,Box,-5.65829,0.498995,3.13229,-6.4129e-05,2.82824e-05,8.72915e-05
380,15,Box,-1.88574,1.43529,1.57231,-0.0650998,-0.248029,0.0318771
385,0,Box,0,-1,0,0,0,0
385,1,Box,-0.802229,0.493608,0.027725,-0.00617795,-0.000229951,0.0127104
385,2,Box,1.63718,0.479803,5.61395e-05,-0.00340734,-0.000550164,0.00681429
385,3,Box,-4.35933,0.478252,1.57333,-0.0653088,-0.0967871,-0.191791
385,4,Box,4.15063,0.467786,-1.57397,0.0669695,0.0459945,-0.17151
385,5,Box,6.41274,0.478224,-1.57317,0.0611338,-0.0799159,-0.159875
385,6,Box,0.658632,0.476314,1.56681,0.0826636,-0.145435,-0.290874
385,7,Box,4.19074,1.42854,1.56883,0.0311524,-0.166705,0.279211
385,8,Box,-2.92754,0.494988,0.0220763,0.000183317,0.000140182,-0.000310302
385,9,Box,2.28922,1.43916,-0.454273,0.0136927,-0.0207301,-0.0120266
385,10,Box,-1.81416,0.47294,1.56824,-0.0165912,-0.0294797,0.0158763
385,11,Box,-0.0552749,1.4306,0.753956,0.131635,-0.122473,-0.0935216
385,12,Box,-3.63503,1.45369,-0.877026,-0.0822715,-0.0775249,-0.0555021
385,13,Box,3.10167,0.498073,-0.0226359,0.00633249,0.00140589,-0.00769619
385,14,Box,-5.65829,0.498998,3.1323,-6.40936e-05,2.82675e-05,8.7229e-05
385,15,Box,-1.88009,1.44184,1.568,-0.0212269,-0.115255,0.183819
390,0,Box,0,-1,0,0,0,0
390,1,Box,-0.802545,0.493773,0.0283473,-0.00838236,-0.000893199,0.0172556
390,2,Box,1.63804,0.479845,-2.08772e-05,-0.00300446,-0.000468722,0.00600819
390,3,Box,-4.36838,0.476433,1.56738,-0.037163,-0.177096,-0.356216
390,4,Box,4.15598,0.466319,-1.56856,0.0460455,-0.188874,0.379141
390,5,Box,6.41497,0.478678,-1.57053,0.0039389,-0.0795609,0.159501
390,6,Box,0.658687,0.477322,1.56912,0.0421927,-0.081767,-0.161884
390,7,Box,4.19287,1.42589,1.56757,0.00868347,-0.500892,-0.27419
390,8,Box,-2.92742,0.495029,0.0219339,0.00150893,0.00050448,-0.00182451
390,9,Box,2.29046,1.43908,-0.454822,0.0136827,-0.019201,-0.0117657
390,10,Box,-1.81636,0.474434,1.58017,-0.071343,0.0496704,0.180563
390,11,Box,-0.0554305,1.43082,0.751442,0.0673282,-0.0725667,-0.0731273
390,12,Box,-3.6407,1.44873,-0.876445,-0.0920527,-0.0969848,-0.077032
390,13,Box,3.10259,0.497987,-0.0232588,0.00612376,0.00136102,-0.00745677
390,14,Box,-5.6583,0.499,3.1323,-6.4062e-05,2.82452e-05,8.71951e-05
390,15,Box,-1.88613,1.43587,1.57046,0.0623322,-0.243855,-0.473958
395,0,Box,0,-1,0,0,0,0
395,1,Box,-0.802995,0.494052,0.0290144,-0.0100656,-0.000854278,0.020734
395,2,Box,1.63886,0.47985,-5.35648e-05,-0.00301854,-0.000472778,0.00603615
395,3,Box,-4.37842,0.477375,1.5705,-0.0964634,-0.0985213,0.192254
395,4,Box,4.16006,0.462477,-1.57503,0.0528648,-0.210094,-0.420961
395,5,Box,6.4181,0.478217,-1.5732,0.0598954,-0.0799211,-0.159881
395,6,Box,0.658083,0.477883,1.57164,0.0227282,-0.0776905,-0.153266
395,7,Box,4.19894,1.41763,1.57295,0.114709,-0.57141,0.328566
395,8,Box,-2.9273,0.495074,0.021782,0.00178932,0.000656517,-0.00222974
395,9,Box,2.29166,1.43889,-0.455428,0.0135545,-0.0191527,-0.0116488
395,10,Box,-1.82143,0.468015,1.57132,-0.0850084,-0.182114,0.366259
395,11,Box,-0.0551309,1.43067,0.748966,0.054603,-0.0619891,-0.0746725
395,12,Box,-3.64697,1.44375,-0.873216,-0.11898,-0.0910383,0.0705819
395,13,Box,3.10351,0.497901,-0.0238817,0.00608676,0.0013514,-0.00742284
395,14,Box,-5.6583,0.499002,3.13231,-6.40322e-05,2.82377e-05,8.71577e-05
395,15,Box,-1.88193,1.42618,1.55973,-0.00828075,-0.535334,-0.392201
400,0,Box,0,-1,0,0,0,0
400,1,Box,1.6395,0.479736,2.78265e-05,0.00362359,0.00377193,-0.00724825
400,2,Box,-4.38901,0.475501,1.5764,-0.12605,-0.178265,0.356652
400,3,Box,4.16185,0.461904,-1.56957,0.00350891,-0.198001,0.3979
400,4,Box,6.42023,0.478685,-1.57056,0.00268202,-0.0795556,0.159495
400,5,Box,0.658795,0.477353,1.57192,-0.0441451,-0.0744995,0.14168
400,6,Box,4.20485,1.41263,1.563,0.0344933,-0.592191,-0.423625
400,7,Box,-2.92717,0.49512,0.0216195,0.00216917,0.000727853,-0.00262746
400,8,Box,2.29345,1.43812,-0.456763,0.0191121,-0.0122028,-0.0157714
400,9,Box,-1.8187,0.468095,1.57368,0.0988036,-0.149736,-0.301849
400,10,Box,-0.0555728,1.42919,0.746968,-0.0516294,-0.0802609,0.0510459
400,11,Box,-3.65374,1.43872,-0.866879,-0.145317,-0.092233,0.222154
400,12,Box,3.10512,0.497265,-0.023364,0.00641439,0.00141923,-0.007806
400,13,Box,-5.65831,0.499005,3.13232,-6.39968e-05,2.82228e-05,8.71144e-05
400,14,Box,-1.89355,1.42136,1.58837,-0.150987,-0.585404,0.603896
401,0,Box,0,-1,0,0,0,0
401,1,Box,1.63936,0.479705,0.0001204,-0.00277712,-0.00041337,0.00555438
401,2,Box,-4.39026,0.478146,1.57316,-0.0675006,-0.0978229,-0.193939
401,3,Box,4.16214,0.459306,-1.57714,0.0222055,-0.227048,-0.454318
401,4,Box,6.42122,0.478213,-1.57322,0.0591346,-0.0799243,-0.159884
401,5,Box,0.660074,0.477053,1.56869,0.0426247,-0.0966336,-0.193471
401,6,Box,4.20696,1.41294,1.56772,0.121928,-0.583437,0.283739
401,7,Box,-2.92717,0.495122,0.0216154,0.000127039,0.000122883,-0.00024409
401,8,Box,2.2937,1.43805,-0.456964,0.0143268,-0.0186523,-0.0120469
401,9,Box,-1.81844,0.465644,1.57448,0.0047883,-0.0360613,0.048083
401,10,Box,-0.0574662,1.42622,0.747261,-0.0795305,-0.214854,0.0175952
401,11,Box,-3.65502,1.4375,-0.867828,-0.0839352,-0.078993,-0.0569442
401,12,Box,3.10532,0.497245,-0.0234909,0.00624306,0.00139236,-0.00761194
401,13,Box,-5.65831,0.499005,3.13232,-6.39874e-05,2.82153e-05,8.709e-05
401,14,Box,-1.8922,1.42855,1.58434,0.0908873,-0.160355,-0.24219
402,0,Box,0,-1,0,0,0,0
402,1,Box,1.6399,0.479834,-3.56743e-05,0.00468165,0.00485953,-0.00936443
402,2,Box,-4.39168,0.476348,1.56722,-0.0382918,-0.177353,-0.356919
402,3,Box,4.16194,0.462056,-1.57062,-0.00896997,-0.194679,0.391565
402,4,Box,6.42126,0.478687,-1.57057,0.00242615,-0.0795545,0.159494
402,5,Box,0.65949,0.477657,1.57095,-0.0353599,-0.0717978,0.135401
402,6,Box,4.20756,1.41135,1.56037,0.0326252,-0.594682,-0.441008
402,7,Box,-2.92714,0.49513,0.021584,0.00156727,0.000513464,-0.00188462
402,8,Box,2.29402,1.43808,-0.457233,0.0197646,-0.0103288,-0.0161617
402,9,Box,-1.81826,0.468769,1.57459,0.00584224,-0.0158428,0.00674439
402,10,Box,-0.061383,1.42327,0.749898,-0.20176,-0.213207,0.158216
402,11,Box,-3.65581,1.43654,-0.869035,-0.0943452,-0.0979975,-0.0724044
402,12,Box,3.10551,0.497226,-0.0236188,0.00630105,0.00139501,-0.00767436
402,13,Box,-5.65831,0.499006,3.13232,-6.398e-05,2.82153e-05,8.70746e-05
402,14,Box,-1.88938,1.43187,1.57804,0.174378,-0.180168,-0.378005
403,0,Box,0,-1,0,0,0,0
403,1,Box,1.63976,0.479729,5.29006e-05,-0.00265734,-0.000388644,0.00531449
403,2,Box,-4.39399,0.477389,1.57047,-0.0978502,-0.0985946,0.195003
403,3,Box,4.16197,0.45836,-1.57831,0.00870923,-0.231042,-0.461861
403,4,Box,6.42224,0.478212,-1.57323,0.058878,-0.0799254,-0.159885
403,5,Box,0.661016,0.476753,1.56772,0.0501081,-0.0968549,-0.193726
403,6,Box,4.20966,1.41229,1.56484,0.119328,-0.583661,0.267925
403,7,Box,-2.92711,0.495141,0.0215447,0.00192947,0.000667277,-0.00235981
403,8,Box,2.29428,1.43803,-0.457433,0.0143517,-0.0182039,-0.0119822
403,9,Box,-1.81797,0.470812,1.57437,0.0148296,-0.0235896,-0.0134281
403,10,Box,-0.065898,1.41821,0.752005,-0.229468,-0.348077,0.126413
403,11,Box,-3.65711,1.43557,-0.867615,-0.119112,-0.0926008,0.0851763
403,12,Box,3.1057,0.497207,-0.0237447,0.00619144,0.00138156,-0.00755501
403,13,Box,-5.65831,0.499006,3.13232,-6.39725e-05,2.82153e-05,8.70744e-05
403,14,Box,-1.88536,1.43354,1.5699,0.243558,-0.226285,-0.48795
404,0,Box,0,-1,0,0,0,0
404,1,Box,1.64061,0.479837,-0.000112897,0.00497367,0.00518159,-0.00994786
404,2,Box,-4.3968,0.475484,1.57643,-0.126632,-0.178843,0.357804
404,3,Box,4.1615,0.462431,-1.57186,-0.0246009,-0.192268,0.38742
404,4,Box,6.42227,0.478688,-1.57057,0.00216873,-0.0795533,0.159493
404,5,Box,0.660189,0.477881,1.5699,-0.0314947,-0.0695493,0.130867
404,6,Box,4.21023,1.41031,1.5573,0.0303933,-0.596211,-0.452321
404,7,Box,-2.92707,0.495154,0.0215005,0.00218949,0.000733493,-0.00265142
404,8,Box,2.2946,1.43807,-0.457704,0.0200063,-0.00971985,-0.0162738
404,9,Box,-1.81755,0.468429,1.56798,0.0244109,-0.191097,-0.383519
404,10,Box,-0.0723374,1.41302,0.756428,-0.353667,-0.346254,0.265369
404,11,Box,-3.65884,1.43459,-0.863844,-0.145705,-0.0939896,0.226293
404,12,Box,3.10588,0.497188,-0.0238722,0.00627578,0.00139005,-0.00764955
404,13,Box,-5.65831,0.499007,3.13232,-6.39688e-05,2.82153e-05,8.70583e-05
404,14,Box,-1.88095,1.43444,1.56776,0.266183,-0.292474,-0.128843
405,0,Box,0,-1,0,0,0,0
405,1,Box,1.64056,0.479804,-0.000247822,0.00407306,0.00402616,-0.0080955
405,2,Box,-4.39806,0.47814,1.57319,-0.0681998,-0.0979731,-0.194386
405,3,Box,4.16099,0.461084,-1.57209,-0.0215576,-0.0533025,-0.0137703
405,4,Box,6.42325,0.47821,-1.57324,0.0586198,-0.0799266,-0.159887
405,5,Box,0.659354,0.476452,1.57402,-0.0989997,-0.126393,0.247352
405,6,Box,4.20724,1.41775,1.56376,-0.188424,-0.232555,0.387553
405,7,Box,-2.92707,0.495156,0.0214958,0.000158909,0.000131566,-0.000280482
405,8,Box,2.29497,1.4382,-0.457967,0.020158,-0.00869973,-0.0157737
405,9,Box,-1.81677,0.472399,1.56596,0.0472521,0.0279668,-0.121066
405,10,Box,-0.0804175,1.40711,0.761739,-0.435944,-0.406506,0.3187
405,11,Box,-3.66012,1.43338,-0.864804,-0.0838655,-0.079349,-0.0575835
405,12,Box,3.10607,0.497169,-0.0239988,0.00622219,0.00138678,-0.007596
405,13,Box,-5.65831,0.499007,3.13233,-6.39595e-05,2.82004e-05,8.70468e-05
405,14,Box,-1.87957,1.43628,1.57178,0.0818974,-0.146693,0.241145
406,0,Box,0,-1,0,0,0,0
406,1,Box,1.6406,0.47985,-0.000158891,-0.00266859,-0.000391086,0.00533585
406,2,Box,-4.3995,0.476347,1.56723,-0.0388631,-0.177368,-0.357377
406,3,Box,4.1605,0.464465,-1.57149,-0.026181,-0.0351874,0.0359806
406,4,Box,6.42328,0.478689,-1.57058,0.00190977,-0.0795522,0.159492
406,5,Box,0.660047,0.477313,1.57077,0.0159253,-0.0972632,-0.195139
406,6,Box,4.20282,1.42117,1.57271,-0.268251,-0.260698,0.537103
406,7,Box,-2.92704,0.495165,0.0214631,0.00164008,0.000525073,-0.00195892
406,8,Box,2.29519,1.43808,-0.458165,0.0142416,-0.018151,-0.0118895
406,9,Box,-1.81587,0.471106,1.5692,0.0536422,-0.0968623,0.194666
406,10,Box,-0.0888669,1.39881,0.766295,-0.471949,-0.53448,0.273351
406,11,Box,-3.66091,1.43241,-0.865925,-0.0951,-0.0983906,-0.0672779
406,12,Box,3.10626,0.497151,-0.0241241,0.00615846,0.00137336,-0.00752167
406,13,Box,-5.65831,0.499008,3.13233,-6.39521e-05,2.82004e-05,8.70485e-05
406,14,Box,-1.87899,1.43809,1.57028,0.0353605,-0.232637,-0.0895889
407,0,Box,0,-1,0,0,0,0
407,1,Box,1.64058,0.479883,-0.000279547,0.00362025,0.00375419,-0.00723935
407,2,Box,-4.40182,0.477366,1.57052,-0.0989686,-0.0997046,0.197236
407,3,Box,4.15999,0.463155,-1.56454,-0.0302326,-0.208167,0.416578
407,4,Box,6.42426,0.478209,-1.57324,0.0583601,-0.0799275,-0.159888
407,5,Box,0.659998,0.476804,1.57332,-0.0491437,-0.0797086,0.152848
407,6,Box,4.1979,1.42316,1.57523,-0.295883,-0.322921,0.151299
407,7,Box,-2.92701,0.495176,0.0214236,0.0019371,0.00067148,-0.0023715
407,8,Box,2.2955,1.43808,-0.458424,0.0187745,-0.0122707,-0.0155534
407,9,Box,-1.81545,0.469878,1.57514,0.0252318,-0.177942,0.356451
407,10,Box,-0.0993693,1.39045,0.773417,-0.58392,-0.549817,0.427344
407,11,Box,-3.66223,1.43142,-0.864496,-0.11973,-0.0940668,0.0857391
407,12,Box,3.10645,0.497133,-0.0242529,0.00633709,0.00139748,-0.00772569
407,13,Box,-5.65832,0.499008,3.13233,-6.39465e-05,2.8193e-05,8.70386e-05
407,14,Box,-1.8784,1.43557,1.56877,0.0351636,-0.395641,-0.0909991
408,0,Box,0,-1,0,0,0,0
408,1,Box,1.64071,0.479899,-0.000187457,-0.00276347,-0.000409996,0.00552539
408,2,Box,-4.40465,0.475436,1.57652,-0.127746,-0.179965,0.36003
408,3,Box,4.16072,0.466778,-1.56863,0.0421091,-0.121824,-0.245178
408,4,Box,6.42428,0.478691,-1.57059,0.00164935,-0.079551,0.15949
408,5,Box,0.661008,0.477307,1.57018,0.0398011,-0.0939302,-0.188321
408,6,Box,4.1935,1.42233,1.58193,-0.261937,-0.429105,0.401731
408,7,Box,-2.92697,0.495188,0.021379,0.00220929,0.000738957,-0.00267477
408,8,Box,2.29572,1.43795,-0.458623,0.014215,-0.018472,-0.0119055
408,9,Box,-1.81407,0.469386,1.56972,0.0818608,-0.162037,-0.325239
408,10,Box,-0.110156,1.37962,0.779999,-0.611855,-0.686142,0.394895
408,11,Box,-3.66398,1.43041,-0.860655,-0.146693,-0.0963475,0.230471
408,12,Box,3.10664,0.497113,-0.0243792,0.00619926,0.00138159,-0.0075758
408,13,Box,-5.65832,0.499009,3.13233,-6.39446e-05,2.82004e-05,8.70356e-05
408,14,Box,-1.87718,1.43304,1.57405,0.0742304,-0.461963,0.316883
409,0,Box,0,-1,0,0,0,0
409,1,Box,1.64086,0.479929,-0.000341806,0.00463134,0.00479199,-0.00926094
409,2,Box,-4.40594,0.478137,1.57327,-0.0694405,-0.0982256,-0.195054
409,3,Box,4.16025,0.466636,-1.56688,-0.0295597,-0.00179155,0.104931
409,4,Box,6.42525,0.478208,-1.57325,0.0580989,-0.0799286,-0.159889
409,5,Box,0.660942,0.4772,1.57247,-0.0364224,-0.0723787,0.13718
409,6,Box,4.19355,1.42884,1.57927,0.00389472,-0.1314,-0.159575
409,7,Box,-2.92697,0.49519,0.0213737,0.000193516,0.000140937,-0.000319929
409,8,Box,2.29604,1.43798,-0.458889,0.0196089,-0.0102931,-0.0159962
409,9,Box,-1.81295,0.467437,1.57602,0.0661063,-0.188894,0.377982
409,10,Box,-0.122975,1.3686,0.788974,-0.727446,-0.703069,0.538487
409,11,Box,-3.66525,1.42919,-0.861629,-0.0841036,-0.0800281,-0.0584679
409,12,Box,3.10683,0.497095,-0.0245066,0.00626345,0.00138518,-0.00764547
409,13,Box,-5.65832,0.499009,3.13233,-6.39316e-05,2.8193e-05,8.70091e-05
409,14,Box,-1.87727,1.43037,1.56977,-0.0042915,-0.48962,-0.256514
410,0,Box,0,-1,0,0,0,0
410,1,Box,1.64107,0.479929,-0.000253825,-0.00264034,-0.000384516,0.00527888
410,2,Box,-4.4074,0.476358,1.5673,-0.0399733,-0.177471,-0.358073
410,3,Box,4.16002,0.469864,-1.56615,-0.0151841,0.00606235,0.0438674
410,4,Box,6.42527,0.478692,-1.57059,0.00138734,-0.0795499,0.159489
410,5,Box,0.662008,0.477248,1.56936,0.0481648,-0.0929717,-0.186239
410,6,Box,4.19485,1.4321,1.57413,0.079293,-0.167948,-0.308593
410,7,Box,-2.92694,0.495199,0.0213397,0.00172182,0.0005384,-0.00204268
410,8,Box,2.29626,1.43786,-0.459087,0.0142574,-0.0180252,-0.0118506
410,9,Box,-1.81131,0.467629,1.57009,0.0959995,-0.177148,-0.355796
410,10,Box,-0.136127,1.35516,0.797473,-0.753936,-0.84143,0.509969
410,11,Box,-3.66606,1.42821,-0.862659,-0.0962293,-0.0991666,-0.0617638
410,12,Box,3.10702,0.497075,-0.024632,0.00615275,0.00137202,-0.00752503
410,13,Box,-5.65832,0.49901,3.13233,-6.39297e-05,2.8193e-05,8.70156e-05
410,14,Box,-1.87609,1.42767,1.57603,0.072742,-0.519362,0.375187
411,0,Box,0,-1,0,0,0,0
411,1,Box,1.64153,0.479958,-0.000418843,0.00495179,0.00513898,-0.00990107
411,2,Box,-4.40975,0.477323,1.57064,-0.100378,-0.101111,0.200059
411,3,Box,4.15976,0.46961,-1.5705,-0.0168529,-0.129836,-0.260804
411,4,Box,6.42624,0.478206,-1.57326,0.0578361,-0.0799298,-0.15989
411,5,Box,0.661589,0.477609,1.57156,-0.0320232,-0.0696736,0.131942
411,6,Box,4.19676,1.43337,1.57406,0.11589,-0.257886,-0.00377695
411,7,Box,-2.92691,0.495211,0.0212998,0.00194955,0.000677353,-0.00238912
411,8,Box,2.2966,1.43792,-0.459356,0.019867,-0.00963695,-0.0161147
411,9,Box,-1.80994,0.465012,1.57704,0.0800954,-0.20846,0.416994
411,10,Box,-0.151182,1.34131,0.808338,-0.868966,-0.864302,0.651879
411,11,Box,-3.66739,1.4272,-0.861216,-0.120635,-0.0958177,0.0865277
411,12,Box,3.1072,0.497057,-0.024759,0.00623602,0.00137994,-0.00761811
411,13,Box,-5.65832,0.49901,3.13233,-6.39204e-05,2.81855e-05,8.70022e-05
411,14,Box,-1.8763,1.42564,1.57175,-0.0105064,-0.528488,-0.256785
412,0,Box,0,-1,0,0,0,0
412,1,Box,1.64159,0.479925,-0.000332433,-0.00259339,-0.000374714,0.00518461
412,2,Box,-4.41259,0.475358,1.57668,-0.129147,-0.181394,0.362846
412,3,Box,4.15993,0.468897,-1.57274,0.0101216,-0.102927,-0.134511
412,4,Box,6.42626,0.478694,-1.5706,0.00112377,-0.0795488,0.159488
412,5,Box,0.6628,0.477204,1.56851,0.0502311,-0.0914699,-0.183063
412,6,Box,4.20061,1.43535,1.56878,0.231409,-0.200121,-0.317217
412,7,Box,-2.92687,0.495223,0.0212549,0.00222928,0.000744492,-0.00269837
412,8,Box,2.29684,1.43784,-0.459552,0.0142593,-0.0178275,-0.0118076
412,9,Box,-1.80803,0.466355,1.57094,0.112228,-0.181995,-0.365873
412,10,Box,-0.166656,1.32511,0.818766,-0.894249,-1.00471,0.625699
412,11,Box,-3.66917,1.42614,-0.857304,-0.147978,-0.0990561,0.234773
412,12,Box,3.10739,0.497038,-0.024884,0.00612944,0.001367,-0.00750184
412,13,Box,-5.65832,0.49901,3.13234,-6.39148e-05,2.81855e-05,8.69905e-05
412,14,Box,-1.87514,1.42296,1.57871,0.0722893,-0.54985,0.417685
413,0,Box,0,-1,0,0,0,0
413,1,Box,1.64224,0.47998,-0.000498375,0.00497993,0.00517852,-0.00995655
413,2,Box,-4.41391,0.478143,1.57342,-0.0709561,-0.098519,-0.195819
413,3,Box,4.16064,0.472513,-1.57472,0.0434747,0.0253605,-0.119122
413,4,Box,6.42722,0.478205,-1.57326,0.0575717,-0.0799309,-0.159891
413,5,Box,0.661996,0.47808,1.57068,-0.0309258,-0.0685987,0.130244
413,6,Box,4.20183,1.43835,1.56987,0.0723208,-0.0633288,0.0654678
413,7,Box,-2.92687,0.495226,0.0212488,0.00023129,0.000151117,-0.000362973
413,8,Box,2.29717,1.4379,-0.45982,0.0198547,-0.00952548,-0.0160782
413,9,Box,-1.80688,0.465005,1.56961,0.0653351,-0.0932095,-0.079936
413,10,Box,-0.18378,1.30817,0.831561,-1.00536,-1.03738,0.767662
413,11,Box,-3.67044,1.42491,-0.858295,-0.0845011,-0.0808853,-0.0594775
413,12,Box,3.10758,0.497019,-0.0250107,0.00621915,0.00137618,-0.00760271
413,13,Box,-5.65832,0.499011,3.13234,-6.39074e-05,2.81781e-05,8.69807e-05
413,14,Box,-1.87071,1.42755,1.57272,0.269361,-0.206227,-0.359298
414,0,Box,0,-1,0,0,0,0
414,1,Box,1.64221,0.480002,-0.000635471,0.00411493,0.00412041,-0.00822576
414,2,Box,-4.41541,0.476387,1.56744,-0.0413603,-0.17762,-0.358831
414,3,Box,4.1611,0.472409,-1.57248,0.0284777,-0.0672049,0.134938
414,4,Box,6.42723,0.478695,-1.57061,0.00085865,-0.0795476,0.159487
414,5,Box,0.660829,0.476746,1.57482,-0.0977903,-0.125949,0.248161
414,6,Box,4.20267,1.43986,1.5679,0.0495224,-0.188324,-0.117984
414,7,Box,-2.92684,0.495235,0.0212135,0.00179714,0.000550759,-0.00212002
414,8,Box,2.29753,1.43801,-0.46008,0.0199636,-0.00857756,-0.0155784
414,9,Box,-1.80665,0.466915,1.57317,0.0134191,-0.106626,0.213503
414,10,Box,-0.202185,1.28987,0.845353,-1.07656,-1.12293,0.827567
414,11,Box,-3.67125,1.42394,-0.859244,-0.0974766,-0.100156,-0.0569335
414,12,Box,3.10776,0.497001,-0.0251365,0.00616221,0.00137234,-0.00754505
414,13,Box,-5.65832,0.499011,3.13234,-6.39018e-05,2.81781e-05,8.69658e-05
414,14,Box,-1.86624,1.42706,1.56673,0.269322,-0.369495,-0.359576
415,0,Box,0,-1,0,0,0,0
415,1,Box,1.64238,0.480049,-0.000547878,-0.00262946,-0.000382372,0.00525558
415,2,Box,-4.41779,0.477261,1.57083,-0.101891,-0.102636,0.203102
415,3,Box,4.16109,0.473228,-1.57304,0.000393647,-0.0196087,-0.0337724
415,4,Box,6.42819,0.478203,-1.57327,0.0573058,-0.079932,-0.159892
415,5,Box,0.660982,0.478255,1.57183,0.015218,-0.0891057,-0.178907
415,6,Box,4.20153,1.44177,1.57099,-0.0694295,-0.120377,0.185107
415,7,Box,-2.92681,0.495246,0.0211734,0.00196111,0.000682662,-0.00240538
415,8,Box,2.29774,1.43789,-0.460275,0.0141279,-0.0178544,-0.0117136
415,9,Box,-1.80543,0.464961,1.56588,0.0720885,-0.218253,-0.437468
415,10,Box,-0.220874,1.26906,0.858531,-1.11049,-1.25817,0.79065
415,11,Box,-3.6726,1.4229,-0.857787,-0.121605,-0.0976843,0.0873873
415,12,Box,3.10795,0.496982,-0.025261,0.00610191,0.00135983,-0.00747475
415,13,Box,-5.65832,0.499012,3.13234,-6.38943e-05,2.81781e-05,8.69697e-05
415,14,Box,-1.86175,1.42707,1.5668,0.270376,-0.412128,0.00422591
416,0,Box,0,-1,0,0,0,0
416,1,Box,1.64223,0.479995,-0.000439294,-0.00325932,-0.00051621,0.00651506
416,2,Box,-4.41961,0.47667,1.56755,-0.0679753,-0.0988095,-0.196612
416,3,Box,4.1609,0.47225,-1.56916,-0.0114285,-0.116229,0.232976
416,4,Box,6.4282,0.478697,-1.57061,0.000591964,-0.0795465,0.159486
416,5,Box,0.662099,0.476569,1.56612,0.0537315,-0.171181,-0.342709
416,6,Box,4.19993,1.44157,1.57047,-0.0963244,-0.238656,-0.030728
416,7,Box,-2.92679,0.495252,0.0211544,0.000897519,0.000346058,-0.00113871
416,8,Box,2.29798,1.43778,-0.460468,0.0134511,-0.019764,-0.0115558
416,9,Box,-1.80519,0.467352,1.57096,0.0159044,-0.151693,0.304882
416,10,Box,-0.239742,1.24566,0.871465,-1.11879,-1.41552,0.776063
416,11,Box,-3.67322,1.42219,-0.85879,-0.0785619,-0.0782375,-0.0601891
416,12,Box,3.10814,0.496963,-0.0253874,0.00619167,0.00137399,-0.00758106
416,13,Box,-5.65832,0.499012,3.13234,-6.38887e-05,2.81781e-05,8.69553e-05
416,14,Box,-1.85815,1.42463,1.56011,0.214184,-0.480953,-0.400939
417,0,Box,0,-1,0,0,0,0
417,1,Box,1.64284,0.480072,-0.000629644,0.00571303,0.0060399,-0.011421
417,2,Box,-4.42184,0.477492,1.57084,-0.0991063,-0.0989854,0.197572
417,3,Box,4.16137,0.47184,-1.57327,0.0285538,-0.123366,-0.247133
417,4,Box,6.42915,0.478202,-1.57328,0.0570383,-0.0799333,-0.159894
417,5,Box,0.660914,0.47871,1.56864,-0.0355007,-0.0790366,0.151189
417,6,Box,4.19888,1.43929,1.57408,-0.0629361,-0.346383,0.216649
417,7,Box,-2.92676,0.495262,0.0211175,0.00182522,0.00061564,-0.00221684
417,8,Box,2.2983,1.43783,-0.460741,0.0200296,-0.00921337,-0.0163745
417,9,Box,-1.80397,0.462613,1.56307,0.0731256,-0.236692,-0.473318
417,10,Box,-0.260554,1.22178,0.888309,-1.24873,-1.43286,1.01064
417,11,Box,-3.6744,1.42129,-0.857272,-0.105847,-0.0841184,0.0910855
417,12,Box,3.10832,0.496944,-0.0255138,0.00619886,0.00136957,-0.0075861
417,13,Box,-5.65832,0.499013,3.13234,-6.38794e-05,2.81706e-05,8.69473e-05
417,14,Box,-1.85423,1.42479,1.56182,0.23535,-0.496338,0.102309
418,0,Box,0,-1,0,0,0,0
418,1,Box,1.64281,0.480091,-0.000761654,0.00396279,0.00395247,-0.0079206
418,2,Box,-4.42339,0.476957,1.56771,-0.0595241,-0.0942954,-0.187724
418,3,Box,4.16112,0.470002,-1.56751,-0.0140755,-0.172529,0.345808
418,4,Box,6.42915,0.478698,-1.57062,0.00032362,-0.0795454,0.159485
418,5,Box,0.65913,0.477909,1.57302,-0.107031,-0.133194,0.262958
418,6,Box,4.19734,1.437,1.57136,-0.0932822,-0.413225,-0.16321
418,7,Box,-2.92674,0.495268,0.0210974,0.000955063,0.000362461,-0.00120536
418,8,Box,2.29865,1.43792,-0.460997,0.0198396,-0.00848993,-0.0153925
418,9,Box,-1.80262,0.470688,1.55976,0.0835482,0.0597112,-0.198684
418,10,Box,-0.282422,1.19622,0.906188,-1.31209,-1.53342,1.0727
418,11,Box,-3.67505,1.42057,-0.858199,-0.0722188,-0.0722429,-0.0555767
418,12,Box,3.10851,0.496925,-0.0256391,0.00612899,0.00136588,-0.00751566
418,13,Box,-5.65833,0.499013,3.13234,-6.38757e-05,2.81706e-05,8.69408e-05
418,14,Box,-1.85384,1.42551,1.57073,0.021043,-0.296159,0.534349
419,0,Box,0,-1,0,0,0,0
419,1,Box,1.64271,0.480132,-0.000674043,-0.00263034,-0.0003825,0.00525668
419,2,Box,-4.42548,0.477686,1.57088,-0.0953737,-0.0952051,0.190162
419,3,Box,4.16144,0.46996,-1.57295,0.0188832,-0.162699,-0.326464
419,4,Box,6.4301,0.4782,-1.57328,0.0567692,-0.0799344,-0.159895
419,5,Box,0.659253,0.478412,1.57018,0.00741329,-0.0851479,-0.170646
419,6,Box,4.19685,1.43349,1.57657,-0.0292232,-0.469655,0.312078
419,7,Box,-2.92671,0.495279,0.0210601,0.00184894,0.000616108,-0.00223743
419,8,Box,2.29886,1.43779,-0.461191,0.0140568,-0.0177816,-0.0116315
419,9,Box,-1.80092,0.467931,1.56471,0.10203,-0.146834,0.296881
419,10,Box,-0.304838,1.16835,0.92354,-1.34496,-1.67266,1.04113
419,11,Box,-3.67621,1.41969,-0.856578,-0.0995492,-0.0784146,0.0972391
419,12,Box,3.1087,0.496906,-0.0257634,0.00607922,0.00135414,-0.00745652
419,13,Box,-5.65833,0.499014,3.13235,-6.38701e-05,2.81632e-05,8.69425e-05
419,14,Box,-1.85443,1.42961,1.57027,-0.0357147,-0.305788,-0.027428
420,0,Box,0,-1,0,0,0,0
420,1,Box,1.64267,0.480152,-0.000735458,0.00184367,0.00207412,-0.00368487
420,2,Box,-4.42687,0.477139,1.5678,-0.0545336,-0.0927389,-0.184663
420,3,Box,4.16112,0.467213,-1.56631,-0.0182998,-0.198804,0.398298
420,4,Box,6.4301,0.4787,-1.57063,5.37112e-05,-0.0795443,0.159483
420,5,Box,0.658307,0.47826,1.5727,-0.0567578,-0.0773625,0.151154
420,6,Box,4.1955,1.43123,1.57259,-0.081701,-0.501389,-0.238776
420,7,Box,-2.9267,0.495285,0.0210397,0.000972262,0.000367297,-0.0012253
420,8,Box,2.29913,1.43773,-0.461425,0.0168816,-0.0144648,-0.0140556
420,9,Box,-1.79969,0.46686,1.57235,0.0735922,-0.227693,0.458183
420,10,Box,-0.328349,1.13894,0.943529,-1.41064,-1.76458,1.19935
420,11,Box,-3.67688,1.41896,-0.857465,-0.0691487,-0.0692572,-0.0532002
420,12,Box,3.10888,0.496888,-0.0258905,0.006226,0.00137459,-0.00762615
420,13,Box,-5.65833,0.499014,3.13235,-6.38608e-05,2.81632e-05,8.69174e-05
420,14,Box,-1.85503,1.42813,1.56977,-0.0360269,-0.4686,-0.0296734
421,0,Box,0,-1,0,0,0,0
421,1,Box,1.64256,0.480153,-0.000638468,-0.00291181,-0.000440973,0.00581935
421,2,Box,-4.42888,0.477806,1.57091,-0.0933099,-0.0931162,0.186064
421,3,Box,4.1613,0.467958,-1.57245,0.0100754,-0.183192,-0.368021
421,4,Box,6.43104,0.478199,-1.57329,0.0564985,-0.0799355,-0.159896
421,5,Box,0.65864,0.478515,1.56998,0.0199487,-0.0815606,-0.163409
421,6,Box,4.19546,1.4276,1.5785,-0.00172635,-0.530889,0.354904
421,7,Box,-2.92667,0.495295,0.0210021,0.00186561,0.00061744,-0.00225314
421,8,Box,2.29933,1.43758,-0.461619,0.0138313,-0.0186699,-0.011602
421,9,Box,-1.79753,0.466641,1.56716,0.129058,-0.155361,-0.311144
421,10,Box,-0.352154,1.107,0.96317,-1.42827,-1.91651,1.17846
421,11,Box,-3.67804,1.41809,-0.855781,-0.0965326,-0.0758034,0.101006
421,12,Box,3.10907,0.496869,-0.0260162,0.00614765,0.00136682,-0.00754289
421,13,Box,-5.65833,0.499015,3.13235,-6.38533e-05,2.81632e-05,8.69138e-05
421,14,Box,-1.8546,1.42531,1.57759,0.0261946,-0.527866,0.469065
422,0,Box,0,-1,0,0,0,0
422,1,Box,1.64244,0.480098,-0.000522672,-0.00347612,-0.00156187,0.0069478
422,2,Box,-4.43018,0.477243,1.56785,-0.0519771,-0.0920013,-0.183215
422,3,Box,4.16092,0.464702,-1.56546,-0.022286,-0.209353,0.419187
422,4,Box,6.43104,0.478701,-1.57063,-0.000217814,-0.079543,0.159482
422,5,Box,0.657699,0.478491,1.57219,-0.0564294,-0.0696489,0.132573
422,6,Box,4.19434,1.42599,1.5737,-0.0682783,-0.545856,-0.287941
422,7,Box,-2.92665,0.495301,0.0209815,0.000982634,0.00037029,-0.00123748
422,8,Box,2.29965,1.43674,-0.462245,0.0201876,-0.06049,-0.0375656
422,9,Box,-1.79561,0.464092,1.5748,0.112235,-0.228532,0.458554
422,10,Box,-0.376982,1.07337,0.985252,-1.48973,-2.01775,1.32494
422,11,Box,-3.67873,1.41734,-0.856648,-0.0676454,-0.0677764,-0.0519964
422,12,Box,3.10985,0.496196,-0.0247764,0.0416777,-0.0378737,0.0743852
422,13,Box,-5.65833,0.499015,3.13235,-6.38459e-05,2.81557e-05,8.69056e-05
422,14,Box,-1.85541,1.42437,1.57493,-0.0449667,-0.527375,-0.159584
423,0,Box,0,-1,0,0,0,0
423,1,Box,1.64224,0.479906,-0.00040393,-0.00356412,-0.00047905,0.00712452
423,2,Box,-4.43215,0.477875,1.57092,-0.0922617,-0.0920509,0.183983
423,3,Box,4.16097,0.466228,-1.57198,0.00232728,-0.194491,-0.391042
423,4,Box,6.43197,0.478197,-1.5733,0.0562261,-0.0799366,-0.159897
423,5,Box,0.657893,0.478459,1.56947,0.0116184,-0.0812728,-0.162748
423,6,Box,4.19466,1.42266,1.57986,0.020339,-0.560516,0.369737
423,7,Box,-2.92662,0.495311,0.0209437,0.00187815,0.00061915,-0.00226583
423,8,Box,2.30012,1.43662,-0.462538,0.0216482,-0.0254669,-0.0175786
423,9,Box,-1.79623,0.469267,1.57672,-0.0386765,0.0177434,0.114912
423,10,Box,-0.402026,1.03714,1.00708,-1.50261,-2.17356,1.30964
423,11,Box,-3.67989,1.41646,-0.854921,-0.0950974,-0.0746863,0.103587
423,12,Box,3.11003,0.496214,-0.0249631,0.00914313,0.00204973,-0.0112022
423,13,Box,-5.65833,0.499016,3.13235,-6.38422e-05,2.81557e-05,8.68979e-05
423,14,Box,-1.8525,1.42526,1.56513,0.175929,-0.298298,-0.588032
424,0,Box,0,-1,0,0,0,0
424,1,Box,1.6421,0.47988,-0.000330375,-0.00220753,-0.000341631,0.00441327
424,2,Box,-4.4334,0.4773,1.56788,-0.050703,-0.0916381,-0.182505
424,3,Box,4.16052,0.46272,-1.5649,-0.0263165,-0.212175,0.424615
424,4,Box,6.43197,0.478703,-1.57064,-0.000490945,-0.0795418,0.159481
424,5,Box,0.656775,0.478668,1.57171,-0.0670519,-0.0667048,0.133927
424,6,Box,4.19374,1.42178,1.57449,-0.0554286,-0.568088,-0.322643
424,7,Box,-2.9266,0.495318,0.020923,0.000989861,0.000372411,-0.00124606
424,8,Box,2.3004,1.43655,-0.462755,0.0160043,-0.0183904,-0.0130377
424,9,Box,-1.79663,0.465413,1.57022,-0.0272618,-0.193831,-0.389947
424,10,Box,-0.427069,0.998192,1.02891,-1.50261,-2.33689,1.30964
424,11,Box,-3.68059,1.4157,-0.855778,-0.0669382,-0.067062,-0.0513912
424,12,Box,3.11023,0.496195,-0.0250996,0.00668479,0.0014928,-0.00818817
424,13,Box,-5.65833,0.499016,3.13235,-6.38384e-05,2.81483e-05,8.6898e-05
424,14,Box,-1.84926,1.42879,1.56354,0.19746,-0.318285,-0.0954796
425,0,Box,0,-1,0,0,0,0
425,1,Box,1.64197,0.479877,-0.000225066,-0.00316031,-0.000490574,0.00631853
425,2,Box,-4.43534,0.477912,1.57093,-0.0917415,-0.0915174,0.18295
425,3,Box,4.16049,0.46482,-1.5717,-0.00322867,-0.202797,-0.40767
425,4,Box,6.4329,0.478196,-1.5733,0.0559522,-0.0799378,-0.159898
425,5,Box,0.656525,0.478408,1.56904,-0.0150394,-0.079891,-0.159925
425,6,Box,4.19431,1.41886,1.58056,0.0357376,-0.57431,0.364086
425,7,Box,-2.92657,0.495328,0.020885,0.00188862,0.00062108,-0.00227704
425,8,Box,2.30062,1.43644,-0.462949,0.0137195,-0.0194845,-0.0116316
425,9,Box,-1.79611,0.468554,1.56871,0.031677,0.0125694,-0.0905827
425,10,Box,-0.452113,0.956522,1.05073,-1.50261,-2.50022,1.30964
425,11,Box,-3.68175,1.41482,-0.854019,-0.0944664,-0.0743351,0.105559
425,12,Box,3.11042,0.496174,-0.0252274,0.00626014,0.00139374,-0.00766634
425,13,Box,-5.65833,0.499017,3.13235,-6.38217e-05,2.81483e-05,8.68701e-05
425,14,Box,-1.84913,1.43203,1.56811,0.00781505,-0.165129,0.274026
426,0,Box,0,-1,0,0,0,0
426,1,Box,1.64184,0.479851,-0.000132601,-0.0027746,-0.000459787,0.00554795
426,2,Box,-4.43658,0.47733,1.56789,-0.0500885,-0.0914651,-0.182168
426,3,Box,4.15997,0.4613,-1.56464,-0.0308483,-0.211655,0.423436
426,4,Box,6.43289,0.478704,-1.57065,-0.000765637,-0.0795407,0.15948
426,5,Box,0.655242,0.478617,1.5716,-0.0769686,-0.0763623,0.153668
426,6,Box,4.19358,1.41856,1.57474,-0.0448464,-0.579762,-0.349014
426,7,Box,-2.92655,0.495334,0.0208641,0.000995658,0.000374158,-0.00125302
426,8,Box,2.30084,1.43633,-0.463142,0.0137052,-0.0189831,-0.011609
426,9,Box,-1.79591,0.471029,1.5681,0.012231,0.00369075,-0.0365408
426,10,Box,-0.477157,0.912129,1.07256,-1.50261,-2.66356,1.30964
426,11,Box,-3.68246,1.41406,-0.85487,-0.0666382,-0.0667414,-0.0510939
426,12,Box,3.11061,0.496154,-0.0253535,0.0061806,0.00137497,-0.00757048
426,13,Box,-5.65833,0.499017,3.13236,-6.38198e-05,2.81408e-05,8.68729e-05
426,14,Box,-1.8501,1.4335,1.5749,-0.058916,-0.216716,0.407632
427,0,Box,0,-1,0,0,0,0
427,1,Box,1.64171,0.479824,-2.42909e-05,-0.00324972,-0.000513384,0.00649858
427,2,Box,-4.43851,0.477931,1.57093,-0.0914923,-0.0912572,0.182455
427,3,Box,4.15987,0.463673,-1.57166,-0.007881,-0.209631,-0.421542
427,4,Box,6.43381,0.478194,-1.57331,0.0556767,-0.0799391,-0.1599
427,5,Box,0.654883,0.47836,1.56894,-0.0215445,-0.0797001,-0.159526
427,6,Box,4.19431,1.41608,1.58055,0.0456958,-0.580779,0.348942
427,7,Box,-2.92652,0.495345,0.020826,0.00189804,0.00062313,-0.00228753
427,8,Box,2.30105,1.43619,-0.463332,0.0133371,-0.0195849,-0.0113828
427,9,Box,-1.79538,0.468613,1.5729,0.0304822,-0.143759,0.28819
427,10,Box,-0.5022,0.865014,1.09439,-1.50261,-2.82689,1.30964
427,11,Box,-3.68363,1.41317,-0.853083,-0.0942472,-0.0743827,0.10721
427,12,Box,3.1108,0.496134,-0.0254797,0.00617946,0.00137424,-0.00757119
427,13,Box,-5.65833,0.499018,3.13236,-6.38105e-05,2.81408e-05,8.68553e-05
427,14,Box,-1.85204,1.43494,1.57494,-0.115111,-0.286399,0.00240734
428,0,Box,0,-1,0,0,0,0
428,1,Box,1.6416,0.479786,6.94956e-05,-0.00281366,-0.000467365,0.00562718
428,2,Box,-4.43973,0.477344,1.5679,-0.0498136,-0.0913906,-0.182026
428,3,Box,4.15926,0.460378,-1.56467,-0.0361951,-0.209813,0.419721
428,4,Box,6.4338,0.478706,-1.57065,-0.001042,-0.0795396,0.159478
428,5,Box,0.65356,0.478587,1.57158,-0.0794,-0.078755,0.158507
428,6,Box,4.1937,1.41616,1.57438,-0.0371207,-0.586458,-0.370246
428,7,Box,-2.92651,0.495351,0.020805,0.00100087,0.000375753,-0.00125931
428,8,Box,2.30127,1.43606,-0.463524,0.0135872,-0.0190321,-0.0115168
428,9,Box,-1.79598,0.472069,1.57463,-0.036784,0.0199088,0.103912
428,10,Box,-0.527244,0.815177,1.11622,-1.50261,-2.99022,1.30964
428,11,Box,-3.68434,1.4124,-0.853933,-0.0665469,-0.0666248,-0.0509563
428,12,Box,3.11099,0.496115,-0.0256056,0.00616214,0.00137045,-0.00755262
428,13,Box,-5.65834,0.499018,3.13236,-6.38049e-05,2.81408e-05,8.68438e-05
428,14,Box,-1.85122,1.43656,1.56998,0.0504324,-0.16313,-0.297548
429,0,Box,0,-1,0,0,0,0
429,1,Box,1.64147,0.479792,0.000177728,-0.00324675,-0.000513671,0.00649395
429,2,Box,-4.44166,0.47794,1.57093,-0.0913828,-0.091138,0.182238
429,3,Box,4.15906,0.462719,-1.57187,-0.0135767,-0.214809,-0.431965
429,4,Box,6.43472,0.478193,-1.57332,0.0553996,-0.0799402,-0.159901
429,5,Box,0.653174,0.478343,1.56893,-0.0231347,-0.0796644,-0.159452
429,6,Box,4.19455,1.41411,1.57995,0.0525863,-0.583872,0.33384
429,7,Box,-2.92647,0.495361,0.0207667,0.00190693,0.000625256,-0.00229764
429,8,Box,2.30147,1.43591,-0.463713,0.0132956,-0.0195402,-0.0113277
429,9,Box,-1.79639,0.470647,1.57053,-0.0262243,-0.122557,-0.246003
429,10,Box,-0.552287,0.762618,1.13804,-1.50261,-3.15356,1.30964
429,11,Box,-3.68551,1.41151,-0.852121,-0.0942395,-0.0746419,0.108687
429,12,Box,3.11117,0.496096,-0.0257316,0.00616758,0.00137138,-0.00756159
429,13,Box,-5.65834,0.499019,3.13236,-6.37993e-05,2.81334e-05,8.68503e-05
429,14,Box,-1.84998,1.43778,1.57039,0.075603,-0.244185,0.0246573
430,0,Box,0,-1,0,0,0,0
430,1,Box,1.64136,0.47982,0.000271298,-0.00280659,-0.000466699,0.00561419
430,2,Box,-4.44288,0.477349,1.5679,-0.0497153,-0.0913677,-0.181986
430,3,Box,4.15834,0.459857,-1.56495,-0.0424861,-0.207336,0.414833
430,4,Box,6.4347,0.478707,-1.57066,-0.00131999,-0.0795383,0.159477
430,5,Box,0.651841,0.478575,1.57159,-0.0799943,-0.0793448,0.15969
430,6,Box,4.19403,1.41437,1.57348,-0.0319836,-0.590426,-0.388197
430,7,Box,-2.92646,0.495368,0.0207456,0.00100591,0.000377296,-0.00126542
430,8,Box,2.30168,1.43578,-0.463904,0.0135551,-0.0189759,-0.0114662
430,9,Box,-1.79626,0.472355,1.56992,0.00824706,-0.00575083,-0.0368282
430,10,Box,-0.577331,0.707337,1.15987,-1.50261,-3.31689,1.30964
430,11,Box,-3.68623,1.41074,-0.85297,-0.0665631,-0.0666152,-0.0509029
430,12,Box,3.11136,0.496077,-0.0258574,0.00615109,0.0013678,-0.00754407
430,13,Box,-5.65834,0.499019,3.13236,-6.37863e-05,2.81334e-05,8.6821e-05
430,14,Box,-1.85104,1.43875,1.57545,-0.0638841,-0.174902,0.303595
431,0,Box,0,-1,0,0,0,0
431,1,Box,1.64123,0.479851,0.000379288,-0.00323882,-0.000512874,0.00647939
431,2,Box,-4.4448,0.477943,1.57094,-0.0913458,-0.0910921,0.182165
431,3,Box,4.15802,0.461891,-1.57229,-0.0203894,-0.219,-0.440289
431,4,Box,6.43562,0.478191,-1.57333,0.0551207,-0.0799413,-0.159902
431,5,Box,0.651449,0.47834,1.56893,-0.0235219,-0.0796562,-0.159436
431,6,Box,4.19495,1.41277,1.5788,0.056862,-0.585166,0.319256
431,7,Box,-2.92642,0.495378,0.0207072,0.00191554,0.000627438,-0.00230756
431,8,Box,2.3019,1.43564,-0.464092,0.0132619,-0.0194831,-0.0112764
431,9,Box,-1.796,0.470183,1.57429,0.0137484,-0.131107,0.262438
431,10,Box,-0.602374,0.649333,1.1817,-1.50261,-3.48022,1.30964
431,11,Box,-3.68741,1.40984,-0.851135,-0.0943411,-0.0750167,0.110061
431,12,Box,3.11155,0.496058,-0.0259832,0.00615599,0.00136862,-0.00755238
431,13,Box,-5.65834,0.49902,3.13236,-6.37881e-05,2.81259e-05,8.68314e-05
431,14,Box,-1.85285,1.43914,1.57529,-0.107404,-0.266462,-0.00961576
432,0,Box,0,-1,0,0,0,0
432,1,Box,1.6411,0.479889,0.000472643,-0.00279958,-0.000465878,0.00560129
432,2,Box,-4.44602,0.47735,1.5679,-0.0497103,-0.0913726,-0.182001
432,3,Box,4.15717,0.459657,-1.56547,-0.0498516,-0.204545,0.409403
432,4,Box,6.43559,0.478709,-1.57067,-0.00159961,-0.0795372,0.159476
432,5,Box,0.650113,0.47857,1.5716,-0.0801385,-0.0794904,0.159979
432,6,Box,4.19448,1.41302,1.57206,-0.0291752,-0.59287,-0.404048
432,7,Box,-2.92641,0.495384,0.020686,0.00101103,0.000378873,-0.00127162
432,8,Box,2.30212,1.43553,-0.464282,0.0135226,-0.01892,-0.0114167
432,9,Box,-1.79661,0.474084,1.57603,-0.0373763,0.021051,0.103938
432,10,Box,-0.638136,0.634369,1.23652,-2.14568,-0.897852,3.2894
432,11,Box,-3.68812,1.40907,-0.851983,-0.066635,-0.0666635,-0.0508949
432,12,Box,3.11173,0.496039,-0.0261088,0.00613968,0.00136507,-0.00753504
432,13,Box,-5.65834,0.49902,3.13236,-6.37788e-05,2.81259e-05,8.68142e-05
432,14,Box,-1.85207,1.43987,1.57043,0.0480795,-0.159662,-0.291575
433,0,Box,0,-1,0,0,0,0
433,1,Box,1.64097,0.479927,0.000580406,-0.00323138,-0.000512105,0.00646583
433,2,Box,-4.44794,0.477942,1.57094,-0.0913471,-0.091085,0.182168
433,3,Box,4.15671,0.461135,-1.57292,-0.0284192,-0.222599,-0.447316
433,4,Box,6.4365,0.47819,-1.57333,0.0548403,-0.0799426,-0.159904
433,5,Box,0.64972,0.478341,1.56894,-0.0236147,-0.0796534,-0.159432
433,6,Box,4.19545,1.41188,1.57715,0.058858,-0.585483,0.305226
433,7,Box,-2.92638,0.495395,0.0206474,0.00192398,0.000629636,-0.0023174
433,8,Box,2.30233,1.43541,-0.464469,0.0132293,-0.0194297,-0.011228
433,9,Box,-1.79703,0.47217,1.57198,-0.0266354,-0.120669,-0.242552
433,10,Box,-0.673785,0.617099,1.29254,-2.13897,-1.03621,3.36123
433,11,Box,-3.6893,1.40816,-0.850127,-0.0944999,-0.0754582,0.111371
433,12,Box,3.11192,0.49602,-0.0262346,0.00614473,0.0013659,-0.00754354
433,13,Box,-5.65834,0.49902,3.13237,-6.37714e-05,2.81185e-05,8.6812e-05
433,14,Box,-1.85088,1.44086,1.57088,0.0729607,-0.241776,0.0266652
434,0,Box,0,-1,0,0,0,0
434,1,Box,1.64084,0.479971,0.000673555,-0.00279285,-0.000465051,0.00558894
434,2,Box,-4.44917,0.477347,1.56791,-0.049756,-0.0913929,-0.182047
434,3,Box,4.15572,0.459712,-1.5662,-0.0584235,-0.201573,0.403688
434,4,Box,6.43647,0.47871,-1.57067,-0.00188095,-0.0795359,0.159474
434,5,Box,0.648383,0.478567,1.57161,-0.0801724,-0.0795269,0.160048
434,6,Box,4.195,1.41199,1.57017,-0.0284774,-0.594445,-0.418602
434,7,Box,-2.92636,0.495401,0.020626,0.00101633,0.000380503,-0.00127803
434,8,Box,2.30256,1.4353,-0.464659,0.0134912,-0.0188668,-0.0113697
434,9,Box,-1.79701,0.470298,1.5652,0.00085346,-0.203149,-0.406781
434,10,Box,-0.709313,0.597457,1.34974,-2.13169,-1.17851,3.43159
434,11,Box,-3.69001,1.4074,-0.850976,-0.0667363,-0.0667444,-0.0509126
434,12,Box,3.1121,0.496001,-0.02636,0.00612854,0.00136236,-0.00752631
434,13,Box,-5.65834,0.499021,3.13237,-6.37658e-05,2.81185e-05,8.67983e-05
434,14,Box,-1.84965,1.43768,1.57149,0.0741945,-0.403047,0.0365521
435,0,Box,0,-1,0,0,0,0
435,1,Box,1.64071,0.480016,0.000755737,-0.00246379,-0.000349416,0.00493092
435,2,Box,-4.45109,0.477939,1.57094,-0.0913693,-0.0910992,0.182213
435,3,Box,4.15508,0.460407,-1.57376,-0.0377831,-0.22585,-0.453543
435,4,Box,6.43738,0.478188,-1.57334,0.0545581,-0.0799437,-0.159905
435,5,Box,0.647653,0.479085,1.57043,-0.0438045,-0.035118,-0.0705919
435,6,Box,4.19598,1.41133,1.57503,0.0588157,-0.585258,0.291596
435,7,Box,-2.92633,0.495412,0.0205873,0.00193234,0.000631866,-0.0023272
435,8,Box,2.3028,1.43522,-0.464856,0.0144507,-0.0174041,-0.0118219
435,9,Box,-1.80204,0.470274,1.57085,-0.301826,-0.168258,0.338955
435,10,Box,-0.735386,0.580694,1.4083,-1.56437,-1.00575,3.51413
435,11,Box,-3.6912,1.40648,-0.849099,-0.094689,-0.0759412,0.112635
435,12,Box,3.11229,0.495982,-0.0264862,0.00616273,0.0013691,-0.00756997
435,13,Box,-5.65834,0.499021,3.13237,-6.37583e-05,2.81185e-05,8.67853e-05
435,14,Box,-1.84925,1.43435,1.56602,0.0237353,-0.482414,-0.328078
436,0,Box,0,-1,0,0,0,0
436,1,Box,1.64059,0.480063,0.000845382,-0.0026873,-0.000447357,0.00537866
436,2,Box,-4.45232,0.477344,1.56791,-0.0498307,-0.0914225,-0.182112
436,3,Box,4.15391,0.459977,-1.56713,-0.0683403,-0.19846,0.39776
436,4,Box,6.43735,0.478712,-1.57068,-0.0021639,-0.0795347,0.159473
436,5,Box,0.646284,0.478381,1.57317,-0.0821694,-0.0817396,0.164279
436,6,Box,4.19552,1.41117,1.56783,-0.0297241,-0.595511,-0.432436
436,7,Box,-2.92631,0.495418,0.0205659,0.00102184,0.00038219,-0.00128471
436,8,Box,2.30303,1.43511,-0.465046,0.0136307,-0.0185983,-0.011409
436,9,Box,-1.80554,0.466367,1.56233,-0.209821,-0.255686,-0.511367
436,10,Box,-0.761459,0.561209,1.46687,-1.56437,-1.16908,3.51413
436,11,Box,-3.69191,1.40572,-0.849948,-0.0668535,-0.066845,-0.0509459
436,12,Box,3.11247,0.495963,-0.0266117,0.00612969,0.00136239,-0.00753269
436,13,Box,-5.65834,0.499022,3.13237,-6.37546e-05,2.8111e-05,8.67903e-05
436,14,Box,-1.84914,1.43143,1.56667,0.00661699,-0.505472,0.039132
437,0,Box,0,-1,0,0,0,0
437,1,Box,1.64046,0.480108,0.000927838,-0.00247159,-0.000346221,0.00494736
437,2,Box,-4.45424,0.477935,1.57095,-0.0914034,-0.0911255,0.182281
437,3,Box,4.15307,0.459674,-1.57478,-0.0486152,-0.228924,-0.459295
437,4,Box,6.43825,0.478187,-1.57335,0.0542743,-0.079945,-0.159906
437,5,Box,0.645542,0.479469,1.57197,-0.0445238,-0.0356793,-0.0718381
437,6,Box,4.1965,1.41102,1.57246,0.0568991,-0.584713,0.278118
437,7,Box,-2.92628,0.495429,0.0205269,0.00194061,0.0006341,-0.00233695
437,8,Box,2.30327,1.43503,-0.465242,0.0144155,-0.0173607,-0.011773
437,9,Box,-1.80891,0.468577,1.56899,-0.201181,-0.198685,0.399223
437,10,Box,-0.787532,0.539002,1.52544,-1.56437,-1.33242,3.51413
437,11,Box,-3.69309,1.40479,-0.84805,-0.094895,-0.0764528,0.113864
437,12,Box,3.11266,0.495944,-0.0267377,0.00615158,0.00136642,-0.0075613
437,13,Box,-5.65834,0.499022,3.13237,-6.37453e-05,2.8111e-05,8.67641e-05
437,14,Box,-1.84998,1.42709,1.56025,-0.0512614,-0.571433,-0.385062
438,0,Box,0,-1,0,0,0,0
438,1,Box,1.64036,0.480155,0.000975331,-0.00142348,-0.000375582,0.00284959
438,2,Box,-4.45547,0.477338,1.56791,-0.049923,-0.0914582,-0.182189
438,3,Box,4.15171,0.460418,-1.56825,-0.0797505,-0.195199,0.391597
438,4,Box,6.43821,0.478713,-1.57069,-0.00244858,-0.0795335,0.159472
438,5,Box,0.644731,0.479398,1.57049,-0.0486697,-0.0445447,-0.0889646
438,6,Box,4.19599,1.41047,1.56503,-0.0328035,-0.596276,-0.445991
438,7,Box,-2.92626,0.495435,0.0205054,0.00102761,0.000383969,-0.00129168
438,8,Box,2.30352,1.43496,-0.465445,0.0151449,-0.0160925,-0.0121526
438,9,Box,-1.81035,0.46627,1.57111,-0.0857823,-0.1159,0.127273
438,10,Box,-0.813605,0.514073,1.58401,-1.56437,-1.49575,3.51413
438,11,Box,-3.69381,1.40403,-0.8489,-0.0669799,-0.0669586,-0.0509895
438,12,Box,3.11285,0.495925,-0.0268638,0.006152,0.00136728,-0.00756522
438,13,Box,-5.65834,0.499023,3.13237,-6.37397e-05,2.81036e-05,8.67655e-05
438,14,Box,-1.85517,1.4311,1.56582,-0.312326,-0.225817,0.334196
439,0,Box,0,-1,0,0,0,0
439,1,Box,1.64024,0.480197,0.00106282,-0.0026222,-0.000433553,0.00524952
439,2,Box,-4.45739,0.47793,1.57095,-0.0914448,-0.0911595,0.182364
439,3,Box,4.15063,0.458911,-1.576,-0.061064,-0.23193,-0.464808
439,4,Box,6.43911,0.478185,-1.57335,0.0539888,-0.0799461,-0.159907
439,5,Box,0.64331,0.478438,1.57333,-0.085229,-0.0848129,0.170406
439,6,Box,4.19693,1.41089,1.56944,0.0532097,-0.58397,0.264535
439,7,Box,-2.92623,0.495446,0.0204663,0.00194882,0.000636356,-0.00234666
439,8,Box,2.30374,1.43485,-0.465634,0.0136483,-0.018344,-0.0113569
439,9,Box,-1.81082,0.467442,1.56746,-0.0280024,-0.109298,-0.21866
439,10,Box,-0.839677,0.486422,1.64258,-1.56437,-1.65908,3.51413
439,11,Box,-3.69499,1.4031,-0.846982,-0.0951108,-0.0769862,0.115061
439,12,Box,3.11303,0.495906,-0.026989,0.00610432,0.00135688,-0.00750939
439,13,Box,-5.65835,0.499023,3.13237,-6.37304e-05,2.81036e-05,8.67492e-05
439,14,Box,-1.86033,1.43002,1.57174,-0.30975,-0.384855,0.354785
440,0,Box,0,-1,0,0,0,0
440,1,Box,1.64012,0.480237,0.00114622,-0.00249928,-0.000342589,0.00500389
440,2,Box,-4.45864,0.477333,1.56791,-0.0500274,-0.0914984,-0.182274
440,3,Box,4.14902,0.460995,-1.56954,-0.0940778,-0.192854,0.38767
440,4,Box,6.43906,0.478715,-1.5707,-0.00273488,-0.0795323,0.159471
440,5,Box,0.642545,0.479519,1.57209,-0.0459039,-0.0369144,-0.0743476
440,6,Box,4.19638,1.40986,1.56186,-0.0360275,-0.596805,-0.454921
440,7,Box,-2.92621,0.495452,0.0204446,0.00103365,0.000385805,-0.00129898
440,8,Box,2.30397,1.43476,-0.465829,0.0143387,-0.0173202,-0.0116881
440,9,Box,-1.82822,0.466144,1.57532,-0.233908,-0.241484,0.471337
440,10,Box,-0.836016,0.500432,1.6369,-0.591068,-0.170118,-0.340529
440,11,Box,-3.6957,1.40234,-0.847833,-0.067112,-0.067082,-0.0510406
440,12,Box,3.11322,0.495887,-0.0271147,0.00613198,0.00136168,-0.0075446
440,13,Box,-5.65835,0.499024,3.13238,-6.3723e-05,2.81036e-05,8.67372e-05
440,14,Box,-1.86889,1.4288,1.57362,-0.51298,-0.424731,0.113237
441,0,Box,0,-1,0,0,0,0
441,1,Box,1.64002,0.48028,0.00119362,-0.00142033,-0.000374474,0.00284392
441,2,Box,-4.46056,0.477926,1.57095,-0.0914911,-0.0911987,0.182456
441,3,Box,4.14767,0.458109,-1.57739,-0.0751731,-0.235178,-0.470722
441,4,Box,6.43996,0.478183,-1.57336,0.0537017,-0.0799474,-0.159909
441,5,Box,0.641712,0.479431,1.57056,-0.0500028,-0.0458841,-0.0916599
441,6,Box,4.19728,1.41088,1.56603,0.0481727,-0.583509,0.25056
441,7,Box,-2.92618,0.495463,0.0204053,0.00195695,0.000638611,-0.00235631
441,8,Box,2.30422,1.43468,-0.46603,0.0150934,-0.0160331,-0.0120849
441,9,Box,-1.83723,0.469267,1.57291,-0.227356,-0.066883,-0.144542
441,10,Box,-0.838387,0.502629,1.62675,-0.45674,-0.28383,-0.609199
441,11,Box,-3.69689,1.4014,-0.845896,-0.095333,-0.0775379,0.11623
441,12,Box,3.1134,0.495868,-0.0272406,0.00613568,0.00136322,-0.00755253
441,13,Box,-5.65835,0.499024,3.13238,-6.37211e-05,2.80961e-05,8.67392e-05
441,14,Box,-1.8768,1.42663,1.58426,-0.473303,-0.454397,0.637903
442,0,Box,0,-1,0,0,0,0
442,1,Box,1.6399,0.480319,0.00128086,-0.00261421,-0.00043244,0.00523468
442,2,Box,-4.46181,0.477327,1.56791,-0.0501408,-0.0915421,-0.182368
442,3,Box,4.14577,0.461683,-1.57098,-0.110571,-0.190875,0.384245
442,4,Box,6.43991,0.478716,-1.5707,-0.00302292,-0.079531,0.159469
442,5,Box,0.64028,0.478418,1.57342,-0.0858922,-0.0854894,0.171744
442,6,Box,4.19666,1.40927,1.55832,-0.0400783,-0.597537,-0.462976
442,7,Box,-2.92616,0.495469,0.0203836,0.00103996,0.000387735,-0.00130658
442,8,Box,2.30443,1.43457,-0.466218,0.013603,-0.0182735,-0.011292
442,9,Box,-1.8448,0.467247,1.57397,-0.334705,-0.0375441,0.0635969
442,10,Box,-0.839437,0.503455,1.62249,-0.189462,-0.121378,-0.255885
442,11,Box,-3.6976,1.40065,-0.846747,-0.0672482,-0.0672134,-0.0510977
442,12,Box,3.11359,0.495848,-0.0273655,0.00608842,0.00135295,-0.00749717
442,13,Box,-5.65835,0.499025,3.13238,-6.37099e-05,2.80961e-05,8.67208e-05
442,14,Box,-1.88174,1.43257,1.58146,-0.289692,-0.144474,-0.167477
443,0,Box,0,-1,0,0,0,0
443,1,Box,1.63979,0.480356,0.00136429,-0.0024997,-0.000340943,0.00500581
443,2,Box,-4.46373,0.47792,1.57095,-0.0915412,-0.0912418,0.182556
443,3,Box,4.14472,0.459946,-1.57003,-0.0546648,-0.0837579,0.0571322
443,4,Box,6.4408,0.478182,-1.57337,0.0534127,-0.0799487,-0.15991
443,5,Box,0.63951,0.479535,1.57218,-0.0461907,-0.0371901,-0.0749126
443,6,Box,4.19251,1.41686,1.56481,-0.257657,-0.227661,0.389704
443,7,Box,-2.92613,0.49548,0.0203441,0.00196502,0.000640867,-0.00236592
443,8,Box,2.30466,1.43447,-0.466412,0.0142866,-0.0172605,-0.0116189
443,9,Box,-1.85004,0.470256,1.57437,-0.317383,-0.0102981,0.0243768
443,10,Box,-0.841662,0.501644,1.61651,-0.133506,-0.170217,-0.358575
443,11,Box,-3.69879,1.3997,-0.844791,-0.0955597,-0.0781061,0.117373
443,12,Box,3.11377,0.495829,-0.0274911,0.00611585,0.0013577,-0.00753211
443,13,Box,-5.65835,0.499025,3.13238,-6.37062e-05,2.80887e-05,8.67166e-05
443,14,Box,-1.8853,1.43512,1.57608,-0.21036,-0.172332,-0.322919
444,0,Box,0,-1,0,0,0,0
444,1,Box,1.63966,0.480395,0.00146908,-0.00313917,-0.000495696,0.00628692
444,2,Box,-4.46499,0.47732,1.56791,-0.0502617,-0.0915888,-0.182467
444,3,Box,4.14456,0.462558,-1.57363,-0.006454,-0.107835,-0.215833
444,4,Box,6.44074,0.478718,-1.57071,-0.00331273,-0.0795298,0.159468
444,5,Box,0.639217,0.478261,1.56824,-0.0175982,-0.117984,-0.236293
444,6,Box,4.18826,1.4182,1.57131,-0.257589,-0.390884,0.390189
444,7,Box,-2.92611,0.495486,0.0203222,0.00104653,0.000389736,-0.00131449
444,8,Box,2.30487,1.43434,-0.466595,0.0131277,-0.0189959,-0.011004
444,9,Box,-1.8551,0.47208,1.57428,-0.305328,-0.0209353,-0.00550168
444,10,Box,-0.843021,0.498321,1.60869,-0.0815867,-0.223985,-0.469204
444,11,Box,-3.6995,1.39894,-0.845644,-0.0673875,-0.0673517,-0.05116
444,12,Box,3.11396,0.49581,-0.0276159,0.00607945,0.00135046,-0.00749078
444,13,Box,-5.65835,0.499026,3.13238,-6.36969e-05,2.80887e-05,8.66993e-05
444,14,Box,-1.88776,1.43609,1.56863,-0.145704,-0.226604,-0.447164
445,0,Box,0,-1,0,0,0,0
445,1,Box,1.63954,0.480435,0.00156046,-0.00273756,-0.000452537,0.00548319
445,2,Box,-4.46691,0.477914,1.57096,-0.0915942,-0.0912882,0.182662
445,3,Box,4.14353,0.462375,-1.56616,-0.0605867,-0.223429,0.448059
445,4,Box,6.44163,0.47818,-1.57338,0.053122,-0.07995,-0.159911
445,5,Box,0.63784,0.478706,1.57099,-0.0826338,-0.0818914,0.164846
445,6,Box,4.1839,1.41882,1.57127,-0.263362,-0.429023,-0.00252621
445,7,Box,-2.92608,0.495497,0.0202826,0.00197303,0.000643149,-0.0023755
445,8,Box,2.30509,1.43423,-0.46678,0.0133035,-0.0184547,-0.0110884
445,9,Box,-1.8602,0.469368,1.56847,-0.306912,-0.173813,-0.348781
445,10,Box,-0.843881,0.493466,1.59826,-0.0515919,-0.300731,-0.62561
445,11,Box,-3.7007,1.39799,-0.843669,-0.0957899,-0.0786896,0.11849
445,12,Box,3.11414,0.495791,-0.0277401,0.00604466,0.00134313,-0.00745085
445,13,Box,-5.65835,0.499026,3.13238,-6.36894e-05,2.80812e-05,8.67e-05
445,14,Box,-1.8896,1.43669,1.56744,-0.109595,-0.300729,-0.0715611
446,0,Box,0,-1,0,0,0,0
446,1,Box,1.6394,0.480475,0.00166682,-0.00318563,-0.000506602,0.00638123
446,2,Box,-4.46817,0.477313,1.56791,-0.050389,-0.0916384,-0.182573
446,3,Box,4.14348,0.464101,-1.57127,-0.00375435,-0.152572,-0.306562
446,4,Box,6.44157,0.47872,-1.57072,-0.00360429,-0.0795285,0.159467
446,5,Box,0.637418,0.47821,1.56833,-0.025308,-0.0797392,-0.159506
446,6,Box,4.18046,1.41825,1.57824,-0.205798,-0.496313,0.417858
446,7,Box,-2.92606,0.495504,0.0202606,0.00105337,0.000391821,-0.00132273
446,8,Box,2.30531,1.43411,-0.466962,0.0130205,-0.0190966,-0.0109323
446,9,Box,-1.86149,0.470968,1.57069,-0.0769547,-0.0897517,0.133236
446,10,Box,-0.844255,0.487182,1.58524,-0.0224083,-0.379818,-0.781389
446,11,Box,-3.7014,1.39724,-0.844523,-0.0675296,-0.0674965,-0.051227
446,12,Box,3.11432,0.495772,-0.0278648,0.00606994,0.00134761,-0.00748339
446,13,Box,-5.65835,0.499027,3.13238,-6.36838e-05,2.80812e-05,8.66897e-05
446,14,Box,-1.8943,1.43783,1.5722,-0.282437,-0.170491,0.285923
447,0,Box,0,-1,0,0,0,0
447,1,Box,1.63927,0.480518,0.0017588,-0.00275497,-0.000459779,0.00551916
447,2,Box,-4.4701,0.477908,1.57096,-0.09165,-0.0913376,0.182774
447,3,Box,4.14249,0.460826,-1.56322,-0.0587773,-0.241345,0.482794
447,4,Box,6.44245,0.478179,-1.57338,0.0528296,-0.0799511,-0.159912
447,5,Box,0.636071,0.478689,1.57101,-0.080828,-0.080091,0.161258
447,6,Box,4.17666,1.41868,1.57665,-0.22835,-0.510267,-0.095088
447,7,Box,-2.92603,0.495514,0.0202208,0.00198095,0.000645412,-0.00238498
447,8,Box,2.30553,1.43401,-0.467147,0.0132958,-0.0185442,-0.0110835
447,9,Box,-1.86303,0.469191,1.57684,-0.0926234,-0.18432,0.368677
447,10,Box,-0.844157,0.47949,1.56963,0.00586917,-0.461522,-0.936668
447,11,Box,-3.7026,1.39627,-0.84253,-0.0960232,-0.079288,0.119583
447,12,Box,3.11451,0.495753,-0.0279894,0.00605828,0.0013451,-0.00747165
447,13,Box,-5.65835,0.499027,3.13239,-6.36801e-05,2.80812e-05,8.66855e-05
447,14,Box,-1.89934,1.43695,1.57458,-0.301643,-0.301918,0.142704
448,0,Box,0,-1,0,0,0,0
448,1,Box,1.63914,0.480561,0.001865,-0.00318032,-0.000506038,0.00637186
448,2,Box,-4.47137,0.477306,1.56792,-0.0505224,-0.0916906,-0.182683
448,3,Box,4.14239,0.464749,-1.56902,-0.00855695,-0.172631,-0.347899
448,4,Box,6.44238,0.478721,-1.57073,-0.00389748,-0.0795273,0.159465
448,5,Box,0.635669,0.478212,1.56836,-0.0241289,-0.0797481,-0.159529
448,6,Box,4.17402,1.41646,1.58404,-0.155652,-0.550814,0.443362
448,7,Box,-2.92601,0.495521,0.0201986,0.00106048,0.00039398,-0.00133129
448,8,Box,2.30574,1.4339,-0.467329,0.0130029,-0.0190606,-0.0108975
448,9,Box,-1.86341,0.471606,1.57296,-0.0244211,-0.115609,-0.232621
448,10,Box,-0.846071,0.478235,1.57345,-0.11486,-0.114683,0.229452
448,11,Box,-3.7033,1.39553,-0.843385,-0.0676744,-0.0676475,-0.0512984
448,12,Box,3.11469,0.495734,-0.028114,0.0060644,0.00134615,-0.00748144
448,13,Box,-5.65835,0.499028,3.13239,-6.36689e-05,2.80738e-05,8.66774e-05
448,14,Box,-1.9039,1.43397,1.58091,-0.272269,-0.415619,0.37995
449,0,Box,0,-1,0,0,0,0
449,1,Box,1.639,0.480607,0.00197195,-0.00320255,-0.000511035,0.00641707
449,2,Box,-4.4733,0.477901,1.57096,-0.0917082,-0.0913897,0.18289
449,3,Box,4.14226,0.46373,-1.56779,-0.00920499,-0.0292894,0.0738708
449,4,Box,6.44326,0.478177,-1.57339,0.0525356,-0.0799524,-0.159914
449,5,Box,0.634331,0.478685,1.57102,-0.0802414,-0.0798929,0.160093
449,6,Box,4.17569,1.42325,1.57934,0.100908,-0.205554,-0.282266
449,7,Box,-2.92598,0.495532,0.0201587,0.0019888,0.000647677,-0.00239443
449,8,Box,2.30596,1.43379,-0.46751,0.0129671,-0.0191171,-0.0108739
449,9,Box,-1.86423,0.471325,1.57558,-0.0530968,0.0242786,0.157152
449,10,Box,-0.846837,0.478772,1.57081,-0.0459376,-0.0790549,-0.158529
449,11,Box,-3.7045,1.39455,-0.841374,-0.0962592,-0.0799005,0.120649
449,12,Box,3.11487,0.495715,-0.0282388,0.00606502,0.00134596,-0.00748441
449,13,Box,-5.65836,0.499028,3.13239,-6.36615e-05,2.80738e-05,8.665e-05
449,14,Box,-1.90467,1.43799,1.57772,-0.0426023,-0.140946,-0.191865
450,0,Box,0,-1,0,0,0,0
450,1,Box,1.63873,0.48063,0.00233771,-0.0109511,-0.00195536,0.0219455
450,2,Box,-4.47457,0.477299,1.56792,-0.0506616,-0.0917455,-0.1828
450,3,Box,4.14234,0.467168,-1.56768,0.00388253,-0.0132989,0.00644832
450,4,Box,6.44319,0.478723,-1.57073,-0.00419244,-0.079526,0.159464
450,5,Box,0.633937,0.47821,1.56836,-0.0236783,-0.0799425,-0.159919
450,6,Box,4.17868,1.42634,1.57201,0.180809,-0.234807,-0.439317
450,7,Box,-2.92596,0.495538,0.0201364,0.00106785,0.000396216,-0.00134013
450,8,Box,2.30623,1.43291,-0.468075,0.0157872,-0.0652781,-0.0338753
450,9,Box,-1.865,0.474363,1.57743,-0.0479488,0.0386834,0.111433
450,10,Box,-0.847127,0.476846,1.56548,-0.0174031,-0.160016,-0.320036
450,11,Box,-3.70521,1.39381,-0.84223,-0.0678218,-0.0678047,-0.051374
450,12,Box,3.11564,0.495014,-0.0269349,0.0409637,-0.039619,0.0782328
450,13,Box,-5.65836,0.499029,3.13239,-6.3654e-05,2.80663e-05,8.66487e-05
450,14,Box,-1.90412,1.43935,1.57209,0.0350074,-0.172878,-0.337642
451,0,Box,0,-1,0,0,0,0
451,1,Box,1.63849,0.480593,0.00246373,-0.00377178,-0.000538611,0.00756126
451,2,Box,-4.47651,0.477895,1.57097,-0.0917689,-0.0914446,0.183012
451,3,Box,4.14238,0.466365,-1.57348,0.00158213,-0.173365,-0.347748
451,4,Box,6.44406,0.478176,-1.5734,0.0522398,-0.0799537,-0.159915
451,5,Box,0.632602,0.478685,1.57102,-0.0800955,-0.0797484,0.159802
451,6,Box,4.18227,1.42778,1.57055,0.216084,-0.306219,-0.0875997
451,7,Box,-2.92593,0.495549,0.0200963,0.00199653,0.000649936,-0.00240377
451,8,Box,2.30672,1.43286,-0.46835,0.0205813,-0.0254929,-0.016541
451,9,Box,-1.86568,0.472463,1.57334,-0.0428768,-0.122182,-0.245951
451,10,Box,-0.848587,0.478885,1.56838,-0.0876083,-0.086734,0.174292
451,11,Box,-3.70641,1.39283,-0.840202,-0.0964979,-0.0805273,0.121691
451,12,Box,3.11582,0.495031,-0.0271194,0.00898232,0.00201252,-0.0110689
451,13,Box,-5.65836,0.499029,3.13239,-6.36522e-05,2.80663e-05,8.66515e-05
451,14,Box,-1.90311,1.4405,1.5724,0.0623992,-0.244965,0.0185201
452,0,Box,0,-1,0,0,0,0
452,1,Box,1.6383,0.480689,0.00256482,-0.00302518,-0.000455709,0.00606532
452,2,Box,-4.47779,0.477292,1.56792,-0.0508064,-0.0918029,-0.182921
452,3,Box,4.14138,0.467412,-1.56941,-0.0588229,-0.121664,0.243975
452,4,Box,6.44399,0.478724,-1.57074,-0.00448916,-0.0795247,0.159463
452,5,Box,0.632209,0.478209,1.56836,-0.0235832,-0.0799447,-0.159923
452,6,Box,4.18533,1.42681,1.5646,0.182479,-0.413202,-0.357482
452,7,Box,-2.92591,0.495556,0.0200739,0.00107546,0.000398528,-0.0013493
452,8,Box,2.30702,1.43285,-0.468549,0.0146107,-0.0193935,-0.0119333
452,9,Box,-1.86592,0.470643,1.56651,-0.0150461,-0.204107,-0.409253
452,10,Box,-0.850524,0.477487,1.57397,-0.116248,-0.167392,0.335593
452,11,Box,-3.70711,1.39208,-0.841059,-0.0679718,-0.0679678,-0.0514537
452,12,Box,3.11601,0.495012,-0.0272541,0.00655924,0.0014645,-0.00808159
452,13,Box,-5.65836,0.49903,3.13239,-6.3641e-05,2.80663e-05,8.66392e-05
452,14,Box,-1.90207,1.43742,1.57282,0.0632813,-0.40682,0.0256057
453,0,Box,0,-1,0,0,0,0
453,1,Box,1.63812,0.480785,0.00266948,-0.00313162,-0.000493138,0.00627936
453,2,Box,-4.47973,0.477888,1.57097,-0.0918318,-0.091502,0.183138
453,3,Box,4.14116,0.464461,-1.57678,-0.0105382,-0.220806,-0.442155
453,4,Box,6.44485,0.478174,-1.57341,0.0519421,-0.0799549,-0.159916
453,5,Box,0.630874,0.478686,1.57102,-0.08006,-0.0797128,0.159731
453,6,Box,4.18869,1.42649,1.56502,0.199163,-0.453177,0.0254678
453,7,Box,-2.92587,0.495567,0.0200336,0.00200419,0.000652198,-0.00241306
453,8,Box,2.30728,1.43283,-0.468733,0.0132249,-0.0189939,-0.0110078
453,9,Box,-1.86702,0.470152,1.57153,-0.0667101,-0.14994,0.301158
453,10,Box,-0.851003,0.478646,1.57136,-0.0287191,-0.0780506,-0.156596
453,11,Box,-3.70831,1.3911,-0.839014,-0.0967392,-0.0811678,0.122709
453,12,Box,3.1162,0.494991,-0.0273802,0.00614083,0.00136762,-0.00756519
453,13,Box,-5.65836,0.49903,3.13239,-6.36391e-05,2.80663e-05,8.66235e-05
453,14,Box,-1.90195,1.43435,1.5664,0.00760147,-0.477778,-0.385524
454,0,Box,0,-1,0,0,0,0
454,1,Box,1.63795,0.480871,0.00277554,-0.00317348,-0.000504634,0.00636397
454,2,Box,-4.48102,0.477284,1.56792,-0.0509566,-0.0918627,-0.183047
454,3,Box,4.14002,0.467697,-1.57168,-0.0666187,-0.152087,0.305996
454,4,Box,6.44477,0.478726,-1.57075,-0.00478766,-0.0795234,0.159461
454,5,Box,0.630482,0.478209,1.56835,-0.0235603,-0.0799458,-0.159925
454,6,Box,4.19107,1.42321,1.55755,0.14056,-0.517501,-0.448063
454,7,Box,-2.92586,0.495573,0.020011,0.00108334,0.000400912,-0.00135875
454,8,Box,2.30753,1.43279,-0.468913,0.012959,-0.0189939,-0.0108366
454,9,Box,-1.86761,0.467286,1.56454,-0.0353507,-0.209656,-0.419488
454,10,Box,-0.851006,0.47698,1.56606,-0.000159729,-0.15894,-0.31806
454,11,Box,-3.70901,1.39035,-0.839873,-0.0681245,-0.0681368,-0.0515372
454,12,Box,3.11639,0.49497,-0.0275049,0.0060722,0.00135132,-0.00748215
454,13,Box,-5.65836,0.499031,3.1324,-6.3628e-05,2.80589e-05,8.66121e-05
454,14,Box,-1.90094,1.43151,1.56964,0.060807,-0.50061,0.194439
455,0,Box,0,-1,0,0,0,0
455,1,Box,1.63778,0.480949,0.00288186,-0.00318071,-0.000506764,0.00637914
455,2,Box,-4.48296,0.477881,1.57098,-0.091897,-0.0915618,0.183268
455,3,Box,4.13991,0.46586,-1.57257,0.000625005,-0.0284092,-0.0535227
455,4,Box,6.44563,0.478172,-1.57341,0.0516427,-0.0799562,-0.159918
455,5,Box,0.629147,0.478687,1.57102,-0.0800515,-0.0797039,0.159713
455,6,Box,4.18959,1.42931,1.56206,-0.0959418,-0.174386,0.270501
455,7,Box,-2.92582,0.495584,0.0199706,0.00201173,0.000654441,-0.00242223
455,8,Box,2.30777,1.43274,-0.469093,0.0129057,-0.0189886,-0.0107963
455,9,Box,-1.86878,0.468297,1.57054,-0.0699395,-0.17878,0.359802
455,10,Box,-0.852355,0.478871,1.56875,-0.0809396,-0.0802379,0.161119
455,11,Box,-3.71022,1.38936,-0.837811,-0.0969829,-0.081822,0.123704
455,12,Box,3.11657,0.494951,-0.0276293,0.00605862,0.00134796,-0.00746763
455,13,Box,-5.65836,0.499031,3.1324,-6.36205e-05,2.80514e-05,8.66095e-05
455,14,Box,-1.90121,1.42811,1.56329,-0.0168112,-0.53424,-0.381031
456,0,Box,0,-1,0,0,0,0
456,1,Box,1.63762,0.481022,0.00298816,-0.00317971,-0.00050686,0.00637783
456,2,Box,-4.48425,0.477276,1.56792,-0.0511119,-0.0919249,-0.183178
456,3,Box,4.13979,0.468769,-1.57271,-0.00416258,-0.0133099,-0.008229
456,4,Box,6.44555,0.478728,-1.57076,-0.00508794,-0.0795221,0.15946
456,5,Box,0.628755,0.478208,1.56835,-0.0235552,-0.0799465,-0.159926
456,6,Box,4.18673,1.4318,1.56896,-0.174814,-0.203624,0.41379
456,7,Box,-2.9258,0.495591,0.0199478,0.00109145,0.000403372,-0.00136849
456,8,Box,2.30801,1.43268,-0.469273,0.0128875,-0.0189731,-0.010776
456,9,Box,-1.86955,0.466967,1.57131,-0.0462288,-0.0772122,0.0463715
456,10,Box,-0.854181,0.47748,1.57412,-0.109571,-0.160919,0.322497
456,11,Box,-3.71091,1.38862,-0.838672,-0.0682798,-0.0683115,-0.0516244
456,12,Box,3.11676,0.494932,-0.0277537,0.00605295,0.00134648,-0.00746298
456,13,Box,-5.65836,0.499031,3.1324,-6.36168e-05,2.80514e-05,8.66026e-05
456,14,Box,-1.90521,1.43146,1.569,-0.240046,-0.22786,0.342773
457,0,Box,0,-1,0,0,0,0
457,1,Box,1.63747,0.481091,0.00309438,-0.00317712,-0.0005066,0.00637331
457,2,Box,-4.4862,0.477874,1.57098,-0.0919643,-0.0916241,0.183402
457,3,Box,4.13962,0.468224,-1.56713,-0.00975535,-0.166958,0.334502
457,4,Box,6.4464,0.478171,-1.57342,0.0513416,-0.0799575,-0.159919
457,5,Box,0.627421,0.478688,1.57101,-0.0800498,-0.0797016,0.159709
457,6,Box,4.18336,1.43219,1.5702,-0.202209,-0.281416,0.0746591
457,7,Box,-2.92577,0.495602,0.0199073,0.00201914,0.000656664,-0.0024313
457,8,Box,2.30825,1.43261,-0.469452,0.0128743,-0.0189545,-0.0107579
457,9,Box,-1.86957,0.468124,1.56766,-0.00147931,-0.109383,-0.218876
457,10,Box,-0.854586,0.478687,1.57151,-0.0243122,-0.0781303,-0.15678
457,11,Box,-3.71212,1.38761,-0.836594,-0.0972291,-0.0824896,0.124675
457,12,Box,3.11694,0.494912,-0.027878,0.00604824,0.00134527,-0.00745954
457,13,Box,-5.65836,0.499032,3.1324,-6.36056e-05,2.80514e-05,8.65776e-05
457,14,Box,-1.90919,1.42998,1.57493,-0.238419,-0.388478,0.355793
458,0,Box,0,-1,0,0,0,0
458,1,Box,1.63731,0.481156,0.00320052,-0.0031742,-0.000506266,0.00636813
458,2,Box,-4.4875,0.477268,1.56792,-0.0512725,-0.0919896,-0.183314
458,3,Box,4.14042,0.468912,-1.57122,0.0482201,-0.122019,-0.244929
458,4,Box,6.44631,0.478729,-1.57076,-0.00539002,-0.0795209,0.159459
458,5,Box,0.627028,0.478207,1.56835,-0.0235545,-0.0799471,-0.159926
458,6,Box,4.18056,1.43114,1.57553,-0.16874,-0.389041,0.319354
458,7,Box,-2.92575,0.495609,0.0198843,0.00109981,0.000405908,-0.00137853
458,8,Box,2.30848,1.43253,-0.469631,0.0128616,-0.0189348,-0.0107397
458,9,Box,-1.87032,0.466142,1.57481,-0.0463095,-0.213745,0.428745
458,10,Box,-0.854515,0.477039,1.56621,0.00425341,-0.159002,-0.31823
458,11,Box,-3.71281,1.38687,-0.837456,-0.0684378,-0.068492,-0.0517152
458,12,Box,3.11712,0.494893,-0.0280023,0.00604358,0.00134407,-0.00745616
458,13,Box,-5.65836,0.499032,3.1324,-6.36037e-05,2.8044e-05,8.65861e-05
458,14,Box,-1.91346,1.42923,1.5747,-0.254854,-0.433927,-0.0141189
459,0,Box,0,-1,0,0,0,0
459,1,Box,1.63716,0.481219,0.00330656,-0.00317119,-0.000505931,0.00636278
459,2,Box,-4.48944,0.477866,1.57098,-0.0920338,-0.0916888,0.183541
459,3,Box,4.14026,0.466049,-1.56412,-0.00922016,-0.212772,0.425663
459,4,Box,6.44716,0.478169,-1.57343,0.0510386,-0.0799588,-0.15992
459,5,Box,0.625694,0.478689,1.57101,-0.0800496,-0.0797009,0.159708
459,6,Box,4.17761,1.42999,1.5746,-0.177041,-0.435175,-0.0555979
459,7,Box,-2.92572,0.49562,0.0198436,0.00202645,0.000658885,-0.00244024
459,8,Box,2.30871,1.43246,-0.46981,0.0128487,-0.0189145,-0.0107211
459,9,Box,-1.87014,0.468136,1.56983,0.00958206,-0.148832,-0.298859
459,10,Box,-0.855837,0.478879,1.56884,-0.0792765,-0.0786151,0.15783
459,11,Box,-3.71402,1.38586,-0.835362,-0.0974776,-0.0831703,0.125622
459,12,Box,3.1173,0.494874,-0.0281265,0.00603887,0.00134286,-0.00745269
459,13,Box,-5.65836,0.499033,3.1324,-6.35982e-05,2.80514e-05,8.65723e-05
459,14,Box,-1.91681,1.42587,1.58191,-0.199326,-0.503866,0.433088
460,0,Box,0,-1,0,0,0,0
460,1,Box,1.63701,0.481279,0.00341252,-0.00316811,-0.000505583,0.00635727
460,2,Box,-4.49075,0.477259,1.56793,-0.051438,-0.0920565,-0.183455
460,3,Box,4.14097,0.468501,-1.5694,0.0411834,-0.157225,-0.316557
460,4,Box,6.44707,0.478731,-1.57077,-0.00569387,-0.0795196,0.159457
460,5,Box,0.625301,0.478207,1.56834,-0.0235548,-0.0799477,-0.159927
460,6,Box,4.17565,1.42701,1.58118,-0.116178,-0.49619,0.394581
460,7,Box,-2.9257,0.495626,0.0198205,0.00110841,0.000408506,-0.00138884
460,8,Box,2.30894,1.43237,-0.469988,0.0128356,-0.0188937,-0.0107021
460,9,Box,-1.87056,0.463197,1.57784,-0.0310664,-0.240297,0.480913
460,10,Box,-0.857635,0.477483,1.57416,-0.107906,-0.159302,0.319228
460,11,Box,-3.71472,1.38512,-0.836226,-0.0685986,-0.0686781,-0.0518095
460,12,Box,3.11749,0.494855,-0.0282507,0.00603409,0.00134164,-0.00744919
460,13,Box,-5.65837,0.499033,3.1324,-6.3587e-05,2.8044e-05,8.65538e-05
460,14,Box,-1.92083,1.42561,1.58061,-0.235957,-0.51598,-0.0782895
461,0,Box,0,-1,0,0,0,0
461,1,Box,1.63686,0.481338,0.00351838,-0.00316499,-0.000505256,0.0063517
461,2,Box,-4.4927,0.477859,1.57099,-0.0921053,-0.0917558,0.183684
461,3,Box,4.14112,0.467342,-1.56888,0.00815498,-0.0404738,0.0311911
461,4,Box,6.44792,0.478167,-1.57344,0.0507339,-0.0799601,-0.159922
461,5,Box,0.623967,0.478689,1.571,-0.0800499,-0.0797006,0.159708
461,6,Box,4.17777,1.43168,1.57676,0.127853,-0.188217,-0.264935
461,7,Box,-2.92567,0.495638,0.0197797,0.00203365,0.000661093,-0.00244911
461,8,Box,2.30917,1.43229,-0.470166,0.0128224,-0.0188726,-0.0106828
461,9,Box,-1.87225,0.471155,1.58203,-0.104603,0.0794619,0.251266
461,10,Box,-0.858022,0.478698,1.57154,-0.0232144,-0.0781508,-0.156826
461,11,Box,-3.71593,1.3841,-0.834116,-0.0977285,-0.083864,0.126546
461,12,Box,3.11767,0.494836,-0.0283748,0.00602925,0.00134042,-0.00744559
461,13,Box,-5.65837,0.499034,3.13241,-6.3587e-05,2.80365e-05,8.65658e-05
461,14,Box,-1.92089,1.42654,1.57208,-0.000194008,-0.277489,-0.511905
462,0,Box,0,-1,0,0,0,0
462,1,Box,1.63672,0.481396,0.00362415,-0.00316186,-0.000504914,0.00634608
462,2,Box,-4.49402,0.477251,1.56793,-0.0516086,-0.0921257,-0.1836
462,3,Box,4.1415,0.469659,-1.5694,0.0225522,-0.0315546,-0.0313572
462,4,Box,6.44781,0.478733,-1.57078,-0.00599956,-0.0795181,0.159456
462,5,Box,0.623575,0.478206,1.56834,-0.0235554,-0.0799483,-0.159928
462,6,Box,4.18116,1.43327,1.56984,0.203975,-0.224128,-0.415194
462,7,Box,-2.92565,0.495644,0.0197564,0.00111724,0.000411177,-0.00139944
462,8,Box,2.30939,1.4322,-0.470344,0.0128091,-0.0188513,-0.0106634
462,9,Box,-1.87374,0.468714,1.57722,-0.0951188,-0.142609,-0.288449
462,10,Box,-0.857933,0.477053,1.56624,0.00535257,-0.159018,-0.318274
462,11,Box,-3.71662,1.38337,-0.834982,-0.0687622,-0.0688699,-0.0519073
462,12,Box,3.11785,0.494817,-0.0284988,0.0060244,0.00133918,-0.00744199
462,13,Box,-5.65837,0.499034,3.13241,-6.35777e-05,2.80365e-05,8.65515e-05
462,14,Box,-1.92059,1.4305,1.5725,0.0236945,-0.285747,0.0254879
463,0,Box,0,-1,0,0,0,0
463,1,Box,1.63657,0.481452,0.00372982,-0.0031587,-0.000504584,0.00634042
463,2,Box,-4.49598,0.477851,1.57099,-0.0921788,-0.0918251,0.183831
463,3,Box,4.14183,0.468092,-1.57527,0.0201844,-0.175861,-0.352139
463,4,Box,6.44866,0.478166,-1.57344,0.0504272,-0.0799613,-0.159923
463,5,Box,0.62224,0.47869,1.571,-0.0800502,-0.0797003,0.159708
463,6,Box,4.18517,1.43339,1.56826,0.24044,-0.308056,-0.0949234
463,7,Box,-2.92561,0.495655,0.0197154,0.00204069,0.000663281,-0.00245781
463,8,Box,2.30962,1.43211,-0.470521,0.0127957,-0.0188298,-0.0106437
463,9,Box,-1.87482,0.467583,1.5697,-0.0673197,-0.224402,-0.451716
463,10,Box,-0.859247,0.478882,1.56886,-0.0788625,-0.0782105,0.157011
463,11,Box,-3.71783,1.38234,-0.832857,-0.0979817,-0.0845705,0.127447
463,12,Box,3.11803,0.494798,-0.0286228,0.00601952,0.00133795,-0.00743835
463,13,Box,-5.65837,0.499035,3.13241,-6.35665e-05,2.80291e-05,8.65319e-05
463,14,Box,-1.92022,1.42914,1.57307,0.0247738,-0.447255,0.0342062
464,0,Box,0,-1,0,0,0,0
464,1,Box,1.63643,0.481508,0.0038354,-0.00315552,-0.000504249,0.0063347
464,2,Box,-4.4973,0.477242,1.56793,-0.0517838,-0.0921972,-0.18375
464,3,Box,4.14112,0.469919,-1.57123,-0.0415655,-0.120741,0.242563
464,4,Box,6.44855,0.478734,-1.57079,-0.00630707,-0.0795168,0.159454
464,5,Box,0.621848,0.478205,1.56834,-0.023556,-0.0799489,-0.159928
464,6,Box,4.18864,1.43112,1.56219,0.207028,-0.415134,-0.364099
464,7,Box,-2.92559,0.495662,0.0196919,0.00112629,0.000413917,-0.0014103
464,8,Box,2.30984,1.43202,-0.470698,0.0127823,-0.0188082,-0.010624
464,9,Box,-1.87681,0.466701,1.57501,-0.120108,-0.159141,0.318604
464,10,Box,-0.861039,0.477486,1.57416,-0.107492,-0.158898,0.318413
464,11,Box,-3.71852,1.38161,-0.833724,-0.0689286,-0.0690672,-0.0520082
464,12,Box,3.11821,0.494779,-0.0287467,0.00601461,0.00133672,-0.00743465
464,13,Box,-5.65837,0.499035,3.13241,-6.35646e-05,2.80291e-05,8.65241e-05
464,14,Box,-1.92085,1.42668,1.56611,-0.0372525,-0.507743,-0.417546
465,0,Box,0,-1,0,0,0,0
465,1,Box,1.63628,0.481564,0.00394088,-0.00315234,-0.000503908,0.00632899
465,2,Box,-4.49926,0.477843,1.57099,-0.0922544,-0.0918968,0.183982
465,3,Box,4.14144,0.469292,-1.57279,0.023176,-0.00330791,-0.0938874
465,4,Box,6.44939,0.478164,-1.57345,0.0501188,-0.0799626,-0.159924
465,5,Box,0.620514,0.478691,1.571,-0.0800506,-0.0797001,0.159709
465,6,Box,4.18834,1.43556,1.5655,-0.0215643,-0.138264,0.198695
465,7,Box,-2.92556,0.495673,0.0196508,0.00204759,0.000665445,-0.00246636
465,8,Box,2.31007,1.43193,-0.470875,0.0127688,-0.0187865,-0.0106042
465,9,Box,-1.87821,0.464994,1.56764,-0.0858176,-0.219981,-0.441689
465,10,Box,-0.861421,0.4787,1.57155,-0.0229419,-0.0781566,-0.156839
465,11,Box,-3.71974,1.38057,-0.831586,-0.0982371,-0.0852898,0.128325
465,12,Box,3.1184,0.49476,-0.0288705,0.00600971,0.00133548,-0.00743097
465,13,Box,-5.65837,0.499036,3.13241,-6.35516e-05,2.80216e-05,8.65147e-05
465,14,Box,-1.92061,1.42531,1.56942,0.0166018,-0.519118,0.198506
466,0,Box,0,-1,0,0,0,0
466,1,Box,1.63614,0.481618,0.00404627,-0.00314913,-0.00050357,0.00632324
466,2,Box,-4.50059,0.477232,1.56793,-0.0519638,-0.0922706,-0.183904
466,3,Box,4.14172,0.47192,-1.57366,0.0180061,0.00883487,-0.052339
466,4,Box,6.44928,0.478736,-1.5708,-0.00661638,-0.0795155,0.159453
466,5,Box,0.620121,0.478204,1.56833,-0.0235567,-0.0799495,-0.159929
466,6,Box,4.18671,1.43727,1.57114,-0.0993505,-0.170383,0.338115
466,7,Box,-2.92554,0.49568,0.0196271,0.00113558,0.000416721,-0.00142143
466,8,Box,2.31029,1.43183,-0.471051,0.0127554,-0.0187648,-0.0105843
466,9,Box,-1.88023,0.465683,1.5738,-0.120835,-0.184206,0.369554
466,10,Box,-0.861327,0.477056,1.56624,0.0056253,-0.159023,-0.318286
466,11,Box,-3.72042,1.37984,-0.832454,-0.0690978,-0.06927,-0.0521122
466,12,Box,3.11858,0.49474,-0.0289943,0.00600479,0.00133424,-0.00742729
466,13,Box,-5.65837,0.499036,3.13241,-6.35497e-05,2.80216e-05,8.65072e-05
466,14,Box,-1.92167,1.42237,1.56288,-0.0640838,-0.547555,-0.392675
467,0,Box,0,-1,0,0,0,0
467,1,Box,1.636,0.481673,0.00415156,-0.00314595,-0.000503235,0.00631751
467,2,Box,-4.50255,0.477835,1.571,-0.0923378,-0.0919602,0.184148
467,3,Box,4.1419,0.47049,-1.56906,0.0117039,-0.137886,0.27651
467,4,Box,6.45011,0.478162,-1.57346,0.0498086,-0.0799641,-0.159926
467,5,Box,0.618787,0.478692,1.57099,-0.080051,-0.0796999,0.159709
467,6,Box,4.18462,1.43787,1.57145,-0.126332,-0.254247,0.0188145
467,7,Box,-2.92551,0.495691,0.0195858,0.00205624,0.000667355,-0.00247612
467,8,Box,2.31051,1.43174,-0.471227,0.0127419,-0.018743,-0.0105645
467,9,Box,-1.88157,0.462854,1.56632,-0.0818321,-0.223974,-0.449154
467,10,Box,-0.86264,0.478883,1.56886,-0.0787599,-0.0781097,0.156808
467,11,Box,-3.72164,1.37879,-0.830302,-0.0984904,-0.0860423,0.129155
467,12,Box,3.11876,0.494721,-0.029118,0.00599986,0.001333,-0.00742356
467,13,Box,-5.65837,0.499037,3.13241,-6.35386e-05,2.80216e-05,8.64929e-05
467,14,Box,-1.92179,1.42174,1.56708,-0.00572528,-0.553397,0.252501
468,0,Box,0,-1,0,0,0,0
468,1,Box,1.63585,0.481727,0.00425676,-0.00314274,-0.000502904,0.00631174
468,2,Box,-4.5039,0.477223,1.56793,-0.0521557,-0.0923386,-0.184047
468,3,Box,4.1429,0.470722,-1.57314,0.0599268,-0.122228,-0.244875
468,4,Box,6.44999,0.478738,-1.5708,-0.00692758,-0.0795143,0.159452
468,5,Box,0.618394,0.478203,1.56833,-0.0235573,-0.0799501,-0.15993
468,6,Box,4.18306,1.43577,1.57578,-0.0936588,-0.363044,0.259614
468,7,Box,-2.92549,0.495698,0.0195619,0.00114535,0.00041969,-0.00143316
468,8,Box,2.31073,1.43165,-0.471403,0.0127284,-0.0187212,-0.0105445
468,9,Box,-1.88346,0.46475,1.57282,-0.112,-0.194115,0.38995
468,10,Box,-0.86443,0.477487,1.57416,-0.107389,-0.158797,0.31821
468,11,Box,-3.72232,1.37806,-0.831172,-0.0692693,-0.069478,-0.0522192
468,12,Box,3.11894,0.494702,-0.0292417,0.00599494,0.00133176,-0.00741985
468,13,Box,-5.65837,0.499037,3.13242,-6.3533e-05,2.80142e-05,8.64934e-05
468,14,Box,-1.92333,1.41875,1.56051,-0.0937077,-0.568851,-0.394524
469,0,Box,0,-1,0,0,0,0
469,1,Box,1.63571,0.48178,0.00436186,-0.00313955,-0.000502578,0.006306
469,2,Box,-4.50586,0.477827,1.571,-0.0924345,-0.0920122,0.184341
469,3,Box,4.14304,0.468257,-1.56676,0.0092225,-0.190961,0.382736
469,4,Box,6.4494,0.476822,-1.56545,-0.0354612,-0.160478,0.320957
469,5,Box,0.61706,0.478693,1.57099,-0.0800514,-0.0796997,0.159709
469,6,Box,4.1812,1.43431,1.57393,-0.112207,-0.421063,-0.110674
469,7,Box,-2.92545,0.49571,0.0195205,0.00206759,0.000668869,-0.00248771
469,8,Box,2.31095,1.43155,-0.471579,0.0127149,-0.0186994,-0.0105247
469,9,Box,-1.88474,0.461184,1.56538,-0.0776893,-0.222678,-0.446097
469,10,Box,-0.864811,0.4787,1.57155,-0.0228751,-0.0781588,-0.156843
469,11,Box,-3.72354,1.377,-0.829006,-0.0987389,-0.0868371,0.129925
469,12,Box,3.11912,0.494683,-0.0293653,0.00599001,0.00133052,-0.00741613
469,13,Box,-5.65837,0.499038,3.13242,-6.35274e-05,2.80142e-05,8.64838e-05
469,14,Box,-1.92377,1.41886,1.56539,-0.0253236,-0.5705,0.292766
470,0,Box,0,-1,0,0,0,0
470,1,Box,1.63557,0.481834,0.00446686,-0.00313637,-0.000502251,0.00630027
470,2,Box,-4.50722,0.477214,1.56793,-0.0523638,-0.0923961,-0.184169
470,3,Box,4.1439,0.469488,-1.57211,0.0506257,-0.15997,-0.321228
470,4,Box,6.45023,0.479032,-1.56806,0.049789,-0.0777151,-0.156263
470,5,Box,0.616667,0.478203,1.56832,-0.023558,-0.0799507,-0.15993
470,6,Box,4.18035,1.43066,1.57974,-0.0502929,-0.480468,0.348438
470,7,Box,-2.92543,0.495717,0.0194964,0.00115572,0.00042287,-0.00144562
470,8,Box,2.31117,1.43146,-0.471754,0.0127015,-0.0186777,-0.0105048
470,9,Box,-1.8865,0.46399,1.57209,-0.103694,-0.200199,0.402532
470,10,Box,-0.864716,0.477055,1.56624,0.00569207,-0.159026,-0.31829
470,11,Box,-3.72422,1.37628,-0.829879,-0.0694428,-0.0696913,-0.0523288
470,12,Box,3.1193,0.494664,-0.0294888,0.0059851,0.00132928,-0.00741241
470,13,Box,-5.65838,0.499038,3.13242,-6.35218e-05,2.80067e-05,8.64781e-05
470,14,Box,-1.92569,1.41599,1.55893,-0.117649,-0.578054,-0.38759
471,0,Box,0,-1,0,0,0,0
471,1,Box,1.63543,0.481887,0.00457177,-0.00313315,-0.000501918,0.00629449
471,2,Box,-4.50918,0.477819,1.57101,-0.092536,-0.0920687,0.184545
471,3,Box,4.14401,0.465456,-1.56497,0.00703665,-0.214091,0.428626
471,4,Box,6.45154,0.477794,-1.57335,0.0784426,-0.158333,-0.317535
471,5,Box,0.615333,0.478693,1.57099,-0.0800518,-0.0796995,0.159709
471,6,Box,4.17882,1.4294,1.57656,-0.0924848,-0.505386,-0.190781
471,7,Box,-2.9254,0.495728,0.0194547,0.00207883,0.000670357,-0.00249918
471,8,Box,2.31139,1.43136,-0.471928,0.0126881,-0.0186559,-0.0104849
471,9,Box,-1.88771,0.459986,1.56478,-0.0731966,-0.219045,-0.438489
471,10,Box,-0.866028,0.478884,1.56886,-0.0787349,-0.0780846,0.156758
471,11,Box,-3.72545,1.37521,-0.827701,-0.0989888,-0.0876418,0.130674
471,12,Box,3.11948,0.494645,-0.0296123,0.00598017,0.00132805,-0.00740868
471,13,Box,-5.65838,0.499039,3.13242,-6.35162e-05,2.80067e-05,8.64695e-05
471,14,Box,-1.9264,1.41669,1.56434,-0.041782,-0.578825,0.324561
472,0,Box,0,-1,0,0,0,0
472,1,Box,1.63529,0.481941,0.00467658,-0.00312996,-0.000501582,0.00628874
472,2,Box,-4.51054,0.477205,1.56794,-0.0525772,-0.0924544,-0.184293
472,3,Box,4.14476,0.468033,-1.57101,0.0433457,-0.180075,-0.362254
472,4,Box,6.45144,0.478577,-1.57073,-0.00584964,-0.0783352,0.157069
472,5,Box,0.614941,0.478202,1.56832,-0.0235587,-0.0799513,-0.159931
472,6,Box,4.17853,1.42532,1.58297,-0.0152514,-0.538299,0.384602
472,7,Box,-2.92538,0.495735,0.0194304,0.00116628,0.000426095,-0.00145832
472,8,Box,2.31161,1.43127,-0.472103,0.0126746,-0.0186341,-0.010465
472,9,Box,-1.88734,0.466747,1.56349,0.0245853,0.00510582,-0.0775794
472,10,Box,-0.867818,0.477489,1.57416,-0.107364,-0.158772,0.31816
472,11,Box,-3.72612,1.37449,-0.828575,-0.0696195,-0.0699097,-0.0524411
472,12,Box,3.11966,0.494625,-0.0297357,0.00597525,0.00132681,-0.00740496
472,13,Box,-5.65838,0.499039,3.13242,-6.3505e-05,2.80067e-05,8.64465e-05
472,14,Box,-1.93045,1.41719,1.5766,-0.245667,-0.397672,0.735734
473,0,Box,0,-1,0,0,0,0
473,1,Box,1.63515,0.481994,0.0047813,-0.00312677,-0.000501256,0.00628298
473,2,Box,-4.51252,0.47781,1.57102,-0.0926399,-0.0921271,0.184753
473,3,Box,4.14485,0.462907,-1.56358,0.00530912,-0.222686,0.44532
473,4,Box,6.45228,0.478117,-1.5734,0.0501648,-0.0799688,-0.159946
473,5,Box,0.613606,0.478694,1.57098,-0.0800522,-0.0796993,0.159709
473,6,Box,4.17733,1.42484,1.57891,-0.0722604,-0.547982,-0.243802
473,7,Box,-2.92535,0.495746,0.0193886,0.00209001,0.00067183,-0.00251059
473,8,Box,2.31183,1.43117,-0.472277,0.0126613,-0.0186124,-0.0104452
473,9,Box,-1.88673,0.462195,1.57142,0.032816,-0.236265,0.475992
473,10,Box,-0.868199,0.4787,1.57154,-0.0228595,-0.0781599,-0.156845
473,11,Box,-3.72735,1.37341,-0.826385,-0.0992407,-0.0884573,0.131402
473,12,Box,3.11984,0.494618,-0.0298591,0.00597033,0.00132559,-0.00740122
473,13,Box,-5.65838,0.49904,3.13242,-6.35032e-05,2.79993e-05,8.64403e-05
473,14,Box,-1.93526,1.42138,1.57951,-0.284934,-0.393374,0.174621
474,0,Box,0,-1,0,0,0,0
474,1,Box,1.63501,0.482047,0.00488592,-0.00312353,-0.000500931,0.00627715
474,2,Box,-4.51389,0.477197,1.56794,-0.0527953,-0.0925139,-0.184419
474,3,Box,4.14398,0.470241,-1.56126,-0.0544516,0.0332046,0.139557
474,4,Box,6.45217,0.478701,-1.57074,-0.00656943,-0.0795245,0.159462
474,5,Box,0.613214,0.478201,1.56832,-0.0235594,-0.079952,-0.159931
474,6,Box,4.17953,1.42446,1.56789,0.134464,-0.361073,-0.660789
474,7,Box,-2.92533,0.495753,0.0193641,0.00117704,0.000429398,-0.00147126
474,8,Box,2.31205,1.43108,-0.472451,0.0126475,-0.0185902,-0.0104248
474,9,Box,-1.88793,0.466612,1.57463,-0.0757143,0.0528941,0.19228
474,10,Box,-0.868104,0.477054,1.56624,0.00570752,-0.159027,-0.318292
474,11,Box,-3.72802,1.37269,-0.827261,-0.0697991,-0.0701331,-0.0525559
474,12,Box,3.12002,0.49465,-0.0299824,0.00596536,0.00132435,-0.00739745
474,13,Box,-5.65838,0.49904,3.13242,-6.34938e-05,2.79993e-05,8.64358e-05
474,14,Box,-1.9362,1.42606,1.57517,-0.0520644,-0.159304,-0.260596
475,0,Box,0,-1,0,0,0,0
475,1,Box,1.63487,0.482099,0.00499043,-0.00312011,-0.000500613,0.00627092
475,2,Box,-4.51586,0.477793,1.57102,-0.0924837,-0.0926257,0.184442
475,3,Box,4.14287,0.466056,-1.56798,-0.0648899,-0.199727,-0.403276
475,4,Box,6.453,0.478165,-1.57341,0.0498618,-0.0799549,-0.159916
475,5,Box,0.61188,0.478695,1.57098,-0.0800526,-0.0796991,0.15971
475,6,Box,4.18253,1.42803,1.56643,0.178032,-0.359173,-0.087591
475,7,Box,-2.92547,0.495664,0.0196597,-0.00869714,-0.00534631,0.0177411
475,8,Box,2.31226,1.43099,-0.472624,0.0126325,-0.0185662,-0.0104022
475,9,Box,-1.88828,0.469984,1.57537,-0.0223764,0.0226211,0.0445822
475,10,Box,-0.869416,0.478884,1.56885,-0.0787292,-0.0780785,0.156746
475,11,Box,-3.72926,1.37167,-0.824971,-0.100341,-0.0851747,0.137372
475,12,Box,3.12021,0.494696,-0.0301056,0.00596019,0.00132309,-0.00739345
475,13,Box,-5.65838,0.499041,3.13243,-6.34883e-05,2.79993e-05,8.64323e-05
475,14,Box,-1.93458,1.42982,1.56993,0.0986094,-0.145789,-0.314026
476,0,Box,0,-1,0,0,0,0
476,1,Box,1.63473,0.482152,0.00509484,-0.00311656,-0.000500323,0.00626446
476,2,Box,-4.51722,0.477187,1.56793,-0.0525964,-0.0928526,-0.185081
476,3,Box,4.14223,0.464149,-1.57738,-0.0365891,-0.281143,-0.563877
476,4,Box,6.45288,0.478722,-1.57075,-0.00686799,-0.0795235,0.159461
476,5,Box,0.611487,0.4782,1.56831,-0.02356,-0.0799526,-0.159932
476,6,Box,4.18552,1.42576,1.565,0.178209,-0.522213,-0.0862944
476,7,Box,-2.92545,0.49567,0.0196392,0.000987501,0.000359365,-0.00123266
476,8,Box,2.31247,1.4309,-0.472797,0.0126168,-0.0185411,-0.0103783
476,9,Box,-1.88849,0.468387,1.571,-0.0144514,-0.130394,-0.261946
476,10,Box,-0.871205,0.47749,1.57415,-0.107359,-0.158765,0.318148
476,11,Box,-3.72995,1.37095,-0.825848,-0.0702026,-0.0701891,-0.0526155
476,12,Box,3.1204,0.494748,-0.0302288,0.00595481,0.00132179,-0.00738916
476,13,Box,-5.65838,0.499041,3.13243,-6.34752e-05,2.79918e-05,8.64139e-05
476,14,Box,-1.93261,1.4327,1.56947,0.11991,-0.235075,-0.0281189
477,0,Box,0,-1,0,0,0,0
477,1,Box,1.63446,0.482181,0.00546045,-0.0109122,-0.00194754,0.0219364
477,2,Box,-4.5192,0.4778,1.57102,-0.0927384,-0.0921156,0.184948
477,3,Box,4.14032,0.467516,-1.57223,-0.112536,-0.15339,0.308794
477,4,Box,6.45371,0.478171,-1.57341,0.0495624,-0.0799562,-0.159918
477,5,Box,0.610153,0.478696,1.57098,-0.080053,-0.0796989,0.15971
477,6,Box,4.18753,1.42158,1.55545,0.118085,-0.583827,-0.572541
477,7,Box,-2.92542,0.495681,0.0195971,0.00210923,0.000672987,-0.0025269
477,8,Box,2.31272,1.43003,-0.473358,0.0155114,-0.064919,-0.0336763
477,9,Box,-1.88827,0.466937,1.56391,0.0131431,-0.212814,-0.425715
477,10,Box,-0.871586,0.478699,1.57154,-0.0228566,-0.0781608,-0.156846
477,11,Box,-3.73118,1.36984,-0.823647,-0.0999187,-0.0902636,0.132076
477,12,Box,3.12117,0.494124,-0.0289299,0.0407326,-0.0393932,0.0779331
477,13,Box,-5.65838,0.499041,3.13243,-6.34752e-05,2.79918e-05,8.6414e-05
477,14,Box,-1.9306,1.43103,1.56913,0.120938,-0.396693,-0.0198889
478,0,Box,0,-1,0,0,0,0
478,1,Box,1.63422,0.48215,0.00558289,-0.00365313,-0.000525158,0.00734648
478,2,Box,-4.52059,0.477174,1.56793,-0.0533245,-0.0927238,-0.184853
478,3,Box,4.13999,0.465091,-1.57276,-0.0109682,-0.0407212,-0.0317029
478,4,Box,6.45359,0.478727,-1.57076,-0.00716825,-0.0795222,0.15946
478,5,Box,0.60976,0.478199,1.56831,-0.0235607,-0.0799532,-0.159933
478,6,Box,4.18557,1.42816,1.56027,-0.126519,-0.18526,0.288964
478,7,Box,-2.9254,0.495689,0.0195721,0.00120129,0.000437071,-0.00149963
478,8,Box,2.31318,1.42999,-0.473622,0.0201068,-0.0247249,-0.015831
478,9,Box,-1.88903,0.46884,1.56878,-0.0449799,-0.145045,0.292097
478,10,Box,-0.871491,0.477052,1.56624,0.00571023,-0.159029,-0.318293
478,11,Box,-3.73185,1.36913,-0.824528,-0.0702119,-0.0706923,-0.0528783
478,12,Box,3.12137,0.494211,-0.0291124,0.00884015,0.00198159,-0.0109544
478,13,Box,-5.65838,0.499042,3.13243,-6.34696e-05,2.79844e-05,8.64079e-05
478,14,Box,-1.92944,1.42872,1.56244,0.0687745,-0.472758,-0.401899
479,0,Box,0,-1,0,0,0,0
479,1,Box,1.63403,0.482249,0.00568112,-0.00293036,-0.000444935,0.00589372
479,2,Box,-4.52258,0.477785,1.57103,-0.0930052,-0.0923496,0.18548
479,3,Box,4.13965,0.467974,-1.57248,-0.0164038,-0.0252949,0.0165702
479,4,Box,6.45441,0.47817,-1.57342,0.0492613,-0.0799575,-0.159919
479,5,Box,0.608426,0.478696,1.57097,-0.0800534,-0.0796987,0.15971
479,6,Box,4.18222,1.43081,1.56753,-0.204693,-0.215139,0.435953
479,7,Box,-2.92536,0.4957,0.0195296,0.00212665,0.000677914,-0.00254744
479,8,Box,2.31346,1.43001,-0.473811,0.0141911,-0.0187518,-0.0113583
479,9,Box,-1.88936,0.46831,1.56869,-0.019366,-0.0493297,-0.00504909
479,10,Box,-0.872803,0.478885,1.56885,-0.0787284,-0.078077,0.156743
479,11,Box,-3.73308,1.36801,-0.822309,-0.100079,-0.0909889,0.133115
479,12,Box,3.12158,0.494262,-0.0292451,0.0064262,0.00143534,-0.00796171
479,13,Box,-5.65838,0.499042,3.13243,-6.34603e-05,2.79844e-05,8.63843e-05
479,14,Box,-1.93196,1.43262,1.5669,-0.152001,-0.186525,0.267634
480,0,Box,0,-1,0,0,0,0
480,1,Box,1.63385,0.482346,0.00578311,-0.00304235,-0.000482613,0.00611957
480,2,Box,-4.52397,0.477166,1.56795,-0.0534204,-0.092653,-0.184716
480,3,Box,4.13915,0.469738,-1.57177,-0.0287389,-0.0366732,0.0430342
480,4,Box,6.45429,0.478729,-1.57076,-0.00747031,-0.0795209,0.159459
480,5,Box,0.608033,0.478199,1.56831,-0.0235614,-0.0799538,-0.159933
480,6,Box,4.17774,1.43167,1.57679,-0.269769,-0.269205,0.555348
480,7,Box,-2.92536,0.495696,0.019535,-5.7698e-05,-0.000244404,0.000322635
480,8,Box,2.3137,1.43,-0.473986,0.0128458,-0.0183891,-0.0104774
480,9,Box,-1.89006,0.47023,1.57007,-0.0414927,-0.0432746,0.0828114
480,10,Box,-0.874592,0.477492,1.57415,-0.107358,-0.158763,0.318145
480,11,Box,-3.73375,1.36731,-0.823188,-0.0706479,-0.0705156,-0.0527167
480,12,Box,3.12178,0.494319,-0.0293695,0.00602108,0.00134143,-0.00745892
480,13,Box,-5.65838,0.499043,3.13243,-6.34566e-05,2.79844e-05,8.63782e-05
480,14,Box,-1.93532,1.4338,1.57384,-0.201977,-0.229266,0.416807
481,0,Box,0,-1,0,0,0,0
481,1,Box,1.63368,0.482432,0.0058865,-0.00308374,-0.000493911,0.00620347
481,2,Box,-4.52596,0.477774,1.57104,-0.0930503,-0.0923472,0.185573
481,3,Box,4.13865,0.466213,-1.56472,-0.0296902,-0.211263,0.422888
481,4,Box,6.4551,0.478169,-1.57343,0.0489583,-0.0799588,-0.15992
481,5,Box,0.606699,0.478697,1.57097,-0.0800538,-0.0796985,0.15971
481,6,Box,4.17274,1.43263,1.57934,-0.300777,-0.329026,0.153098
481,7,Box,-2.92533,0.495707,0.0194931,0.00210275,0.000666221,-0.00251442
481,8,Box,2.31393,1.42997,-0.474158,0.0125918,-0.0183913,-0.0103138
481,9,Box,-1.89057,0.467837,1.57612,-0.0314431,-0.181163,0.362584
481,10,Box,-0.874973,0.478698,1.57154,-0.0228569,-0.0781618,-0.156847
481,11,Box,-3.73499,1.36619,-0.820965,-0.100481,-0.0919256,0.133367
481,12,Box,3.12198,0.494379,-0.0294925,0.00595611,0.00132603,-0.00737996
481,13,Box,-5.65839,0.499043,3.13243,-6.34436e-05,2.79769e-05,8.63665e-05
481,14,Box,-1.93944,1.43393,1.57542,-0.246194,-0.31941,0.0943757
482,0,Box,0,-1,0,0,0,0
482,1,Box,1.63351,0.482511,0.00601895,-0.00395018,-0.000477252,0.00794728
482,2,Box,-4.52737,0.477159,1.56796,-0.0534144,-0.0926114,-0.184578
482,3,Box,4.13852,0.471728,-1.56395,-0.00942896,-0.00383956,0.0458028
482,4,Box,6.45497,0.478731,-1.57077,-0.00777413,-0.0795196,0.159457
482,5,Box,0.606306,0.478198,1.5683,-0.0235621,-0.0799544,-0.159934
482,6,Box,4.17106,1.43462,1.57517,-0.0990351,-0.151442,-0.250499
482,7,Box,-2.92532,0.495709,0.0194794,0.000404354,0.000102909,-0.000824942
482,8,Box,2.31374,1.43009,-0.474227,-0.0115531,-0.00850491,-0.0041236
482,9,Box,-1.88995,0.470618,1.57228,0.036232,-0.114379,-0.229974
482,10,Box,-0.874878,0.477051,1.56623,0.00570969,-0.15903,-0.318295
482,11,Box,-3.73566,1.36549,-0.821845,-0.0713419,-0.0704277,-0.052797
482,12,Box,3.12188,0.494367,-0.0292941,-0.0114812,-0.00300392,0.0119011
482,13,Box,-5.65839,0.499044,3.13244,-6.34417e-05,2.79769e-05,8.63528e-05
482,14,Box,-1.94239,1.43134,1.58167,-0.175845,-0.407936,0.375415
483,0,Box,0,-1,0,0,0,0
483,1,Box,1.63333,0.48258,0.00614799,-0.00384762,-0.000710314,0.00774199
483,2,Box,-4.52936,0.477761,1.57106,-0.0930407,-0.0923642,0.185556
483,3,Box,4.13841,0.471194,-1.56797,-0.00847435,-0.119693,-0.241039
483,4,Box,6.45578,0.478167,-1.57344,0.0486536,-0.07996,-0.159922
483,5,Box,0.604972,0.478698,1.57096,-0.0800541,-0.0796983,0.15971
483,6,Box,4.17,1.43596,1.5756,-0.061872,-0.252219,0.0261245
483,7,Box,-2.92537,0.495673,0.0195682,-0.00261244,-0.00212636,0.0053297
483,8,Box,2.3139,1.43004,-0.474338,0.00680403,-0.0178206,-0.00669398
483,9,Box,-1.88977,0.469512,1.57209,0.00591788,-0.00896812,-0.0118182
483,10,Box,-0.87619,0.478885,1.56884,-0.0787287,-0.0780767,0.156744
483,11,Box,-3.73691,1.36438,-0.819593,-0.101417,-0.0916358,0.135117
483,12,Box,3.12203,0.494385,-0.0293837,0.0043525,0.000951058,-0.00537288
483,13,Box,-5.65839,0.499044,3.13244,-6.34342e-05,2.79769e-05,8.63536e-05
483,14,Box,-1.94139,1.43639,1.57884,0.0647857,-0.118938,-0.170028
484,0,Box,0,-1,0,0,0,0
484,1,Box,1.63317,0.482652,0.0062585,-0.00329482,-0.000548314,0.00663053
484,2,Box,-4.53078,0.477146,1.56797,-0.0540749,-0.0930117,-0.185446
484,3,Box,4.13852,0.471361,-1.56891,0.00625474,-0.0641343,-0.0560369
484,4,Box,6.45565,0.478733,-1.57078,-0.00807974,-0.0795183,0.159456
484,5,Box,0.604579,0.478197,1.5683,-0.0235627,-0.079955,-0.159935
484,6,Box,4.17139,1.43801,1.57119,0.0839676,-0.170923,-0.264612
484,7,Box,-2.92536,0.495676,0.0195555,0.000657896,0.00018305,-0.000758167
484,8,Box,2.31413,1.42998,-0.4745,0.0115505,-0.0185497,-0.00968773
484,9,Box,-1.88952,0.471124,1.57167,0.0124351,-0.0141564,-0.0248382
484,10,Box,-0.877979,0.477494,1.57415,-0.107359,-0.158762,0.318145
484,11,Box,-3.73757,1.36367,-0.82048,-0.0712039,-0.0712691,-0.0532063
484,12,Box,3.12219,0.494425,-0.0295015,0.00570941,0.00126792,-0.00707116
484,13,Box,-5.65839,0.499045,3.13244,-6.34268e-05,2.79695e-05,8.63383e-05
484,14,Box,-1.93897,1.43868,1.57401,0.147055,-0.1521,-0.289579
485,0,Box,0,-1,0,0,0,0
485,1,Box,1.63302,0.482722,0.00636331,-0.00312471,-0.000505275,0.0062889
485,2,Box,-4.53279,0.477752,1.57107,-0.0935079,-0.0923576,0.186489
485,3,Box,4.13883,0.47019,-1.57429,0.018113,-0.16125,-0.323108
485,4,Box,6.45645,0.478166,-1.57344,0.0483471,-0.0799613,-0.159923
485,5,Box,0.603245,0.478699,1.57096,-0.0800545,-0.0796981,0.159711
485,6,Box,4.17322,1.4374,1.57005,0.110216,-0.290469,-0.06879
485,7,Box,-2.92532,0.495687,0.0195131,0.00213953,0.000665686,-0.00254463
485,8,Box,2.31436,1.42991,-0.474669,0.0123674,-0.0184026,-0.0101574
485,9,Box,-1.88912,0.472251,1.57088,0.0237701,-0.0254714,-0.0474987
485,10,Box,-0.87836,0.478698,1.57153,-0.0228581,-0.0781627,-0.156848
485,11,Box,-3.73881,1.36252,-0.818247,-0.101137,-0.0940944,0.133981
485,12,Box,3.12237,0.494469,-0.0296235,0.00590519,0.00131418,-0.00731899
485,13,Box,-5.65839,0.499045,3.13244,-6.34156e-05,2.7962e-05,8.63274e-05
485,14,Box,-1.93543,1.43932,1.56727,0.213451,-0.203963,-0.404772
486,0,Box,0,-1,0,0,0,0
486,1,Box,1.63286,0.482789,0.0064669,-0.00308779,-0.000496767,0.00621525
486,2,Box,-4.53423,0.477141,1.56799,-0.0546388,-0.0928743,-0.185186
486,3,Box,4.13816,0.470899,-1.57026,-0.0389308,-0.120609,0.242058
486,4,Box,6.45631,0.478734,-1.57079,-0.00838715,-0.079517,0.159454
486,5,Box,0.602852,0.478196,1.56829,-0.0235634,-0.0799557,-0.159935
486,6,Box,4.17453,1.43496,1.56453,0.0776487,-0.399091,-0.330677
486,7,Box,-2.9253,0.495695,0.0194872,0.00125013,0.000452311,-0.001558
486,8,Box,2.31458,1.42985,-0.474839,0.0124828,-0.0183336,-0.0102093
486,9,Box,-1.88865,0.469551,1.56497,0.0276896,-0.177321,-0.35463
486,10,Box,-0.878265,0.477049,1.56623,0.00570837,-0.159032,-0.318296
486,11,Box,-3.73947,1.36182,-0.819138,-0.0710978,-0.0718025,-0.0534806
486,12,Box,3.12255,0.494519,-0.029746,0.00592754,0.00131951,-0.00734956
486,13,Box,-5.65839,0.499046,3.13244,-6.34138e-05,2.7962e-05,8.63149e-05
486,14,Box,-1.93143,1.4389,1.56569,0.240137,-0.290429,-0.0946419
487,0,Box,0,-1,0,0,0,0
487,1,Box,1.63272,0.482853,0.00657019,-0.00307876,-0.000495119,0.00619773
487,2,Box,-4.53624,0.477737,1.5711,-0.0937494,-0.0924732,0.186974
487,3,Box,4.13793,0.46757,-1.57669,-0.0119605,-0.193049,-0.386171
487,4,Box,6.45712,0.478164,-1.57345,0.0480388,-0.0799626,-0.159925
487,5,Box,0.601518,0.4787,1.57096,-0.0800549,-0.0796979,0.159711
487,6,Box,4.17662,1.4333,1.56662,0.123177,-0.444032,0.125168
487,7,Box,-2.92526,0.495706,0.0194443,0.00216591,0.000671535,-0.00257375
487,8,Box,2.31479,1.42978,-0.475009,0.0124868,-0.0183008,-0.0101974
487,9,Box,-1.88925,0.472166,1.56904,-0.034489,-0.12148,0.244383
487,10,Box,-0.879577,0.478886,1.56884,-0.0787294,-0.0780766,0.156744
487,11,Box,-3.74071,1.36066,-0.816888,-0.101184,-0.0948335,0.135002
487,12,Box,3.12274,0.494572,-0.0298685,0.00592589,0.00131911,-0.00734992
487,13,Box,-5.65839,0.499046,3.13244,-6.34063e-05,2.79546e-05,8.63184e-05
487,14,Box,-1.92796,1.43564,1.56004,0.207088,-0.398037,-0.339034
488,0,Box,0,-1,0,0,0,0
488,1,Box,1.63257,0.482914,0.00667336,-0.00307449,-0.000494625,0.00618977
488,2,Box,-4.53769,0.47714,1.56802,-0.0548459,-0.0928202,-0.185088
488,3,Box,4.137,0.46966,-1.57135,-0.0540769,-0.159358,0.320599
488,4,Box,6.45697,0.478736,-1.57079,-0.00869641,-0.0795155,0.159453
488,5,Box,0.601125,0.478195,1.56829,-0.0235641,-0.0799563,-0.159936
488,6,Box,4.17765,1.42942,1.56023,0.0601796,-0.500953,-0.383602
488,7,Box,-2.92524,0.495714,0.0194181,0.00126257,0.000456172,-0.00157304
488,8,Box,2.315,1.42971,-0.475179,0.0124742,-0.0182752,-0.0101758
488,9,Box,-1.88897,0.470862,1.56775,0.0173171,-0.0123314,-0.0778813
488,10,Box,-0.881367,0.477495,1.57414,-0.10736,-0.158761,0.318145
488,11,Box,-3.74136,1.35996,-0.817781,-0.0712227,-0.0719824,-0.0535499
488,12,Box,3.12294,0.494628,-0.0299909,0.00592106,0.00131793,-0.00734633
488,13,Box,-5.65839,0.499047,3.13244,-6.33989e-05,2.79546e-05,8.63072e-05
488,14,Box,-1.92856,1.43966,1.563,-0.0368891,-0.137904,0.17786
489,0,Box,0,-1,0,0,0,0
489,1,Box,1.63243,0.482973,0.00677674,-0.00308068,-0.00052784,0.00620289
489,2,Box,-4.5397,0.477724,1.57114,-0.0939006,-0.0924118,0.187282
489,3,Box,4.13675,0.467934,-1.57183,-0.0106723,-0.038606,-0.0285881
489,4,Box,6.45777,0.478162,-1.57346,0.0477286,-0.0799639,-0.159926
489,5,Box,0.599791,0.4787,1.57095,-0.0800553,-0.0796977,0.159711
489,6,Box,4.17529,1.43353,1.56565,-0.146152,-0.200608,0.325592
489,7,Box,-2.92521,0.495725,0.0193751,0.00217406,0.000667946,-0.00257697
489,8,Box,2.31515,1.42966,-0.475308,0.0089498,-0.0161416,-0.00774001
489,9,Box,-1.88894,0.473039,1.56745,0.00219318,-0.00675387,-0.0177663
489,10,Box,-0.881748,0.478697,1.57153,-0.0228594,-0.0781636,-0.156849
489,11,Box,-3.7426,1.35879,-0.815522,-0.101349,-0.09575,0.135503
489,12,Box,3.12309,0.494671,-0.030111,0.00360262,0.000508132,-0.00720726
489,13,Box,-5.65839,0.499047,3.13245,-6.33914e-05,2.79546e-05,8.6293e-05
489,14,Box,-1.9304,1.44083,1.56841,-0.111213,-0.176504,0.324431
490,0,Box,0,-1,0,0,0,0
490,1,Box,1.63229,0.483032,0.00688114,-0.0031108,-0.000506414,0.0062642
490,2,Box,-4.54116,0.477141,1.56806,-0.0551111,-0.0927835,-0.185026
490,3,Box,4.13666,0.470403,-1.57196,-0.00344954,-0.011964,-0.007931
490,4,Box,6.45762,0.478738,-1.5708,-0.00900749,-0.0795142,0.159451
490,5,Box,0.599398,0.478195,1.56829,-0.0235648,-0.0799569,-0.159937
490,6,Box,4.17164,1.4345,1.57357,-0.220786,-0.234815,0.474777
490,7,Box,-2.92518,0.495733,0.0193486,0.00127579,0.000460284,-0.00158899
490,8,Box,2.31532,1.4296,-0.475453,0.0104186,-0.0168938,-0.00874693
490,9,Box,-1.88888,0.472047,1.57213,0.00424184,-0.140023,0.280904
490,10,Box,-0.881653,0.477047,1.56622,0.00570683,-0.159033,-0.318298
490,11,Box,-3.74325,1.35809,-0.816417,-0.0713841,-0.0722011,-0.0536477
490,12,Box,3.12324,0.494705,-0.0302269,0.00330553,-0.000864294,-0.0069536
490,13,Box,-5.65839,0.499048,3.13245,-6.3384e-05,2.79471e-05,8.62843e-05
490,14,Box,-1.93287,1.44019,1.56883,-0.148372,-0.268546,0.0250848
491,0,Box,0,-1,0,0,0,0
491,1,Box,1.632,0.483074,0.00728812,-0.0121249,-0.0014516,0.0244185
491,2,Box,-4.54318,0.477702,1.57117,-0.0937932,-0.0928474,0.187074
491,3,Box,4.13781,0.468181,-1.56563,0.0689735,-0.178878,0.379925
491,4,Box,6.45699,0.476822,-1.56545,-0.0375412,-0.160478,0.320957
491,5,Box,0.598064,0.478701,1.57095,-0.0800557,-0.0796975,0.159711
491,6,Box,4.16842,1.43535,1.57645,-0.193558,-0.269893,0.172989
491,7,Box,-2.92515,0.495746,0.019301,0.00231905,0.00080642,-0.00285459
491,8,Box,2.31474,1.42921,-0.475889,-0.0346378,-0.0367071,-0.0261102
491,9,Box,-1.88799,0.471168,1.56809,0.0534578,-0.121014,-0.242342
491,10,Box,-0.882965,0.478887,1.56883,-0.0787301,-0.0780767,0.156745
491,11,Box,-3.74449,1.35692,-0.814127,-0.101774,-0.095675,0.137368
491,12,Box,3.12255,0.494197,-0.0295911,-0.0463929,-0.0340811,0.038148
491,13,Box,-5.6584,0.499048,3.13245,-6.33784e-05,2.79471e-05,8.6267e-05
491,14,Box,-1.93479,1.43795,1.57367,-0.115231,-0.376477,0.290585
492,0,Box,0,-1,0,0,0,0
492,1,Box,1.63174,0.483055,0.00744827,-0.00476958,-0.000927951,0.00960944
492,2,Box,-4.54464,0.477133,1.56808,-0.055071,-0.0931206,-0.185711
492,3,Box,4.13779,0.472661,-1.56515,-0.0019366,-0.0111047,0.0285161
492,4,Box,6.45779,0.479032,-1.56806,0.0477091,-0.077715,-0.156263
492,5,Box,0.597671,0.478194,1.56828,-0.0235655,-0.0799576,-0.159937
492,6,Box,4.16823,1.43726,1.57317,-0.00994899,-0.123594,-0.196711
492,7,Box,-2.92512,0.495754,0.0192745,0.00127908,0.000460883,-0.00159267
492,8,Box,2.3147,1.42941,-0.475856,-0.00623668,-0.0116251,0.00195436
492,9,Box,-1.88776,0.469263,1.57462,0.0125323,-0.195236,0.391428
492,10,Box,-0.884754,0.477497,1.57414,-0.107361,-0.158761,0.318145
492,11,Box,-3.74515,1.35623,-0.815023,-0.0715927,-0.0724485,-0.0537722
492,12,Box,3.12257,0.494321,-0.0295716,-0.0056733,-0.0025492,0.00116983
492,13,Box,-5.6584,0.499049,3.13245,-6.33728e-05,2.79397e-05,8.62806e-05
492,14,Box,-1.9372,1.43555,1.57223,-0.143351,-0.429604,-0.0867138
493,0,Box,0,-1,0,0,0,0
493,1,Box,1.63154,0.483169,0.00757162,-0.00367258,-0.000661322,0.00740049
493,2,Box,-4.54666,0.477687,1.5712,-0.0938217,-0.0928708,0.187135
493,3,Box,4.13791,0.471688,-1.56904,0.00639592,-0.115985,-0.233288
493,4,Box,6.45906,0.477794,-1.57335,0.0763627,-0.158332,-0.317535
493,5,Box,0.596337,0.478702,1.57095,-0.0800561,-0.0796973,0.159711
493,6,Box,4.16853,1.43841,1.57343,0.018455,-0.239331,0.0152758
493,7,Box,-2.9251,0.495758,0.0192331,0.00121799,0.000240921,-0.00248431
493,8,Box,2.31488,1.42943,-0.475982,0.00827061,-0.0179898,-0.00756699
493,9,Box,-1.88677,0.469869,1.56947,0.0584039,-0.153732,-0.308632
493,10,Box,-0.885135,0.478696,1.57152,-0.0228608,-0.0781645,-0.15685
493,11,Box,-3.74639,1.35506,-0.812707,-0.10221,-0.095812,0.138964
493,12,Box,3.12275,0.494437,-0.0296703,0.00478351,0.00105286,-0.00591755
493,13,Box,-5.6584,0.499049,3.13245,-6.33672e-05,2.79397e-05,8.62638e-05
493,14,Box,-1.9386,1.43177,1.57884,-0.0832812,-0.491949,0.396635
494,0,Box,0,-1,0,0,0,0
494,1,Box,1.63136,0.483269,0.00767925,-0.00320457,-0.000529872,0.00645823
494,2,Box,-4.54809,0.477145,1.56813,-0.0534648,-0.092118,-0.183806
494,3,Box,4.13828,0.471965,-1.57006,0.021653,-0.0663282,-0.0614677
494,4,Box,6.45893,0.478577,-1.57073,-0.00792939,-0.0783354,0.157069
494,5,Box,0.595944,0.478193,1.56828,-0.0235662,-0.0799582,-0.159938
494,6,Box,4.17115,1.43971,1.56904,0.157686,-0.169686,-0.26303
494,7,Box,-2.92537,0.495703,0.019778,-0.0160306,-0.00327424,0.032696
494,8,Box,2.31511,1.42943,-0.476144,0.0117455,-0.018297,-0.00971163
494,9,Box,-1.88582,0.466408,1.57593,0.0541599,-0.193482,0.387239
494,10,Box,-0.88504,0.477046,1.56622,0.00570529,-0.159035,-0.3183
494,11,Box,-3.74711,1.35448,-0.813499,-0.0755496,-0.0654395,-0.047485
494,12,Box,3.12294,0.494515,-0.029789,0.00574749,0.00127863,-0.00712637
494,13,Box,-5.6584,0.49905,3.13245,-6.33597e-05,2.79397e-05,8.62432e-05
494,14,Box,-1.93914,1.43148,1.57758,-0.0293963,-0.419966,-0.0754372
495,0,Box,0,-1,0,0,0,0
495,1,Box,1.63119,0.48336,0.00778254,-0.00307472,-0.000497571,0.00619722
495,2,Box,-4.55014,0.477643,1.57131,-0.0954681,-0.0946963,0.19043
495,3,Box,4.13884,0.470263,-1.57549,0.0340731,-0.162629,-0.325494
495,4,Box,6.45973,0.478117,-1.5734,0.0480851,-0.0799688,-0.159946
495,5,Box,0.59461,0.478703,1.57094,-0.0800565,-0.0796971,0.159712
495,6,Box,4.17421,1.43889,1.56782,0.183103,-0.290825,-0.0735853
495,7,Box,-2.92542,0.495669,0.0198717,-0.00275288,-0.00201668,0.00561795
495,8,Box,2.31534,1.42941,-0.476311,0.0123239,-0.0181598,-0.0100348
495,9,Box,-1.88561,0.471489,1.57558,0.0103326,0.000889579,-0.0205599
495,10,Box,-0.885373,0.478876,1.56878,-0.0199497,-0.0787809,0.15374
495,11,Box,-3.74837,1.35332,-0.811603,-0.103165,-0.0960306,0.113769
495,12,Box,3.12313,0.49458,-0.0299107,0.005882,0.00131047,-0.00729755
495,13,Box,-5.6584,0.49905,3.13245,-6.33467e-05,2.79397e-05,8.6246e-05
495,14,Box,-1.93606,1.43226,1.57064,0.186793,-0.230948,-0.416492
496,0,Box,0,-1,0,0,0,0
496,1,Box,1.63102,0.483443,0.00788491,-0.00304712,-0.000491373,0.00614224
496,2,Box,-4.55164,0.47713,1.56818,-0.0574582,-0.0939589,-0.187442
496,3,Box,4.13843,0.471891,-1.57147,-0.0238924,-0.119899,0.240925
496,4,Box,6.45958,0.478701,-1.57074,-0.00864913,-0.0795245,0.159462
496,5,Box,0.594217,0.478192,1.56828,-0.0235669,-0.0799589,-0.159939
496,6,Box,4.17674,1.43585,1.56226,0.150886,-0.399888,-0.333242
496,7,Box,-2.9254,0.495677,0.0198463,0.00122709,0.000440098,-0.00152383
496,8,Box,2.31556,1.42937,-0.476479,0.0124006,-0.0181028,-0.0100644
496,9,Box,-1.88666,0.469899,1.57221,-0.0645194,-0.10131,-0.202285
496,10,Box,-0.883211,0.478442,1.57212,0.129676,-0.102748,0.200098
496,11,Box,-3.74905,1.3526,-0.81252,-0.0733464,-0.0741624,-0.0550368
496,12,Box,3.12333,0.494641,-0.0300326,0.00589569,0.00131372,-0.0073172
496,13,Box,-5.6584,0.499051,3.13246,-6.33467e-05,2.79322e-05,8.62429e-05
496,14,Box,-1.93456,1.43562,1.56944,0.0920665,-0.184601,-0.0717751
497,0,Box,0,-1,0,0,0,0
497,1,Box,1.63087,0.483519,0.00798705,-0.00303993,-0.000490156,0.00612836
497,2,Box,-4.55373,0.477585,1.57142,-0.0973346,-0.0962727,0.194163
497,3,Box,4.13861,0.47087,-1.57269,0.0139542,-0.0114502,-0.0732381
497,4,Box,6.46038,0.478165,-1.57341,0.0477822,-0.0799548,-0.159916
497,5,Box,0.592883,0.478704,1.57094,-0.080057,-0.0796969,0.159712
497,6,Box,4.17586,1.43921,1.56608,-0.0559314,-0.152438,0.229365
497,7,Box,-2.92536,0.495688,0.0198058,0.00203369,0.00064479,-0.00243071
497,8,Box,2.31578,1.42933,-0.476647,0.0123994,-0.0180739,-0.0100501
497,9,Box,-1.88731,0.468577,1.56595,-0.0398149,-0.187698,-0.375926
497,10,Box,-0.881153,0.47772,1.568,0.123494,-0.123164,-0.246662
497,11,Box,-3.75028,1.35139,-0.810593,-0.102377,-0.0989213,0.115596
497,12,Box,3.12352,0.494701,-0.0301546,0.00589302,0.00131305,-0.00731629
497,13,Box,-5.6584,0.499051,3.13246,-6.33411e-05,2.79248e-05,8.62297e-05
497,14,Box,-1.93295,1.43463,1.56886,0.0967014,-0.340184,-0.0346338
498,0,Box,0,-1,0,0,0,0
498,1,Box,1.63058,0.483565,0.00835267,-0.0108807,-0.00194609,0.0219373
498,2,Box,-4.55525,0.477147,1.56831,-0.0582235,-0.0934783,-0.186503
498,3,Box,4.13871,0.473021,-1.5732,0.00725359,-0.00150841,-0.0301753
498,4,Box,6.46023,0.478722,-1.57075,-0.00894757,-0.0795234,0.159461
498,5,Box,0.59249,0.478191,1.56827,-0.0235676,-0.0799595,-0.159939
498,6,Box,4.17368,1.43994,1.57227,-0.131629,-0.18825,0.37101
498,7,Box,-2.92534,0.495696,0.0197779,0.00134464,0.000482384,-0.00167019
498,8,Box,2.31604,1.4285,-0.477208,0.0155224,-0.064754,-0.0336869
498,9,Box,-1.88893,0.469982,1.57047,-0.0962798,-0.135112,0.271529
498,10,Box,-0.880294,0.47861,1.57064,0.051563,-0.0788508,0.158141
498,11,Box,-3.75096,1.35067,-0.811512,-0.0734414,-0.0744646,-0.0551156
498,12,Box,3.1243,0.494084,-0.0288587,0.040652,-0.0393065,0.0777488
498,13,Box,-5.6584,0.499051,3.13246,-6.33355e-05,2.79248e-05,8.62212e-05
498,14,Box,-1.93206,1.4321,1.56296,0.0530662,-0.430473,-0.354085
499,0,Box,0,-1,0,0,0,0
499,1,Box,1.63034,0.48355,0.00847191,-0.00354724,-0.000510784,0.0071545
499,2,Box,-4.55734,0.477554,1.57153,-0.0966612,-0.0956521,0.192844
499,3,Box,4.13874,0.470931,-1.56815,0.00257543,-0.151028,0.302729
499,4,Box,6.46102,0.478171,-1.57341,0.0474829,-0.079956,-0.159918
499,5,Box,0.591156,0.478705,1.57093,-0.0800574,-0.0796967,0.159712
499,6,Box,4.17103,1.43992,1.57298,-0.159892,-0.270304,0.0426172
499,7,Box,-2.9254,0.495648,0.0199041,-0.00371073,-0.00283073,0.0075727
499,8,Box,2.31651,1.42848,-0.477465,0.0198576,-0.0241285,-0.0154005
499,9,Box,-1.88939,0.469033,1.5714,-0.0278453,-0.0339979,0.0556726
499,10,Box,-0.87991,0.476828,1.57597,0.0230222,-0.159794,0.319637
499,11,Box,-3.75221,1.34949,-0.809395,-0.103477,-0.0980138,0.12702
499,12,Box,3.12449,0.494172,-0.0290401,0.00877727,0.00197513,-0.0108825
499,13,Box,-5.6584,0.499052,3.13246,-6.33243e-05,2.79248e-05,8.62031e-05
499,14,Box,-1.93428,1.43597,1.56647,-0.133168,-0.157543,0.210226
500,0,Box,0,-1,0,0,0,0
500,1,Box,1.63014,0.483659,0.00856729,-0.0028369,-0.000446267,0.00572249
500,2,Box,-4.55885,0.477165,1.56842,-0.0577822,-0.093494,-0.186546
500,3,Box,4.13968,0.471734,-1.57223,0.055443,-0.122072,-0.244782
500,4,Box,6.46087,0.478727,-1.57076,-0.00924768,-0.0795223,0.15946
500,5,Box,0.590763,0.47819,1.56827,-0.0235683,-0.0799601,-0.15994
500,6,Box,4.1689,1.437,1.57778,-0.127153,-0.378801,0.287935
500,7,Box,-2.92539,0.495653,0.0198864,0.000901511,0.000272418,-0.0010623
500,8,Box,2.31675,1.42854,-0.47762,0.0115181,-0.0165884,-0.00932398
500,9,Box,-1.88929,0.469615,1.56834,0.005956,-0.0918046,-0.183728
500,10,Box,-0.878415,0.478798,1.57299,0.0897094,-0.0888366,-0.178498
500,11,Box,-3.75289,1.34877,-0.81031,-0.073615,-0.074193,-0.0549062
500,12,Box,3.12467,0.494209,-0.0291623,0.00438374,0.000454038,-0.00733274
500,13,Box,-5.6584,0.499052,3.13246,-6.33169e-05,2.79173e-05,8.61989e-05
500,14,Box,-1.93633,1.43549,1.57091,-0.123014,-0.307706,0.266419
501,0,Box,0,-1,0,0,0,0
501,1,Box,1.62996,0.483765,0.0086693,-0.00303407,-0.00049292,0.00612081
501,2,Box,-4.56095,0.47752,1.57164,-0.096893,-0.0957391,0.193327
501,3,Box,4.13971,0.468098,-1.5655,0.00262304,-0.201599,0.403707
501,4,Box,6.46165,0.47817,-1.57342,0.0471819,-0.0799574,-0.159919
501,5,Box,0.589429,0.478705,1.57093,-0.0800578,-0.0796965,0.159712
501,6,Box,4.16655,1.43546,1.57638,-0.141549,-0.431905,-0.0839246
501,7,Box,-2.92553,0.495564,0.020187,-0.00883533,-0.00533928,0.0180328
501,8,Box,2.31698,1.42855,-0.477783,0.0120021,-0.0178144,-0.00975946
501,9,Box,-1.8894,0.469431,1.57341,-0.00666563,-0.15182,0.304409
501,10,Box,-0.876443,0.477352,1.56733,0.118337,-0.169529,-0.339804
501,11,Box,-3.75414,1.34762,-0.808202,-0.10376,-0.0970383,0.126499
501,12,Box,3.12486,0.494275,-0.0292816,0.00577537,0.00128973,-0.00715611
501,13,Box,-5.6584,0.499053,3.13246,-6.3315e-05,2.79173e-05,8.61868e-05
501,14,Box,-1.93716,1.43512,1.57107,-0.0495284,-0.299248,0.0096375
502,0,Box,0,-1,0,0,0,0
502,1,Box,1.62979,0.483859,0.00878137,-0.00333283,-0.000396995,0.00672421
502,2,Box,-4.56245,0.477188,1.56853,-0.0580527,-0.0934541,-0.186491
502,3,Box,4.13962,0.472841,-1.56483,-0.00681389,-0.00612336,0.0401159
502,4,Box,6.46149,0.478729,-1.57076,-0.0095496,-0.0795209,0.159458
502,5,Box,0.589036,0.47819,1.56826,-0.023569,-0.0799608,-0.159941
502,6,Box,4.16744,1.43493,1.5684,0.0543475,-0.264792,-0.478755
502,7,Box,-2.92552,0.495571,0.0201636,0.00113029,0.000404123,-0.00140129
502,8,Box,2.31689,1.42869,-0.477858,-0.00723926,-0.00809807,-0.00452187
502,9,Box,-1.88868,0.469838,1.56918,0.0427104,-0.126668,-0.253987
502,10,Box,-0.875942,0.47868,1.56994,0.0300333,-0.0779519,0.156444
502,11,Box,-3.75483,1.34689,-0.80912,-0.0738319,-0.0744396,-0.0550855
502,12,Box,3.1248,0.494267,-0.0291405,-0.0092953,-0.00290265,0.00846834
502,13,Box,-5.65841,0.499053,3.13246,-6.33039e-05,2.79099e-05,8.61799e-05
502,14,Box,-1.93736,1.43308,1.57631,-0.0115593,-0.398922,0.314542
503,0,Box,0,-1,0,0,0,0
503,1,Box,1.62962,0.48394,0.00890287,-0.00361296,-0.000657395,0.00729022
503,2,Box,-4.56458,0.477471,1.57178,-0.0977702,-0.0968004,0.195099
503,3,Box,4.13909,0.469682,-1.57014,-0.0307649,-0.158116,-0.318127
503,4,Box,6.46228,0.478169,-1.57343,0.0468791,-0.0799586,-0.15992
503,5,Box,0.587701,0.478706,1.57093,-0.0800582,-0.0796963,0.159712
503,6,Box,4.16945,1.43621,1.56852,0.119827,-0.319583,0.00718209
503,7,Box,-2.92563,0.495497,0.0203907,-0.00667398,-0.00442018,0.0136254
503,8,Box,2.31705,1.42865,-0.477975,0.0075459,-0.01733,-0.00699622
503,9,Box,-1.8881,0.467539,1.57492,0.0324838,-0.171843,0.344259
503,10,Box,-0.875918,0.477083,1.57523,0.00146128,-0.158805,0.317882
503,11,Box,-3.75606,1.34573,-0.807143,-0.103424,-0.0980161,0.118615
503,12,Box,3.12495,0.494299,-0.0292337,0.00452538,0.0009972,-0.00559277
503,13,Box,-5.65841,0.499054,3.13247,-6.32983e-05,2.79099e-05,8.6184e-05
503,14,Box,-1.93718,1.43269,1.57478,0.0131066,-0.384334,-0.0916197
504,0,Box,0,-1,0,0,0,0
504,1,Box,1.62945,0.484016,0.00901009,-0.00318779,-0.000529543,0.0064331
504,2,Box,-4.56609,0.477213,1.56867,-0.0586936,-0.0935685,-0.186758
504,3,Box,4.13904,0.467617,-1.57812,-0.00244589,-0.239515,-0.479346
504,4,Box,6.46211,0.478731,-1.57077,-0.00985332,-0.0795196,0.159457
504,5,Box,0.587309,0.478189,1.56826,-0.0235697,-0.0799614,-0.159941
504,6,Box,4.17146,1.43263,1.56866,0.119977,-0.482668,0.00830315
504,7,Box,-2.92561,0.495504,0.0203662,0.00118912,0.000424421,-0.00147279
504,8,Box,2.31728,1.4286,-0.478133,0.0115177,-0.0180835,-0.00949355
504,9,Box,-1.88675,0.469288,1.56981,0.0802086,-0.152721,-0.306572
504,10,Box,-0.874561,0.478816,1.57253,0.0814162,-0.0807569,-0.162114
504,11,Box,-3.75676,1.34499,-0.808066,-0.0742092,-0.074944,-0.0553716
504,12,Box,3.12512,0.494344,-0.0293512,0.00568976,0.00126876,-0.00704944
504,13,Box,-5.65841,0.499054,3.13247,-6.32871e-05,2.79099e-05,8.61664e-05
504,14,Box,-1.93619,1.42951,1.58023,0.0604526,-0.455677,0.32692
505,0,Box,0,-1,0,0,0,0
505,1,Box,1.6293,0.484089,0.00911258,-0.00304664,-0.000493868,0.00614893
505,2,Box,-4.56824,0.477397,1.57197,-0.0992405,-0.098795,0.19806
505,3,Box,4.13795,0.469429,-1.57289,-0.0630806,-0.155857,0.314003
505,4,Box,6.46289,0.478167,-1.57344,0.0465745,-0.0799599,-0.159922
505,5,Box,0.585974,0.478707,1.57092,-0.0800586,-0.0796961,0.159713
505,6,Box,4.17249,1.42877,1.56066,0.0596161,-0.543707,-0.479929
505,7,Box,-2.92558,0.495515,0.0203274,0.00192655,0.000632551,-0.00232442
505,8,Box,2.3175,1.42854,-0.478298,0.0122008,-0.0179675,-0.00988173
505,9,Box,-1.8856,0.465502,1.57611,0.0647863,-0.188974,0.378115
505,10,Box,-0.872727,0.477355,1.56714,0.110034,-0.161478,-0.323518
505,11,Box,-3.75797,1.34379,-0.806345,-0.102521,-0.100715,0.10327
505,12,Box,3.1253,0.494392,-0.0294722,0.0058556,0.00130803,-0.0072597
505,13,Box,-5.65841,0.499055,3.13247,-6.32871e-05,2.79099e-05,8.61572e-05
505,14,Box,-1.9365,1.42878,1.57624,-0.014344,-0.485652,-0.239519
506,0,Box,0,-1,0,0,0,0
506,1,Box,1.62915,0.484157,0.00921468,-0.00303511,-0.000523362,0.0061263
506,2,Box,-4.56977,0.477239,1.56885,-0.0596994,-0.09386,-0.187389
506,3,Box,4.1377,0.468449,-1.57341,-0.0101334,-0.0385913,-0.0308553
506,4,Box,6.46272,0.478733,-1.57078,-0.0101588,-0.0795183,0.159456
506,5,Box,0.585581,0.478188,1.56826,-0.0235704,-0.079962,-0.159942
506,6,Box,4.17007,1.4326,1.56626,-0.149521,-0.20905,0.336239
506,7,Box,-2.92555,0.495523,0.0202985,0.00139794,0.000499831,-0.00173263
506,8,Box,2.31766,1.42851,-0.478424,0.00888641,-0.0159441,-0.00760068
506,9,Box,-1.88629,0.471228,1.5781,-0.0427999,0.0237248,0.119284
506,10,Box,-0.872317,0.478736,1.56975,0.0245536,-0.0780519,0.156674
506,11,Box,-3.75869,1.34303,-0.807275,-0.0747002,-0.0757834,-0.0558104
506,12,Box,3.12545,0.494437,-0.0295871,0.0040701,0.000953527,-0.0068996
506,13,Box,-5.65841,0.499055,3.13247,-6.32759e-05,2.79024e-05,8.61445e-05
506,14,Box,-1.93349,1.42857,1.56608,0.181813,-0.310207,-0.609399
507,0,Box,0,-1,0,0,0,0
507,1,Box,1.62901,0.484223,0.0093173,-0.00305017,-0.000496903,0.00615733
507,2,Box,-4.57194,0.477334,1.57216,-0.0996882,-0.0993043,0.198989
507,3,Box,4.13763,0.470967,-1.57356,-0.00285877,-0.0114634,-0.00933368
507,4,Box,6.46349,0.478166,-1.57344,0.0462681,-0.0799612,-0.159923
507,5,Box,0.584247,0.478708,1.57092,-0.080059,-0.0796958,0.159713
507,6,Box,4.16635,1.43353,1.57438,-0.224851,-0.24405,0.486941
507,7,Box,-2.92552,0.495532,0.0202661,0.0016198,0.000524457,-0.00194633
507,8,Box,2.31785,1.42846,-0.478568,0.0104049,-0.0166422,-0.00861987
507,9,Box,-1.88676,0.466879,1.57145,-0.0321178,-0.198031,-0.39894
507,10,Box,-0.872385,0.47716,1.57505,-0.00402629,-0.158882,0.318096
507,11,Box,-3.75989,1.34184,-0.805532,-0.103191,-0.101111,0.104574
507,12,Box,3.1256,0.494466,-0.0296998,0.00364323,-0.000536021,-0.00675858
507,13,Box,-5.65841,0.499056,3.13247,-6.32741e-05,2.7895e-05,8.61442e-05
507,14,Box,-1.93018,1.43164,1.56433,0.202236,-0.325325,-0.105296
508,0,Box,0,-1,0,0,0,0
508,1,Box,1.62882,0.484286,0.00949797,-0.00536938,-0.000519192,0.0108402
508,2,Box,-4.57347,0.477274,1.56904,-0.0601322,-0.0939395,-0.187582
508,3,Box,4.13918,0.468123,-1.56727,0.0938305,-0.176113,0.377199
508,4,Box,6.46332,0.478734,-1.57079,-0.0104661,-0.079517,0.159454
508,5,Box,0.583854,0.478187,1.56825,-0.0235711,-0.0799627,-0.159943
508,6,Box,4.16344,1.43537,1.57757,-0.175934,-0.259188,0.191228
508,7,Box,-2.9255,0.49554,0.0202373,0.00139338,0.00049793,-0.00172691
508,8,Box,2.31746,1.42854,-0.478695,-0.0237492,-0.00880604,-0.00764389
508,9,Box,-1.88683,0.464641,1.56208,-0.00459106,-0.280713,-0.56179
508,10,Box,-0.871062,0.478826,1.57242,0.0793493,-0.0787394,-0.158027
508,11,Box,-3.76062,1.34108,-0.806465,-0.0751175,-0.076102,-0.0559692
508,12,Box,3.12518,0.494366,-0.0295053,-0.0301291,-0.00906144,0.0116674
508,13,Box,-5.65841,0.499056,3.13247,-6.32647e-05,2.7895e-05,8.61355e-05
508,14,Box,-1.9268,1.42915,1.5627,0.203213,-0.487028,-0.0974876
509,0,Box,0,-1,0,0,0,0
509,1,Box,1.62865,0.484327,0.0096332,-0.004018,-0.000773244,0.00811342
509,2,Box,-4.57567,0.477259,1.57238,-0.100561,-0.100424,0.20077
509,3,Box,4.13922,0.471714,-1.5669,0.00124268,-0.0149859,0.0224833
509,4,Box,6.46408,0.478164,-1.57345,0.0459598,-0.0799626,-0.159924
509,5,Box,0.58252,0.478709,1.57091,-0.0800594,-0.0796956,0.159713
509,6,Box,4.16356,1.43782,1.57466,0.00814989,-0.113251,-0.174304
509,7,Box,-2.92547,0.49555,0.0201993,0.00188052,0.000627522,-0.00228084
509,8,Box,2.31744,1.4286,-0.478694,-0.00295087,-0.0113161,8.45175e-05
509,9,Box,-1.88822,0.469057,1.56724,-0.0810808,-0.153297,0.309282
509,10,Box,-0.869263,0.477359,1.5671,0.107964,-0.159468,-0.319454
509,11,Box,-3.76181,1.33988,-0.804836,-0.103067,-0.102017,0.0976886
509,12,Box,3.1252,0.494392,-0.0295246,-0.00331257,-0.00209195,-0.00115422
509,13,Box,-5.65841,0.499057,3.13247,-6.32573e-05,2.7895e-05,8.61198e-05
509,14,Box,-1.92435,1.42482,1.55382,0.144393,-0.550505,-0.532894
510,0,Box,0,-1,0,0,0,0
510,1,Box,1.62849,0.484403,0.00975044,-0.00348333,-0.000618083,0.00703476
510,2,Box,-4.5772,0.477314,1.56925,-0.0607243,-0.0940494,-0.187846
510,3,Box,4.13945,0.471735,-1.57074,0.0129912,-0.114838,-0.230573
510,4,Box,6.4639,0.478736,-1.57079,-0.0107753,-0.0795157,0.159453
510,5,Box,0.582127,0.478186,1.56825,-0.0235718,-0.0799633,-0.159943
510,6,Box,4.16408,1.4381,1.57485,0.0326785,-0.235343,0.0112263
510,7,Box,-2.92545,0.495559,0.02017,0.00141757,0.000506237,-0.00175675
510,8,Box,2.31763,1.42853,-0.478824,0.0089036,-0.0176268,-0.00782855
510,9,Box,-1.88843,0.466646,1.56676,-0.0101669,-0.0439227,-0.028702
510,10,Box,-0.868876,0.478751,1.56971,0.0231894,-0.0780772,0.156732
510,11,Box,-3.76255,1.3391,-0.805773,-0.0755984,-0.0765223,-0.0561902
510,12,Box,3.12534,0.494468,-0.0296264,0.00493644,0.00109234,-0.00611207
510,13,Box,-5.65841,0.499057,3.13248,-6.3248e-05,2.7895e-05,8.61037e-05
510,14,Box,-1.92632,1.43116,1.55784,-0.119819,-0.178074,0.24091
511,0,Box,0,-1,0,0,0,0
511,1,Box,1.62834,0.484471,0.0098555,-0.00312091,-0.000515179,0.00630358
511,2,Box,-4.57942,0.477184,1.57262,-0.101172,-0.101198,0.202033
511,3,Box,4.13992,0.470921,-1.57173,0.0281311,-0.0660354,-0.0593947
511,4,Box,6.46466,0.478162,-1.57346,0.0456498,-0.0799639,-0.159926
511,5,Box,0.580793,0.47871,1.57091,-0.0800598,-0.0796954,0.159713
511,6,Box,4.16693,1.43998,1.57051,0.17075,-0.16853,-0.260523
511,7,Box,-2.92542,0.495569,0.0201325,0.00185309,0.000623277,-0.00225338
511,8,Box,2.31785,1.42847,-0.478984,0.0117248,-0.0179456,-0.00956285
511,9,Box,-1.88886,0.469281,1.56734,-0.0244772,-0.0335703,0.0349554
511,10,Box,-0.868966,0.477178,1.57501,-0.0053924,-0.158902,0.318149
511,11,Box,-3.76374,1.33791,-0.804194,-0.103321,-0.102611,0.094721
511,12,Box,3.12552,0.494524,-0.029745,0.00573378,0.00127937,-0.0071125
511,13,Box,-5.65841,0.499058,3.13248,-6.3248e-05,2.78875e-05,8.61088e-05
511,14,Box,-1.92958,1.43367,1.56435,-0.197113,-0.211397,0.390985
512,0,Box,0,-1,0,0,0,0
512,1,Box,1.62819,0.484536,0.00995703,-0.00301556,-0.000489086,0.00609145
512,2,Box,-4.58096,0.47736,1.56949,-0.0611922,-0.0941359,-0.188063
512,3,Box,4.13965,0.471612,-1.5684,-0.0161944,-0.0999541,0.200094
512,4,Box,6.46448,0.478738,-1.5708,-0.0110863,-0.0795144,0.159452
512,5,Box,0.5804,0.478185,1.56824,-0.0235725,-0.079964,-0.159944
512,6,Box,4.16976,1.43786,1.566,0.169551,-0.329862,-0.270124
512,7,Box,-2.92539,0.495578,0.020103,0.00142655,0.000509217,-0.00176786
512,8,Box,2.31806,1.4284,-0.479148,0.0121922,-0.0178343,-0.00981961
512,9,Box,-1.88963,0.470688,1.56864,-0.0450414,-0.0529138,0.0778716
512,10,Box,-0.867652,0.478829,1.57239,0.0788351,-0.0782369,-0.15701
512,11,Box,-3.76449,1.33712,-0.805133,-0.0760401,-0.0768591,-0.0563517
512,12,Box,3.1257,0.494577,-0.0298659,0.00584345,0.00130543,-0.00725261
512,13,Box,-5.65842,0.499058,3.13248,-6.32349e-05,2.78801e-05,8.60855e-05
512,14,Box,-1.93386,1.4343,1.57289,-0.257962,-0.272517,0.511923
513,0,Box,0,-1,0,0,0,0
513,1,Box,1.62805,0.484599,0.0100573,-0.00297792,-0.000492592,0.00601604
513,2,Box,-4.5832,0.477107,1.57287,-0.101722,-0.101907,0.203177
513,3,Box,4.14005,0.469102,-1.57461,0.0256367,-0.185983,-0.372773
513,4,Box,6.46382,0.476822,-1.56545,-0.0396199,-0.160478,0.320957
513,5,Box,0.579066,0.47871,1.57091,-0.0800602,-0.0796952,0.159713
513,6,Box,4.17292,1.43641,1.56688,0.187947,-0.396639,0.0527319
513,7,Box,-2.92536,0.495588,0.0200659,0.00182629,0.000618774,-0.00222619
513,8,Box,2.31824,1.42835,-0.479289,0.010323,-0.0165117,-0.0085045
513,9,Box,-1.89019,0.467991,1.57547,-0.0345675,-0.204332,0.409459
513,10,Box,-0.865861,0.477361,1.56709,0.10745,-0.158967,-0.318442
513,11,Box,-3.76567,1.33593,-0.803602,-0.103532,-0.103149,0.0918908
513,12,Box,3.12587,0.494626,-0.0299699,0.00510676,0.00104591,-0.00624002
513,13,Box,-5.65842,0.499059,3.13248,-6.32294e-05,2.78801e-05,8.60839e-05
513,14,Box,-1.93894,1.43406,1.57519,-0.303817,-0.345631,0.138538
514,0,Box,0,-1,0,0,0,0
514,1,Box,1.62791,0.48466,0.0101596,-0.0030382,-0.000497776,0.00613845
514,2,Box,-4.58472,0.477417,1.56975,-0.0609992,-0.0938484,-0.187509
514,3,Box,4.14128,0.473911,-1.57767,0.0747726,0.0549195,-0.183874
514,4,Box,6.46458,0.479032,-1.56806,0.0456305,-0.0777148,-0.156263
514,5,Box,0.578673,0.478185,1.56824,-0.0235732,-0.0799646,-0.159945
514,6,Box,4.17284,1.43628,1.57394,-0.0053387,-0.234953,0.423252
514,7,Box,-2.92538,0.495573,0.0201083,-0.00124728,-0.000923784,0.00254616
514,8,Box,2.31844,1.42827,-0.479449,0.0118562,-0.0177187,-0.00958319
514,9,Box,-1.88944,0.470614,1.57179,0.0442358,-0.109555,-0.220246
514,10,Box,-0.865481,0.478754,1.5697,0.0228504,-0.0780839,0.156747
514,11,Box,-3.76646,1.33515,-0.804535,-0.0774407,-0.0758129,-0.0560058
514,12,Box,3.12606,0.494681,-0.0300887,0.00574103,0.00128151,-0.00712878
514,13,Box,-5.65842,0.499059,3.13248,-6.32182e-05,2.78801e-05,8.6069e-05
514,14,Box,-1.94244,1.43118,1.58224,-0.208975,-0.42252,0.422882
515,0,Box,0,-1,0,0,0,0
515,1,Box,1.62777,0.484717,0.0102605,-0.00299667,-0.000486259,0.00605516
515,2,Box,-4.58699,0.477031,1.57314,-0.101758,-0.102166,0.203303
515,3,Box,4.14241,0.470678,-1.57321,0.0706793,-0.133001,0.267809
515,4,Box,6.46582,0.477795,-1.57335,0.0742842,-0.158332,-0.317534
515,5,Box,0.577338,0.478711,1.5709,-0.0800606,-0.079695,0.159714
515,6,Box,4.1723,1.43842,1.57336,-0.0353226,-0.275326,-0.0347001
515,7,Box,-2.92544,0.495529,0.0202347,-0.00371336,-0.00262669,0.00758068
515,8,Box,2.31864,1.4282,-0.479612,0.0121695,-0.017746,-0.0097645
515,9,Box,-1.8893,0.469216,1.57169,0.00316361,-0.00610305,-0.0063209
515,10,Box,-0.865576,0.477182,1.575,-0.00573179,-0.158908,0.318163
515,11,Box,-3.76763,1.334,-0.803009,-0.104856,-0.102178,0.0915817
515,12,Box,3.12624,0.494736,-0.0302094,0.00583039,0.00130231,-0.00724302
515,13,Box,-5.65842,0.49906,3.13248,-6.32182e-05,2.78801e-05,8.60643e-05
515,14,Box,-1.94171,1.43662,1.57982,0.0483617,-0.106774,-0.145286
516,0,Box,0,-1,0,0,0,0
516,1,Box,1.6275,0.484749,0.0106262,-0.0108586,-0.00194514,0.0219435
516,2,Box,-4.58851,0.477464,1.56999,-0.0618867,-0.0944419,-0.188773
516,3,Box,4.14312,0.469012,-1.56603,0.0427706,-0.214848,0.430735
516,4,Box,6.46565,0.478577,-1.57073,-0.0100079,-0.0783354,0.157069
516,5,Box,0.576945,0.478184,1.56824,-0.0235739,-0.0799652,-0.159945
516,6,Box,4.17171,1.43553,1.57268,-0.0360834,-0.437385,-0.0408033
516,7,Box,-2.92544,0.495529,0.0202275,0.00047738,2.78843e-05,-0.000431503
516,8,Box,2.31889,1.42733,-0.480173,0.0154874,-0.0646374,-0.0336781
516,9,Box,-1.88907,0.470883,1.57133,0.0109051,-0.0125461,-0.0217907
516,10,Box,-0.864264,0.47883,1.57239,0.0787074,-0.0781119,-0.156757
516,11,Box,-3.76843,1.33319,-0.803951,-0.077338,-0.0771531,-0.0565231
516,12,Box,3.12701,0.494117,-0.0289157,0.040566,-0.0392429,0.0776216
516,13,Box,-5.65842,0.49906,3.13248,-6.32051e-05,2.78726e-05,8.60493e-05
516,14,Box,-1.93956,1.43917,1.57544,0.131989,-0.138939,-0.262656
517,0,Box,0,-1,0,0,0,0
517,1,Box,1.62726,0.484723,0.0107452,-0.0035308,-0.000517054,0.00713784
517,2,Box,-4.59081,0.476937,1.57341,-0.102692,-0.103751,0.205219
517,3,Box,4.14471,0.469944,-1.57124,0.0948895,-0.155588,-0.312643
517,4,Box,6.46642,0.478117,-1.5734,0.0460067,-0.0799686,-0.159945
517,5,Box,0.575611,0.478712,1.5709,-0.080061,-0.0796948,0.159714
517,6,Box,4.17209,1.43167,1.57943,0.0233897,-0.501172,0.404955
517,7,Box,-2.92541,0.49554,0.0201914,0.0017561,0.000617744,-0.0021656
517,8,Box,2.31935,1.4273,-0.480426,0.0197978,-0.0240361,-0.0151996
517,9,Box,-1.88868,0.472045,1.57058,0.0225358,-0.0242561,-0.0450478
517,10,Box,-0.862476,0.477362,1.56709,0.107322,-0.158842,-0.318191
517,11,Box,-3.76959,1.33201,-0.802547,-0.104199,-0.104063,0.0842648
517,12,Box,3.12721,0.494203,-0.0290982,0.00881784,0.00200152,-0.0109528
517,13,Box,-5.65842,0.499061,3.13249,-6.32051e-05,2.78726e-05,8.60421e-05
517,14,Box,-1.93628,1.44005,1.56916,0.198007,-0.191074,-0.377147
518,0,Box,0,-1,0,0,0,0
518,1,Box,1.62708,0.484824,0.0108392,-0.00278813,-0.00042624,0.00563715
518,2,Box,-4.59233,0.477514,1.57025,-0.0623733,-0.0946933,-0.189327
518,3,Box,4.14578,0.465671,-1.56403,0.0646206,-0.216373,0.432808
518,4,Box,6.46624,0.478701,-1.57074,-0.0107275,-0.0795247,0.159462
518,5,Box,0.575218,0.478183,1.56823,-0.0235746,-0.0799658,-0.159946
518,6,Box,4.17155,1.42987,1.5761,-0.0325833,-0.518095,-0.199832
518,7,Box,-2.92538,0.495548,0.0201615,0.00145052,0.000517424,-0.00179695
518,8,Box,2.31962,1.42732,-0.480606,0.0137976,-0.0179178,-0.0107498
518,9,Box,-1.88808,0.473604,1.56937,0.0362206,0.0320772,-0.0724252
518,10,Box,-0.862096,0.478755,1.5697,0.0227666,-0.0780859,0.156751
518,11,Box,-3.77039,1.33118,-0.803494,-0.0774352,-0.0778985,-0.0568569
518,12,Box,3.12741,0.494255,-0.0292288,0.00631541,0.00141983,-0.00783392
518,13,Box,-5.65842,0.499061,3.13249,-6.3194e-05,2.78652e-05,8.60335e-05
518,14,Box,-1.9353,1.44275,1.57023,0.0583321,-0.0668614,0.0643658
519,0,Box,0,-1,0,0,0,0
519,1,Box,1.62691,0.484921,0.0109372,-0.00290782,-0.000465052,0.00587971
519,2,Box,-4.59464,0.476856,1.57369,-0.103025,-0.104132,0.205939
519,3,Box,4.14748,0.468261,-1.57012,0.100538,-0.181487,-0.365433
519,4,Box,6.467,0.478165,-1.57341,0.0457039,-0.0799548,-0.159916
519,5,Box,0.573884,0.478713,1.5709,-0.0800614,-0.0796946,0.159714
519,6,Box,4.17229,1.42573,1.58265,0.046204,-0.548525,0.393469
519,7,Box,-2.92537,0.495551,0.0201449,0.000941148,0.000182989,-0.000994584
519,8,Box,2.31985,1.42731,-0.48077,0.0124581,-0.0175802,-0.00989497
519,9,Box,-1.88765,0.473222,1.57188,0.0259352,-0.0752432,0.150703
519,10,Box,-0.862193,0.477183,1.575,-0.00581563,-0.158909,0.318167
519,11,Box,-3.77154,1.33002,-0.802075,-0.104402,-0.104255,0.0851446
519,12,Box,3.12761,0.494311,-0.029351,0.00590955,0.00132509,-0.00732941
519,13,Box,-5.65842,0.499061,3.13249,-6.31884e-05,2.78577e-05,8.60311e-05
519,14,Box,-1.93455,1.44299,1.56881,0.0450188,-0.18892,-0.0849531
520,0,Box,0,-1,0,0,0,0
520,1,Box,1.62675,0.485007,0.0110366,-0.00295034,-0.000476444,0.0059663
520,2,Box,-4.59616,0.477575,1.57053,-0.0625151,-0.0946169,-0.189223
520,3,Box,4.14846,0.465596,-1.57131,0.0586017,-0.0887629,-0.0716173
520,4,Box,6.46682,0.478722,-1.57075,-0.0110258,-0.0795236,0.159461
520,5,Box,0.573491,0.478182,1.56823,-0.0235753,-0.0799665,-0.159947
520,6,Box,4.17678,1.43031,1.57677,0.269453,-0.231472,-0.352859
520,7,Box,-2.92534,0.49556,0.0201152,0.0014391,0.00051319,-0.00178278
520,8,Box,2.32007,1.42728,-0.480933,0.0122123,-0.0175894,-0.00974075
520,9,Box,-1.88672,0.472139,1.56795,0.0551383,-0.117721,-0.235688
520,10,Box,-0.860882,0.47883,1.57239,0.078676,-0.0780808,-0.156695
520,11,Box,-3.77236,1.32918,-0.803022,-0.0776875,-0.0779749,-0.056827
520,12,Box,3.12781,0.49437,-0.0294719,0.00584684,0.0013101,-0.00725308
520,13,Box,-5.65842,0.499062,3.13249,-6.31828e-05,2.78577e-05,8.60129e-05
520,14,Box,-1.93331,1.44147,1.57141,0.0750799,-0.302028,0.155786
521,0,Box,0,-1,0,0,0,0
521,1,Box,1.62659,0.485085,0.0111363,-0.00295683,-0.000478475,0.00598003
521,2,Box,-4.59849,0.476769,1.57398,-0.103381,-0.104853,0.206707
521,3,Box,4.14862,0.467029,-1.56769,0.00956924,-0.108655,0.21742
521,4,Box,6.46757,0.478171,-1.57341,0.0454047,-0.0799561,-0.159918
521,5,Box,0.572157,0.478714,1.57089,-0.0800618,-0.0796944,0.159714
521,6,Box,4.18124,1.42932,1.57069,0.267895,-0.392207,-0.365306
521,7,Box,-2.92531,0.49557,0.0200796,0.00172764,0.000610819,-0.00213447
521,8,Box,2.32028,1.42724,-0.481094,0.0121633,-0.0175824,-0.00970127
521,9,Box,-1.88624,0.471592,1.57278,0.0288322,-0.144408,0.289636
521,10,Box,-0.859094,0.477363,1.56709,0.10729,-0.158811,-0.318128
521,11,Box,-3.77348,1.32802,-0.80166,-0.104319,-0.104798,0.0817605
521,12,Box,3.128,0.494429,-0.0295925,0.0058344,0.00130704,-0.0072398
521,13,Box,-5.65842,0.499062,3.13249,-6.31753e-05,2.78577e-05,8.59983e-05
521,14,Box,-1.93288,1.4388,1.56795,0.0254183,-0.382707,-0.207793
522,0,Box,0,-1,0,0,0,0
522,1,Box,1.62644,0.485157,0.0112359,-0.00295535,-0.000478598,0.00597765
522,2,Box,-4.6,0.477637,1.57082,-0.0625821,-0.0946721,-0.189392
522,3,Box,4.14959,0.466301,-1.57501,0.0578968,-0.218894,-0.439063
522,4,Box,6.46738,0.478727,-1.57076,-0.0113259,-0.0795223,0.15946
522,5,Box,0.571764,0.478181,1.56823,-0.023576,-0.0799671,-0.159947
522,6,Box,4.1859,1.42784,1.57065,0.27912,-0.436724,-0.00219331
522,7,Box,-2.92529,0.495578,0.0200517,0.00134949,0.000482245,-0.00167315
522,8,Box,2.32049,1.42719,-0.481256,0.0121448,-0.017564,-0.00967794
522,9,Box,-1.88522,0.469986,1.56735,0.0608651,-0.162739,-0.326002
522,10,Box,-0.858715,0.478754,1.5697,0.0227463,-0.0780868,0.156753
522,11,Box,-3.77432,1.32717,-0.802607,-0.0780924,-0.0780083,-0.0568487
522,12,Box,3.12819,0.494488,-0.0297131,0.00582859,0.00130561,-0.0072348
522,13,Box,-5.65842,0.499063,3.13249,-6.31642e-05,2.78577e-05,8.59934e-05
522,14,Box,-1.93157,1.43596,1.57237,0.0795424,-0.442329,0.265289
523,0,Box,0,-1,0,0,0,0
523,1,Box,1.6263,0.485223,0.0113354,-0.0029524,-0.000478397,0.00597227
523,2,Box,-4.60115,0.475563,1.56499,-0.0314563,-0.173405,-0.349807
523,3,Box,4.14956,0.467202,-1.57004,-0.000303867,-0.148486,0.298224
523,4,Box,6.46813,0.478171,-1.57342,0.0451038,-0.0799573,-0.159919
523,5,Box,0.570429,0.478714,1.57089,-0.0800623,-0.0796942,0.159715
523,6,Box,4.18966,1.42547,1.56329,0.22453,-0.508199,-0.441554
523,7,Box,-2.92526,0.495589,0.0200117,0.00201525,0.000634038,-0.00240208
523,8,Box,2.32069,1.42713,-0.481417,0.0121303,-0.0175424,-0.00965616
523,9,Box,-1.88453,0.469146,1.57326,0.0410195,-0.17668,0.354571
523,10,Box,-0.858812,0.477182,1.575,-0.00583581,-0.158911,0.318169
523,11,Box,-3.77534,1.32609,-0.802761,-0.0989405,-0.101097,-0.00926603
523,12,Box,3.12839,0.494547,-0.0298336,0.00582348,0.00130435,-0.00723075
523,13,Box,-5.65843,0.499063,3.13249,-6.31623e-05,2.78503e-05,8.59861e-05
523,14,Box,-1.9315,1.43289,1.56766,0.00441801,-0.4809,-0.282269
524,0,Box,0,-1,0,0,0,0
524,1,Box,1.62616,0.485286,0.0114349,-0.00294913,-0.000478139,0.00596627
524,2,Box,-4.60351,0.47761,1.56875,-0.113381,-0.113681,0.225456
524,3,Box,4.15022,0.463363,-1.57819,0.0431042,-0.24441,-0.489041
524,4,Box,6.46794,0.478729,-1.57076,-0.0116277,-0.079521,0.159459
524,5,Box,0.570036,0.47818,1.56822,-0.0235767,-0.0799678,-0.159948
524,6,Box,4.19401,1.42448,1.56441,0.257122,-0.519548,0.067021
524,7,Box,-2.92523,0.495599,0.0199758,0.0017367,0.000617602,-0.00215015
524,8,Box,2.32089,1.42707,-0.481577,0.0121161,-0.0175196,-0.00963403
524,9,Box,-1.88335,0.467656,1.56713,0.0696408,-0.183524,-0.367653
524,10,Box,-0.857501,0.478831,1.57239,0.0786685,-0.0780731,-0.156679
524,11,Box,-3.77677,1.32464,-0.80131,-0.113911,-0.114608,0.0870861
524,12,Box,3.12858,0.494606,-0.0299541,0.00581836,0.00130309,-0.00722669
524,13,Box,-5.65843,0.499064,3.1325,-6.31586e-05,2.78428e-05,8.599e-05
524,14,Box,-1.93025,1.43003,1.57311,0.0756984,-0.512332,0.326704
525,0,Box,0,-1,0,0,0,0
525,1,Box,1.62602,0.485346,0.0115342,-0.00294576,-0.000477879,0.00596007
525,2,Box,-4.60672,0.47562,1.57522,-0.142247,-0.193683,0.388161
525,3,Box,4.14997,0.467071,-1.57263,-0.0123881,-0.165546,0.333556
525,4,Box,6.46869,0.478169,-1.57343,0.044801,-0.0799586,-0.15992
525,5,Box,0.568702,0.478715,1.57088,-0.0800627,-0.079694,0.159715
525,6,Box,4.19719,1.42077,1.55624,0.188315,-0.566258,-0.490175
525,7,Box,-2.92519,0.495611,0.0199332,0.00209664,0.000712398,-0.00255869
525,8,Box,2.32108,1.427,-0.481737,0.0121017,-0.0174962,-0.00961146
525,9,Box,-1.88249,0.466732,1.5737,0.0508147,-0.196629,0.39447
525,10,Box,-0.855713,0.477364,1.56709,0.107283,-0.158803,-0.318113
525,11,Box,-3.77833,1.32298,-0.796454,-0.144139,-0.148297,0.291339
525,12,Box,3.12877,0.494664,-0.0300744,0.00581316,0.00130184,-0.00722252
525,13,Box,-5.65843,0.499064,3.1325,-6.31474e-05,2.78503e-05,8.59742e-05
525,14,Box,-1.93041,1.42736,1.56808,-0.00823284,-0.529259,-0.301623
526,0,Box,0,-1,0,0,0,0
526,1,Box,1.62588,0.485404,0.0116334,-0.00294234,-0.000477613,0.00595375
526,2,Box,-4.60855,0.477447,1.57194,-0.0800022,-0.0983601,-0.196808
526,3,Box,4.1502,0.465599,-1.57434,0.0223986,-0.0101252,-0.102963
526,4,Box,6.46849,0.478731,-1.57077,-0.0119313,-0.0795197,0.159457
526,5,Box,0.568309,0.47818,1.56822,-0.0235774,-0.0799684,-0.159949
526,6,Box,4.19633,1.42717,1.56114,-0.0599647,-0.192632,0.294288
526,7,Box,-2.92517,0.495618,0.0199073,0.00125025,0.000450622,-0.00155486
526,8,Box,2.32128,1.42692,-0.481897,0.0120871,-0.0174723,-0.0095885
526,9,Box,-1.88115,0.465755,1.5673,0.0794514,-0.191751,-0.384283
526,10,Box,-0.855334,0.478754,1.5697,0.0227419,-0.0780873,0.156753
526,11,Box,-3.77932,1.32198,-0.797532,-0.0891578,-0.0888776,-0.0646329
526,12,Box,3.12896,0.494723,-0.0301947,0.0058079,0.00130057,-0.00721828
526,13,Box,-5.65843,0.499065,3.1325,-6.31437e-05,2.78428e-05,8.59654e-05
526,14,Box,-1.92924,1.42483,1.57422,0.0712776,-0.548609,0.368329
527,0,Box,0,-1,0,0,0,0
527,1,Box,1.62562,0.485435,0.0119992,-0.0108453,-0.00194282,0.0219475
527,2,Box,-4.61016,0.475591,1.566,-0.0484547,-0.176846,-0.356308
527,3,Box,4.15044,0.469132,-1.57523,0.0182807,0.0090936,-0.0528582
527,4,Box,6.46923,0.478167,-1.57344,0.0444965,-0.0799599,-0.159922
527,5,Box,0.566975,0.478716,1.57088,-0.0800631,-0.0796938,0.159715
527,6,Box,4.19406,1.42983,1.56855,-0.140016,-0.219579,0.444599
527,7,Box,-2.92514,0.495629,0.0198686,0.001932,0.000622765,-0.0023203
527,8,Box,2.32153,1.42606,-0.482459,0.0154776,-0.0645864,-0.0336804
527,9,Box,-1.88011,0.464585,1.57432,0.0605507,-0.209947,0.421128
527,10,Box,-0.855431,0.477181,1.575,-0.00584013,-0.158911,0.31817
527,11,Box,-3.78035,1.32091,-0.798087,-0.109615,-0.111496,-0.0333464
527,12,Box,3.12973,0.494106,-0.028902,0.0405425,-0.0392162,0.0775668
527,13,Box,-5.65843,0.499065,3.1325,-6.31381e-05,2.78354e-05,8.59618e-05
527,14,Box,-1.92951,1.42287,1.56928,-0.0150283,-0.553376,-0.29677
528,0,Box,0,-1,0,0,0,0
528,1,Box,1.62538,0.48541,0.0121144,-0.00341267,-0.000493929,0.00690874
528,2,Box,-4.61279,0.477049,1.57003,-0.121354,-0.121831,0.241553
528,3,Box,4.15064,0.468204,-1.56978,0.0136596,-0.162769,0.326943
528,4,Box,6.46903,0.478732,-1.57078,-0.0122367,-0.0795185,0.159456
528,5,Box,0.566582,0.478179,1.56821,-0.0235781,-0.079969,-0.159949
528,6,Box,4.19129,1.43119,1.56955,-0.167321,-0.282221,0.0601164
528,7,Box,-2.92511,0.495639,0.0198317,0.00178848,0.000634991,-0.00221373
528,8,Box,2.32198,1.42603,-0.482705,0.0194761,-0.0233472,-0.0147679
528,9,Box,-1.87858,0.464438,1.56784,0.0905929,-0.193906,-0.388816
528,10,Box,-0.85412,0.478831,1.57239,0.0786669,-0.0780712,-0.156676
528,11,Box,-3.78175,1.31945,-0.796543,-0.120663,-0.123065,0.092681
528,12,Box,3.12993,0.494194,-0.0290816,0.00868592,0.00196476,-0.0107813
528,13,Box,-5.65843,0.499066,3.1325,-6.31306e-05,2.78354e-05,8.59461e-05
528,14,Box,-1.9284,1.42062,1.57593,0.0685307,-0.568145,0.399304
529,0,Box,0,-1,0,0,0,0
529,1,Box,1.6252,0.48551,0.012207,-0.00274489,-0.000421549,0.00555751
529,2,Box,-4.61614,0.474858,1.57676,-0.150159,-0.202013,0.404337
529,3,Box,4.15179,0.468101,-1.5739,0.0694135,-0.123512,-0.247267
529,4,Box,6.46976,0.478166,-1.57344,0.0441902,-0.0799612,-0.159923
529,5,Box,0.565247,0.478717,1.57088,-0.0800635,-0.0796936,0.159715
529,6,Box,4.18908,1.43013,1.57472,-0.13332,-0.389046,0.310031
529,7,Box,-2.92508,0.495651,0.019789,0.00209871,0.000712799,-0.00256166
529,8,Box,2.32224,1.42605,-0.482879,0.0135841,-0.0176118,-0.0104821
529,9,Box,-1.87733,0.462731,1.57515,0.0721597,-0.218919,0.4389
529,10,Box,-0.852332,0.477364,1.56709,0.107282,-0.158801,-0.318109
529,11,Box,-3.78343,1.31763,-0.791583,-0.151095,-0.158637,0.297594
529,12,Box,3.13013,0.494246,-0.029211,0.00625527,0.00140958,-0.00776244
529,13,Box,-5.65843,0.499066,3.1325,-6.31213e-05,2.78354e-05,8.59372e-05
529,14,Box,-1.92875,1.41948,1.57118,-0.0184437,-0.565513,-0.284791
530,0,Box,0,-1,0,0,0,0
530,1,Box,1.62503,0.485607,0.0123038,-0.00286931,-0.000460577,0.00580998
530,2,Box,-4.6181,0.477572,1.57345,-0.0872018,-0.0993035,-0.199016
530,3,Box,4.152,0.46628,-1.56691,0.0134969,-0.208948,0.419132
530,4,Box,6.46955,0.478734,-1.57079,-0.0125439,-0.0795172,0.159455
530,5,Box,0.564854,0.478178,1.56821,-0.0235788,-0.0799697,-0.15995
530,6,Box,4.18669,1.42926,1.57356,-0.144482,-0.43664,-0.0694353
530,7,Box,-2.92506,0.495659,0.0197622,0.00129688,0.000464844,-0.00161044
530,8,Box,2.32247,1.42604,-0.483041,0.0122951,-0.0173177,-0.00967051
530,9,Box,-1.87558,0.463675,1.5687,0.103246,-0.192907,-0.387107
530,10,Box,-0.851953,0.478754,1.5697,0.0227414,-0.0780879,0.156754
530,11,Box,-3.78448,1.31657,-0.792714,-0.0933707,-0.0934654,-0.0678692
530,12,Box,3.13033,0.494302,-0.0293323,0.00586717,0.00131867,-0.00727977
530,13,Box,-5.65843,0.499067,3.1325,-6.3112e-05,2.78279e-05,8.59332e-05
530,14,Box,-1.92764,1.41733,1.57826,0.0680005,-0.578911,0.424423
531,0,Box,0,-1,0,0,0,0
531,1,Box,1.62488,0.485692,0.0124021,-0.00291099,-0.000471619,0.00589496
531,2,Box,-4.61996,0.475936,1.56749,-0.0553007,-0.177521,-0.35773
531,3,Box,4.15304,0.467725,-1.57223,0.0617249,-0.158842,-0.318913
531,4,Box,6.47029,0.478164,-1.57345,0.0438822,-0.0799625,-0.159924
531,5,Box,0.56352,0.478718,1.57087,-0.0800639,-0.0796934,0.159715
531,6,Box,4.18529,1.42628,1.58,-0.0831244,-0.497067,0.386392
531,7,Box,-2.92502,0.495669,0.0197241,0.00189281,0.000619858,-0.00228489
531,8,Box,2.32268,1.42601,-0.483199,0.0120619,-0.0173306,-0.00952556
531,9,Box,-1.87408,0.461118,1.57623,0.0856349,-0.225569,0.451852
531,10,Box,-0.85205,0.477181,1.57501,-0.00584057,-0.158912,0.318171
531,11,Box,-3.78543,1.31557,-0.793473,-0.113875,-0.115881,-0.0455068
531,12,Box,3.13052,0.494361,-0.0294525,0.00580803,0.00130448,-0.00720783
531,13,Box,-5.65843,0.499067,3.13251,-6.3112e-05,2.78279e-05,8.59336e-05
531,14,Box,-1.92803,1.41703,1.57377,-0.0188293,-0.571423,-0.269404
532,0,Box,0,-1,0,0,0,0
532,1,Box,1.62472,0.485769,0.0125005,-0.00291717,-0.00047356,0.00590806
532,2,Box,-4.62276,0.476566,1.57163,-0.12478,-0.125618,0.248739
532,3,Box,4.15326,0.463704,-1.5646,0.0136939,-0.228476,0.457506
532,4,Box,6.47007,0.478736,-1.57079,-0.0128529,-0.0795157,0.159453
532,5,Box,0.563127,0.478177,1.56821,-0.0235795,-0.0799703,-0.159951
532,6,Box,4.18334,1.4257,1.57749,-0.117895,-0.515072,-0.15083
532,7,Box,-2.92499,0.49568,0.0196866,0.0018162,0.00064384,-0.00224763
532,8,Box,2.32289,1.42597,-0.483357,0.0120157,-0.0173239,-0.00948804
532,9,Box,-1.87208,0.463391,1.56986,0.11761,-0.190228,-0.382109
532,10,Box,-0.850739,0.478831,1.5724,0.0786668,-0.0780707,-0.156675
532,11,Box,-3.78676,1.31416,-0.791891,-0.122708,-0.126987,0.0949097
532,12,Box,3.13071,0.49442,-0.0295724,0.00579627,0.00130158,-0.00719533
532,13,Box,-5.65843,0.499068,3.13251,-6.31027e-05,2.78279e-05,8.59068e-05
532,14,Box,-1.9269,1.41479,1.58121,0.0698756,-0.585056,0.44635
533,0,Box,0,-1,0,0,0,0
533,1,Box,1.62458,0.485839,0.012599,-0.00291564,-0.000473667,0.00590556
533,2,Box,-4.62492,0.476461,1.56837,-0.0821388,-0.0980062,-0.195586
533,3,Box,4.15238,0.470348,-1.56226,-0.0544683,0.0330355,0.140386
533,4,Box,6.4708,0.478162,-1.57346,0.0435722,-0.0799637,-0.159926
533,5,Box,0.561792,0.478719,1.57087,-0.0800643,-0.0796931,0.159715
533,6,Box,4.18486,1.42589,1.56787,0.0935758,-0.320953,-0.57734
533,7,Box,-2.92497,0.495689,0.0196552,0.00152238,0.000540001,-0.00188452
533,8,Box,2.32309,1.42592,-0.483515,0.011998,-0.0173058,-0.00946537
533,9,Box,-1.87029,0.459671,1.57756,0.101082,-0.230984,0.462174
533,10,Box,-0.848951,0.477365,1.56709,0.107282,-0.1588,-0.318109
533,11,Box,-3.78746,1.31344,-0.792976,-0.089867,-0.0900566,-0.0651037
533,12,Box,3.13091,0.494479,-0.0296922,0.00579061,0.00130017,-0.00719051
533,13,Box,-5.65844,0.499068,3.13251,-6.30952e-05,2.78205e-05,8.58984e-05
533,14,Box,-1.92728,1.41534,1.577,-0.0164431,-0.574073,-0.252316
534,0,Box,0,-1,0,0,0,0
534,1,Box,1.62443,0.485905,0.0126973,-0.0029127,-0.000473464,0.0059002
534,2,Box,-4.62749,0.47673,1.57217,-0.114284,-0.11541,0.228016
534,3,Box,4.15129,0.466695,-1.56826,-0.064025,-0.178444,-0.359916
534,4,Box,6.47058,0.478737,-1.5708,-0.0131638,-0.0795144,0.159452
534,5,Box,0.561399,0.478176,1.5682,-0.0235802,-0.079971,-0.159951
534,6,Box,4.18719,1.42931,1.56711,0.137843,-0.335941,-0.0451609
534,7,Box,-2.92494,0.495699,0.019619,0.00175482,0.000622111,-0.00217202
534,8,Box,2.32329,1.42586,-0.483673,0.0119839,-0.0172846,-0.00944399
534,9,Box,-1.86798,0.463475,1.57124,0.136019,-0.18851,-0.379536
534,10,Box,-0.848572,0.478753,1.56971,0.0227418,-0.0780884,0.156755
534,11,Box,-3.78866,1.31216,-0.791524,-0.111897,-0.116459,0.0870923
534,12,Box,3.1311,0.494537,-0.029812,0.00578557,0.00129893,-0.00718652
534,13,Box,-5.65844,0.499069,3.13251,-6.30859e-05,2.7813e-05,8.5889e-05
534,14,Box,-1.92614,1.4128,1.58465,0.0714411,-0.58866,0.458694
535,0,Box,0,-1,0,0,0,0
535,1,Box,1.6243,0.485967,0.0127955,-0.00290949,-0.000473229,0.00589429
535,2,Box,-4.62938,0.476824,1.56897,-0.071996,-0.096146,-0.191982
535,3,Box,4.15067,0.465001,-1.57694,-0.0357062,-0.259781,-0.520883
535,4,Box,6.46988,0.476822,-1.56545,-0.0416974,-0.160478,0.320957
535,5,Box,0.560065,0.478719,1.57086,-0.0800647,-0.0796929,0.159716
535,6,Box,4.18951,1.4271,1.56639,0.138043,-0.498944,-0.04369
535,7,Box,-2.92491,0.495709,0.0195872,0.00154207,0.000546501,-0.00190861
535,8,Box,2.32349,1.4258,-0.48383,0.01197,-0.0172622,-0.00942225
535,9,Box,-1.86669,0.460937,1.56983,0.0678799,-0.0960938,-0.0846758
535,10,Box,-0.848669,0.47718,1.57501,-0.00584001,-0.158913,0.318172
535,11,Box,-3.78938,1.31143,-0.792535,-0.0839997,-0.0842595,-0.0606417
535,12,Box,3.13129,0.494596,-0.0299317,0.00578051,0.00129768,-0.0071825
535,13,Box,-5.65844,0.499069,3.13251,-6.30822e-05,2.78205e-05,8.58853e-05
535,14,Box,-1.92159,1.42011,1.57827,0.282252,-0.220342,-0.382804
536,0,Box,0,-1,0,0,0,0
536,1,Box,1.62416,0.486026,0.0128937,-0.00290617,-0.000472968,0.00588816
536,2,Box,-4.63185,0.476798,1.57263,-0.109887,-0.111178,0.219375
536,3,Box,4.1489,0.467711,-1.57178,-0.104275,-0.15383,0.30955
536,4,Box,6.47061,0.479032,-1.56806,0.0435531,-0.0777146,-0.156263
536,5,Box,0.559672,0.478175,1.5682,-0.0235809,-0.0799717,-0.159952
536,6,Box,4.19085,1.42331,1.55763,0.0784226,-0.561512,-0.525386
536,7,Box,-2.92488,0.495719,0.0195515,0.00172978,0.000613469,-0.00214158
536,8,Box,2.32368,1.42573,-0.483986,0.011956,-0.0172393,-0.00940006
536,9,Box,-1.86638,0.463489,1.5734,0.0151748,-0.107068,0.214341
536,10,Box,-0.847358,0.478832,1.5724,0.0786671,-0.0780706,-0.156676
536,11,Box,-3.79053,1.31019,-0.791138,-0.107182,-0.11206,0.0837843
536,12,Box,3.13148,0.494654,-0.0300514,0.00577536,0.00129644,-0.00717835
536,13,Box,-5.65844,0.49907,3.13251,-6.30766e-05,2.7813e-05,8.58711e-05
536,14,Box,-1.91694,1.42112,1.57187,0.282081,-0.383397,-0.384017
537,0,Box,0,-1,0,0,0,0
537,1,Box,1.62403,0.486083,0.0129917,-0.00290281,-0.000472719,0.00588196
537,2,Box,-4.63359,0.477074,1.56946,-0.0676157,-0.0952697,-0.190319
537,3,Box,4.14847,0.465594,-1.57201,-0.018945,-0.0474852,-0.0133495
537,4,Box,6.47181,0.477795,-1.57335,0.0722068,-0.158332,-0.317534
537,5,Box,0.558338,0.47872,1.57086,-0.0800651,-0.0796927,0.159716
537,6,Box,4.18843,1.42909,1.56275,-0.152282,-0.192817,0.307029
537,7,Box,-2.92486,0.495728,0.0195195,0.00155314,0.000550233,-0.00192237
537,8,Box,2.32387,1.42565,-0.484143,0.0119418,-0.017216,-0.00937762
537,9,Box,-1.86515,0.463534,1.5659,0.0730638,-0.224312,-0.44972
537,10,Box,-0.84557,0.477366,1.5671,0.107282,-0.1588,-0.318109
537,11,Box,-3.79127,1.30943,-0.792116,-0.0815442,-0.081759,-0.0586569
537,12,Box,3.13167,0.494712,-0.0301709,0.00577017,0.00129517,-0.00717418
537,13,Box,-5.65844,0.49907,3.13251,-6.30692e-05,2.78056e-05,8.58566e-05
537,14,Box,-1.91224,1.42098,1.57173,0.28315,-0.422622,-0.00809188
538,0,Box,0,-1,0,0,0,0
538,1,Box,1.62376,0.486113,0.0133576,-0.0108343,-0.00194097,0.0219556
538,2,Box,-4.63601,0.476794,1.57305,-0.108092,-0.109505,0.215894
538,3,Box,4.148,0.468148,-1.57143,-0.0252167,-0.0339483,0.0345717
538,4,Box,6.47161,0.478577,-1.57073,-0.0120851,-0.0783356,0.157069
538,5,Box,0.557945,0.478174,1.56819,-0.0235817,-0.0799723,-0.159953
538,6,Box,4.18466,1.43122,1.57031,-0.229325,-0.22537,0.453949
538,7,Box,-2.92483,0.495738,0.0194841,0.00171486,0.000608412,-0.00212369
538,8,Box,2.32412,1.42478,-0.484704,0.0154453,-0.0645282,-0.0336702
538,9,Box,-1.86489,0.464731,1.57097,0.0153047,-0.151243,0.30397
538,10,Box,-0.845191,0.478753,1.56971,0.0227425,-0.0780889,0.156755
538,11,Box,-3.7924,1.30821,-0.790743,-0.105064,-0.110278,0.0824023
538,12,Box,3.13244,0.494095,-0.0288793,0.0404959,-0.0391846,0.0775007
538,13,Box,-5.65844,0.499071,3.13252,-6.30617e-05,2.78056e-05,8.58435e-05
538,14,Box,-1.90848,1.42041,1.56474,0.226215,-0.491264,-0.419449
539,0,Box,0,-1,0,0,0,0
539,1,Box,1.62353,0.486088,0.0134711,-0.00335785,-0.000487377,0.00680723
539,2,Box,-4.63767,0.477257,1.5699,-0.0656874,-0.0948113,-0.189481
539,3,Box,4.14752,0.467238,-1.56519,-0.0288587,-0.187018,0.374219
539,4,Box,6.47234,0.478118,-1.5734,0.0439295,-0.0799686,-0.159945
539,5,Box,0.55661,0.478721,1.57086,-0.0800656,-0.0796925,0.159716
539,6,Box,4.18035,1.43124,1.57219,-0.258526,-0.304157,0.112628
539,7,Box,-2.9248,0.495747,0.0194519,0.00156059,0.000552782,-0.00193178
539,8,Box,2.32456,1.42476,-0.484945,0.0192988,-0.0230151,-0.01448
539,9,Box,-1.86368,0.461689,1.56291,0.0719822,-0.241859,-0.483665
539,10,Box,-0.845288,0.477179,1.57501,-0.00583922,-0.158914,0.318173
539,11,Box,-3.79318,1.30742,-0.791705,-0.0805439,-0.0806595,-0.0577247
539,12,Box,3.13263,0.494182,-0.0290582,0.0086459,0.0019605,-0.010736
539,13,Box,-5.65844,0.499071,3.13252,-6.30505e-05,2.78056e-05,8.58407e-05
539,14,Box,-1.90437,1.42022,1.56621,0.246566,-0.504954,0.0881759
540,0,Box,0,-1,0,0,0,0
540,1,Box,1.62335,0.486188,0.013564,-0.0027492,-0.000448064,0.00557399
540,2,Box,-4.64008,0.476746,1.57347,-0.107404,-0.108925,0.214615
540,3,Box,4.14813,0.469105,-1.56926,0.0362918,-0.121486,-0.244332
540,4,Box,6.47213,0.478701,-1.57074,-0.0128046,-0.0795248,0.159463
540,5,Box,0.556217,0.478174,1.56819,-0.0235824,-0.079973,-0.159953
540,6,Box,4.1766,1.42983,1.57822,-0.224948,-0.411349,0.361966
540,7,Box,-2.92478,0.495757,0.0194167,0.0017042,0.000604855,-0.00211102
540,8,Box,2.32478,1.4248,-0.485088,0.0108969,-0.0158946,-0.00858339
540,9,Box,-1.86336,0.465175,1.56868,0.0213574,-0.171818,0.34637
540,10,Box,-0.843977,0.478832,1.5724,0.0786675,-0.0780706,-0.156676
540,11,Box,-3.7943,1.3062,-0.790341,-0.104048,-0.109614,0.0818407
540,12,Box,3.1328,0.494219,-0.02919,0.004067,0.000506088,-0.0079076
540,13,Box,-5.65844,0.499072,3.13252,-6.30468e-05,2.77981e-05,8.58457e-05
540,14,Box,-1.90144,1.41811,1.55882,0.17403,-0.546127,-0.443433
541,0,Box,0,-1,0,0,0,0
541,1,Box,1.62319,0.486285,0.0136623,-0.00290786,-0.000478116,0.00589623
541,2,Box,-4.64168,0.477403,1.57032,-0.0647991,-0.0945281,-0.188989
541,3,Box,4.14774,0.469323,-1.56773,-0.0236619,-0.00602845,0.0919793
541,4,Box,6.47286,0.478165,-1.5734,0.0436269,-0.0799546,-0.159916
541,5,Box,0.554883,0.478722,1.57085,-0.080066,-0.0796923,0.159716
541,6,Box,4.17699,1.43418,1.57524,0.0245062,-0.139793,-0.179079
541,7,Box,-2.92475,0.495767,0.0193844,0.00156661,0.000554889,-0.00193944
541,8,Box,2.32499,1.42479,-0.485239,0.0115082,-0.0169719,-0.00907065
541,9,Box,-1.86313,0.464664,1.56724,0.0149015,-0.0254151,-0.0863511
541,10,Box,-0.842189,0.477367,1.5671,0.107282,-0.1588,-0.318109
541,11,Box,-3.79511,1.30539,-0.791295,-0.0801609,-0.0801529,-0.0572384
541,12,Box,3.13298,0.494288,-0.0293067,0.00564239,0.00126921,-0.00700155
541,13,Box,-5.65844,0.499072,3.13252,-6.30394e-05,2.77981e-05,8.58289e-05
541,14,Box,-1.90283,1.42435,1.56337,-0.084645,-0.202782,0.273025
542,0,Box,0,-1,0,0,0,0
542,1,Box,1.62303,0.486369,0.013757,-0.00280421,-0.000463998,0.00568664
542,2,Box,-4.6441,0.476669,1.57389,-0.107185,-0.108808,0.214268
542,3,Box,4.14783,0.47169,-1.56768,0.004282,-0.0107639,0.00311098
542,4,Box,6.47264,0.478722,-1.57075,-0.0131027,-0.0795238,0.159462
542,5,Box,0.55449,0.478173,1.56819,-0.0235831,-0.0799736,-0.159954
542,6,Box,4.17864,1.43601,1.56975,0.0997381,-0.176864,-0.329483
542,7,Box,-2.92472,0.495777,0.0193494,0.00169538,0.000601941,-0.00210062
542,8,Box,2.32515,1.4248,-0.485355,0.00852859,-0.0144927,-0.0069679
542,9,Box,-1.86314,0.468073,1.56697,0.00117447,-0.00829088,-0.0163565
542,10,Box,-0.84181,0.478753,1.56971,0.0227433,-0.0780894,0.156756
542,11,Box,-3.7962,1.30419,-0.789934,-0.103495,-0.109425,0.0816272
542,12,Box,3.13313,0.494317,-0.0293948,0.00310951,-0.000630316,-0.00529028
542,13,Box,-5.65844,0.499072,3.13252,-6.30338e-05,2.77907e-05,8.58302e-05
542,14,Box,-1.90555,1.42722,1.57057,-0.165017,-0.231077,0.432221
543,0,Box,0,-1,0,0,0,0
543,1,Box,1.62288,0.486448,0.0138575,-0.00297168,-0.00049617,0.00602684
543,2,Box,-4.64567,0.47753,1.57075,-0.0643495,-0.0943178,-0.188643
543,3,Box,4.1478,0.46996,-1.57236,-0.00155057,-0.139869,-0.280609
543,4,Box,6.47336,0.478171,-1.57341,0.0433279,-0.0799559,-0.159917
543,5,Box,0.553155,0.478723,1.57085,-0.0800664,-0.0796921,0.159717
543,6,Box,4.18101,1.43681,1.56943,0.141456,-0.270832,-0.019026
543,7,Box,-2.92469,0.495786,0.0193169,0.00157205,0.000556788,-0.00194644
543,8,Box,2.32535,1.42476,-0.485502,0.0110463,-0.0169313,-0.00878024
543,9,Box,-1.86307,0.466765,1.57261,0.00431374,-0.168612,0.338453
543,10,Box,-0.841908,0.477178,1.57501,-0.00583833,-0.158915,0.318174
543,11,Box,-3.79704,1.30335,-0.790883,-0.0800376,-0.0798956,-0.0569401
543,12,Box,3.13331,0.49439,-0.0295089,0.00551405,0.00123866,-0.00684436
543,13,Box,-5.65844,0.499073,3.13252,-6.30282e-05,2.77907e-05,8.58124e-05
543,14,Box,-1.90891,1.42899,1.57188,-0.201391,-0.301482,0.0783679
544,0,Box,0,-1,0,0,0,0
544,1,Box,1.62273,0.486517,0.0139558,-0.00290735,-0.000476465,0.00589699
544,2,Box,-4.6481,0.476575,1.57432,-0.107163,-0.108888,0.214316
544,3,Box,4.14695,0.470461,-1.56829,-0.0504153,-0.121952,0.244278
544,4,Box,6.47314,0.478727,-1.57075,-0.0134026,-0.0795225,0.15946
544,5,Box,0.552762,0.478172,1.56818,-0.0235838,-0.0799743,-0.159955
544,6,Box,4.18282,1.43446,1.56469,0.108355,-0.378801,-0.284514
544,7,Box,-2.92467,0.495796,0.0192821,0.00168742,0.000599319,-0.00209131
544,8,Box,2.32555,1.4247,-0.485655,0.0117209,-0.0170876,-0.0091877
544,9,Box,-1.86201,0.467805,1.56855,0.0629181,-0.121656,-0.243746
544,10,Box,-0.840596,0.478833,1.5724,0.0786679,-0.0780707,-0.156676
544,11,Box,-3.79812,1.30216,-0.789524,-0.103136,-0.109436,0.0815605
544,12,Box,3.13349,0.49445,-0.0296273,0.00572106,0.00128708,-0.00710559
544,13,Box,-5.65845,0.499073,3.13252,-6.30226e-05,2.77907e-05,8.58037e-05
544,14,Box,-1.91171,1.42761,1.57772,-0.167504,-0.408103,0.350242
545,0,Box,0,-1,0,0,0,0
545,1,Box,1.62259,0.486582,0.0140518,-0.00284061,-0.000478254,0.00576219
545,2,Box,-4.64964,0.477648,1.57118,-0.064083,-0.094137,-0.188357
545,3,Box,4.14675,0.467689,-1.57474,-0.00999098,-0.193213,-0.387298
545,4,Box,6.47386,0.478171,-1.57342,0.0430272,-0.0799572,-0.159919
545,5,Box,0.551428,0.478724,1.57084,-0.0800668,-0.0796919,0.159717
545,6,Box,4.18515,1.43327,1.56636,0.137681,-0.432855,0.100407
545,7,Box,-2.92464,0.495805,0.0192495,0.00157729,0.000558634,-0.0019532
545,8,Box,2.32571,1.42467,-0.485779,0.00925677,-0.0152007,-0.00747131
545,9,Box,-1.86168,0.464843,1.57581,0.0163851,-0.217236,0.435374
545,10,Box,-0.838808,0.477368,1.5671,0.107283,-0.158799,-0.318109
545,11,Box,-3.79898,1.3013,-0.790469,-0.0800218,-0.0797423,-0.0567203
545,12,Box,3.13365,0.494493,-0.029745,0.00363167,0.000405888,-0.00705739
545,13,Box,-5.65845,0.499074,3.13253,-6.30114e-05,2.77832e-05,8.57963e-05
545,14,Box,-1.91488,1.42745,1.57717,-0.186821,-0.449096,-0.0326354
546,0,Box,0,-1,0,0,0,0
546,1,Box,1.62246,0.486644,0.0141514,-0.00294575,-0.000490248,0.00597606
546,2,Box,-4.65083,0.475644,1.5654,-0.0321865,-0.172651,-0.346991
546,3,Box,4.14783,0.472675,-1.57753,0.0662275,0.0461357,-0.167421
546,4,Box,6.47363,0.478729,-1.57076,-0.0137042,-0.0795212,0.159459
546,5,Box,0.551035,0.478171,1.56818,-0.0235845,-0.0799749,-0.159955
546,6,Box,4.18412,1.43332,1.57432,-0.0631454,-0.258087,0.477412
546,7,Box,-2.92461,0.495815,0.0192124,0.0018281,0.000612987,-0.00222525
546,8,Box,2.32589,1.4246,-0.485927,0.0111797,-0.0169087,-0.00882833
546,9,Box,-1.86291,0.470997,1.57897,-0.0755489,0.0532057,0.189919
546,10,Box,-0.838429,0.478752,1.56971,0.0227441,-0.0780899,0.156757
546,11,Box,-3.79999,1.30025,-0.790956,-0.100641,-0.102319,-0.0292193
546,12,Box,3.13383,0.494561,-0.0298599,0.00555135,0.00124719,-0.00689746
546,13,Box,-5.65845,0.499074,3.13253,-6.30077e-05,2.77758e-05,8.57843e-05
546,14,Box,-1.91437,1.42884,1.56992,0.0323827,-0.236179,-0.435208
547,0,Box,0,-1,0,0,0,0
547,1,Box,1.62232,0.486702,0.0142492,-0.00289247,-0.000474316,0.00586857
547,2,Box,-4.65326,0.477446,1.56924,-0.115927,-0.116407,0.230613
547,3,Box,4.14876,0.469258,-1.57239,0.0586359,-0.153322,0.308698
547,4,Box,6.47434,0.478169,-1.57343,0.0427247,-0.0799585,-0.15992
547,5,Box,0.5497,0.478724,1.57084,-0.0800672,-0.0796917,0.159717
547,6,Box,4.18269,1.43575,1.57449,-0.0883427,-0.290642,0.0106038
547,7,Box,-2.92458,0.495826,0.0191771,0.00170712,0.000607148,-0.00211711
547,8,Box,2.32608,1.42453,-0.486079,0.0117128,-0.0170228,-0.00914526
547,9,Box,-1.86392,0.468648,1.57431,-0.0644218,-0.138731,-0.27972
547,10,Box,-0.838527,0.477177,1.57502,-0.00583745,-0.158915,0.318174
547,11,Box,-3.80135,1.29877,-0.789507,-0.111074,-0.118097,0.0869458
547,12,Box,3.13401,0.494621,-0.0299783,0.00571423,0.00128529,-0.00710371
547,13,Box,-5.65845,0.499075,3.13253,-6.29984e-05,2.77832e-05,8.5772e-05
547,14,Box,-1.91351,1.43219,1.57019,0.0554847,-0.272098,0.0160655
548,0,Box,0,-1,0,0,0,0
548,1,Box,1.62219,0.486758,0.0143463,-0.00287032,-0.000469305,0.00582421
548,2,Box,-4.65649,0.475351,1.5758,-0.144789,-0.196423,0.393457
548,3,Box,4.14927,0.467427,-1.56452,0.0308551,-0.235453,0.471656
548,4,Box,6.4741,0.478731,-1.57077,-0.0140076,-0.0795199,0.159457
548,5,Box,0.549307,0.47817,1.56817,-0.0235853,-0.0799756,-0.159956
548,6,Box,4.18121,1.43303,1.57456,-0.0891714,-0.45259,0.0039652
548,7,Box,-2.92455,0.495837,0.0191373,0.00194854,0.000670005,-0.00239089
548,8,Box,2.32627,1.42445,-0.486232,0.0117936,-0.0169875,-0.00917705
548,9,Box,-1.86451,0.467325,1.56692,-0.0367962,-0.220931,-0.443421
548,10,Box,-0.837215,0.478833,1.5724,0.0786683,-0.0780707,-0.156677
548,11,Box,-3.80287,1.29691,-0.784554,-0.140707,-0.160792,0.297207
548,12,Box,3.1342,0.494678,-0.0300971,0.00573275,0.00128969,-0.00712931
548,13,Box,-5.65845,0.499075,3.13253,-6.29891e-05,2.77758e-05,8.57655e-05
548,14,Box,-1.91259,1.43047,1.57061,0.0566322,-0.433504,0.0252904
549,0,Box,0,-1,0,0,0,0
549,1,Box,1.62206,0.486812,0.0144417,-0.00282112,-0.000477406,0.00572495
549,2,Box,-4.65727,0.478563,1.57487,-0.0133225,-0.0314774,-0.0556637
549,3,Box,4.1508,0.469537,-1.56971,0.0907414,-0.154606,-0.311148
549,4,Box,6.47481,0.478168,-1.57344,0.0424203,-0.0799598,-0.159922
549,5,Box,0.547973,0.478725,1.57084,-0.0800677,-0.0796915,0.159717
549,6,Box,4.18069,1.42916,1.58198,-0.0300356,-0.516517,0.445349
549,7,Box,-2.92452,0.495846,0.0191052,0.00155564,0.000552252,-0.00192839
549,8,Box,2.32641,1.42441,-0.486354,0.0091158,-0.0150414,-0.00732802
549,9,Box,-1.86602,0.467878,1.57214,-0.0905282,-0.156023,0.313247
549,10,Box,-0.835427,0.477369,1.5671,0.107284,-0.158799,-0.318109
549,11,Box,-3.80275,1.29698,-0.784659,-0.0255205,-0.0283642,-0.0062894
549,12,Box,3.13435,0.494721,-0.0302136,0.00359663,0.000408174,-0.00698619
549,13,Box,-5.65899,0.499126,3.13255,-0.0323737,0.0030431,0.00138066
549,14,Box,-1.91264,1.4278,1.56376,-0.00334125,-0.496839,-0.410658
