Frame,BodyID,Shape,PosX,PosY,Angle,VelX,VelY,AngVel
0,0,Box,0,-1,0,0,0,0
0,1,Box,0,0.497278,0,0,-0.163333,0
0,2,Box,1.1,0.497278,0,0,-0.163333,0
0,3,Box,2.2,0.497278,0,0,-0.163333,0
0,4,Box,3.3,0.497278,0,0,-0.163333,0
0,5,Box,4.4,0.497278,0,0,-0.163333,0
2,0,Box,0,-1,0,0,0,0
2,1,Box,-4.03573e-10,0.497278,2.93367e-09,-9.31323e-09,-5.96046e-08,4.74975e-08
2,2,Box,1.1,0.497278,2.93367e-09,-9.31323e-09,-5.96046e-08,4.74975e-08
2,3,Box,2.2,0.497278,2.93367e-09,-9.31323e-09,-5.96046e-08,4.74975e-08
2,4,Box,3.3,0.497278,2.93367e-09,-9.31323e-09,-5.96046e-08,4.74975e-08
2,5,Box,4.4,0.497278,2.93367e-09,-9.31323e-09,-5.96046e-08,4.74975e-08
4,0,Box,0,-1,0,0,0,0
4,1,Box,-8.69234e-10,0.497278,5.09123e-09,-1.49012e-08,-5.21541e-08,6.70552e-08
4,2,Box,1.1,0.497278,5.09123e-09,-1.49012e-08,-5.21541e-08,6.70552e-08
4,3,Box,2.2,0.497278,5.09123e-09,-1.49012e-08,-5.21541e-08,6.70552e-08
4,4,Box,3.3,0.497278,5.09123e-09,-1.49012e-08,-5.21541e-08,6.70552e-08
4,5,Box,4.4,0.497278,5.09123e-09,-1.49012e-08,-5.21541e-08,6.70552e-08
6,0,Box,0,-1,0,0,0,0
6,1,Box,-1.3349e-09,0.497278,7.20223e-09,-1.30385e-08,-5.21541e-08,5.7742e-08
6,2,Box,1.1,0.497278,7.20223e-09,-1.30385e-08,-5.21541e-08,5.7742e-08
6,3,Box,2.2,0.497278,7.20223e-09,-1.30385e-08,-5.21541e-08,5.7742e-08
6,4,Box,3.3,0.497278,7.20223e-09,-1.30385e-08,-5.21541e-08,5.7742e-08
6,5,Box,4.4,0.497278,7.20223e-09,-1.30385e-08,-5.21541e-08,5.7742e-08
8,0,Box,0,-1,0,0,0,0
8,1,Box,-1.73847e-09,0.497278,9.31323e-09,-1.11759e-08,-5.21541e-08,5.7742e-08
8,2,Box,1.1,0.497278,9.31323e-09,-1.11759e-08,-5.21541e-08,5.7742e-08
8,3,Box,2.2,0.497278,9.31323e-09,-1.11759e-08,-5.21541e-08,5.7742e-08
8,4,Box,3.3,0.497278,9.31323e-09,-1.11759e-08,-5.21541e-08,5.7742e-08
8,5,Box,4.4,0.497278,9.31323e-09,-1.11759e-08,-5.21541e-08,5.7742e-08
10,0,Box,0,-1,0,0,0,0
10,1,Box,-2.07995e-09,0.497278,1.14242e-08,-9.31323e-09,-5.21541e-08,5.7742e-08
10,2,Box,1.1,0.497278,1.14242e-08,-9.31323e-09,-5.21541e-08,5.7742e-08
10,3,Box,2.2,0.497278,1.14242e-08,-9.31323e-09,-5.21541e-08,5.7742e-08
10,4,Box,3.3,0.497278,1.14242e-08,-9.31323e-09,-5.21541e-08,5.7742e-08
10,5,Box,4.4,0.497278,1.14242e-08,-9.31323e-09,-5.21541e-08,5.7742e-08
12,0,Box,0,-1,0,0,0,0
12,1,Box,-2.35935e-09,0.497278,1.35352e-08,-7.45058e-09,-5.21541e-08,5.7742e-08
12,2,Box,1.1,0.497278,1.35352e-08,-7.45058e-09,-5.21541e-08,5.7742e-08
12,3,Box,2.2,0.497278,1.35352e-08,-7.45058e-09,-5.21541e-08,5.7742e-08
12,4,Box,3.3,0.497278,1.35352e-08,-7.45058e-09,-5.21541e-08,5.7742e-08
12,5,Box,4.4,0.497278,1.35352e-08,-7.45058e-09,-5.21541e-08,5.7742e-08
14,0,Box,0,-1,0,0,0,0
14,1,Box,-2.57666e-09,0.497278,1.56462e-08,-5.58794e-09,-5.21541e-08,5.7742e-08
14,2,Box,1.1,0.497278,1.56462e-08,-5.58794e-09,-5.21541e-08,5.7742e-08
14,3,Box,2.2,0.497278,1.56462e-08,-5.58794e-09,-5.21541e-08,5.7742e-08
14,4,Box,3.3,0.497278,1.56462e-08,-5.58794e-09,-5.21541e-08,5.7742e-08
14,5,Box,4.4,0.497278,1.56462e-08,-5.58794e-09,-5.21541e-08,5.7742e-08
16,0,Box,0,-1,0,0,0,0
16,1,Box,-2.73188e-09,0.497278,1.77572e-08,-3.72529e-09,-5.21541e-08,5.7742e-08
16,2,Box,1.1,0.497278,1.77572e-08,-3.72529e-09,-5.21541e-08,5.7742e-08
16,3,Box,2.2,0.497278,1.77572e-08,-3.72529e-09,-5.21541e-08,5.7742e-08
16,4,Box,3.3,0.497278,1.77572e-08,-3.72529e-09,-5.21541e-08,5.7742e-08
16,5,Box,4.4,0.497278,1.77572e-08,-3.72529e-09,-5.21541e-08,5.7742e-08
18,0,Box,0,-1,0,0,0,0
18,1,Box,-2.82501e-09,0.497278,1.98682e-08,-1.86265e-09,-5.21541e-08,5.7742e-08
18,2,Box,1.1,0.497278,1.98682e-08,-1.86265e-09,-5.21541e-08,5.7742e-08
18,3,Box,2.2,0.497278,1.98682e-08,-1.86265e-09,-5.21541e-08,5.7742e-08
18,4,Box,3.3,0.497278,1.98682e-08,-1.86265e-09,-5.21541e-08,5.7742e-08
18,5,Box,4.4,0.497278,1.98682e-08,-1.86265e-09,-5.21541e-08,5.7742e-08
20,0,Box,0,-1,0,0,0,0
20,1,Box,-2.85606e-09,0.497278,2.19792e-08,0,-5.21541e-08,5.7742e-08
20,2,Box,1.1,0.497278,2.19792e-08,0,-5.21541e-08,5.7742e-08
20,3,Box,2.2,0.497278,2.19792e-08,0,-5.21541e-08,5.7742e-08
20,4,Box,3.3,0.497278,2.19792e-08,0,-5.21541e-08,5.7742e-08
20,5,Box,4.4,0.497278,2.19792e-08,0,-5.21541e-08,5.7742e-08
22,0,Box,0,-1,0,0,0,0
22,1,Box,-2.82501e-09,0.497278,2.40902e-08,1.86265e-09,-5.21541e-08,5.7742e-08
22,2,Box,1.1,0.497278,2.40902e-08,1.86265e-09,-5.21541e-08,5.7742e-08
22,3,Box,2.2,0.497278,2.40902e-08,1.86265e-09,-5.21541e-08,5.7742e-08
22,4,Box,3.3,0.497278,2.40902e-08,1.86265e-09,-5.21541e-08,5.7742e-08
22,5,Box,4.4,0.497278,2.40902e-08,1.86265e-09,-5.21541e-08,5.7742e-08
24,0,Box,0,-1,0,0,0,0
24,1,Box,-2.73188e-09,0.497278,2.62012e-08,3.72529e-09,-5.21541e-08,5.7742e-08
24,2,Box,1.1,0.497278,2.62012e-08,3.72529e-09,-5.21541e-08,5.7742e-08
24,3,Box,2.2,0.497278,2.62012e-08,3.72529e-09,-5.21541e-08,5.7742e-08
24,4,Box,3.3,0.497278,2.62012e-08,3.72529e-09,-5.21541e-08,5.7742e-08
24,5,Box,4.4,0.497278,2.62012e-08,3.72529e-09,-5.21541e-08,5.7742e-08
26,0,Box,0,-1,0,0,0,0
26,1,Box,-2.57666e-09,0.497278,2.83122e-08,5.58794e-09,-5.21541e-08,5.7742e-08
26,2,Box,1.1,0.497278,2.83122e-08,5.58794e-09,-5.21541e-08,5.7742e-08
26,3,Box,2.2,0.497278,2.83122e-08,5.58794e-09,-5.21541e-08,5.7742e-08
26,4,Box,3.3,0.497278,2.83122e-08,5.58794e-09,-5.21541e-08,5.7742e-08
26,5,Box,4.4,0.497278,2.83122e-08,5.58794e-09,-5.21541e-08,5.7742e-08
28,0,Box,0,-1,0,0,0,0
28,1,Box,-2.35935e-09,0.497278,3.04232e-08,7.45058e-09,-5.21541e-08,5.7742e-08
28,2,Box,1.1,0.497278,3.04232e-08,7.45058e-09,-5.21541e-08,5.7742e-08
28,3,Box,2.2,0.497278,3.04232e-08,7.45058e-09,-5.21541e-08,5.7742e-08
28,4,Box,3.3,0.497278,3.04232e-08,7.45058e-09,-5.21541e-08,5.7742e-08
28,5,Box,4.4,0.497278,3.04232e-08,7.45058e-09,-5.21541e-08,5.7742e-08
30,0,Box,0,-1,0,0,0,0
30,1,Box,-1.98682e-09,0.497278,3.24195e-08,1.30385e-08,-5.96046e-08,6.68723e-08
30,2,Box,1.1,0.497278,3.26783e-08,9.31323e-09,-5.21541e-08,6.2066e-08
30,3,Box,2.2,0.497278,3.26783e-08,9.31323e-09,-5.21541e-08,6.2066e-08
30,4,Box,3.3,0.497278,3.26783e-08,9.31323e-09,-5.21541e-08,6.2066e-08
30,5,Box,4.4,0.497278,3.26783e-08,9.31323e-09,-5.21541e-08,6.2066e-08
32,0,Box,0,-1,0,0,0,0
32,1,Box,-1.36594e-09,0.497278,3.46485e-08,2.04891e-08,-5.96046e-08,6.68723e-08
32,2,Box,1.1,0.497278,3.49335e-08,1.11759e-08,-5.21541e-08,6.2066e-08
32,3,Box,2.2,0.497278,3.49335e-08,1.11759e-08,-5.21541e-08,6.2066e-08
32,4,Box,3.3,0.497278,3.49335e-08,1.11759e-08,-5.21541e-08,6.2066e-08
32,5,Box,4.4,0.497278,3.49335e-08,1.11759e-08,-5.21541e-08,6.2066e-08
34,0,Box,0,-1,0,0,0,0
34,1,Box,-4.96706e-10,0.497278,3.68776e-08,2.79397e-08,-5.96046e-08,6.68723e-08
34,2,Box,1.1,0.497278,3.71886e-08,1.30385e-08,-5.21541e-08,6.2066e-08
34,3,Box,2.2,0.497278,3.71886e-08,1.30385e-08,-5.21541e-08,6.2066e-08
34,4,Box,3.3,0.497278,3.71886e-08,1.30385e-08,-5.21541e-08,6.2066e-08
34,5,Box,4.4,0.497278,3.71886e-08,1.30385e-08,-5.21541e-08,6.2066e-08
36,0,Box,0,-1,0,0,0,0
36,1,Box,6.20882e-10,0.497278,3.91067e-08,3.53903e-08,-5.96046e-08,6.68723e-08
36,2,Box,1.1,0.497278,3.94437e-08,1.49012e-08,-5.21541e-08,6.2066e-08
36,3,Box,2.2,0.497278,3.94437e-08,1.49012e-08,-5.21541e-08,6.2066e-08
36,4,Box,3.3,0.497278,3.94437e-08,1.49012e-08,-5.21541e-08,6.2066e-08
36,5,Box,4.4,0.497278,3.94437e-08,1.49012e-08,-5.21541e-08,6.2066e-08
38,0,Box,0,-1,0,0,0,0
38,1,Box,1.98682e-09,0.497278,4.13358e-08,4.28408e-08,-5.96046e-08,6.68723e-08
38,2,Box,1.1,0.497278,4.16989e-08,1.67638e-08,-5.21541e-08,6.2066e-08
38,3,Box,2.2,0.497278,4.16989e-08,1.67638e-08,-5.21541e-08,6.2066e-08
38,4,Box,3.3,0.497278,4.16989e-08,1.67638e-08,-5.21541e-08,6.2066e-08
38,5,Box,4.4,0.497278,4.16989e-08,1.67638e-08,-5.21541e-08,6.2066e-08
40,0,Box,0,-1,0,0,0,0
40,1,Box,3.60111e-09,0.497278,4.35648e-08,5.02914e-08,-5.96046e-08,6.68723e-08
40,2,Box,1.1,0.497278,4.3954e-08,1.86265e-08,-5.21541e-08,6.2066e-08
40,3,Box,2.2,0.497278,4.3954e-08,1.86265e-08,-5.21541e-08,6.2066e-08
40,4,Box,3.3,0.497278,4.3954e-08,1.86265e-08,-5.21541e-08,6.2066e-08
40,5,Box,4.4,0.497278,4.3954e-08,1.86265e-08,-5.21541e-08,6.2066e-08
42,0,Box,0,-1,0,0,0,0
42,1,Box,5.46376e-09,0.497278,4.57939e-08,5.7742e-08,-5.96046e-08,6.68723e-08
42,2,Box,1.1,0.497278,4.62091e-08,2.04891e-08,-5.21541e-08,6.2066e-08
42,3,Box,2.2,0.497278,4.62091e-08,2.04891e-08,-5.21541e-08,6.2066e-08
42,4,Box,3.3,0.497278,4.62091e-08,2.04891e-08,-5.21541e-08,6.2066e-08
42,5,Box,4.4,0.497278,4.62091e-08,2.04891e-08,-5.21541e-08,6.2066e-08
44,0,Box,0,-1,0,0,0,0
44,1,Box,7.48163e-09,0.497278,4.78367e-08,6.14673e-08,-5.96046e-08,6.12844e-08
44,2,Box,1.1,0.497278,4.84643e-08,2.23517e-08,-5.21541e-08,6.2066e-08
44,3,Box,2.2,0.497278,4.84643e-08,2.23517e-08,-5.21541e-08,6.2066e-08
44,4,Box,3.3,0.497278,4.84643e-08,2.23517e-08,-5.21541e-08,6.2066e-08
44,5,Box,4.4,0.497278,4.84643e-08,2.23517e-08,-5.21541e-08,6.2066e-08
46,0,Box,0,-1,0,0,0,0
46,1,Box,9.59262e-09,0.497278,4.97864e-08,6.33299e-08,-5.96046e-08,5.56964e-08
46,2,Box,1.1,0.497278,5.07194e-08,2.42144e-08,-5.21541e-08,6.2066e-08
46,3,Box,2.2,0.497278,5.07194e-08,2.42144e-08,-5.21541e-08,6.2066e-08
46,4,Box,3.3,0.497278,5.07194e-08,2.42144e-08,-5.21541e-08,6.2066e-08
46,5,Box,4.4,0.497278,5.07194e-08,2.42144e-08,-5.21541e-08,6.2066e-08
48,0,Box,0,-1,0,0,0,0
48,1,Box,1.17036e-08,0.497278,5.1643e-08,6.33299e-08,-5.96046e-08,5.56964e-08
48,2,Box,1.1,0.497278,5.29745e-08,2.6077e-08,-5.21541e-08,6.2066e-08
48,3,Box,2.2,0.497278,5.29745e-08,2.6077e-08,-5.21541e-08,6.2066e-08
48,4,Box,3.3,0.497278,5.29745e-08,2.6077e-08,-5.21541e-08,6.2066e-08
48,5,Box,4.4,0.497278,5.29745e-08,2.6077e-08,-5.21541e-08,6.2066e-08
50,0,Box,0,-1,0,0,0,0
50,1,Box,1.38146e-08,0.497278,5.34995e-08,6.33299e-08,-5.96046e-08,5.56964e-08
50,2,Box,1.1,0.497278,5.52296e-08,2.79397e-08,-5.21541e-08,6.2066e-08
50,3,Box,2.2,0.497278,5.52296e-08,2.79397e-08,-5.21541e-08,6.2066e-08
50,4,Box,3.3,0.497278,5.52296e-08,2.79397e-08,-5.21541e-08,6.2066e-08
50,5,Box,4.4,0.497278,5.52296e-08,2.79397e-08,-5.21541e-08,6.2066e-08
52,0,Box,0,-1,0,0,0,0
52,1,Box,1.59256e-08,0.497278,5.53561e-08,6.33299e-08,-5.96046e-08,5.56964e-08
52,2,Box,1.1,0.497278,5.74848e-08,2.98023e-08,-5.21541e-08,6.2066e-08
52,3,Box,2.2,0.497278,5.74848e-08,2.98023e-08,-5.21541e-08,6.2066e-08
52,4,Box,3.3,0.497278,5.74848e-08,2.98023e-08,-5.21541e-08,6.2066e-08
52,5,Box,4.4,0.497278,5.74848e-08,2.98023e-08,-5.21541e-08,6.2066e-08
54,0,Box,0,-1,0,0,0,0
54,1,Box,1.79435e-08,0.497278,5.75053e-08,5.96046e-08,-5.96046e-08,6.44764e-08
54,2,Box,1.1,0.497278,5.97399e-08,3.1665e-08,-5.21541e-08,6.2066e-08
54,3,Box,2.2,0.497278,5.97399e-08,3.1665e-08,-5.21541e-08,6.2066e-08
54,4,Box,3.3,0.497278,5.97399e-08,3.1665e-08,-5.21541e-08,6.2066e-08
54,5,Box,4.4,0.497278,5.97399e-08,3.1665e-08,-5.21541e-08,6.2066e-08
56,0,Box,0,-1,0,0,0,0
56,1,Box,1.98682e-08,0.497278,5.97476e-08,5.7742e-08,-5.96046e-08,7.00644e-08
56,2,Box,1.1,0.497278,6.1481e-08,4.28408e-08,-5.96046e-08,5.13019e-08
56,3,Box,2.2,0.497278,6.20041e-08,3.35276e-08,-5.21541e-08,6.23363e-08
56,4,Box,3.3,0.497278,6.20041e-08,3.35276e-08,-5.21541e-08,6.23363e-08
56,5,Box,4.4,0.497278,6.20041e-08,3.35276e-08,-5.21541e-08,6.23363e-08
58,0,Box,0,-1,0,0,0,0
58,1,Box,2.19792e-08,0.497278,6.17263e-08,6.51926e-08,-5.21541e-08,6.30847e-08
58,2,Box,1.1,0.497278,6.32066e-08,5.21541e-08,-5.96046e-08,5.13019e-08
58,3,Box,2.2,0.497278,6.42682e-08,3.53903e-08,-5.21541e-08,6.23363e-08
58,4,Box,3.3,0.497278,6.42682e-08,3.53903e-08,-5.21541e-08,6.23363e-08
58,5,Box,4.4,0.497278,6.42682e-08,3.53903e-08,-5.21541e-08,6.23363e-08
60,0,Box,0,-1,0,0,0,0
60,1,Box,2.41523e-08,0.497278,6.35807e-08,6.51926e-08,-5.21541e-08,5.56341e-08
60,2,Box,1.1,0.497278,6.49322e-08,6.14673e-08,-5.96046e-08,5.13019e-08
60,3,Box,2.2,0.497278,6.65323e-08,3.72529e-08,-5.21541e-08,6.23363e-08
60,4,Box,3.3,0.497278,6.65323e-08,3.72529e-08,-5.21541e-08,6.23363e-08
60,5,Box,4.4,0.497278,6.65323e-08,3.72529e-08,-5.21541e-08,6.23363e-08
62,0,Box,0,-1,0,0,0,0
62,1,Box,2.63254e-08,0.497278,6.54352e-08,6.51926e-08,-5.21541e-08,5.56341e-08
62,2,Box,1.1,0.497278,6.6844e-08,6.70552e-08,-5.21541e-08,6.24778e-08
62,3,Box,2.2,0.497278,6.87965e-08,3.91155e-08,-5.21541e-08,6.23363e-08
62,4,Box,3.3,0.497278,6.87965e-08,3.91155e-08,-5.21541e-08,6.23363e-08
62,5,Box,4.4,0.497278,6.87965e-08,3.91155e-08,-5.21541e-08,6.23363e-08
64,0,Box,0,-1,0,0,0,0
64,1,Box,2.84985e-08,0.497278,6.72897e-08,6.51926e-08,-5.21541e-08,5.56341e-08
64,2,Box,1.1,0.497278,6.87093e-08,6.51926e-08,-5.21541e-08,5.87525e-08
64,3,Box,2.2,0.497278,7.10606e-08,4.09782e-08,-5.21541e-08,6.23363e-08
64,4,Box,3.3,0.497278,7.10606e-08,4.09782e-08,-5.21541e-08,6.23363e-08
64,5,Box,4.4,0.497278,7.10606e-08,4.09782e-08,-5.21541e-08,6.23363e-08
66,0,Box,0,-1,0,0,0,0
66,1,Box,3.06716e-08,0.497278,6.91442e-08,6.51926e-08,-5.21541e-08,5.56341e-08
66,2,Box,1.1,0.497278,7.06677e-08,6.51926e-08,-5.21541e-08,5.87525e-08
66,3,Box,2.2,0.497278,7.33248e-08,4.28408e-08,-5.21541e-08,6.23363e-08
66,4,Box,3.3,0.497278,7.33248e-08,4.28408e-08,-5.21541e-08,6.23363e-08
66,5,Box,4.4,0.497278,7.33248e-08,4.28408e-08,-5.21541e-08,6.23363e-08
68,0,Box,0,-1,0,0,0,0
68,1,Box,3.28446e-08,0.497278,7.09986e-08,6.51926e-08,-5.21541e-08,5.56341e-08
68,2,Box,1.1,0.497278,7.26262e-08,6.51926e-08,-5.21541e-08,5.87525e-08
68,3,Box,2.2,0.497278,7.55889e-08,4.47035e-08,-5.21541e-08,6.23363e-08
68,4,Box,3.3,0.497278,7.55889e-08,4.47035e-08,-5.21541e-08,6.23363e-08
68,5,Box,4.4,0.497278,7.55889e-08,4.47035e-08,-5.21541e-08,6.23363e-08
70,0,Box,0,-1,0,0,0,0
70,1,Box,3.50177e-08,0.497278,7.28531e-08,6.51926e-08,-5.21541e-08,5.56341e-08
70,2,Box,1.1,0.497278,7.45846e-08,6.51926e-08,-5.21541e-08,5.87525e-08
70,3,Box,2.2,0.497278,7.78531e-08,4.65661e-08,-5.21541e-08,6.23363e-08
70,4,Box,3.3,0.497278,7.78531e-08,4.65661e-08,-5.21541e-08,6.23363e-08
70,5,Box,4.4,0.497278,7.78531e-08,4.65661e-08,-5.21541e-08,6.23363e-08
72,0,Box,0,-1,0,0,0,0
72,1,Box,3.71908e-08,0.497278,7.47076e-08,6.51926e-08,-5.21541e-08,5.56341e-08
72,2,Box,1.1,0.497278,7.6543e-08,6.51926e-08,-5.21541e-08,5.87525e-08
72,3,Box,2.2,0.497278,8.01172e-08,4.84288e-08,-5.21541e-08,6.23363e-08
72,4,Box,3.3,0.497278,8.01172e-08,4.84288e-08,-5.21541e-08,6.23363e-08
72,5,Box,4.4,0.497278,8.01172e-08,4.84288e-08,-5.21541e-08,6.23363e-08
74,0,Box,0,-1,0,0,0,0
74,1,Box,3.93639e-08,0.497278,7.65621e-08,6.51926e-08,-5.21541e-08,5.56341e-08
74,2,Box,1.1,0.497278,7.85014e-08,6.51926e-08,-5.21541e-08,5.87525e-08
74,3,Box,2.2,0.497278,8.23814e-08,5.02914e-08,-5.21541e-08,6.23363e-08
74,4,Box,3.3,0.497278,8.23814e-08,5.02914e-08,-5.21541e-08,6.23363e-08
74,5,Box,4.4,0.497278,8.23814e-08,5.02914e-08,-5.21541e-08,6.23363e-08
76,0,Box,0,-1,0,0,0,0
76,1,Box,4.1537e-08,0.497278,7.84165e-08,6.51926e-08,-5.21541e-08,5.56341e-08
76,2,Box,1.1,0.497278,8.04598e-08,6.51926e-08,-5.21541e-08,5.87525e-08
76,3,Box,2.2,0.497278,8.46455e-08,5.21541e-08,-5.21541e-08,6.23363e-08
76,4,Box,3.3,0.497278,8.46455e-08,5.21541e-08,-5.21541e-08,6.23363e-08
76,5,Box,4.4,0.497278,8.46455e-08,5.21541e-08,-5.21541e-08,6.23363e-08
78,0,Box,0,-1,0,0,0,0
78,1,Box,4.37101e-08,0.497278,8.0271e-08,6.51926e-08,-5.21541e-08,5.56341e-08
78,2,Box,1.1,0.497278,8.24182e-08,6.51926e-08,-5.21541e-08,5.87525e-08
78,3,Box,2.2,0.497278,8.69096e-08,5.40167e-08,-5.21541e-08,6.23363e-08
78,4,Box,3.3,0.497278,8.69096e-08,5.40167e-08,-5.21541e-08,6.23363e-08
78,5,Box,4.4,0.497278,8.69096e-08,5.40167e-08,-5.21541e-08,6.23363e-08
80,0,Box,0,-1,0,0,0,0
80,1,Box,4.58832e-08,0.497278,8.21255e-08,6.51926e-08,-5.21541e-08,5.56341e-08
80,2,Box,1.1,0.497278,8.43766e-08,6.51926e-08,-5.21541e-08,5.87525e-08
80,3,Box,2.2,0.497278,8.91738e-08,5.58794e-08,-5.21541e-08,6.23363e-08
80,4,Box,3.3,0.497278,8.91738e-08,5.58794e-08,-5.21541e-08,6.23363e-08
80,5,Box,4.4,0.497278,8.91738e-08,5.58794e-08,-5.21541e-08,6.23363e-08
82,0,Box,0,-1,0,0,0,0
82,1,Box,4.80563e-08,0.497278,8.398e-08,6.51926e-08,-5.21541e-08,5.56341e-08
82,2,Box,1.1,0.497278,8.6335e-08,6.51926e-08,-5.21541e-08,5.87525e-08
82,3,Box,2.2,0.497278,9.15078e-08,5.7742e-08,-5.21541e-08,6.65275e-08
82,4,Box,3.3,0.497278,9.15078e-08,5.7742e-08,-5.21541e-08,6.65275e-08
82,5,Box,4.4,0.497278,9.15078e-08,5.7742e-08,-5.21541e-08,6.65275e-08
84,0,Box,0,-1,0,0,0,0
84,1,Box,5.02293e-08,0.497278,8.58344e-08,6.51926e-08,-5.21541e-08,5.56341e-08
84,2,Box,1.1,0.497278,8.82934e-08,6.51926e-08,-5.21541e-08,5.87525e-08
84,3,Box,2.2,0.497278,9.35391e-08,6.14673e-08,-5.21541e-08,6.09395e-08
84,4,Box,3.3,0.497278,9.35391e-08,6.14673e-08,-5.21541e-08,6.09395e-08
84,5,Box,4.4,0.497278,9.35391e-08,6.14673e-08,-5.21541e-08,6.09395e-08
86,0,Box,0,-1,0,0,0,0
86,1,Box,5.24024e-08,0.497278,8.76889e-08,6.51926e-08,-5.21541e-08,5.56341e-08
86,2,Box,1.1,0.497278,9.02519e-08,6.51926e-08,-5.21541e-08,5.87525e-08
86,3,Box,2.2,0.497278,9.55704e-08,6.51926e-08,-5.21541e-08,6.09395e-08
86,4,Box,3.3,0.497278,9.55704e-08,6.51926e-08,-5.21541e-08,6.09395e-08
86,5,Box,4.4,0.497278,9.55704e-08,6.51926e-08,-5.21541e-08,6.09395e-08
88,0,Box,0,-1,0,0,0,0
88,1,Box,5.45755e-08,0.497278,8.95434e-08,6.51926e-08,-5.21541e-08,5.56341e-08
88,2,Box,1.1,0.497278,9.20484e-08,6.70552e-08,-5.21541e-08,5.11031e-08
88,3,Box,2.2,0.497278,9.76017e-08,6.89179e-08,-5.21541e-08,6.09395e-08
88,4,Box,3.3,0.497278,9.76017e-08,6.89179e-08,-5.21541e-08,6.09395e-08
88,5,Box,4.4,0.497278,9.76017e-08,6.89179e-08,-5.21541e-08,6.09395e-08
90,0,Box,0,-1,0,0,0,0
90,1,Box,5.67176e-08,0.497278,9.12931e-08,6.51926e-08,-5.96046e-08,4.69037e-08
90,2,Box,1.1,0.497278,9.32552e-08,7.07805e-08,-5.21541e-08,3.62019e-08
90,3,Box,2.2,0.497278,9.94468e-08,6.89179e-08,-5.21541e-08,5.53516e-08
90,4,Box,3.3,0.497278,9.94468e-08,6.89179e-08,-5.21541e-08,5.53516e-08
90,5,Box,4.4,0.497278,9.94468e-08,6.89179e-08,-5.21541e-08,5.53516e-08
92,0,Box,0,-1,0,0,0,0
92,1,Box,5.89838e-08,0.497278,9.32912e-08,6.70552e-08,-5.21541e-08,5.80796e-08
92,2,Box,1.1,0.497278,9.42756e-08,7.07805e-08,-5.21541e-08,3.0614e-08
92,3,Box,2.2,0.497278,1.01292e-07,6.89179e-08,-5.21541e-08,5.53516e-08
92,4,Box,3.3,0.497278,1.01292e-07,6.89179e-08,-5.21541e-08,5.53516e-08
92,5,Box,4.4,0.497278,1.01292e-07,6.89179e-08,-5.21541e-08,5.53516e-08
94,0,Box,0,-1,0,0,0,0
94,1,Box,6.11258e-08,0.497278,9.52272e-08,6.33299e-08,-5.21541e-08,5.80796e-08
94,2,Box,1.1,0.497278,9.52961e-08,7.07805e-08,-5.21541e-08,3.0614e-08
94,3,Box,2.2,0.497278,1.03137e-07,6.89179e-08,-5.21541e-08,5.53516e-08
94,4,Box,3.3,0.497278,1.03137e-07,6.89179e-08,-5.21541e-08,5.53516e-08
94,5,Box,4.4,0.497278,1.03137e-07,6.89179e-08,-5.21541e-08,5.53516e-08
96,0,Box,0,-1,0,0,0,0
96,1,Box,6.3361e-08,0.497278,9.7039e-08,6.89179e-08,-5.21541e-08,6.18049e-08
96,2,Box,1.1,0.497278,9.63166e-08,7.07805e-08,-5.21541e-08,3.0614e-08
96,3,Box,2.2,0.497278,1.04982e-07,6.89179e-08,-5.21541e-08,5.53516e-08
96,4,Box,3.3,0.497278,1.04982e-07,6.89179e-08,-5.21541e-08,5.53516e-08
96,5,Box,4.4,0.497278,1.04982e-07,6.89179e-08,-5.21541e-08,5.53516e-08
98,0,Box,0,-1,0,0,0,0
98,1,Box,6.55651e-08,0.497278,9.8975e-08,6.51926e-08,-5.21541e-08,5.80796e-08
98,2,Box,1.1,0.497278,9.7337e-08,7.07805e-08,-5.21541e-08,3.0614e-08
98,3,Box,2.2,0.497278,1.06827e-07,6.89179e-08,-5.21541e-08,5.53516e-08
98,4,Box,3.3,0.497278,1.06827e-07,6.89179e-08,-5.21541e-08,5.53516e-08
98,5,Box,4.4,0.497278,1.06827e-07,6.89179e-08,-5.21541e-08,5.53516e-08
100,0,Box,0,-1,0,0,0,0
100,1,Box,6.77072e-08,0.497278,1.00725e-07,6.51926e-08,-5.96046e-08,4.69037e-08
100,2,Box,1.1,0.497278,9.83575e-08,7.07805e-08,-5.21541e-08,3.0614e-08
100,3,Box,2.2,0.497278,1.08672e-07,6.89179e-08,-5.21541e-08,5.53516e-08
100,4,Box,3.3,0.497278,1.08672e-07,6.89179e-08,-5.21541e-08,5.53516e-08
100,5,Box,4.4,0.497278,1.08672e-07,6.89179e-08,-5.21541e-08,5.53516e-08
102,0,Box,0,-1,0,0,0,0
102,1,Box,6.99734e-08,0.497278,1.02723e-07,6.70552e-08,-5.21541e-08,5.80796e-08
102,2,Box,1.1,0.497278,9.9378e-08,7.07805e-08,-5.21541e-08,3.0614e-08
102,3,Box,2.2,0.497278,1.10517e-07,6.89179e-08,-5.21541e-08,5.53516e-08
102,4,Box,3.3,0.497278,1.10517e-07,6.89179e-08,-5.21541e-08,5.53516e-08
102,5,Box,4.4,0.497278,1.10517e-07,6.89179e-08,-5.21541e-08,5.53516e-08
104,0,Box,0,-1,0,0,0,0
104,1,Box,7.21154e-08,0.497278,1.04659e-07,6.33299e-08,-5.21541e-08,5.80796e-08
104,2,Box,1.1,0.497278,1.00398e-07,7.07805e-08,-5.21541e-08,3.0614e-08
104,3,Box,2.2,0.497278,1.12362e-07,6.89179e-08,-5.21541e-08,5.53516e-08
104,4,Box,3.3,0.497278,1.12362e-07,6.89179e-08,-5.21541e-08,5.53516e-08
104,5,Box,4.4,0.497278,1.12362e-07,6.89179e-08,-5.21541e-08,5.53516e-08
106,0,Box,0,-1,0,0,0,0
106,1,Box,7.43506e-08,0.497278,1.06471e-07,6.89179e-08,-5.21541e-08,6.18049e-08
106,2,Box,1.1,0.497278,1.01419e-07,7.07805e-08,-5.21541e-08,3.0614e-08
106,3,Box,2.2,0.497278,1.14207e-07,6.89179e-08,-5.21541e-08,5.53516e-08
106,4,Box,3.3,0.497278,1.14207e-07,6.89179e-08,-5.21541e-08,5.53516e-08
106,5,Box,4.4,0.497278,1.14207e-07,6.89179e-08,-5.21541e-08,5.53516e-08
108,0,Box,0,-1,0,0,0,0
108,1,Box,7.65547e-08,0.497278,1.08407e-07,6.51926e-08,-5.21541e-08,5.80796e-08
108,2,Box,1.1,0.497278,1.02439e-07,7.07805e-08,-5.21541e-08,3.0614e-08
108,3,Box,2.2,0.497278,1.16052e-07,6.89179e-08,-5.21541e-08,5.53516e-08
108,4,Box,3.3,0.497278,1.16052e-07,6.89179e-08,-5.21541e-08,5.53516e-08
108,5,Box,4.4,0.497278,1.16052e-07,6.89179e-08,-5.21541e-08,5.53516e-08
110,0,Box,0,-1,0,0,0,0
110,1,Box,7.86967e-08,0.497278,1.10156e-07,6.51926e-08,-5.96046e-08,4.69037e-08
110,2,Box,1.1,0.497278,1.0346e-07,7.07805e-08,-5.21541e-08,3.0614e-08
110,3,Box,2.2,0.497278,1.17897e-07,6.89179e-08,-5.21541e-08,5.53516e-08
110,4,Box,3.3,0.497278,1.17897e-07,6.89179e-08,-5.21541e-08,5.53516e-08
110,5,Box,4.4,0.497278,1.17897e-07,6.89179e-08,-5.21541e-08,5.53516e-08
112,0,Box,0,-1,0,0,0,0
112,1,Box,8.0963e-08,0.497278,1.12154e-07,6.70552e-08,-5.21541e-08,5.80796e-08
112,2,Box,1.1,0.497278,1.0448e-07,7.07805e-08,-5.21541e-08,3.0614e-08
112,3,Box,2.2,0.497278,1.19742e-07,6.89179e-08,-5.21541e-08,5.53516e-08
112,4,Box,3.3,0.497278,1.19742e-07,6.89179e-08,-5.21541e-08,5.53516e-08
112,5,Box,4.4,0.497278,1.19742e-07,6.89179e-08,-5.21541e-08,5.53516e-08
114,0,Box,0,-1,0,0,0,0
114,1,Box,8.3105e-08,0.497278,1.1409e-07,6.33299e-08,-5.21541e-08,5.80796e-08
114,2,Box,1.1,0.497278,1.05501e-07,7.07805e-08,-5.21541e-08,3.0614e-08
114,3,Box,2.2,0.497278,1.21587e-07,6.89179e-08,-5.21541e-08,5.53516e-08
114,4,Box,3.3,0.497278,1.21587e-07,6.89179e-08,-5.21541e-08,5.53516e-08
114,5,Box,4.4,0.497278,1.21587e-07,6.89179e-08,-5.21541e-08,5.53516e-08
116,0,Box,0,-1,0,0,0,0
116,1,Box,8.53402e-08,0.497278,1.15902e-07,6.89179e-08,-5.21541e-08,6.18049e-08
116,2,Box,1.1,0.497278,1.06521e-07,7.07805e-08,-5.21541e-08,3.0614e-08
116,3,Box,2.2,0.497278,1.23432e-07,6.89179e-08,-5.21541e-08,5.53516e-08
116,4,Box,3.3,0.497278,1.23432e-07,6.89179e-08,-5.21541e-08,5.53516e-08
116,5,Box,4.4,0.497278,1.23432e-07,6.89179e-08,-5.21541e-08,5.53516e-08
118,0,Box,0,-1,0,0,0,0
118,1,Box,8.75443e-08,0.497278,1.17838e-07,6.51926e-08,-5.21541e-08,5.80796e-08
118,2,Box,1.1,0.497278,1.07542e-07,7.07805e-08,-5.21541e-08,3.0614e-08
118,3,Box,2.2,0.497278,1.25278e-07,6.89179e-08,-5.21541e-08,5.53516e-08
118,4,Box,3.3,0.497278,1.25278e-07,6.89179e-08,-5.21541e-08,5.53516e-08
118,5,Box,4.4,0.497278,1.25278e-07,6.89179e-08,-5.21541e-08,5.53516e-08
120,0,Box,0,-1,0,0,0,0
120,1,Box,8.96863e-08,0.497278,1.19588e-07,6.51926e-08,-5.96046e-08,4.69037e-08
120,2,Box,1.1,0.497278,1.08562e-07,7.07805e-08,-5.21541e-08,3.0614e-08
120,3,Box,2.2,0.497278,1.27123e-07,6.89179e-08,-5.21541e-08,5.53516e-08
120,4,Box,3.3,0.497278,1.27123e-07,6.89179e-08,-5.21541e-08,5.53516e-08
120,5,Box,4.4,0.497278,1.27123e-07,6.89179e-08,-5.21541e-08,5.53516e-08
122,0,Box,0,-1,0,0,0,0
122,1,Box,9.19525e-08,0.497278,1.21586e-07,6.70552e-08,-5.21541e-08,5.80796e-08
122,2,Box,1.1,0.497278,1.09583e-07,7.07805e-08,-5.21541e-08,3.0614e-08
122,3,Box,2.2,0.497278,1.28968e-07,6.89179e-08,-5.21541e-08,5.53516e-08
122,4,Box,3.3,0.497278,1.28968e-07,6.89179e-08,-5.21541e-08,5.53516e-08
122,5,Box,4.4,0.497278,1.28968e-07,6.89179e-08,-5.21541e-08,5.53516e-08
124,0,Box,0,-1,0,0,0,0
124,1,Box,9.40946e-08,0.497278,1.23522e-07,6.33299e-08,-5.21541e-08,5.80796e-08
124,2,Box,1.1,0.497278,1.10603e-07,7.07805e-08,-5.21541e-08,3.0614e-08
124,3,Box,2.2,0.497278,1.30813e-07,6.89179e-08,-5.21541e-08,5.53516e-08
124,4,Box,3.3,0.497278,1.30813e-07,6.89179e-08,-5.21541e-08,5.53516e-08
124,5,Box,4.4,0.497278,1.30813e-07,6.89179e-08,-5.21541e-08,5.53516e-08
126,0,Box,0,-1,0,0,0,0
126,1,Box,9.63297e-08,0.497278,1.25334e-07,6.89179e-08,-5.21541e-08,6.18049e-08
126,2,Box,1.1,0.497278,1.11624e-07,7.07805e-08,-5.21541e-08,3.0614e-08
126,3,Box,2.2,0.497278,1.32658e-07,6.89179e-08,-5.21541e-08,5.53516e-08
126,4,Box,3.3,0.497278,1.32658e-07,6.89179e-08,-5.21541e-08,5.53516e-08
126,5,Box,4.4,0.497278,1.32658e-07,6.89179e-08,-5.21541e-08,5.53516e-08
128,0,Box,0,-1,0,0,0,0
128,1,Box,9.85339e-08,0.497278,1.2727e-07,6.51926e-08,-5.21541e-08,5.80796e-08
128,2,Box,1.1,0.497278,1.12644e-07,7.07805e-08,-5.21541e-08,3.0614e-08
128,3,Box,2.2,0.497278,1.34503e-07,6.89179e-08,-5.21541e-08,5.53516e-08
128,4,Box,3.3,0.497278,1.34503e-07,6.89179e-08,-5.21541e-08,5.53516e-08
128,5,Box,4.4,0.497278,1.34503e-07,6.89179e-08,-5.21541e-08,5.53516e-08
130,0,Box,0,-1,0,0,0,0
130,1,Box,1.00676e-07,0.497278,1.29019e-07,6.51926e-08,-5.96046e-08,4.69037e-08
130,2,Box,1.1,0.497278,1.13665e-07,7.07805e-08,-5.21541e-08,3.0614e-08
130,3,Box,2.2,0.497278,1.36348e-07,6.89179e-08,-5.21541e-08,5.53516e-08
130,4,Box,3.3,0.497278,1.36348e-07,6.89179e-08,-5.21541e-08,5.53516e-08
130,5,Box,4.4,0.497278,1.36348e-07,6.89179e-08,-5.21541e-08,5.53516e-08
132,0,Box,0,-1,0,0,0,0
132,1,Box,1.02942e-07,0.497278,1.31017e-07,6.70552e-08,-5.21541e-08,5.80796e-08
132,2,Box,1.1,0.497278,1.14685e-07,7.07805e-08,-5.21541e-08,3.0614e-08
132,3,Box,2.2,0.497278,1.38193e-07,6.89179e-08,-5.21541e-08,5.53516e-08
132,4,Box,3.3,0.497278,1.38193e-07,6.89179e-08,-5.21541e-08,5.53516e-08
132,5,Box,4.4,0.497278,1.38193e-07,6.89179e-08,-5.21541e-08,5.53516e-08
134,0,Box,0,-1,0,0,0,0
134,1,Box,1.05084e-07,0.497278,1.32953e-07,6.33299e-08,-5.21541e-08,5.80796e-08
134,2,Box,1.1,0.497278,1.15705e-07,7.07805e-08,-5.21541e-08,3.0614e-08
134,3,Box,2.2,0.497278,1.40038e-07,6.89179e-08,-5.21541e-08,5.53516e-08
134,4,Box,3.3,0.497278,1.40038e-07,6.89179e-08,-5.21541e-08,5.53516e-08
134,5,Box,4.4,0.497278,1.40038e-07,6.89179e-08,-5.21541e-08,5.53516e-08
136,0,Box,0,-1,0,0,0,0
136,1,Box,1.07319e-07,0.497278,1.34765e-07,6.89179e-08,-5.21541e-08,6.18049e-08
136,2,Box,1.1,0.497278,1.16726e-07,7.07805e-08,-5.21541e-08,3.0614e-08
136,3,Box,2.2,0.497278,1.41883e-07,6.89179e-08,-5.21541e-08,5.53516e-08
136,4,Box,3.3,0.497278,1.41883e-07,6.89179e-08,-5.21541e-08,5.53516e-08
136,5,Box,4.4,0.497278,1.41883e-07,6.89179e-08,-5.21541e-08,5.53516e-08
138,0,Box,0,-1,0,0,0,0
138,1,Box,1.09523e-07,0.497278,1.36701e-07,6.51926e-08,-5.21541e-08,5.80796e-08
138,2,Box,1.1,0.497278,1.17746e-07,7.07805e-08,-5.21541e-08,3.0614e-08
138,3,Box,2.2,0.497278,1.43728e-07,6.89179e-08,-5.21541e-08,5.53516e-08
138,4,Box,3.3,0.497278,1.43728e-07,6.89179e-08,-5.21541e-08,5.53516e-08
138,5,Box,4.4,0.497278,1.43728e-07,6.89179e-08,-5.21541e-08,5.53516e-08
140,0,Box,0,-1,0,0,0,0
140,1,Box,1.11665e-07,0.497278,1.38451e-07,6.51926e-08,-5.96046e-08,4.69037e-08
140,2,Box,1.1,0.497278,1.18767e-07,7.07805e-08,-5.21541e-08,3.0614e-08
140,3,Box,2.2,0.497278,1.45573e-07,6.89179e-08,-5.21541e-08,5.53516e-08
140,4,Box,3.3,0.497278,1.45573e-07,6.89179e-08,-5.21541e-08,5.53516e-08
140,5,Box,4.4,0.497278,1.45573e-07,6.89179e-08,-5.21541e-08,5.53516e-08
142,0,Box,0,-1,0,0,0,0
142,1,Box,1.13932e-07,0.497278,1.40449e-07,6.70552e-08,-5.21541e-08,5.80796e-08
142,2,Box,1.1,0.497278,1.19787e-07,7.07805e-08,-5.21541e-08,3.0614e-08
142,3,Box,2.2,0.497278,1.47418e-07,6.89179e-08,-5.21541e-08,5.53516e-08
142,4,Box,3.3,0.497278,1.47418e-07,6.89179e-08,-5.21541e-08,5.53516e-08
142,5,Box,4.4,0.497278,1.47418e-07,6.89179e-08,-5.21541e-08,5.53516e-08
144,0,Box,0,-1,0,0,0,0
144,1,Box,1.16074e-07,0.497278,1.42385e-07,6.33299e-08,-5.21541e-08,5.80796e-08
144,2,Box,1.1,0.497278,1.20808e-07,7.07805e-08,-5.21541e-08,3.0614e-08
144,3,Box,2.2,0.497278,1.49263e-07,6.89179e-08,-5.21541e-08,5.53516e-08
144,4,Box,3.3,0.497278,1.49263e-07,6.89179e-08,-5.21541e-08,5.53516e-08
144,5,Box,4.4,0.497278,1.49263e-07,6.89179e-08,-5.21541e-08,5.53516e-08
146,0,Box,0,-1,0,0,0,0
146,1,Box,1.18309e-07,0.497278,1.44197e-07,6.89179e-08,-5.21541e-08,6.18049e-08
146,2,Box,1.1,0.497278,1.21828e-07,7.07805e-08,-5.21541e-08,3.0614e-08
146,3,Box,2.2,0.497278,1.51167e-07,6.51926e-08,-5.21541e-08,6.54827e-08
146,4,Box,3.3,0.497278,1.5111e-07,6.89179e-08,-5.21541e-08,5.54189e-08
146,5,Box,4.4,0.497278,1.5111e-07,6.89179e-08,-5.21541e-08,5.54189e-08
148,0,Box,0,-1,0,0,0,0
148,1,Box,1.20513e-07,0.497278,1.46133e-07,6.51926e-08,-5.21541e-08,5.80796e-08
148,2,Box,1.1,0.497278,1.22849e-07,7.07805e-08,-5.21541e-08,3.0614e-08
148,3,Box,2.2,0.497278,1.52884e-07,7.07805e-08,-5.21541e-08,4.87189e-08
148,4,Box,3.3,0.497278,1.52958e-07,6.89179e-08,-5.21541e-08,5.54189e-08
148,5,Box,4.4,0.497278,1.52958e-07,6.89179e-08,-5.21541e-08,5.54189e-08
150,0,Box,0,-1,0,0,0,0
150,1,Box,1.22655e-07,0.497278,1.47882e-07,6.51926e-08,-5.96046e-08,4.69037e-08
150,2,Box,1.1,0.497278,1.23869e-07,7.07805e-08,-5.21541e-08,3.0614e-08
150,3,Box,2.2,0.497278,1.5488e-07,6.89179e-08,-5.21541e-08,5.43068e-08
150,4,Box,3.3,0.497278,1.54805e-07,6.89179e-08,-5.21541e-08,5.54189e-08
150,5,Box,4.4,0.497278,1.54805e-07,6.89179e-08,-5.21541e-08,5.54189e-08
152,0,Box,0,-1,0,0,0,0
152,1,Box,1.24921e-07,0.497278,1.49881e-07,6.70552e-08,-5.21541e-08,5.80796e-08
152,2,Box,1.1,0.497278,1.2489e-07,7.07805e-08,-5.21541e-08,3.0614e-08
152,3,Box,2.2,0.497278,1.56783e-07,6.51926e-08,-5.21541e-08,6.54827e-08
152,4,Box,3.3,0.497278,1.56652e-07,6.89179e-08,-5.21541e-08,5.54189e-08
152,5,Box,4.4,0.497278,1.56652e-07,6.89179e-08,-5.21541e-08,5.54189e-08
154,0,Box,0,-1,0,0,0,0
154,1,Box,1.27094e-07,0.497278,1.51835e-07,6.51926e-08,-5.21541e-08,6.14229e-08
154,2,Box,1.1,0.497278,1.2591e-07,7.07805e-08,-5.21541e-08,3.0614e-08
154,3,Box,2.2,0.497278,1.58501e-07,7.07805e-08,-5.21541e-08,4.87189e-08
154,4,Box,3.3,0.497278,1.585e-07,6.89179e-08,-5.21541e-08,5.54189e-08
154,5,Box,4.4,0.497278,1.585e-07,6.89179e-08,-5.21541e-08,5.54189e-08
156,0,Box,0,-1,0,0,0,0
156,1,Box,1.29267e-07,0.497278,1.53882e-07,6.51926e-08,-5.21541e-08,6.14229e-08
156,2,Box,1.1,0.497278,1.2693e-07,7.07805e-08,-5.21541e-08,3.0614e-08
156,3,Box,2.2,0.497278,1.60497e-07,6.89179e-08,-5.21541e-08,5.43068e-08
156,4,Box,3.3,0.497278,1.60347e-07,6.89179e-08,-5.21541e-08,5.54189e-08
156,5,Box,4.4,0.497278,1.60347e-07,6.89179e-08,-5.21541e-08,5.54189e-08
158,0,Box,0,-1,0,0,0,0
158,1,Box,1.31441e-07,0.497278,1.5593e-07,6.51926e-08,-5.21541e-08,6.14229e-08
158,2,Box,1.1,0.497278,1.27951e-07,7.07805e-08,-5.21541e-08,3.0614e-08
158,3,Box,2.2,0.497278,1.624e-07,6.51926e-08,-5.21541e-08,6.54827e-08
158,4,Box,3.3,0.497278,1.62194e-07,6.89179e-08,-5.21541e-08,5.54189e-08
158,5,Box,4.4,0.497278,1.62194e-07,6.89179e-08,-5.21541e-08,5.54189e-08
160,0,Box,0,-1,0,0,0,0
160,1,Box,1.33614e-07,0.497278,1.57977e-07,6.51926e-08,-5.21541e-08,6.14229e-08
160,2,Box,1.1,0.497278,1.28971e-07,7.07805e-08,-5.21541e-08,3.0614e-08
160,3,Box,2.2,0.497278,1.64118e-07,7.07805e-08,-5.21541e-08,4.87189e-08
160,4,Box,3.3,0.497278,1.64042e-07,6.89179e-08,-5.21541e-08,5.54189e-08
160,5,Box,4.4,0.497278,1.64042e-07,6.89179e-08,-5.21541e-08,5.54189e-08
162,0,Box,0,-1,0,0,0,0
162,1,Box,1.35787e-07,0.497278,1.60025e-07,6.51926e-08,-5.21541e-08,6.14229e-08
162,2,Box,1.1,0.497278,1.29992e-07,7.07805e-08,-5.21541e-08,3.0614e-08
162,3,Box,2.2,0.497278,1.66114e-07,6.89179e-08,-5.21541e-08,5.43068e-08
162,4,Box,3.3,0.497278,1.65889e-07,6.89179e-08,-5.21541e-08,5.54189e-08
162,5,Box,4.4,0.497278,1.65889e-07,6.89179e-08,-5.21541e-08,5.54189e-08
164,0,Box,0,-1,0,0,0,0
164,1,Box,1.3796e-07,0.497278,1.62072e-07,6.51926e-08,-5.21541e-08,6.14229e-08
164,2,Box,1.1,0.497278,1.31012e-07,7.07805e-08,-5.21541e-08,3.0614e-08
164,3,Box,2.2,0.497278,1.68017e-07,6.51926e-08,-5.21541e-08,6.54827e-08
164,4,Box,3.3,0.497278,1.67736e-07,6.89179e-08,-5.21541e-08,5.54189e-08
164,5,Box,4.4,0.497278,1.67736e-07,6.89179e-08,-5.21541e-08,5.54189e-08
166,0,Box,0,-1,0,0,0,0
166,1,Box,1.40133e-07,0.497278,1.64119e-07,6.51926e-08,-5.21541e-08,6.14229e-08
166,2,Box,1.1,0.497278,1.32033e-07,7.07805e-08,-5.21541e-08,3.0614e-08
166,3,Box,2.2,0.497278,1.69735e-07,7.07805e-08,-5.21541e-08,4.87189e-08
166,4,Box,3.3,0.497278,1.69583e-07,6.89179e-08,-5.21541e-08,5.54189e-08
166,5,Box,4.4,0.497278,1.69583e-07,6.89179e-08,-5.21541e-08,5.54189e-08
168,0,Box,0,-1,0,0,0,0
168,1,Box,1.42306e-07,0.497278,1.66167e-07,6.51926e-08,-5.21541e-08,6.14229e-08
168,2,Box,1.1,0.497278,1.33053e-07,7.07805e-08,-5.21541e-08,3.0614e-08
168,3,Box,2.2,0.497278,1.71731e-07,6.89179e-08,-5.21541e-08,5.43068e-08
168,4,Box,3.3,0.497278,1.71431e-07,6.89179e-08,-5.21541e-08,5.54189e-08
168,5,Box,4.4,0.497278,1.71431e-07,6.89179e-08,-5.21541e-08,5.54189e-08
170,0,Box,0,-1,0,0,0,0
170,1,Box,1.44479e-07,0.497278,1.68214e-07,6.51926e-08,-5.21541e-08,6.14229e-08
170,2,Box,1.1,0.497278,1.34074e-07,7.07805e-08,-5.21541e-08,3.0614e-08
170,3,Box,2.2,0.497278,1.73634e-07,6.51926e-08,-5.21541e-08,6.54827e-08
170,4,Box,3.3,0.497278,1.73278e-07,6.89179e-08,-5.21541e-08,5.54189e-08
170,5,Box,4.4,0.497278,1.73278e-07,6.89179e-08,-5.21541e-08,5.54189e-08
172,0,Box,0,-1,0,0,0,0
172,1,Box,1.46652e-07,0.497278,1.70262e-07,6.51926e-08,-5.21541e-08,6.14229e-08
172,2,Box,1.1,0.497278,1.35094e-07,7.07805e-08,-5.21541e-08,3.0614e-08
172,3,Box,2.2,0.497278,1.75351e-07,7.07805e-08,-5.21541e-08,4.87189e-08
172,4,Box,3.3,0.497278,1.75125e-07,6.89179e-08,-5.21541e-08,5.54189e-08
172,5,Box,4.4,0.497278,1.75125e-07,6.89179e-08,-5.21541e-08,5.54189e-08
174,0,Box,0,-1,0,0,0,0
174,1,Box,1.48825e-07,0.497278,1.72309e-07,6.51926e-08,-5.21541e-08,6.14229e-08
174,2,Box,1.1,0.497278,1.36115e-07,7.07805e-08,-5.21541e-08,3.0614e-08
174,3,Box,2.2,0.497278,1.77348e-07,6.89179e-08,-5.21541e-08,5.43068e-08
174,4,Box,3.3,0.497278,1.76973e-07,6.89179e-08,-5.21541e-08,5.54189e-08
174,5,Box,4.4,0.497278,1.76973e-07,6.89179e-08,-5.21541e-08,5.54189e-08
176,0,Box,0,-1,0,0,0,0
176,1,Box,1.50998e-07,0.497278,1.74357e-07,6.51926e-08,-5.21541e-08,6.14229e-08
176,2,Box,1.1,0.497278,1.37135e-07,7.07805e-08,-5.21541e-08,3.0614e-08
176,3,Box,2.2,0.497278,1.79251e-07,6.51926e-08,-5.21541e-08,6.54827e-08
176,4,Box,3.3,0.497278,1.7882e-07,6.89179e-08,-5.21541e-08,5.54189e-08
176,5,Box,4.4,0.497278,1.7882e-07,6.89179e-08,-5.21541e-08,5.54189e-08
178,0,Box,0,-1,0,0,0,0
178,1,Box,1.53172e-07,0.497278,1.76404e-07,6.51926e-08,-5.21541e-08,6.14229e-08
178,2,Box,1.1,0.497278,1.38155e-07,7.07805e-08,-5.21541e-08,3.0614e-08
178,3,Box,2.2,0.497278,1.80955e-07,7.82311e-08,-5.21541e-08,5.7639e-08
178,4,Box,3.3,0.497278,1.80924e-07,6.70552e-08,-5.21541e-08,6.5926e-08
178,5,Box,4.4,0.497278,1.80924e-07,6.70552e-08,-5.21541e-08,6.5926e-08
180,0,Box,0,-1,0,0,0,0
180,1,Box,1.55345e-07,0.497278,1.78452e-07,6.51926e-08,-5.21541e-08,6.14229e-08
180,2,Box,1.1,0.497278,1.39176e-07,7.07805e-08,-5.21541e-08,3.0614e-08
180,3,Box,2.2,0.497278,1.82473e-07,8.00937e-08,-5.21541e-08,4.64631e-08
180,4,Box,3.3,0.497278,1.83122e-07,6.70552e-08,-5.21541e-08,6.5926e-08
180,5,Box,4.4,0.497278,1.83122e-07,6.70552e-08,-5.21541e-08,6.5926e-08
182,0,Box,0,-1,0,0,0,0
182,1,Box,1.57611e-07,0.497278,1.80356e-07,7.07805e-08,-5.21541e-08,5.28463e-08
182,2,Box,1.1,0.497278,1.40196e-07,7.07805e-08,-5.21541e-08,3.0614e-08
182,3,Box,2.2,0.497278,1.83991e-07,8.19564e-08,-5.21541e-08,4.64631e-08
182,4,Box,3.3,0.497278,1.85319e-07,6.70552e-08,-5.21541e-08,6.5926e-08
182,5,Box,4.4,0.497278,1.85319e-07,6.70552e-08,-5.21541e-08,6.5926e-08
184,0,Box,0,-1,0,0,0,0
184,1,Box,1.60032e-07,0.497278,1.81916e-07,7.07805e-08,-5.21541e-08,4.6327e-08
184,2,Box,1.1,0.497278,1.41217e-07,7.07805e-08,-5.21541e-08,3.0614e-08
184,3,Box,2.2,0.497278,1.85415e-07,8.19564e-08,-5.21541e-08,4.64631e-08
184,4,Box,3.3,0.497278,1.87517e-07,6.70552e-08,-5.21541e-08,6.5926e-08
184,5,Box,4.4,0.497278,1.87517e-07,6.70552e-08,-5.21541e-08,6.5926e-08
186,0,Box,0,-1,0,0,0,0
186,1,Box,1.62299e-07,0.497278,1.83646e-07,6.70552e-08,-5.21541e-08,5.19149e-08
186,2,Box,1.1,0.497278,1.42237e-07,7.07805e-08,-5.21541e-08,3.0614e-08
186,3,Box,2.2,0.497278,1.8684e-07,8.19564e-08,-5.21541e-08,4.64631e-08
186,4,Box,3.3,0.497278,1.89714e-07,6.70552e-08,-5.21541e-08,6.5926e-08
186,5,Box,4.4,0.497278,1.89714e-07,6.70552e-08,-5.21541e-08,6.5926e-08
188,0,Box,0,-1,0,0,0,0
188,1,Box,1.64627e-07,0.497278,1.85485e-07,7.26432e-08,-5.21541e-08,5.28463e-08
188,2,Box,1.1,0.497278,1.43258e-07,7.07805e-08,-5.21541e-08,3.0614e-08
188,3,Box,2.2,0.497278,1.88265e-07,8.19564e-08,-5.21541e-08,4.64631e-08
188,4,Box,3.3,0.497278,1.91912e-07,6.70552e-08,-5.21541e-08,6.5926e-08
188,5,Box,4.4,0.497278,1.91912e-07,6.70552e-08,-5.21541e-08,6.5926e-08
190,0,Box,0,-1,0,0,0,0
190,1,Box,1.6711e-07,0.497278,1.87045e-07,7.26432e-08,-5.21541e-08,4.6327e-08
190,2,Box,1.1,0.497278,1.44278e-07,7.07805e-08,-5.21541e-08,3.0614e-08
190,3,Box,2.2,0.497278,1.89689e-07,8.19564e-08,-5.21541e-08,4.64631e-08
190,4,Box,3.3,0.497278,1.9411e-07,6.70552e-08,-5.21541e-08,6.5926e-08
190,5,Box,4.4,0.497278,1.9411e-07,6.70552e-08,-5.21541e-08,6.5926e-08
192,0,Box,0,-1,0,0,0,0
192,1,Box,1.69377e-07,0.497278,1.88683e-07,6.70552e-08,-5.21541e-08,5.19149e-08
192,2,Box,1.1,0.497278,1.45299e-07,7.07805e-08,-5.21541e-08,3.0614e-08
192,3,Box,2.2,0.497278,1.91114e-07,8.19564e-08,-5.21541e-08,4.64631e-08
192,4,Box,3.3,0.497278,1.96307e-07,6.70552e-08,-5.21541e-08,6.5926e-08
192,5,Box,4.4,0.497278,1.96307e-07,6.70552e-08,-5.21541e-08,6.5926e-08
194,0,Box,0,-1,0,0,0,0
194,1,Box,1.71705e-07,0.497278,1.90522e-07,7.26432e-08,-5.21541e-08,5.28463e-08
194,2,Box,1.1,0.497278,1.46319e-07,7.07805e-08,-5.21541e-08,3.0614e-08
194,3,Box,2.2,0.497278,1.92538e-07,8.19564e-08,-5.21541e-08,4.64631e-08
194,4,Box,3.3,0.497278,1.98505e-07,6.70552e-08,-5.21541e-08,6.5926e-08
194,5,Box,4.4,0.497278,1.98505e-07,6.70552e-08,-5.21541e-08,6.5926e-08
196,0,Box,0,-1,0,0,0,0
196,1,Box,1.74188e-07,0.497278,1.92082e-07,7.26432e-08,-5.21541e-08,4.6327e-08
196,2,Box,1.1,0.497278,1.4734e-07,7.07805e-08,-5.21541e-08,3.0614e-08
196,3,Box,2.2,0.497278,1.93963e-07,8.19564e-08,-5.21541e-08,4.64631e-08
196,4,Box,3.3,0.497278,2.00702e-07,6.70552e-08,-5.21541e-08,6.5926e-08
196,5,Box,4.4,0.497278,2.00702e-07,6.70552e-08,-5.21541e-08,6.5926e-08
198,0,Box,0,-1,0,0,0,0
198,1,Box,1.76455e-07,0.497278,1.93719e-07,6.70552e-08,-5.21541e-08,5.19149e-08
198,2,Box,1.1,0.497278,1.4836e-07,7.07805e-08,-5.21541e-08,3.0614e-08
198,3,Box,2.2,0.497278,1.95388e-07,8.19564e-08,-5.21541e-08,4.64631e-08
198,4,Box,3.3,0.497278,2.029e-07,6.70552e-08,-5.21541e-08,6.5926e-08
198,5,Box,4.4,0.497278,2.029e-07,6.70552e-08,-5.21541e-08,6.5926e-08
200,0,Box,0,-1,0,0,0,0
200,1,Box,1.78783e-07,0.497278,1.95558e-07,7.26432e-08,-5.21541e-08,5.28463e-08
200,2,Box,1.1,0.497278,1.4938e-07,7.07805e-08,-5.21541e-08,3.0614e-08
200,3,Box,2.2,0.497278,1.96812e-07,8.19564e-08,-5.21541e-08,4.64631e-08
200,4,Box,3.3,0.497278,2.05097e-07,6.70552e-08,-5.21541e-08,6.5926e-08
200,5,Box,4.4,0.497278,2.05097e-07,6.70552e-08,-5.21541e-08,6.5926e-08
202,0,Box,0,-1,0,0,0,0
202,1,Box,1.81266e-07,0.497278,1.97118e-07,7.26432e-08,-5.21541e-08,4.6327e-08
202,2,Box,1.1,0.497278,1.50947e-07,6.89179e-08,-5.21541e-08,5.16543e-08
202,3,Box,2.2,0.497278,1.98237e-07,8.19564e-08,-5.21541e-08,4.64631e-08
202,4,Box,3.3,0.497278,2.07295e-07,6.70552e-08,-5.21541e-08,6.5926e-08
202,5,Box,4.4,0.497278,2.07295e-07,6.70552e-08,-5.21541e-08,6.5926e-08
204,0,Box,0,-1,0,0,0,0
204,1,Box,1.83533e-07,0.497278,1.98755e-07,6.70552e-08,-5.21541e-08,5.19149e-08
204,2,Box,1.1,0.497278,1.52514e-07,7.07805e-08,-5.21541e-08,4.42037e-08
204,3,Box,2.2,0.497278,1.99661e-07,8.19564e-08,-5.21541e-08,4.64631e-08
204,4,Box,3.3,0.497278,2.09492e-07,6.70552e-08,-5.21541e-08,6.5926e-08
204,5,Box,4.4,0.497278,2.09492e-07,6.70552e-08,-5.21541e-08,6.5926e-08
206,0,Box,0,-1,0,0,0,0
206,1,Box,1.85861e-07,0.497278,2.00594e-07,7.26432e-08,-5.21541e-08,5.28463e-08
206,2,Box,1.1,0.497278,1.54204e-07,7.07805e-08,-5.21541e-08,4.97917e-08
206,3,Box,2.2,0.497278,2.01086e-07,8.19564e-08,-5.21541e-08,4.64631e-08
206,4,Box,3.3,0.497278,2.11364e-07,6.51926e-08,-5.96046e-08,4.77725e-08
206,5,Box,4.4,0.497278,2.11364e-07,6.51926e-08,-5.96046e-08,4.77725e-08
208,0,Box,0,-1,0,0,0,0
208,1,Box,1.88345e-07,0.497278,2.02154e-07,7.26432e-08,-5.21541e-08,4.6327e-08
208,2,Box,1.1,0.497278,1.55802e-07,6.89179e-08,-5.21541e-08,5.16543e-08
208,3,Box,2.2,0.497278,2.02511e-07,8.19564e-08,-5.21541e-08,4.64631e-08
208,4,Box,3.3,0.497278,2.13174e-07,6.33299e-08,-5.96046e-08,4.77725e-08
208,5,Box,4.4,0.497278,2.13174e-07,6.33299e-08,-5.96046e-08,4.77725e-08
210,0,Box,0,-1,0,0,0,0
210,1,Box,1.90611e-07,0.497278,2.03791e-07,6.70552e-08,-5.21541e-08,5.19149e-08
210,2,Box,1.1,0.497278,1.57369e-07,7.07805e-08,-5.21541e-08,4.42037e-08
210,3,Box,2.2,0.497278,2.03935e-07,8.19564e-08,-5.21541e-08,4.64631e-08
210,4,Box,3.3,0.497278,2.14984e-07,6.14673e-08,-5.96046e-08,4.77725e-08
210,5,Box,4.4,0.497278,2.14984e-07,6.14673e-08,-5.96046e-08,4.77725e-08
212,0,Box,0,-1,0,0,0,0
212,1,Box,1.92939e-07,0.497278,2.05631e-07,7.26432e-08,-5.21541e-08,5.28463e-08
212,2,Box,1.1,0.497278,1.59059e-07,7.07805e-08,-5.21541e-08,4.97917e-08
212,3,Box,2.2,0.497278,2.0536e-07,8.19564e-08,-5.21541e-08,4.64631e-08
212,4,Box,3.3,0.497278,2.16886e-07,6.14673e-08,-5.96046e-08,5.33604e-08
212,5,Box,4.4,0.497278,2.16886e-07,6.14673e-08,-5.96046e-08,5.33604e-08
214,0,Box,0,-1,0,0,0,0
214,1,Box,1.95423e-07,0.497278,2.0719e-07,7.26432e-08,-5.21541e-08,4.6327e-08
214,2,Box,1.1,0.497278,1.60657e-07,6.89179e-08,-5.21541e-08,5.16543e-08
214,3,Box,2.2,0.497278,2.06784e-07,8.19564e-08,-5.21541e-08,4.64631e-08
214,4,Box,3.3,0.497278,2.18882e-07,6.51926e-08,-5.21541e-08,6.54676e-08
214,5,Box,4.4,0.497278,2.18882e-07,6.51926e-08,-5.21541e-08,6.54676e-08
216,0,Box,0,-1,0,0,0,0
216,1,Box,1.97689e-07,0.497278,2.08828e-07,6.70552e-08,-5.21541e-08,5.19149e-08
216,2,Box,1.1,0.497278,1.62224e-07,7.07805e-08,-5.21541e-08,4.42037e-08
216,3,Box,2.2,0.497278,2.08209e-07,8.19564e-08,-5.21541e-08,4.64631e-08
216,4,Box,3.3,0.497278,2.20692e-07,6.33299e-08,-5.21541e-08,6.0811e-08
216,5,Box,4.4,0.497278,2.20692e-07,6.33299e-08,-5.21541e-08,6.0811e-08
218,0,Box,0,-1,0,0,0,0
218,1,Box,2.00079e-07,0.497278,2.10481e-07,7.26432e-08,-5.21541e-08,4.49392e-08
218,2,Box,1.1,0.497278,1.63914e-07,7.07805e-08,-5.21541e-08,4.97917e-08
218,3,Box,2.2,0.497278,2.09517e-07,8.56817e-08,-4.47035e-08,3.94855e-08
218,4,Box,3.3,0.497278,2.22502e-07,6.14673e-08,-5.21541e-08,6.0811e-08
218,5,Box,4.4,0.497278,2.22502e-07,6.14673e-08,-5.21541e-08,6.0811e-08
220,0,Box,0,-1,0,0,0,0
220,1,Box,2.02501e-07,0.497278,2.1201e-07,7.07805e-08,-5.21541e-08,4.30765e-08
220,2,Box,1.1,0.497278,1.65512e-07,6.89179e-08,-5.21541e-08,5.16543e-08
220,3,Box,2.2,0.497278,2.1074e-07,8.75443e-08,-4.47035e-08,3.38975e-08
220,4,Box,3.3,0.497278,2.24312e-07,5.96046e-08,-5.21541e-08,6.0811e-08
220,5,Box,4.4,0.497278,2.24312e-07,5.96046e-08,-5.21541e-08,6.0811e-08
222,0,Box,0,-1,0,0,0,0
222,1,Box,2.04953e-07,0.497278,2.1357e-07,7.45058e-08,-5.96046e-08,4.86645e-08
222,2,Box,1.1,0.497278,1.67079e-07,7.07805e-08,-5.21541e-08,4.42037e-08
222,3,Box,2.2,0.497278,2.12119e-07,8.3819e-08,-4.47035e-08,3.94855e-08
222,4,Box,3.3,0.497278,2.26106e-07,6.51926e-08,-5.96046e-08,5.42917e-08
222,5,Box,4.4,0.497278,2.26106e-07,6.51926e-08,-5.96046e-08,5.42917e-08
224,0,Box,0,-1,0,0,0,0
224,1,Box,2.07343e-07,0.497278,2.15037e-07,7.26432e-08,-4.47035e-08,4.49392e-08
224,2,Box,1.1,0.497278,1.68769e-07,7.07805e-08,-5.21541e-08,4.97917e-08
224,3,Box,2.2,0.497278,2.13435e-07,8.75443e-08,-4.47035e-08,3.94855e-08
224,4,Box,3.3,0.497278,2.27993e-07,6.51926e-08,-5.96046e-08,4.77725e-08
224,5,Box,4.4,0.497278,2.27993e-07,6.51926e-08,-5.96046e-08,4.77725e-08
226,0,Box,0,-1,0,0,0,0
226,1,Box,2.09765e-07,0.497278,2.16566e-07,7.07805e-08,-5.21541e-08,4.30765e-08
226,2,Box,1.1,0.497278,1.70367e-07,6.89179e-08,-5.21541e-08,5.16543e-08
226,3,Box,2.2,0.497278,2.1472e-07,8.19564e-08,-4.47035e-08,4.32108e-08
226,4,Box,3.3,0.497278,2.29803e-07,6.33299e-08,-5.96046e-08,4.77725e-08
226,5,Box,4.4,0.497278,2.29803e-07,6.33299e-08,-5.96046e-08,4.77725e-08
228,0,Box,0,-1,0,0,0,0
228,1,Box,2.12217e-07,0.497278,2.18126e-07,7.45058e-08,-5.96046e-08,4.86645e-08
228,2,Box,1.1,0.497278,1.71934e-07,7.07805e-08,-5.21541e-08,4.42037e-08
228,3,Box,2.2,0.497278,2.16036e-07,8.56817e-08,-4.47035e-08,3.94855e-08
228,4,Box,3.3,0.497278,2.31613e-07,6.14673e-08,-5.96046e-08,4.77725e-08
228,5,Box,4.4,0.497278,2.31613e-07,6.14673e-08,-5.96046e-08,4.77725e-08
230,0,Box,0,-1,0,0,0,0
230,1,Box,2.14608e-07,0.497278,2.19593e-07,7.26432e-08,-4.47035e-08,4.49392e-08
230,2,Box,1.1,0.497278,1.73624e-07,7.07805e-08,-5.21541e-08,4.97917e-08
230,3,Box,2.2,0.497278,2.17259e-07,8.75443e-08,-4.47035e-08,3.38975e-08
230,4,Box,3.3,0.497278,2.33515e-07,6.14673e-08,-5.96046e-08,5.33604e-08
230,5,Box,4.4,0.497278,2.33515e-07,6.14673e-08,-5.96046e-08,5.33604e-08
232,0,Box,0,-1,0,0,0,0
232,1,Box,2.17029e-07,0.497278,2.21122e-07,7.07805e-08,-5.21541e-08,4.30765e-08
232,2,Box,1.1,0.497278,1.75222e-07,6.89179e-08,-5.21541e-08,5.16543e-08
232,3,Box,2.2,0.497278,2.18637e-07,8.3819e-08,-4.47035e-08,3.94855e-08
232,4,Box,3.3,0.497278,2.35511e-07,6.51926e-08,-5.21541e-08,6.54676e-08
232,5,Box,4.4,0.497278,2.35511e-07,6.51926e-08,-5.21541e-08,6.54676e-08
234,0,Box,0,-1,0,0,0,0
234,1,Box,2.19482e-07,0.497278,2.22682e-07,7.45058e-08,-5.96046e-08,4.86645e-08
234,2,Box,1.1,0.497278,1.76789e-07,7.07805e-08,-5.21541e-08,4.42037e-08
234,3,Box,2.2,0.497278,2.19953e-07,8.75443e-08,-4.47035e-08,3.94855e-08
234,4,Box,3.3,0.497278,2.37321e-07,6.33299e-08,-5.21541e-08,6.0811e-08
234,5,Box,4.4,0.497278,2.37321e-07,6.33299e-08,-5.21541e-08,6.0811e-08
236,0,Box,0,-1,0,0,0,0
236,1,Box,2.21872e-07,0.497278,2.24149e-07,7.26432e-08,-4.47035e-08,4.49392e-08
236,2,Box,1.1,0.497278,1.78479e-07,7.07805e-08,-5.21541e-08,4.97917e-08
236,3,Box,2.2,0.497278,2.21239e-07,8.19564e-08,-4.47035e-08,4.32108e-08
236,4,Box,3.3,0.497278,2.39131e-07,6.14673e-08,-5.21541e-08,6.0811e-08
236,5,Box,4.4,0.497278,2.39131e-07,6.14673e-08,-5.21541e-08,6.0811e-08
238,0,Box,0,-1,0,0,0,0
238,1,Box,2.24294e-07,0.497278,2.25678e-07,7.07805e-08,-5.21541e-08,4.30765e-08
238,2,Box,1.1,0.497278,1.80081e-07,6.89179e-08,-5.21541e-08,5.19168e-08
238,3,Box,2.2,0.497278,2.22555e-07,8.56817e-08,-4.47035e-08,3.94855e-08
238,4,Box,3.3,0.497278,2.40941e-07,5.96046e-08,-5.21541e-08,6.0811e-08
238,5,Box,4.4,0.497278,2.40941e-07,5.96046e-08,-5.21541e-08,6.0811e-08
240,0,Box,0,-1,0,0,0,0
240,1,Box,2.26746e-07,0.497278,2.27238e-07,7.45058e-08,-5.96046e-08,4.86645e-08
240,2,Box,1.1,0.497278,1.81936e-07,6.51926e-08,-5.21541e-08,5.56421e-08
240,3,Box,2.2,0.497278,2.23778e-07,8.75443e-08,-4.47035e-08,3.38975e-08
240,4,Box,3.3,0.497278,2.42735e-07,6.51926e-08,-5.96046e-08,5.42917e-08
240,5,Box,4.4,0.497278,2.42735e-07,6.51926e-08,-5.96046e-08,5.42917e-08
242,0,Box,0,-1,0,0,0,0
242,1,Box,2.29136e-07,0.497278,2.28705e-07,7.26432e-08,-4.47035e-08,4.49392e-08
242,2,Box,1.1,0.497278,1.83977e-07,6.51926e-08,-5.21541e-08,6.123e-08
242,3,Box,2.2,0.497278,2.25156e-07,8.3819e-08,-4.47035e-08,3.94855e-08
242,4,Box,3.3,0.497278,2.44622e-07,6.51926e-08,-5.96046e-08,4.77725e-08
242,5,Box,4.4,0.497278,2.44622e-07,6.51926e-08,-5.96046e-08,4.77725e-08
244,0,Box,0,-1,0,0,0,0
244,1,Box,2.31558e-07,0.497278,2.30234e-07,7.07805e-08,-5.21541e-08,4.30765e-08
244,2,Box,1.1,0.497278,1.86018e-07,6.51926e-08,-5.21541e-08,6.123e-08
244,3,Box,2.2,0.497278,2.26472e-07,8.75443e-08,-4.47035e-08,3.94855e-08
244,4,Box,3.3,0.497278,2.46432e-07,6.33299e-08,-5.96046e-08,4.77725e-08
244,5,Box,4.4,0.497278,2.46432e-07,6.33299e-08,-5.96046e-08,4.77725e-08
246,0,Box,0,-1,0,0,0,0
246,1,Box,2.3401e-07,0.497278,2.31794e-07,7.45058e-08,-5.96046e-08,4.86645e-08
246,2,Box,1.1,0.497278,1.88059e-07,6.51926e-08,-5.21541e-08,6.123e-08
246,3,Box,2.2,0.497278,2.27757e-07,8.19564e-08,-4.47035e-08,4.32108e-08
246,4,Box,3.3,0.497278,2.48242e-07,6.14673e-08,-5.96046e-08,4.77725e-08
246,5,Box,4.4,0.497278,2.48242e-07,6.14673e-08,-5.96046e-08,4.77725e-08
248,0,Box,0,-1,0,0,0,0
248,1,Box,2.36401e-07,0.497278,2.33261e-07,7.26432e-08,-4.47035e-08,4.49392e-08
248,2,Box,1.1,0.497278,1.901e-07,6.51926e-08,-5.21541e-08,6.123e-08
248,3,Box,2.2,0.497278,2.29074e-07,8.56817e-08,-4.47035e-08,3.94855e-08
248,4,Box,3.3,0.497278,2.50144e-07,6.14673e-08,-5.96046e-08,5.33604e-08
248,5,Box,4.4,0.497278,2.50144e-07,6.14673e-08,-5.96046e-08,5.33604e-08
250,0,Box,0,-1,0,0,0,0
250,1,Box,2.38822e-07,0.497278,2.3479e-07,7.07805e-08,-5.21541e-08,4.30765e-08
250,2,Box,1.1,0.497278,1.92141e-07,6.51926e-08,-5.21541e-08,6.123e-08
250,3,Box,2.2,0.497278,2.30297e-07,8.75443e-08,-4.47035e-08,3.38975e-08
250,4,Box,3.3,0.497278,2.5214e-07,6.51926e-08,-5.21541e-08,6.54676e-08
250,5,Box,4.4,0.497278,2.5214e-07,6.51926e-08,-5.21541e-08,6.54676e-08
252,0,Box,0,-1,0,0,0,0
252,1,Box,2.41275e-07,0.497278,2.3635e-07,7.45058e-08,-5.96046e-08,4.86645e-08
252,2,Box,1.1,0.497278,1.94182e-07,6.51926e-08,-5.21541e-08,6.123e-08
252,3,Box,2.2,0.497278,2.31675e-07,8.3819e-08,-4.47035e-08,3.94855e-08
252,4,Box,3.3,0.497278,2.5395e-07,6.33299e-08,-5.21541e-08,6.0811e-08
252,5,Box,4.4,0.497278,2.5395e-07,6.33299e-08,-5.21541e-08,6.0811e-08
254,0,Box,0,-1,0,0,0,0
254,1,Box,2.43665e-07,0.497278,2.37817e-07,7.26432e-08,-4.47035e-08,4.49392e-08
254,2,Box,1.1,0.497278,1.96223e-07,6.51926e-08,-5.21541e-08,6.123e-08
254,3,Box,2.2,0.497278,2.32991e-07,8.75443e-08,-4.47035e-08,3.94855e-08
254,4,Box,3.3,0.497278,2.5576e-07,6.14673e-08,-5.21541e-08,6.0811e-08
254,5,Box,4.4,0.497278,2.5576e-07,6.14673e-08,-5.21541e-08,6.0811e-08
256,0,Box,0,-1,0,0,0,0
256,1,Box,2.46086e-07,0.497278,2.39346e-07,7.07805e-08,-5.21541e-08,4.30765e-08
256,2,Box,1.1,0.497278,1.98264e-07,6.51926e-08,-5.21541e-08,6.123e-08
256,3,Box,2.2,0.497278,2.34276e-07,8.19564e-08,-4.47035e-08,4.32108e-08
256,4,Box,3.3,0.497278,2.5757e-07,5.96046e-08,-5.21541e-08,6.0811e-08
256,5,Box,4.4,0.497278,2.5757e-07,5.96046e-08,-5.21541e-08,6.0811e-08
258,0,Box,0,-1,0,0,0,0
258,1,Box,2.48539e-07,0.497278,2.40906e-07,7.45058e-08,-5.96046e-08,4.86645e-08
258,2,Box,1.1,0.497278,2.00305e-07,6.51926e-08,-5.21541e-08,6.123e-08
258,3,Box,2.2,0.497278,2.35592e-07,8.56817e-08,-4.47035e-08,3.94855e-08
258,4,Box,3.3,0.497278,2.59364e-07,6.51926e-08,-5.96046e-08,5.42917e-08
258,5,Box,4.4,0.497278,2.59364e-07,6.51926e-08,-5.96046e-08,5.42917e-08
260,0,Box,0,-1,0,0,0,0
260,1,Box,2.50929e-07,0.497278,2.42373e-07,7.26432e-08,-4.47035e-08,4.49392e-08
260,2,Box,1.1,0.497278,2.02346e-07,6.51926e-08,-5.21541e-08,6.123e-08
260,3,Box,2.2,0.497278,2.36815e-07,8.75443e-08,-4.47035e-08,3.38975e-08
260,4,Box,3.3,0.497278,2.61251e-07,6.51926e-08,-5.96046e-08,4.77725e-08
260,5,Box,4.4,0.497278,2.61251e-07,6.51926e-08,-5.96046e-08,4.77725e-08
262,0,Box,0,-1,0,0,0,0
262,1,Box,2.53351e-07,0.497278,2.43902e-07,7.07805e-08,-5.21541e-08,4.30765e-08
262,2,Box,1.1,0.497278,2.04387e-07,6.51926e-08,-5.21541e-08,6.123e-08
262,3,Box,2.2,0.497278,2.38194e-07,8.3819e-08,-4.47035e-08,3.94855e-08
262,4,Box,3.3,0.497278,2.63061e-07,6.33299e-08,-5.96046e-08,4.77725e-08
262,5,Box,4.4,0.497278,2.63061e-07,6.33299e-08,-5.96046e-08,4.77725e-08
264,0,Box,0,-1,0,0,0,0
264,1,Box,2.55803e-07,0.497278,2.45462e-07,7.45058e-08,-5.96046e-08,4.86645e-08
264,2,Box,1.1,0.497278,2.06428e-07,6.51926e-08,-5.21541e-08,6.123e-08
264,3,Box,2.2,0.497278,2.3951e-07,8.75443e-08,-4.47035e-08,3.94855e-08
264,4,Box,3.3,0.497278,2.64871e-07,6.14673e-08,-5.96046e-08,4.77725e-08
264,5,Box,4.4,0.497278,2.64871e-07,6.14673e-08,-5.96046e-08,4.77725e-08
266,0,Box,0,-1,0,0,0,0
266,1,Box,2.58194e-07,0.497278,2.46929e-07,7.26432e-08,-4.47035e-08,4.49392e-08
266,2,Box,1.1,0.497278,2.08469e-07,6.51926e-08,-5.21541e-08,6.123e-08
266,3,Box,2.2,0.497278,2.40795e-07,8.19564e-08,-4.47035e-08,4.32108e-08
266,4,Box,3.3,0.497278,2.66773e-07,6.14673e-08,-5.96046e-08,5.33604e-08
266,5,Box,4.4,0.497278,2.66773e-07,6.14673e-08,-5.96046e-08,5.33604e-08
268,0,Box,0,-1,0,0,0,0
268,1,Box,2.60615e-07,0.497278,2.48458e-07,7.07805e-08,-5.21541e-08,4.30765e-08
268,2,Box,1.1,0.497278,2.10487e-07,7.07805e-08,-5.96046e-08,5.98403e-08
268,3,Box,2.2,0.497278,2.42111e-07,8.56817e-08,-4.47035e-08,3.94855e-08
268,4,Box,3.3,0.497278,2.68769e-07,6.51926e-08,-5.21541e-08,6.54676e-08
268,5,Box,4.4,0.497278,2.68769e-07,6.51926e-08,-5.21541e-08,6.54676e-08
270,0,Box,0,-1,0,0,0,0
270,1,Box,2.63068e-07,0.497278,2.50018e-07,7.45058e-08,-5.96046e-08,4.86645e-08
270,2,Box,1.1,0.497278,2.12047e-07,7.45058e-08,-5.96046e-08,4.86645e-08
270,3,Box,2.2,0.497278,2.43334e-07,8.75443e-08,-4.47035e-08,3.38975e-08
270,4,Box,3.3,0.497278,2.70398e-07,6.89179e-08,-5.21541e-08,4.70055e-08
270,5,Box,4.4,0.497278,2.70398e-07,6.89179e-08,-5.21541e-08,4.70055e-08
272,0,Box,0,-1,0,0,0,0
272,1,Box,2.65458e-07,0.497278,2.51485e-07,7.26432e-08,-4.47035e-08,4.49392e-08
272,2,Box,1.1,0.497278,2.13514e-07,7.26432e-08,-4.47035e-08,4.49392e-08
272,3,Box,2.2,0.497278,2.44713e-07,8.3819e-08,-4.47035e-08,3.94855e-08
272,4,Box,3.3,0.497278,2.72121e-07,7.45058e-08,-5.21541e-08,5.07307e-08
272,5,Box,4.4,0.497278,2.72121e-07,7.45058e-08,-5.21541e-08,5.07307e-08
274,0,Box,0,-1,0,0,0,0
274,1,Box,2.67879e-07,0.497278,2.53014e-07,7.07805e-08,-5.21541e-08,4.30765e-08
274,2,Box,1.1,0.497278,2.15043e-07,7.07805e-08,-5.21541e-08,4.30765e-08
274,3,Box,2.2,0.497278,2.46029e-07,8.75443e-08,-4.47035e-08,3.94855e-08
274,4,Box,3.3,0.497278,2.7378e-07,6.89179e-08,-5.21541e-08,5.25934e-08
274,5,Box,4.4,0.497278,2.7378e-07,6.89179e-08,-5.21541e-08,5.25934e-08
276,0,Box,0,-1,0,0,0,0
276,1,Box,2.70332e-07,0.497278,2.54574e-07,7.45058e-08,-5.96046e-08,4.86645e-08
276,2,Box,1.1,0.497278,2.16603e-07,7.45058e-08,-5.96046e-08,4.86645e-08
276,3,Box,2.2,0.497278,2.47314e-07,8.19564e-08,-4.47035e-08,4.32108e-08
276,4,Box,3.3,0.497278,2.75316e-07,7.07805e-08,-5.21541e-08,4.70055e-08
276,5,Box,4.4,0.497278,2.75316e-07,7.07805e-08,-5.21541e-08,4.70055e-08
278,0,Box,0,-1,0,0,0,0
278,1,Box,2.72722e-07,0.497278,2.56041e-07,7.26432e-08,-4.47035e-08,4.49392e-08
278,2,Box,1.1,0.497278,2.1807e-07,7.26432e-08,-4.47035e-08,4.49392e-08
278,3,Box,2.2,0.497278,2.4863e-07,8.56817e-08,-4.47035e-08,3.94855e-08
278,4,Box,3.3,0.497278,2.76945e-07,7.45058e-08,-5.21541e-08,4.51428e-08
278,5,Box,4.4,0.497278,2.76945e-07,7.45058e-08,-5.21541e-08,4.51428e-08
280,0,Box,0,-1,0,0,0,0
280,1,Box,2.75144e-07,0.497278,2.5757e-07,7.07805e-08,-5.21541e-08,4.30765e-08
280,2,Box,1.1,0.497278,2.19599e-07,7.07805e-08,-5.21541e-08,4.30765e-08
280,3,Box,2.2,0.497278,2.49853e-07,8.75443e-08,-4.47035e-08,3.38975e-08
280,4,Box,3.3,0.497278,2.78605e-07,6.89179e-08,-5.21541e-08,5.25934e-08
280,5,Box,4.4,0.497278,2.78605e-07,6.89179e-08,-5.21541e-08,5.25934e-08
282,0,Box,0,-1,0,0,0,0
282,1,Box,2.77596e-07,0.497278,2.5913e-07,7.45058e-08,-5.96046e-08,4.86645e-08
282,2,Box,1.1,0.497278,2.21159e-07,7.45058e-08,-5.96046e-08,4.86645e-08
282,3,Box,2.2,0.497278,2.51232e-07,8.3819e-08,-4.47035e-08,3.94855e-08
282,4,Box,3.3,0.497278,2.80141e-07,7.07805e-08,-5.21541e-08,4.70055e-08
282,5,Box,4.4,0.497278,2.80141e-07,7.07805e-08,-5.21541e-08,4.70055e-08
284,0,Box,0,-1,0,0,0,0
284,1,Box,2.79987e-07,0.497278,2.60597e-07,7.26432e-08,-4.47035e-08,4.49392e-08
284,2,Box,1.1,0.497278,2.22626e-07,7.26432e-08,-4.47035e-08,4.49392e-08
284,3,Box,2.2,0.497278,2.52548e-07,8.75443e-08,-4.47035e-08,3.94855e-08
284,4,Box,3.3,0.497278,2.8177e-07,7.45058e-08,-5.21541e-08,4.51428e-08
284,5,Box,4.4,0.497278,2.8177e-07,7.45058e-08,-5.21541e-08,4.51428e-08
286,0,Box,0,-1,0,0,0,0
286,1,Box,2.82408e-07,0.497278,2.62126e-07,7.07805e-08,-5.21541e-08,4.30765e-08
286,2,Box,1.1,0.497278,2.24155e-07,7.07805e-08,-5.21541e-08,4.30765e-08
286,3,Box,2.2,0.497278,2.53833e-07,8.19564e-08,-4.47035e-08,4.32108e-08
286,4,Box,3.3,0.497278,2.8343e-07,6.89179e-08,-5.21541e-08,5.25934e-08
286,5,Box,4.4,0.497278,2.8343e-07,6.89179e-08,-5.21541e-08,5.25934e-08
288,0,Box,0,-1,0,0,0,0
288,1,Box,2.8486e-07,0.497278,2.63686e-07,7.45058e-08,-5.96046e-08,4.86645e-08
288,2,Box,1.1,0.497278,2.25715e-07,7.45058e-08,-5.96046e-08,4.86645e-08
288,3,Box,2.2,0.497278,2.55149e-07,8.56817e-08,-4.47035e-08,3.94855e-08
288,4,Box,3.3,0.497278,2.84966e-07,7.07805e-08,-5.21541e-08,4.70055e-08
288,5,Box,4.4,0.497278,2.84966e-07,7.07805e-08,-5.21541e-08,4.70055e-08
290,0,Box,0,-1,0,0,0,0
290,1,Box,2.87251e-07,0.497278,2.65153e-07,7.26432e-08,-4.47035e-08,4.49392e-08
290,2,Box,1.1,0.497278,2.27182e-07,7.26432e-08,-4.47035e-08,4.49392e-08
290,3,Box,2.2,0.497278,2.56372e-07,8.75443e-08,-4.47035e-08,3.38975e-08
290,4,Box,3.3,0.497278,2.86595e-07,7.45058e-08,-5.21541e-08,4.51428e-08
290,5,Box,4.4,0.497278,2.86595e-07,7.45058e-08,-5.21541e-08,4.51428e-08
292,0,Box,0,-1,0,0,0,0
292,1,Box,2.89672e-07,0.497278,2.66682e-07,7.07805e-08,-5.21541e-08,4.30765e-08
292,2,Box,1.1,0.497278,2.28711e-07,7.07805e-08,-5.21541e-08,4.30765e-08
292,3,Box,2.2,0.497278,2.5775e-07,8.3819e-08,-4.47035e-08,3.94855e-08
292,4,Box,3.3,0.497278,2.88255e-07,6.89179e-08,-5.21541e-08,5.25934e-08
292,5,Box,4.4,0.497278,2.88255e-07,6.89179e-08,-5.21541e-08,5.25934e-08
294,0,Box,0,-1,0,0,0,0
294,1,Box,2.92125e-07,0.497278,2.68242e-07,7.45058e-08,-5.96046e-08,4.86645e-08
294,2,Box,1.1,0.497278,2.30271e-07,7.45058e-08,-5.96046e-08,4.86645e-08
294,3,Box,2.2,0.497278,2.59067e-07,8.75443e-08,-4.47035e-08,3.94855e-08
294,4,Box,3.3,0.497278,2.8979e-07,7.07805e-08,-5.21541e-08,4.70055e-08
294,5,Box,4.4,0.497278,2.8979e-07,7.07805e-08,-5.21541e-08,4.70055e-08
296,0,Box,0,-1,0,0,0,0
296,1,Box,2.94577e-07,0.497278,2.69824e-07,7.45058e-08,-5.21541e-08,5.25815e-08
296,2,Box,1.1,0.497278,2.31738e-07,7.26432e-08,-4.47035e-08,4.49392e-08
296,3,Box,2.2,0.497278,2.60352e-07,8.19564e-08,-4.47035e-08,4.32108e-08
296,4,Box,3.3,0.497278,2.91419e-07,7.45058e-08,-5.21541e-08,4.51428e-08
296,5,Box,4.4,0.497278,2.91419e-07,7.45058e-08,-5.21541e-08,4.51428e-08
298,0,Box,0,-1,0,0,0,0
298,1,Box,2.97061e-07,0.497278,2.7139e-07,7.45058e-08,-5.21541e-08,4.69936e-08
298,2,Box,1.1,0.497278,2.33267e-07,7.07805e-08,-5.21541e-08,4.30765e-08
298,3,Box,2.2,0.497278,2.61668e-07,8.56817e-08,-4.47035e-08,3.94855e-08
298,4,Box,3.3,0.497278,2.93079e-07,6.89179e-08,-5.21541e-08,5.25934e-08
298,5,Box,4.4,0.497278,2.93079e-07,6.89179e-08,-5.21541e-08,5.25934e-08
300,0,Box,0,-1,0,0,0,0
300,1,Box,2.99544e-07,0.497278,2.72957e-07,7.45058e-08,-5.21541e-08,4.69936e-08
300,2,Box,1.1,0.497278,2.34827e-07,7.45058e-08,-5.96046e-08,4.86645e-08
300,3,Box,2.2,0.497278,2.62891e-07,8.75443e-08,-4.47035e-08,3.38975e-08
300,4,Box,3.3,0.497278,2.94615e-07,7.07805e-08,-5.21541e-08,4.70055e-08
300,5,Box,4.4,0.497278,2.94615e-07,7.07805e-08,-5.21541e-08,4.70055e-08
300,6,Box,-4.75,0.497278,0,15,-0.163333,0
301,0,Box,0,-1,0,0,0,0
301,1,Box,3.00786e-07,0.497278,2.7374e-07,7.45058e-08,-5.21541e-08,4.69936e-08
301,2,Box,1.1,0.497278,2.35545e-07,7.07805e-08,-5.21541e-08,4.30765e-08
301,3,Box,2.2,0.497278,2.63611e-07,8.19564e-08,-4.47035e-08,4.32108e-08
301,4,Box,3.3,0.497278,2.95492e-07,6.89179e-08,-5.21541e-08,5.25934e-08
301,5,Box,4.4,0.497278,2.95492e-07,6.89179e-08,-5.21541e-08,5.25934e-08
301,6,Box,-4.5,0.491833,0,15,-0.326667,0
302,0,Box,0,-1,0,0,0,0
302,1,Box,3.02028e-07,0.497278,2.74523e-07,7.45058e-08,-5.21541e-08,4.69936e-08
302,2,Box,1.1,0.497278,2.36294e-07,7.26432e-08,-4.47035e-08,4.49392e-08
302,3,Box,2.2,0.497278,2.64269e-07,8.3819e-08,-4.47035e-08,3.94855e-08
302,4,Box,3.3,0.497278,2.96244e-07,7.45058e-08,-5.21541e-08,4.51428e-08
302,5,Box,4.4,0.497278,2.96244e-07,7.45058e-08,-5.21541e-08,4.51428e-08
302,6,Box,-4.25,0.483667,0,15,-0.49,0
303,0,Box,0,-1,0,0,0,0
303,1,Box,3.0327e-07,0.497278,2.75306e-07,7.45058e-08,-5.21541e-08,4.69936e-08
303,2,Box,1.1,0.497278,2.37105e-07,7.45058e-08,-5.96046e-08,4.86645e-08
303,3,Box,2.2,0.497278,2.64927e-07,8.56817e-08,-4.47035e-08,3.94855e-08
303,4,Box,3.3,0.497278,2.97027e-07,7.07805e-08,-5.21541e-08,4.70055e-08
303,5,Box,4.4,0.497278,2.97027e-07,7.07805e-08,-5.21541e-08,4.70055e-08
303,6,Box,-4,0.472778,0,15,-0.653333,0
304,0,Box,0,-1,0,0,0,0
304,1,Box,3.04511e-07,0.497278,2.7609e-07,7.45058e-08,-5.21541e-08,4.69936e-08
304,2,Box,1.1,0.497278,2.37823e-07,7.07805e-08,-5.21541e-08,4.30765e-08
304,3,Box,2.2,0.497278,2.65586e-07,8.75443e-08,-4.47035e-08,3.94855e-08
304,4,Box,3.3,0.497278,2.97904e-07,6.89179e-08,-5.21541e-08,5.25934e-08
304,5,Box,4.4,0.497278,2.97904e-07,6.89179e-08,-5.21541e-08,5.25934e-08
304,6,Box,-3.75,0.459167,0,15,-0.816667,0
305,0,Box,0,-1,0,0,0,0
305,1,Box,3.05753e-07,0.497278,2.76873e-07,7.45058e-08,-5.21541e-08,4.69936e-08
305,2,Box,1.1,0.497278,2.38572e-07,7.26432e-08,-4.47035e-08,4.49392e-08
305,3,Box,2.2,0.497278,2.66151e-07,8.75443e-08,-4.47035e-08,3.38975e-08
305,4,Box,3.3,0.497278,2.98656e-07,7.45058e-08,-5.21541e-08,4.51428e-08
305,5,Box,4.4,0.497278,2.98656e-07,7.45058e-08,-5.21541e-08,4.51428e-08
305,6,Box,-3.5,0.442833,0,15,-0.98,0
306,0,Box,0,-1,0,0,0,0
306,1,Box,3.06995e-07,0.497278,2.77656e-07,7.45058e-08,-5.21541e-08,4.69936e-08
306,2,Box,1.1,0.497278,2.39383e-07,7.45058e-08,-5.96046e-08,4.86645e-08
306,3,Box,2.2,0.497278,2.66871e-07,8.19564e-08,-4.47035e-08,4.32108e-08
306,4,Box,3.3,0.497278,2.99166e-07,8.00937e-08,-5.21541e-08,3.05543e-08
306,5,Box,4.4,0.497278,2.99471e-07,7.07805e-08,-5.21541e-08,4.89051e-08
306,6,Box,-3.25,0.423778,0,15,-1.14333,0
307,0,Box,0,-1,0,0,0,0
307,1,Box,3.08237e-07,0.497278,2.78439e-07,7.45058e-08,-5.21541e-08,4.69936e-08
307,2,Box,1.1,0.497278,2.40101e-07,7.07805e-08,-5.21541e-08,4.30765e-08
307,3,Box,2.2,0.497278,2.67529e-07,8.3819e-08,-4.47035e-08,3.94855e-08
307,4,Box,3.3,0.497278,2.99582e-07,8.3819e-08,-5.21541e-08,2.49664e-08
307,5,Box,4.4,0.497278,3.0038e-07,6.89179e-08,-5.21541e-08,5.4493e-08
307,6,Box,-3,0.402,0,15,-1.30667,0
308,0,Box,0,-1,0,0,0,0
308,1,Box,3.09479e-07,0.497278,2.79223e-07,7.45058e-08,-5.21541e-08,4.69936e-08
308,2,Box,1.1,0.497278,2.4085e-07,7.26432e-08,-4.47035e-08,4.49392e-08
308,3,Box,2.2,0.497278,2.68187e-07,8.56817e-08,-4.47035e-08,3.94855e-08
308,4,Box,3.3,0.497278,3.00277e-07,8.56817e-08,-4.47035e-08,4.17302e-08
308,5,Box,4.4,0.497278,3.01133e-07,7.45058e-08,-5.21541e-08,4.51798e-08
308,6,Box,-2.75,0.3775,0,15,-1.47,0
309,0,Box,0,-1,0,0,0,0
309,1,Box,3.1072e-07,0.497278,2.80006e-07,7.45058e-08,-5.21541e-08,4.69936e-08
309,2,Box,1.1,0.497278,2.41661e-07,7.45058e-08,-5.96046e-08,4.86645e-08
309,3,Box,2.2,0.497278,2.68845e-07,8.75443e-08,-4.47035e-08,3.94855e-08
309,4,Box,3.3,0.497278,3.00476e-07,8.75443e-08,-4.47035e-08,1.19278e-08
309,5,Box,4.4,0.497278,3.01948e-07,7.07805e-08,-5.21541e-08,4.89051e-08
309,6,Box,-2.5,0.350278,0,15,-1.63333,0
310,0,Box,0,-1,0,0,0,0
310,1,Box,3.11962e-07,0.497278,2.80789e-07,7.45058e-08,-5.21541e-08,4.69936e-08
310,2,Box,1.1,0.497278,2.42379e-07,7.07805e-08,-5.21541e-08,4.30765e-08
310,3,Box,2.2,0.497278,2.69481e-07,8.75443e-08,-4.47035e-08,3.81488e-08
310,4,Box,3.3,0.497278,3.01078e-07,8.9407e-08,-4.47035e-08,3.61423e-08
310,5,Box,4.4,0.497278,3.02856e-07,6.89179e-08,-5.21541e-08,5.4493e-08
310,6,Box,-2.25,0.320333,0,15,-1.79667,0
311,0,Box,0,-1,0,0,0,0
311,1,Box,3.13204e-07,0.497278,2.81572e-07,7.45058e-08,-5.21541e-08,4.69936e-08
311,2,Box,1.1,0.497278,2.43128e-07,7.26432e-08,-4.47035e-08,4.49392e-08
311,3,Box,2.2,0.497278,2.70117e-07,8.75443e-08,-4.47035e-08,3.81488e-08
311,4,Box,3.3,0.497278,3.01681e-07,8.9407e-08,-4.47035e-08,3.61423e-08
311,5,Box,4.4,0.497278,3.03609e-07,7.45058e-08,-5.21541e-08,4.51798e-08
311,6,Box,-2,0.287667,0,15,-1.96,0
312,0,Box,0,-1,0,0,0,0
312,1,Box,3.14446e-07,0.497278,2.82355e-07,7.45058e-08,-5.21541e-08,4.69936e-08
312,2,Box,1.1,0.497278,2.43939e-07,7.45058e-08,-5.96046e-08,4.86645e-08
312,3,Box,2.2,0.497278,2.70753e-07,8.75443e-08,-4.47035e-08,3.81488e-08
312,4,Box,3.3,0.497278,3.02283e-07,8.9407e-08,-4.47035e-08,3.61423e-08
312,5,Box,4.4,0.497278,3.04424e-07,7.07805e-08,-5.21541e-08,4.89051e-08
312,6,Box,-1.75,0.252278,0,15,-2.12333,0
313,0,Box,0,-1,0,0,0,0
313,1,Box,3.15687e-07,0.497278,2.83139e-07,7.45058e-08,-5.21541e-08,4.69936e-08
313,2,Box,1.1,0.497278,2.44657e-07,7.07805e-08,-5.21541e-08,4.30765e-08
313,3,Box,2.2,0.497278,2.71388e-07,8.75443e-08,-4.47035e-08,3.81488e-08
313,4,Box,3.3,0.497278,3.02885e-07,8.9407e-08,-4.47035e-08,3.61423e-08
313,5,Box,4.4,0.497278,3.05332e-07,6.89179e-08,-5.21541e-08,5.4493e-08
313,6,Box,-1.5,0.214167,0,15,-2.28667,0
314,0,Box,0,-1,0,0,0,0
314,1,Box,3.16929e-07,0.497278,2.83922e-07,7.45058e-08,-5.21541e-08,4.69936e-08
314,2,Box,1.1,0.497278,2.45406e-07,7.26432e-08,-4.47035e-08,4.49392e-08
314,3,Box,2.2,0.497278,2.72024e-07,8.75443e-08,-4.47035e-08,3.81488e-08
314,4,Box,3.3,0.497278,3.03488e-07,8.9407e-08,-4.47035e-08,3.61423e-08
314,5,Box,4.4,0.497278,3.06085e-07,7.45058e-08,-5.21541e-08,4.51798e-08
314,6,Box,-1.25817,0.223667,-4.47035e-09,14.51,-1.78814e-07,-2.68221e-07
315,0,Box,0,-1,0,0,0,0
315,1,Box,3.18171e-07,0.497278,2.84705e-07,7.45058e-08,-5.21541e-08,4.69936e-08
315,2,Box,1.1,0.497278,2.46217e-07,7.45058e-08,-5.96046e-08,4.86645e-08
315,3,Box,2.2,0.497278,2.7266e-07,8.75443e-08,-4.47035e-08,3.81488e-08
315,4,Box,3.3,0.497278,3.0409e-07,8.9407e-08,-4.47035e-08,3.61423e-08
315,5,Box,4.4,0.497278,3.069e-07,7.07805e-08,-5.21541e-08,4.89051e-08
315,6,Box,-1.01688,0.227467,-4.74975e-09,14.4773,-1.49012e-08,-1.67638e-08
316,0,Box,0,-1,0,0,0,0
316,1,Box,3.19413e-07,0.497278,2.85488e-07,7.45058e-08,-5.21541e-08,4.69936e-08
316,2,Box,1.1,0.497278,2.46935e-07,7.07805e-08,-5.21541e-08,4.30765e-08
316,3,Box,2.2,0.497278,2.73296e-07,8.75443e-08,-4.47035e-08,3.81488e-08
316,4,Box,3.3,0.497278,3.04693e-07,8.9407e-08,-4.47035e-08,3.61423e-08
316,5,Box,4.4,0.497278,3.07809e-07,6.89179e-08,-5.21541e-08,5.4493e-08
316,6,Box,-0.776133,0.228987,-5.02914e-09,14.4447,-7.45058e-09,-1.67638e-08
317,0,Box,0,-1,0,0,0,0
317,1,Box,3.20654e-07,0.497278,2.86272e-07,7.45058e-08,-5.21541e-08,4.69936e-08
317,2,Box,1.1,0.497278,2.47684e-07,7.26432e-08,-4.47035e-08,4.49392e-08
317,3,Box,2.2,0.497278,2.73932e-07,8.75443e-08,-4.47035e-08,3.81488e-08
317,4,Box,3.3,0.497278,3.05295e-07,8.9407e-08,-4.47035e-08,3.61423e-08
317,5,Box,4.4,0.497278,3.08562e-07,7.45058e-08,-5.21541e-08,4.51798e-08
317,6,Box,-0.535933,0.229595,-5.30854e-09,14.412,-7.45058e-09,-1.67638e-08
318,0,Box,0,-1,0,0,0,0
318,1,Box,0.102496,0.507292,-0.0150939,3.82095,0.600858,-0.905651
318,2,Box,1.1,0.497278,2.48495e-07,7.45058e-08,-5.96046e-08,4.86645e-08
318,3,Box,2.2,0.497278,2.74567e-07,8.75443e-08,-4.47035e-08,3.81488e-08
318,4,Box,3.3,0.497278,3.05897e-07,8.9407e-08,-4.47035e-08,3.61423e-08
318,5,Box,4.4,0.497278,3.09377e-07,7.07805e-08,-5.21541e-08,4.89051e-08
318,6,Box,-0.513656,0.266299,0.145828,5.99422,2.18765,8.74966
319,0,Box,0,-1,0,0,0,0
319,1,Box,0.189616,0.512747,0.0380343,3.37479,0.355276,3.18769
319,2,Box,1.11523,0.512223,-0.0298915,0.913645,0.896702,-1.79351
319,3,Box,2.2,0.497278,2.75203e-07,8.75443e-08,-4.47035e-08,3.81488e-08
319,4,Box,3.3,0.497278,3.065e-07,8.9407e-08,-4.47035e-08,3.61423e-08
319,5,Box,4.4,0.497278,3.10285e-07,6.89179e-08,-5.21541e-08,5.4493e-08
319,6,Box,-0.496814,0.29704,0.156952,4.7153,1.78855,0.667466
320,0,Box,0,-1,0,0,0,0
320,1,Box,0.219928,0.516482,0.0429994,2.62973,0.14786,0.297904
320,2,Box,1.17677,0.525747,-0.00711388,2.1168,0.858544,1.36666
320,3,Box,2.2,0.497278,2.75839e-07,8.75443e-08,-4.47035e-08,3.81488e-08
320,4,Box,3.3,0.497278,3.07102e-07,8.9407e-08,-4.47035e-08,3.61423e-08
320,5,Box,4.4,0.497278,3.11038e-07,7.45058e-08,-5.21541e-08,4.51798e-08
320,6,Box,-0.45898,0.320454,0.0733506,3.79911,1.46303,-5.01609
321,0,Box,0,-1,0,0,0,0
321,1,Box,0.259402,0.517748,0.0445215,2.6179,0.0436581,0.0913264
321,2,Box,1.22635,0.537232,0.0156638,2.1168,0.695211,1.36666
321,3,Box,2.2,0.497278,2.76475e-07,8.75443e-08,-4.47035e-08,3.81488e-08
321,4,Box,3.3,0.497278,3.07704e-07,8.9407e-08,-4.47035e-08,3.61423e-08
321,5,Box,4.4,0.497278,3.11853e-07,7.07805e-08,-5.21541e-08,4.89051e-08
321,6,Box,-0.415949,0.341243,-0.0102509,3.79911,1.2997,-5.01609
322,0,Box,0,-1,0,0,0,0
322,1,Box,0.304879,0.520169,0.0110543,2.48752,0.12045,-2.00803
322,2,Box,1.25785,0.540425,0.0104963,1.65676,0.183942,-0.310048
322,3,Box,2.22195,0.50533,0.0160784,1.06276,0.483153,0.964689
322,4,Box,3.3,0.497278,3.08307e-07,8.9407e-08,-4.47035e-08,3.61423e-08
322,5,Box,4.4,0.497278,3.12761e-07,6.89179e-08,-5.21541e-08,5.4493e-08
322,6,Box,-0.395493,0.355309,-0.00651808,2.68445,0.908861,0.223972
323,0,Box,0,-1,0,0,0,0
323,1,Box,0.344635,0.519435,-0.0224129,2.48752,-0.0428829,-2.00803
323,2,Box,1.28358,0.540849,0.0172284,1.39932,0.0236763,0.403926
323,3,Box,2.24968,0.51067,0.0196493,1.3202,0.316752,0.214253
323,4,Box,3.3,0.497278,3.08909e-07,8.9407e-08,-4.47035e-08,3.61423e-08
323,5,Box,4.4,0.497278,3.13514e-07,7.45058e-08,-5.21541e-08,4.51798e-08
323,6,Box,-0.363633,0.367592,-0.00278521,2.68445,0.745528,0.223972
324,0,Box,0,-1,0,0,0,0
324,1,Box,0.365538,0.516749,-0.0186288,1.97646,-0.134415,0.227045
324,2,Box,1.32586,0.5388,0.0126235,1.73601,-0.13677,-0.276296
324,3,Box,2.28132,0.512416,0.0115425,1.61417,0.0998732,-0.486409
324,4,Box,3.3,0.497278,3.09512e-07,8.9407e-08,-4.47035e-08,3.61423e-08
324,5,Box,4.4,0.497278,3.14329e-07,7.07805e-08,-5.21541e-08,4.89051e-08
324,6,Box,-0.334944,0.376861,-0.027255,2.44526,0.539908,-1.46819
325,0,Box,0,-1,0,0,0,0
325,1,Box,0.396821,0.512195,-0.0148479,2.09177,-0.257622,0.226852
325,2,Box,1.35779,0.533809,0.0043323,1.74658,-0.302031,-0.497471
325,3,Box,2.31655,0.511315,0.00574797,1.65608,-0.0713402,-0.347671
325,4,Box,3.3,0.497278,3.10114e-07,8.9407e-08,-4.47035e-08,3.61423e-08
325,5,Box,4.4,0.497278,3.15237e-07,6.89179e-08,-5.21541e-08,5.4493e-08
325,6,Box,-0.313537,0.382383,-0.0253209,2.10969,0.315937,0.116046
326,0,Box,0,-1,0,0,0,0
326,1,Box,0.42788,0.505117,-0.0104926,2.08454,-0.418129,0.261318
326,2,Box,1.38869,0.526086,-0.00333748,1.73908,-0.463898,-0.460186
326,3,Box,2.34353,0.508881,-0.0187279,1.22198,-0.14777,-1.46855
326,4,Box,3.3063,0.499239,0.00392207,0.378251,0.117654,0.235306
326,5,Box,4.4,0.497278,3.1599e-07,7.45058e-08,-5.21541e-08,4.51798e-08
326,6,Box,-0.288199,0.385047,-0.0228036,2.10226,0.151232,0.151039
327,0,Box,0,-1,0,0,0,0
327,1,Box,0.459057,0.499017,0.00180569,2.0622,-0.365058,0.737899
327,2,Box,1.41233,0.516321,-0.0166672,1.59478,-0.595552,-0.799785
327,3,Box,2.3613,0.505244,-0.0113602,0.990109,-0.216777,0.442057
327,4,Box,3.32659,0.500266,0.00155479,0.705824,0.0712499,-0.142037
327,5,Box,4.4,0.497278,3.16806e-07,7.07805e-08,-5.21541e-08,4.89051e-08
327,6,Box,-0.261145,0.384795,-0.0171243,2.0619,-0.0197323,0.34076
328,0,Box,0,-1,0,0,0,0
328,1,Box,0.481018,0.498999,0.00180726,1.79154,-0.000212082,9.41557e-05
328,2,Box,1.43606,0.504223,-0.00284483,1.38333,-0.733894,0.829344
328,3,Box,2.38404,0.502425,-0.00573601,1.13977,-0.16661,0.337454
328,4,Box,3.34781,0.501507,-0.00108178,0.892856,0.0787637,-0.158194
328,5,Box,4.4,0.497278,3.17714e-07,6.89179e-08,-5.21541e-08,5.4493e-08
328,6,Box,-0.23386,0.38156,-0.00443468,1.97981,-0.193462,0.761375
329,0,Box,0,-1,0,0,0,0
329,1,Box,0.501669,0.500207,-0.000716016,1.53237,0.0730038,-0.151397
329,2,Box,1.45458,0.491487,0.00413637,1.22253,-0.766775,0.418872
329,3,Box,2.41083,0.503798,-0.00302297,1.33905,0.0837691,0.162782
329,4,Box,3.36993,0.500418,-0.00960886,0.992998,-0.064977,-0.511625
329,5,Box,4.4,0.497278,3.18467e-07,7.45058e-08,-5.21541e-08,4.51798e-08
329,6,Box,-0.208822,0.375874,0.0180843,1.89752,-0.340493,1.35114
330,0,Box,0,-1,0,0,0,0
330,1,Box,0.520355,0.501467,0.00174024,1.36122,0.0754377,0.147376
330,2,Box,1.47611,0.491361,0.00417934,1.25158,-0.00516849,0.00257841
330,3,Box,2.43197,0.503091,-0.00378848,1.21252,-0.0458092,-0.0459302
330,4,Box,3.39669,0.500439,-0.00963627,1.1703,0.00254429,-0.00164486
330,5,Box,4.4,0.497278,3.19282e-07,7.07805e-08,-5.21541e-08,4.89051e-08
330,6,Box,-0.19314,0.368736,0.0114878,1.52301,-0.428644,-0.395788
331,0,Box,0,-1,0,0,0,0
331,1,Box,0.538276,0.500042,0.00688864,1.30955,-0.0851228,0.308904
331,2,Box,1.49397,0.491869,0.00303913,1.11833,0.0317889,-0.068413
331,3,Box,2.45419,0.500801,-0.0069741,1.15553,-0.140749,-0.191137
331,4,Box,3.41598,0.50416,-0.00228531,0.830403,0.224513,0.441058
331,5,Box,4.40622,0.501043,-0.00755353,0.373023,0.22593,-0.453231
331,6,Box,-0.175251,0.35886,0.00482279,1.52214,-0.591805,-0.399902
332,0,Box,0,-1,0,0,0,0
332,1,Box,0.552609,0.500011,0.00690318,1.14018,-0.00171295,0.000872251
332,2,Box,1.51288,0.491871,0.00302517,1.10706,6.82501e-05,-0.000837535
332,3,Box,2.47362,0.50114,-0.00638897,1.09057,0.0181467,0.0351078
332,4,Box,3.43614,0.505135,-0.0101183,0.839431,0.059353,-0.469979
332,5,Box,4.41542,0.501941,-0.0057714,0.552276,0.0538377,0.106928
332,6,Box,-0.159092,0.34677,0.01824,1.35433,-0.722777,0.80503
333,0,Box,0,-1,0,0,0,0
333,1,Box,0.568102,0.499995,0.00691263,1.0792,-0.00149334,0.000567235
333,2,Box,1.52967,0.491859,0.00302039,1.0473,-0.000597541,-0.00028676
333,3,Box,2.4922,0.501211,-0.00638704,1.03306,0.000729248,0.000115467
333,4,Box,3.45563,0.503615,-0.00468283,0.872265,-0.0892367,0.326128
333,5,Box,4.42748,0.502579,-0.00706681,0.671844,0.0385872,-0.0777244
333,6,Box,-0.148057,0.332622,0.0151338,1.14391,-0.845536,-0.186371
334,0,Box,0,-1,0,0,0,0
334,1,Box,0.581712,0.499985,0.00691704,1.00702,-0.000714082,0.000264155
334,2,Box,1.54568,0.491854,0.0030181,0.991799,-0.000197916,-0.000137214
334,3,Box,2.51002,0.501271,-0.00639102,0.985355,0.000929473,-0.000238375
334,4,Box,3.47241,0.500038,-0.00864409,0.86082,-0.213959,-0.237676
334,5,Box,4.4427,0.502564,-0.00706575,0.744839,-9.47231e-05,6.34964e-05
334,6,Box,-0.135484,0.315881,0.00922174,1.10835,-1.00201,-0.354722
335,0,Box,0,-1,0,0,0,0
335,1,Box,0.594373,0.499964,0.00692548,0.938296,-0.00129077,0.000506701
335,2,Box,1.56012,0.491829,0.00302126,0.90797,-0.00137481,0.000189703
335,3,Box,2.5251,0.501312,-0.00638502,0.876338,-0.000803914,0.00035971
335,4,Box,3.48909,0.500068,-0.00866126,0.853196,0.00264873,-0.00102981
335,5,Box,4.45954,0.502646,-0.00731946,0.820713,0.00624206,-0.0152227
335,6,Box,-0.122343,0.296518,0.00100662,1.07943,-1.15977,-0.492907
336,0,Box,0,-1,0,0,0,0
336,1,Box,0.606975,0.499953,0.00693246,0.887849,-0.000864491,0.000418775
336,2,Box,1.57357,0.491818,0.00301919,0.869324,-0.000517758,-0.000124271
336,3,Box,2.54012,0.501356,-0.00638046,0.856082,-0.000401523,0.000273731
336,4,Box,3.50523,0.50008,-0.00866997,0.844139,0.0013399,-0.000522937
336,5,Box,4.47644,0.502611,-0.00731145,0.829145,-0.000718599,0.000480889
336,6,Box,-0.111504,0.274777,0.00571374,0.971164,-1.30223,0.282427
337,0,Box,0,-1,0,0,0,0
337,1,Box,0.618403,0.499947,0.00693528,0.839188,-0.000351847,0.000169028
337,2,Box,1.58662,0.491811,0.00301855,0.83158,-0.000230557,-3.83871e-05
337,3,Box,2.5545,0.5014,-0.00637863,0.825803,-0.000170639,0.000109749
337,4,Box,3.52087,0.50008,-0.00867372,0.820726,0.000572897,-0.000224565
337,5,Box,4.49286,0.502585,-0.00730802,0.814315,-0.000307048,0.000205607
337,6,Box,-0.0997263,0.25038,0.0125484,0.953396,-1.46214,0.410081
338,0,Box,0,-1,0,0,0,0
338,1,Box,0.62988,0.499949,0.00693611,0.797789,-9.83404e-05,4.98736e-05
338,2,Box,1.59898,0.491807,0.00301856,0.795595,-8.40823e-05,3.95943e-07
338,3,Box,2.56832,0.501443,-0.00637804,0.793554,-6.83967e-05,3.53147e-05
338,4,Box,3.53588,0.500073,-0.00867535,0.791698,0.000142773,-9.79513e-05
338,5,Box,4.50864,0.502564,-0.00730596,0.789591,-0.000124021,0.00012326
338,6,Box,-0.093877,0.250347,0.0125484,0.628302,1.49012e-07,-7.58678e-07
339,0,Box,0,-1,0,0,0,0
339,1,Box,0.63991,0.499945,0.00693645,0.762585,-4.03603e-05,2.04539e-05
339,2,Box,1.61095,0.491804,0.00301854,0.761694,-3.20415e-05,-9.93066e-07
339,3,Box,2.58152,0.501482,-0.00637783,0.760915,-2.42918e-05,1.2957e-05
339,4,Box,3.55024,0.500066,-0.00867589,0.760243,7.30871e-05,-3.27445e-05
339,5,Box,4.52369,0.502546,-0.00730557,0.759424,-3.90456e-05,2.38561e-05
339,6,Box,-0.0863209,0.250331,0.0125484,0.595635,-1.49012e-08,-2.05796e-08
340,0,Box,0,-1,0,0,0,0
340,1,Box,0.649465,0.49994,0.00693658,0.72891,-1.56202e-05,7.89728e-06
340,2,Box,1.62215,0.491801,0.00301853,0.728569,-1.1423e-05,-8.83763e-07
340,3,Box,2.59415,0.501519,-0.00637774,0.728286,-9.14242e-06,5.21116e-06
340,4,Box,3.56392,0.500058,-0.00867612,0.728028,2.02407e-05,-1.35187e-05
340,5,Box,4.538,0.50253,-0.00730528,0.727728,-1.7918e-05,1.73815e-05
340,6,Box,-0.0783198,0.250321,0.0125484,0.562969,-1.49012e-08,-2.61567e-08
341,0,Box,0,-1,0,0,0,0
341,1,Box,0.658652,0.499934,0.00693663,0.695853,-5.96319e-06,3.04134e-06
341,2,Box,1.63274,0.491798,0.00301852,0.695726,-3.66009e-06,-7.18404e-07
341,3,Box,2.60612,0.501552,-0.0063777,0.695631,-3.26123e-06,2.07978e-06
341,4,Box,3.57694,0.500051,-0.0086762,0.695539,7.11561e-06,-4.76213e-06
341,5,Box,4.55159,0.502515,-0.00730518,0.695434,-6.3234e-06,6.08117e-06
341,6,Box,-0.0702415,0.250316,0.0125484,0.530302,-1.49012e-08,-2.61567e-08
342,0,Box,0,-1,0,0,0,0
342,1,Box,0.667492,0.499928,0.00693665,0.663035,-2.17191e-06,1.09891e-06
342,2,Box,1.64278,0.491795,0.0030185,0.662991,-6.61109e-07,-6.51535e-07
342,3,Box,2.61745,0.501582,-0.00637769,0.662969,-9.84347e-07,8.78012e-07
342,4,Box,3.58927,0.500045,-0.00867622,0.662942,1.99989e-06,-1.37571e-06
342,5,Box,4.56446,0.502502,-0.00730515,0.662912,-1.79607e-06,1.70012e-06
342,6,Box,-0.062264,0.250314,0.0125484,0.497636,-7.45058e-09,-2.62996e-08
343,0,Box,0,-1,0,0,0,0
343,1,Box,0.675988,0.499922,0.00693666,0.630304,-4.27636e-07,2.28517e-07
343,2,Box,1.6523,0.491792,0.0030185,0.630298,3.99397e-07,-4.37651e-07
343,3,Box,2.62814,0.501609,-0.00637769,0.630304,-1.22764e-07,2.23725e-07
343,4,Box,3.60091,0.500039,-0.00867622,0.630304,-2.27584e-07,8.93129e-08
343,5,Box,4.57663,0.50249,-0.00730515,0.630306,4.33115e-08,-2.10163e-08
343,6,Box,-0.0545145,0.250314,0.0125484,0.464969,-7.45058e-09,-3.74035e-08
344,0,Box,0,-1,0,0,0,0
344,1,Box,0.684246,0.499917,0.00693665,0.597611,1.7289e-07,-1.90535e-07
344,2,Box,1.66132,0.491789,0.00301849,0.59762,4.42211e-07,-3.26241e-07
344,3,Box,2.63823,0.501633,-0.00637768,0.597638,-4.45219e-07,1.98409e-07
344,4,Box,3.61188,0.500034,-0.0086762,0.597647,-2.05516e-06,1.01647e-06
344,5,Box,4.58809,0.502479,-0.00730515,0.597666,6.18682e-07,-1.2458e-07
344,6,Box,-0.0473095,0.250314,0.0125484,0.432302,-1.49012e-08,3.13635e-09
345,0,Box,0,-1,0,0,0,0
345,1,Box,0.692188,0.499912,0.00693665,0.564932,4.14126e-07,-3.9719e-07
345,2,Box,1.66989,0.491787,0.00301849,0.564948,3.96413e-07,-3.34877e-07
345,3,Box,2.64772,0.501654,-0.00637768,0.564972,-6.4919e-07,3.05021e-07
345,4,Box,3.6222,0.500029,-0.00867618,0.564984,-2.9339e-06,1.44596e-06
345,5,Box,4.59886,0.502469,-0.00730515,0.565012,9.02453e-07,-2.02063e-07
345,6,Box,-0.0406489,0.250314,0.0125484,0.399636,-1.49012e-08,-5.59837e-10
346,0,Box,0,-1,0,0,0,0
346,1,Box,0.699773,0.499908,0.00693664,0.53226,5.25303e-07,-4.69374e-07
346,2,Box,1.678,0.491785,0.00301848,0.532279,3.82243e-07,-3.50063e-07
346,3,Box,2.65663,0.501673,-0.00637767,0.532305,-7.42023e-07,3.36403e-07
346,4,Box,3.63185,0.500025,-0.00867615,0.53232,-3.34048e-06,1.63661e-06
346,5,Box,4.60895,0.50246,-0.00730516,0.532351,1.03664e-06,-2.3201e-07
346,6,Box,-0.0345327,0.250314,0.0125484,0.366969,-1.49012e-08,-4.1107e-08
347,0,Box,0,-1,0,0,0,0
347,1,Box,0.706972,0.499905,0.00693663,0.49959,5.77867e-07,-5.17498e-07
347,2,Box,1.68565,0.491783,0.00301848,0.499612,3.6588e-07,-3.49108e-07
347,3,Box,2.66498,0.50169,-0.00637767,0.499639,-7.8113e-07,3.63342e-07
347,4,Box,3.64087,0.500022,-0.00867612,0.499654,-3.52945e-06,1.73868e-06
347,5,Box,4.61837,0.502452,-0.00730516,0.499687,1.09442e-06,-2.44854e-07
347,6,Box,-0.028961,0.250314,0.0125484,0.334302,-7.45058e-09,-3.74033e-08
348,0,Box,0,-1,0,0,0,0
348,1,Box,0.713761,0.499902,0.00693662,0.466923,5.97187e-07,-5.47898e-07
348,2,Box,1.69283,0.491781,0.00301847,0.466944,3.65144e-07,-3.53839e-07
348,3,Box,2.67278,0.501705,-0.00637766,0.466972,-7.9633e-07,3.60286e-07
348,4,Box,3.64927,0.500019,-0.00867609,0.466988,-3.59999e-06,1.76644e-06
348,5,Box,4.62712,0.502445,-0.00730516,0.467021,1.10937e-06,-2.49046e-07
348,6,Box,-0.0239338,0.250314,0.0125484,0.301636,-7.45058e-09,-2.55001e-08
349,0,Box,0,-1,0,0,0,0
349,1,Box,0.720124,0.499899,0.00693661,0.434255,6.10192e-07,-5.49847e-07
349,2,Box,1.69953,0.491779,0.00301846,0.434278,3.54772e-07,-3.44476e-07
349,3,Box,2.68003,0.501718,-0.00637765,0.434306,-8.09693e-07,3.66044e-07
349,4,Box,3.65705,0.500016,-0.00867606,0.434321,-3.64424e-06,1.79968e-06
349,5,Box,4.63523,0.502439,-0.00730517,0.434355,1.12715e-06,-2.36828e-07
349,6,Box,-0.019451,0.250314,0.0125484,0.268969,-7.45058e-09,-3.74035e-08
350,0,Box,0,-1,0,0,0,0
350,1,Box,0.726044,0.499897,0.0069366,0.401588,6.13495e-07,-5.43797e-07
350,2,Box,1.70575,0.491778,0.00301846,0.401611,3.52785e-07,-3.34322e-07
350,3,Box,2.68673,0.50173,-0.00637765,0.401639,-8.26773e-07,3.76595e-07
350,4,Box,3.66422,0.500014,-0.00867603,0.401655,-3.66292e-06,1.81692e-06
350,5,Box,4.64269,0.502433,-0.00730517,0.401689,1.13177e-06,-2.26741e-07
350,6,Box,-0.0155126,0.250314,0.0125484,0.236302,-1.49012e-08,3.13635e-09
351,0,Box,0,-1,0,0,0,0
351,1,Box,0.731509,0.499895,0.00693659,0.368922,6.15648e-07,-5.61326e-07
351,2,Box,1.71148,0.491776,0.00301845,0.368944,3.54579e-07,-3.40539e-07
351,3,Box,2.69288,0.50174,-0.00637764,0.368972,-8.2208e-07,3.89787e-07
351,4,Box,3.67079,0.500012,-0.008676,0.368988,-3.67773e-06,1.80557e-06
351,5,Box,4.64951,0.502428,-0.00730518,0.369022,1.13796e-06,-2.5495e-07
351,6,Box,-0.0121187,0.250314,0.0125484,0.203635,-1.49012e-08,-4.1107e-08
352,0,Box,0,-1,0,0,0,0
352,1,Box,0.73651,0.499893,0.00693658,0.336255,6.1739e-07,-5.26024e-07
352,2,Box,1.71671,0.491775,0.00301845,0.336277,3.44776e-07,-3.40901e-07
352,3,Box,2.69849,0.501749,-0.00637763,0.336306,-8.25896e-07,3.81558e-07
352,4,Box,3.67677,0.50001,-0.00867597,0.336321,-3.67417e-06,1.81578e-06
352,5,Box,4.65572,0.502424,-0.00730518,0.336356,1.13881e-06,-2.50727e-07
352,6,Box,-0.00926919,0.250314,0.0125484,0.170969,-1.49012e-08,3.13635e-09
353,0,Box,0,-1,0,0,0,0
353,1,Box,0.741035,0.499891,0.00693657,0.303588,6.18397e-07,-5.27496e-07
353,2,Box,1.72144,0.491774,0.00301844,0.303611,3.52467e-07,-3.58703e-07
353,3,Box,2.70355,0.501758,-0.00637763,0.303639,-8.24353e-07,3.78885e-07
353,4,Box,3.68216,0.500008,-0.00867594,0.303655,-3.67251e-06,1.80184e-06
353,5,Box,4.66131,0.50242,-0.00730518,0.303689,1.13437e-06,-2.47092e-07
353,6,Box,-0.00696416,0.250314,0.0125484,0.138302,-1.49012e-08,-4.1107e-08
354,0,Box,0,-1,0,0,0,0
354,1,Box,0.745078,0.49989,0.00693657,0.270922,6.14666e-07,-5.38593e-07
354,2,Box,1.72567,0.491773,0.00301843,0.270944,3.54207e-07,-3.52091e-07
354,3,Box,2.70806,0.501765,-0.00637762,0.270972,-8.27372e-07,3.78726e-07
354,4,Box,3.68697,0.500007,-0.00867591,0.270988,-3.67724e-06,1.8156e-06
354,5,Box,4.6663,0.502416,-0.00730519,0.271022,1.13665e-06,-2.53987e-07
354,6,Box,-0.00520357,0.250314,0.0125484,0.105635,-7.45058e-09,-2.55001e-08
355,0,Box,0,-1,0,0,0,0
355,1,Box,0.748631,0.499889,0.00693656,0.238255,6.19945e-07,-5.39163e-07
355,2,Box,1.72938,0.491773,0.00301843,0.238277,3.44549e-07,-3.35191e-07
355,3,Box,2.71204,0.501771,-0.00637762,0.238306,-8.26019e-07,3.59884e-07
355,4,Box,3.6912,0.500005,-0.00867588,0.238321,-3.67207e-06,1.79871e-06
355,5,Box,4.67069,0.502413,-0.00730519,0.238356,1.14196e-06,-2.49647e-07
355,6,Box,-0.00398742,0.250314,0.0125484,0.0729687,0,-9.07377e-08
356,0,Box,0,-1,0,0,0,0
356,1,Box,0.751687,0.499888,0.00693655,0.205588,6.25925e-07,-5.44705e-07
356,2,Box,1.73258,0.491772,0.00301842,0.205611,3.4304e-07,-3.435e-07
356,3,Box,2.71546,0.501776,-0.00637761,0.205639,-8.31266e-07,3.69428e-07
356,4,Box,3.69485,0.500004,-0.00867585,0.205655,-3.66961e-06,1.8164e-06
356,5,Box,4.67449,0.50241,-0.0073052,0.205689,1.13282e-06,-2.59399e-07
356,6,Box,-0.00331572,0.250314,0.0125484,0.0403021,-2.23517e-08,1.14943e-07
357,0,Box,0,-1,0,0,0,0
357,1,Box,0.754242,0.499887,0.00693654,0.172922,6.18392e-07,-5.62775e-07
357,2,Box,1.73526,0.491771,0.00301842,0.172944,3.41961e-07,-3.41841e-07
357,3,Box,2.71835,0.501781,-0.0063776,0.172972,-8.25172e-07,3.88622e-07
357,4,Box,3.69794,0.500003,-0.00867582,0.172988,-3.65925e-06,1.79845e-06
357,5,Box,4.6777,0.502408,-0.0073052,0.173023,1.12496e-06,-2.42527e-07
357,6,Box,-0.00318846,0.250314,0.0125485,0.00763547,-3.65078e-07,3.38226e-06
358,0,Box,0,-1,0,0,0,0
358,1,Box,0.756289,0.499886,0.00693653,0.140255,6.20459e-07,-5.58758e-07
358,2,Box,1.73742,0.491771,0.00301841,0.140277,3.48233e-07,-3.37121e-07
358,3,Box,2.72068,0.501786,-0.0063776,0.140306,-8.23001e-07,3.60765e-07
358,4,Box,3.70046,0.500002,-0.00867579,0.140321,-3.66275e-06,1.79672e-06
358,5,Box,4.68033,0.502406,-0.00730521,0.140356,1.12544e-06,-2.53507e-07
358,6,Box,-0.00318424,0.250316,0.0125385,0.000253582,0.000121206,-0.000596085
359,0,Box,0,-1,0,0,0,0
359,1,Box,0.757826,0.499885,0.00693652,0.107588,6.19868e-07,-5.35795e-07
359,2,Box,1.73905,0.49177,0.00301841,0.107611,3.40909e-07,-3.21497e-07
359,3,Box,2.72248,0.50179,-0.00637759,0.107639,-8.19667e-07,3.55377e-07
359,4,Box,3.70241,0.500001,-0.00867576,0.107655,-3.65063e-06,1.78771e-06
359,5,Box,4.68238,0.502404,-0.00730521,0.107689,1.12532e-06,-2.4443e-07
359,6,Box,-0.00318341,0.250316,0.0125366,4.97289e-05,2.36481e-05,-0.000116511
360,0,Box,0,-1,0,0,0,0
360,1,Box,0.758847,0.499884,0.0069365,0.0748946,1.08431e-06,-9.62194e-07
360,2,Box,1.74016,0.49177,0.0030184,0.0749323,6.02617e-07,-2.20792e-07
360,3,Box,2.72373,0.501793,-0.00637758,0.0749771,-1.3672e-06,6.96278e-07
360,4,Box,3.7038,0.5,-0.00867572,0.074999,-5.12425e-06,2.78535e-06
360,5,Box,4.68386,0.502403,-0.00730522,0.0750459,1.34745e-06,-3.11425e-07
360,6,Box,-0.00318273,0.250317,0.012535,4.06522e-05,1.93119e-05,-9.51895e-05
361,0,Box,0,-1,0,0,0,0
361,1,Box,0.759349,0.499884,0.00693647,0.0421735,2.35757e-06,-2.01574e-06
361,2,Box,1.74074,0.49177,0.00301841,0.0422528,3.70363e-06,7.0225e-07
361,3,Box,2.72443,0.501796,-0.0063776,0.0423213,-2.36013e-06,-1.15935e-06
361,4,Box,3.70463,0.5,-0.00867566,0.0423535,-6.59742e-06,3.62196e-06
361,5,Box,4.68477,0.502401,-0.00730522,0.0424139,1.73402e-06,-4.20192e-07
361,6,Box,-0.00318206,0.250317,0.0125334,4.0248e-05,1.91182e-05,-9.42616e-05
362,0,Box,0,-1,0,0,0,0
362,1,Box,0.75933,0.499883,0.00693644,0.00948523,2.70148e-06,-2.02142e-06
362,2,Box,1.74079,0.491769,0.0030184,0.00956491,5.03183e-06,-7.53191e-07
362,3,Box,2.72459,0.501799,-0.00637759,0.00966242,-2.78378e-06,4.36889e-07
362,4,Box,3.7049,0.499999,-0.00867557,0.00969716,-7.86961e-06,5.18927e-06
362,5,Box,4.68511,0.5024,-0.00730522,0.00977188,2.45115e-06,2.02035e-07
362,6,Box,-0.00318139,0.250317,0.0125319,4.02294e-05,1.91033e-05,-9.42003e-05
363,0,Box,0,-1,0,0,0,0
363,1,Box,0.759177,0.499885,0.00693116,0.000266327,0.000128167,-0.000316905
363,2,Box,1.7407,0.491771,0.00301336,0.00025272,0.000121835,-0.000302742
363,3,Box,2.7246,0.501803,-0.00638262,0.000244192,0.000121049,-0.000301703
363,4,Box,3.705,0.500001,-0.00868066,0.000245309,0.000122511,-0.000305517
363,5,Box,4.68527,0.502401,-0.00731028,0.000246698,0.00012123,-0.00030358
363,6,Box,-0.00318072,0.250318,0.0125303,4.02182e-05,1.91107e-05,-9.41705e-05
364,0,Box,0,-1,0,0,0,0
364,1,Box,0.759039,0.499885,0.00693062,1.9742e-05,1.51884e-05,-3.22353e-05
364,2,Box,1.74061,0.491771,0.00301309,1.31381e-05,6.68661e-06,-1.62892e-05
364,3,Box,2.7246,0.501805,-0.00638274,6.90532e-06,2.79228e-06,-7.54754e-06
364,4,Box,3.70509,0.5,-0.00868066,6.32543e-08,2.5411e-06,-1.27073e-07
364,5,Box,4.68541,0.5024,-0.0073102,-2.41504e-06,1.72487e-07,4.79353e-06
364,6,Box,-0.00318005,0.250318,0.0125287,4.02164e-05,1.91033e-05,-9.41855e-05
365,0,Box,0,-1,0,0,0,0
365,1,Box,0.758916,0.499884,0.00693044,9.70633e-06,4.02409e-06,-1.05566e-05
365,2,Box,1.74054,0.491771,0.00301307,5.90063e-07,3.14494e-07,-1.18083e-06
365,3,Box,2.7246,0.501807,-0.00638245,-8.73842e-06,7.80271e-07,1.73701e-05
365,4,Box,3.70517,0.5,-0.00868019,-1.44423e-05,1.19686e-06,2.864e-05
365,5,Box,4.68553,0.502399,-0.0073097,-1.51374e-05,1.18702e-06,3.00569e-05
365,6,Box,-0.00317938,0.250318,0.0125271,4.02126e-05,1.90958e-05,-9.41704e-05
366,0,Box,0,-1,0,0,0,0
366,1,Box,0.758807,0.499884,0.00693028,9.23772e-06,3.55931e-06,-9.63241e-06
366,2,Box,1.74047,0.49177,0.00301306,1.3362e-08,2.76059e-07,-3.14195e-08
366,3,Box,2.7246,0.501809,-0.00638214,-9.45985e-06,8.34078e-07,1.88035e-05
366,4,Box,3.70523,0.5,-0.00867969,-1.49533e-05,1.2407e-06,2.96512e-05
366,5,Box,4.68564,0.502398,-0.00730918,-1.56116e-05,1.23497e-06,3.09979e-05
366,6,Box,-0.00317871,0.250319,0.0125256,4.02071e-05,1.90958e-05,-9.41537e-05
367,0,Box,0,-1,0,0,0,0
367,1,Box,0.75871,0.499884,0.00693012,9.21821e-06,3.54005e-06,-9.59611e-06
367,2,Box,1.74041,0.49177,0.00301307,-1.37812e-08,2.76448e-07,2.3732e-08
367,3,Box,2.7246,0.50181,-0.00638183,-9.48943e-06,8.35673e-07,1.88586e-05
367,4,Box,3.70529,0.499999,-0.0086792,-1.49747e-05,1.24018e-06,2.96944e-05
367,5,Box,4.68573,0.502398,-0.00730866,-1.56286e-05,1.2304e-06,3.10304e-05
367,6,Box,-0.00317804,0.250319,0.012524,4.02033e-05,1.90958e-05,-9.41369e-05
368,0,Box,0,-1,0,0,0,0
368,1,Box,0.758625,0.499884,0.00692996,9.21712e-06,3.53487e-06,-9.58732e-06
368,2,Box,1.74036,0.49177,0.00301307,-1.38333e-08,2.77775e-07,2.35594e-08
368,3,Box,2.7246,0.501812,-0.00638151,-9.48714e-06,8.3226e-07,1.88547e-05
368,4,Box,3.70534,0.499999,-0.0086787,-1.49766e-05,1.23108e-06,2.96949e-05
368,5,Box,4.68582,0.502397,-0.00730815,-1.56296e-05,1.23187e-06,3.10323e-05
368,6,Box,-0.00317737,0.250319,0.0125224,4.01977e-05,1.90958e-05,-9.41382e-05
369,0,Box,0,-1,0,0,0,0
369,1,Box,0.758549,0.499883,0.0069298,9.21572e-06,3.5367e-06,-9.58616e-06
369,2,Box,1.74031,0.49177,0.00301307,-1.07548e-08,2.77369e-07,1.84885e-08
369,3,Box,2.7246,0.501813,-0.0063812,-9.49507e-06,8.30611e-07,1.88662e-05
369,4,Box,3.70539,0.499999,-0.00867821,-1.49752e-05,1.24029e-06,2.96968e-05
369,5,Box,4.6859,0.502396,-0.00730763,-1.56295e-05,1.23034e-06,3.10301e-05
369,6,Box,-0.0031767,0.25032,0.0125209,4.01959e-05,1.90958e-05,-9.41526e-05
370,0,Box,0,-1,0,0,0,0
370,1,Box,0.758482,0.499883,0.00692964,9.21986e-06,3.54082e-06,-9.58645e-06
370,2,Box,1.74027,0.49177,0.00301307,-8.61701e-09,2.77508e-07,2.08084e-08
370,3,Box,2.7246,0.501814,-0.00638088,-9.48865e-06,8.2842e-07,1.88615e-05
370,4,Box,3.70543,0.499999,-0.00867771,-1.49708e-05,1.2374e-06,2.96869e-05
370,5,Box,4.68596,0.502396,-0.00730711,-1.56279e-05,1.2386e-06,3.10344e-05
370,6,Box,-0.00317603,0.25032,0.0125193,4.01884e-05,1.90884e-05,-9.4118e-05
371,0,Box,0,-1,0,0,0,0
371,1,Box,0.758423,0.499883,0.00692948,9.21889e-06,3.54095e-06,-9.59583e-06
371,2,Box,1.74023,0.49177,0.00301307,-1.14648e-08,2.78542e-07,2.72462e-08
371,3,Box,2.7246,0.501815,-0.00638057,-9.49028e-06,8.28932e-07,1.88645e-05
371,4,Box,3.70547,0.499998,-0.00867722,-1.49722e-05,1.2364e-06,2.96896e-05
371,5,Box,4.68602,0.502395,-0.00730659,-1.56248e-05,1.23048e-06,3.1028e-05
371,6,Box,-0.00317536,0.25032,0.0125177,4.01828e-05,1.90884e-05,-9.40826e-05
372,0,Box,0,-1,0,0,0,0
372,1,Box,0.75837,0.499883,0.00692932,9.21942e-06,3.54112e-06,-9.5901e-06
372,2,Box,1.7402,0.49177,0.00301307,-7.12734e-09,2.73854e-07,1.69838e-08
372,3,Box,2.7246,0.501815,-0.00638026,-9.49048e-06,8.26381e-07,1.88636e-05
372,4,Box,3.7055,0.499998,-0.00867672,-1.49705e-05,1.23905e-06,2.9685e-05
372,5,Box,4.68607,0.502395,-0.00730608,-1.56229e-05,1.23491e-06,3.10233e-05
372,6,Box,-0.00317469,0.250321,0.0125162,4.01791e-05,1.90884e-05,-9.40899e-05
373,0,Box,0,-1,0,0,0,0
373,1,Box,0.758324,0.499883,0.00692916,9.21673e-06,3.5351e-06,-9.59556e-06
373,2,Box,1.74017,0.49177,0.00301307,-9.42886e-09,2.74465e-07,1.73664e-08
373,3,Box,2.7246,0.501816,-0.00637994,-9.49159e-06,8.32177e-07,1.8863e-05
373,4,Box,3.70553,0.499998,-0.00867623,-1.49733e-05,1.23678e-06,2.96876e-05
373,5,Box,4.68612,0.502395,-0.00730556,-1.56269e-05,1.23678e-06,3.10234e-05
373,6,Box,-0.00317402,0.250321,0.0125146,4.01791e-05,1.90884e-05,-9.40846e-05
374,0,Box,0,-1,0,0,0,0
374,1,Box,0.758283,0.499883,0.006929,9.21706e-06,3.53708e-06,-9.59123e-06
374,2,Box,1.74014,0.491769,0.00301307,-1.09779e-08,2.75786e-07,1.84158e-08
374,3,Box,2.72459,0.501817,-0.00637963,-9.48881e-06,8.30355e-07,1.88561e-05
374,4,Box,3.70555,0.499998,-0.00867574,-1.49699e-05,1.24419e-06,2.96805e-05
374,5,Box,4.68616,0.502394,-0.00730504,-1.56263e-05,1.23534e-06,3.10309e-05
374,6,Box,-0.00317335,0.250321,0.012513,4.01754e-05,1.90809e-05,-9.40943e-05
375,0,Box,0,-1,0,0,0,0
375,1,Box,0.758246,0.499883,0.00692884,9.21713e-06,3.53511e-06,-9.59181e-06
375,2,Box,1.74012,0.491769,0.00301307,-9.50699e-09,2.72355e-07,1.60781e-08
375,3,Box,2.72459,0.501817,-0.00637931,-9.48296e-06,8.30761e-07,1.88493e-05
375,4,Box,3.70558,0.499998,-0.00867524,-1.49678e-05,1.24205e-06,2.96813e-05
375,5,Box,4.6862,0.502394,-0.00730453,-1.56265e-05,1.23502e-06,3.10233e-05
375,6,Box,-0.00317268,0.250322,0.0125115,4.01698e-05,1.90809e-05,-9.40324e-05
376,0,Box,0,-1,0,0,0,0
376,1,Box,0.758214,0.499883,0.00692868,9.21606e-06,3.53439e-06,-9.58892e-06
376,2,Box,1.7401,0.491769,0.00301307,-1.05559e-08,2.75445e-07,2.36827e-08
376,3,Box,2.72459,0.501818,-0.006379,-9.49149e-06,8.28521e-07,1.88604e-05
376,4,Box,3.70559,0.499998,-0.00867475,-1.49645e-05,1.23406e-06,2.96772e-05
376,5,Box,4.68623,0.502394,-0.00730401,-1.56237e-05,1.228e-06,3.1018e-05
376,6,Box,-0.00317201,0.250322,0.0125099,4.01605e-05,1.90809e-05,-9.40386e-05
377,0,Box,0,-1,0,0,0,0
377,1,Box,0.758186,0.499883,0.00692852,9.2172e-06,3.53529e-06,-9.58534e-06
377,2,Box,1.74008,0.491769,0.00301307,-5.78797e-09,2.70083e-07,1.50043e-08
377,3,Box,2.72459,0.501818,-0.00637868,-9.48431e-06,8.33477e-07,1.88516e-05
377,4,Box,3.70561,0.499998,-0.00867425,-1.49674e-05,1.24056e-06,2.96795e-05
377,5,Box,4.68626,0.502394,-0.00730349,-1.56258e-05,1.22845e-06,3.1022e-05
377,6,Box,-0.00317134,0.250322,0.0125083,4.01586e-05,1.90735e-05,-9.40353e-05
378,0,Box,0,-1,0,0,0,0
378,1,Box,0.75816,0.499883,0.00692837,9.21967e-06,3.53799e-06,-9.58814e-06
378,2,Box,1.74007,0.491769,0.00301307,-9.51378e-09,2.77603e-07,1.65854e-08
378,3,Box,2.72459,0.501819,-0.00637837,-9.49033e-06,8.32411e-07,1.88594e-05
378,4,Box,3.70563,0.499998,-0.00867376,-1.49647e-05,1.24103e-06,2.96758e-05
378,5,Box,4.68628,0.502394,-0.00730298,-1.56221e-05,1.23372e-06,3.10202e-05
378,6,Box,-0.00317067,0.250323,0.0125068,4.01568e-05,1.90735e-05,-9.40478e-05
379,0,Box,0,-1,0,0,0,0
379,1,Box,0.758138,0.499883,0.00692821,9.21873e-06,3.54103e-06,-9.58873e-06
379,2,Box,1.74005,0.491769,0.00301307,-7.20667e-09,2.7726e-07,1.06591e-08
379,3,Box,2.72459,0.501819,-0.00637806,-9.48764e-06,8.32435e-07,1.88535e-05
379,4,Box,3.70564,0.499998,-0.00867326,-1.49659e-05,1.23023e-06,2.96724e-05
379,5,Box,4.6863,0.502393,-0.00730246,-1.56184e-05,1.23435e-06,3.10093e-05
379,6,Box,-0.00317,0.250323,0.0125052,4.01493e-05,1.9066e-05,-9.40325e-05
380,0,Box,0,-1,0,0,0,0
380,1,Box,0.758118,0.499883,0.00692805,9.22082e-06,3.54147e-06,-9.58956e-06
380,2,Box,1.74004,0.491769,0.00301307,-1.19598e-08,2.71846e-07,2.38465e-08
380,3,Box,2.72459,0.501819,-0.00637774,-9.48998e-06,8.34505e-07,1.88561e-05
380,4,Box,3.70565,0.499998,-0.00867277,-1.49643e-05,1.2345e-06,2.96765e-05
380,5,Box,4.68632,0.502393,-0.00730194,-1.56186e-05,1.23299e-06,3.10079e-05
380,6,Box,-0.00316933,0.250323,0.0125036,4.01475e-05,1.90735e-05,-9.4026e-05
381,0,Box,0,-1,0,0,0,0
381,1,Box,0.7581,0.499883,0.00692789,9.22066e-06,3.54079e-06,-9.58981e-06
381,2,Box,1.74003,0.491769,0.00301307,-5.91652e-09,2.73018e-07,7.89129e-09
381,3,Box,2.72459,0.50182,-0.00637743,-9.48384e-06,8.29416e-07,1.88443e-05
381,4,Box,3.70566,0.499998,-0.00867227,-1.49649e-05,1.23753e-06,2.96766e-05
381,5,Box,4.68634,0.502393,-0.00730143,-1.56179e-05,1.23455e-06,3.10124e-05
381,6,Box,-0.00316866,0.250324,0.0125021,4.01456e-05,1.9066e-05,-9.40087e-05
382,0,Box,0,-1,0,0,0,0
382,1,Box,0.758085,0.499883,0.00692773,9.21387e-06,3.53818e-06,-9.5881e-06
382,2,Box,1.74002,0.491769,0.00301307,-6.75269e-09,2.69358e-07,1.6907e-08
382,3,Box,2.72459,0.50182,-0.00637711,-9.48643e-06,8.3493e-07,1.88522e-05
382,4,Box,3.70567,0.499998,-0.00867178,-1.49646e-05,1.24045e-06,2.96744e-05
382,5,Box,4.68636,0.502393,-0.00730091,-1.56165e-05,1.23983e-06,3.10121e-05
382,6,Box,-0.003168,0.250324,0.0125005,4.014e-05,1.90735e-05,-9.39966e-05
383,0,Box,0,-1,0,0,0,0
383,1,Box,0.758071,0.499883,0.00692757,9.21456e-06,3.53871e-06,-9.58456e-06
383,2,Box,1.74001,0.491769,0.00301307,-6.88823e-09,2.67027e-07,1.30419e-08
383,3,Box,2.72459,0.50182,-0.0063768,-9.48334e-06,8.31446e-07,1.88437e-05
383,4,Box,3.70568,0.499998,-0.00867128,-1.49644e-05,1.23111e-06,2.9669e-05
383,5,Box,4.68637,0.502393,-0.00730039,-1.56156e-05,1.23211e-06,3.10101e-05
383,6,Box,-0.00316733,0.250324,0.0124989,4.01363e-05,1.9066e-05,-9.39717e-05
384,0,Box,0,-1,0,0,0,0
384,1,Box,0.758059,0.499883,0.00692741,9.21633e-06,3.54531e-06,-9.58928e-06
384,2,Box,1.74,0.491769,0.00301307,-5.31418e-09,2.6906e-07,8.09155e-09
384,3,Box,2.72459,0.50182,-0.00637648,-9.48321e-06,8.30282e-07,1.88509e-05
384,4,Box,3.70569,0.499998,-0.00867079,-1.49627e-05,1.23907e-06,2.96667e-05
384,5,Box,4.68638,0.502393,-0.00729987,-1.56153e-05,1.23158e-06,3.10035e-05
384,6,Box,-0.00316666,0.250325,0.0124974,4.01344e-05,1.9066e-05,-9.3991e-05
385,0,Box,0,-1,0,0,0,0
385,1,Box,0.758048,0.499883,0.00692725,9.21594e-06,3.54201e-06,-9.59693e-06
385,2,Box,1.74,0.491769,0.00301307,-6.66324e-09,2.66701e-07,1.30847e-08
385,3,Box,2.72459,0.50182,-0.00637617,-9.48347e-06,8.36137e-07,1.88455e-05
385,4,Box,3.7057,0.499998,-0.0086703,-1.49607e-05,1.2319e-06,2.96617e-05
385,5,Box,4.68639,0.502393,-0.00729936,-1.56162e-05,1.23856e-06,3.10103e-05
385,6,Box,-0.00316599,0.250325,0.0124958,4.0127e-05,1.90586e-05,-9.39689e-05
386,0,Box,0,-1,0,0,0,0
386,1,Box,0.758039,0.499883,0.00692709,9.21806e-06,3.54612e-06,-9.5877e-06
386,2,Box,1.73999,0.491769,0.00301307,-5.93909e-09,2.73176e-07,1.18273e-08
386,3,Box,2.72459,0.50182,-0.00637586,-9.47891e-06,8.34225e-07,1.88367e-05
386,4,Box,3.7057,0.499998,-0.0086698,-1.49649e-05,1.23781e-06,2.96748e-05
386,5,Box,4.6864,0.502393,-0.00729884,-1.56174e-05,1.23143e-06,3.10114e-05
386,6,Box,-0.00316532,0.250325,0.0124942,4.01232e-05,1.90586e-05,-9.39603e-05
387,0,Box,0,-1,0,0,0,0
387,1,Box,0.75803,0.499883,0.00692693,9.21547e-06,3.54093e-06,-9.59332e-06
387,2,Box,1.73999,0.491769,0.00301307,-9.20301e-09,2.73188e-07,1.44018e-08
387,3,Box,2.72459,0.50182,-0.00637554,-9.48249e-06,8.32758e-07,1.88444e-05
387,4,Box,3.70571,0.499998,-0.00866931,-1.49633e-05,1.23939e-06,2.96668e-05
387,5,Box,4.68641,0.502393,-0.00729832,-1.56152e-05,1.23649e-06,3.10061e-05
387,6,Box,-0.00316465,0.250326,0.0124927,4.01214e-05,1.90586e-05,-9.39771e-05
388,0,Box,0,-1,0,0,0,0
388,1,Box,0.758023,0.499883,0.00692677,9.21294e-06,3.53935e-06,-9.5793e-06
388,2,Box,1.73998,0.491769,0.00301307,-5.30044e-09,2.69787e-07,1.13282e-08
388,3,Box,2.72459,0.50182,-0.00637523,-9.48303e-06,8.32582e-07,1.88486e-05
388,4,Box,3.70571,0.499998,-0.00866881,-1.49605e-05,1.22914e-06,2.96656e-05
388,5,Box,4.68642,0.502393,-0.00729781,-1.5618e-05,1.22954e-06,3.10086e-05
388,6,Box,-0.00316398,0.250326,0.0124911,4.01139e-05,1.90511e-05,-9.39356e-05
389,0,Box,0,-1,0,0,0,0
389,1,Box,0.758016,0.499883,0.00692661,9.21271e-06,3.54379e-06,-9.58611e-06
389,2,Box,1.73998,0.491769,0.00301307,-9.58377e-09,2.76055e-07,1.95652e-08
389,3,Box,2.72459,0.50182,-0.00637491,-9.4832e-06,8.29348e-07,1.88462e-05
389,4,Box,3.70571,0.499998,-0.00866832,-1.49604e-05,1.23723e-06,2.96628e-05
389,5,Box,4.68642,0.502393,-0.00729729,-1.56114e-05,1.22888e-06,3.10021e-05
389,6,Box,-0.00316331,0.250326,0.0124895,4.01083e-05,1.90586e-05,-9.39493e-05
390,0,Box,0,-1,0,0,0,0
390,1,Box,0.75801,0.499883,0.00692645,9.2116e-06,3.54346e-06,-9.58703e-06
390,2,Box,1.73997,0.491769,0.00301307,-5.42676e-09,2.76524e-07,1.54088e-08
390,3,Box,2.72459,0.50182,-0.0063746,-9.48306e-06,8.3187e-07,1.88497e-05
390,4,Box,3.70572,0.499998,-0.00866782,-1.49546e-05,1.23463e-06,2.96557e-05
390,5,Box,4.68643,0.502393,-0.00729677,-1.56129e-05,1.22882e-06,3.09967e-05
390,6,Box,-0.00316265,0.250327,0.012488,4.01028e-05,1.90511e-05,-9.39152e-05
391,0,Box,0,-1,0,0,0,0
391,1,Box,0.758005,0.499883,0.00692629,9.2169e-06,3.53914e-06,-9.6045e-06
391,2,Box,1.73997,0.491769,0.00301307,-7.25322e-09,2.7719e-07,1.70277e-08
391,3,Box,2.72459,0.50182,-0.00637429,-9.48222e-06,8.2764e-07,1.8846e-05
391,4,Box,3.70572,0.499998,-0.00866733,-1.49545e-05,1.23552e-06,2.96536e-05
391,5,Box,4.68643,0.502393,-0.00729626,-1.56109e-05,1.22836e-06,3.10003e-05
391,6,Box,-0.00316198,0.250327,0.0124864,4.00953e-05,1.90511e-05,-9.38979e-05
392,0,Box,0,-1,0,0,0,0
392,1,Box,0.758001,0.499883,0.00692613,9.2123e-06,3.54408e-06,-9.58527e-06
392,2,Box,1.73997,0.491769,0.00301307,-5.31739e-09,2.73259e-07,1.35819e-08
392,3,Box,2.72459,0.50182,-0.00637397,-9.48097e-06,8.33705e-07,1.88391e-05
392,4,Box,3.70572,0.499998,-0.00866683,-1.49561e-05,1.23596e-06,2.96562e-05
392,5,Box,4.68644,0.502393,-0.00729574,-1.56133e-05,1.23575e-06,3.10011e-05
392,6,Box,-0.00316131,0.250327,0.0124848,4.01009e-05,1.90511e-05,-9.39053e-05
393,0,Box,0,-1,0,0,0,0
393,1,Box,0.757997,0.499883,0.00692597,9.21312e-06,3.54382e-06,-9.58542e-06
393,2,Box,1.73997,0.491769,0.00301307,-8.85532e-09,2.76064e-07,1.77188e-08
393,3,Box,2.72459,0.50182,-0.00637366,-9.48009e-06,8.26097e-07,1.88437e-05
393,4,Box,3.70573,0.499998,-0.00866634,-1.49529e-05,1.2354e-06,2.96517e-05
393,5,Box,4.68644,0.502393,-0.00729522,-1.56101e-05,1.22647e-06,3.09947e-05
393,6,Box,-0.00316064,0.250328,0.0124833,4.00953e-05,1.90437e-05,-9.39187e-05
394,0,Box,0,-1,0,0,0,0
394,1,Box,0.757993,0.499883,0.00692581,9.21764e-06,3.53966e-06,-9.60019e-06
394,2,Box,1.73996,0.491769,0.00301307,-7.02408e-09,2.76e-07,1.66989e-08
394,3,Box,2.72459,0.50182,-0.00637334,-9.47543e-06,8.30911e-07,1.88323e-05
394,4,Box,3.70573,0.499998,-0.00866584,-1.49546e-05,1.23453e-06,2.96568e-05
394,5,Box,4.68645,0.502393,-0.00729471,-1.5612e-05,1.23421e-06,3.09993e-05
394,6,Box,-0.00315997,0.250328,0.0124817,4.00878e-05,1.90437e-05,-9.38712e-05
395,0,Box,0,-1,0,0,0,0
395,1,Box,0.75799,0.499883,0.00692565,9.21306e-06,3.53519e-06,-9.59594e-06
395,2,Box,1.73996,0.491769,0.00301307,-2.38012e-09,2.74292e-07,8.17954e-09
395,3,Box,2.72459,0.50182,-0.00637303,-9.47995e-06,8.30362e-07,1.88443e-05
395,4,Box,3.70573,0.499998,-0.00866535,-1.4956e-05,1.24081e-06,2.96589e-05
395,5,Box,4.68645,0.502393,-0.00729419,-1.56099e-05,1.23464e-06,3.09898e-05
395,6,Box,-0.0031593,0.250328,0.0124801,4.00841e-05,1.90362e-05,-9.38593e-05
396,0,Box,0,-1,0,0,0,0
396,1,Box,0.757987,0.499884,0.00692549,9.218e-06,3.54718e-06,-9.58535e-06
396,2,Box,1.73996,0.491769,0.00301307,-4.45715e-09,2.72505e-07,8.45438e-09
396,3,Box,2.72459,0.50182,-0.00637272,-9.48218e-06,8.35185e-07,1.88438e-05
396,4,Box,3.70573,0.499998,-0.00866486,-1.49577e-05,1.24173e-06,2.96549e-05
396,5,Box,4.68645,0.502393,-0.00729367,-1.56125e-05,1.23362e-06,3.10043e-05
396,6,Box,-0.00315864,0.250329,0.0124786,4.00785e-05,1.90437e-05,-9.38574e-05
397,0,Box,0,-1,0,0,0,0
397,1,Box,0.757985,0.499884,0.00692533,9.21305e-06,3.53545e-06,-9.59611e-06
397,2,Box,1.73996,0.491769,0.00301307,-6.26437e-09,2.77005e-07,1.47738e-08
397,3,Box,2.72459,0.50182,-0.0063724,-9.47963e-06,8.28271e-07,1.88404e-05
397,4,Box,3.70573,0.499998,-0.00866436,-1.49545e-05,1.24081e-06,2.96566e-05
397,5,Box,4.68645,0.502393,-0.00729316,-1.56079e-05,1.23377e-06,3.09903e-05
397,6,Box,-0.00315797,0.250329,0.012477,4.00767e-05,1.90362e-05,-9.38679e-05
398,0,Box,0,-1,0,0,0,0
398,1,Box,0.757983,0.499884,0.00692517,9.21553e-06,3.5426e-06,-9.57882e-06
398,2,Box,1.73996,0.491769,0.00301307,-7.41397e-09,2.74724e-07,1.60309e-08
398,3,Box,2.72459,0.50182,-0.00637209,-9.47844e-06,8.24532e-07,1.88369e-05
398,4,Box,3.70573,0.499998,-0.00866387,-1.49516e-05,1.24025e-06,2.96489e-05
398,5,Box,4.68646,0.502393,-0.00729264,-1.56096e-05,1.22575e-06,3.09902e-05
398,6,Box,-0.0031573,0.250329,0.0124754,4.00711e-05,1.90288e-05,-9.38489e-05
399,0,Box,0,-1,0,0,0,0
399,1,Box,0.757981,0.499884,0.00692501,9.21237e-06,3.53598e-06,-9.59113e-06
399,2,Box,1.73996,0.491769,0.00301307,-6.13656e-09,2.7557e-07,1.44566e-08
399,3,Box,2.72459,0.50182,-0.00637177,-9.47953e-06,8.31074e-07,1.88366e-05
399,4,Box,3.70573,0.499998,-0.00866337,-1.49529e-05,1.23992e-06,2.96457e-05
399,5,Box,4.68646,0.502393,-0.00729212,-1.56054e-05,1.23277e-06,3.09809e-05
399,6,Box,-0.00315663,0.250329,0.0124739,4.00655e-05,1.90362e-05,-9.38287e-05
400,0,Box,0,-1,0,0,0,0
400,1,Box,0.757979,0.499884,0.00692485,9.2126e-06,3.54288e-06,-9.5895e-06
400,2,Box,1.73995,0.491769,0.00301307,-2.01568e-09,2.7113e-07,6.91762e-09
400,3,Box,2.72459,0.50182,-0.00637146,-9.47561e-06,8.32103e-07,1.8832e-05
400,4,Box,3.70573,0.499998,-0.00866288,-1.49539e-05,1.23864e-06,2.96497e-05
400,5,Box,4.68646,0.502393,-0.00729161,-1.56051e-05,1.23801e-06,3.09871e-05
400,6,Box,-0.00315597,0.25033,0.0124723,4.00674e-05,1.90288e-05,-9.38371e-05
401,0,Box,0,-1,0,0,0,0
401,1,Box,0.757978,0.499884,0.00692469,9.21435e-06,3.54172e-06,-9.59244e-06
401,2,Box,1.73995,0.491769,0.00301307,-8.22496e-10,2.67401e-07,5.01012e-09
401,3,Box,2.72459,0.50182,-0.00637115,-9.47866e-06,8.29302e-07,1.88336e-05
401,4,Box,3.70573,0.499998,-0.00866238,-1.49521e-05,1.23659e-06,2.96476e-05
401,5,Box,4.68646,0.502393,-0.00729109,-1.56049e-05,1.23285e-06,3.09818e-05
401,6,Box,-0.0031553,0.25033,0.0124708,4.00618e-05,1.90288e-05,-9.38355e-05
402,0,Box,0,-1,0,0,0,0
402,1,Box,0.757976,0.499884,0.00692453,9.21316e-06,3.54094e-06,-9.58191e-06
402,2,Box,1.73995,0.491769,0.00301307,-2.04275e-09,2.6972e-07,5.95765e-09
402,3,Box,2.72459,0.50182,-0.00637083,-9.47458e-06,8.29772e-07,1.8831e-05
402,4,Box,3.70574,0.499998,-0.00866189,-1.49524e-05,1.23791e-06,2.9647e-05
402,5,Box,4.68646,0.502393,-0.00729057,-1.56079e-05,1.22951e-06,3.09943e-05
402,6,Box,-0.00315463,0.25033,0.0124692,4.00562e-05,1.90288e-05,-9.38025e-05
403,0,Box,0,-1,0,0,0,0
403,1,Box,0.757975,0.499884,0.00692437,9.21651e-06,3.54618e-06,-9.58524e-06
403,2,Box,1.73995,0.491769,0.00301307,-1.37592e-09,2.7386e-07,6.23322e-09
403,3,Box,2.72459,0.50182,-0.00637052,-9.47825e-06,8.35012e-07,1.88333e-05
403,4,Box,3.70574,0.499998,-0.00866139,-1.49505e-05,1.2362e-06,2.96448e-05
403,5,Box,4.68646,0.502393,-0.00729006,-1.56074e-05,1.2315e-06,3.09891e-05
403,6,Box,-0.00315396,0.250331,0.0124676,4.00487e-05,1.90213e-05,-9.37836e-05
404,0,Box,0,-1,0,0,0,0
404,1,Box,0.757974,0.499884,0.00692421,9.21263e-06,3.5372e-06,-9.60189e-06
404,2,Box,1.73995,0.491769,0.00301307,2.99995e-09,2.70607e-07,-2.73212e-09
404,3,Box,2.72459,0.50182,-0.0063702,-9.47341e-06,8.329e-07,1.88264e-05
404,4,Box,3.70574,0.499998,-0.0086609,-1.49472e-05,1.22939e-06,2.96403e-05
404,5,Box,4.68646,0.502393,-0.00728954,-1.5605e-05,1.23031e-06,3.09807e-05
404,6,Box,-0.0031533,0.250331,0.0124661,4.00469e-05,1.90288e-05,-9.37758e-05
405,0,Box,0,-1,0,0,0,0
405,1,Box,0.757973,0.499884,0.00692405,9.21328e-06,3.54348e-06,-9.58556e-06
405,2,Box,1.73995,0.491769,0.00301307,-1.45108e-09,2.73645e-07,1.48884e-09
405,3,Box,2.72459,0.50182,-0.00636989,-9.47088e-06,8.31221e-07,1.88249e-05
405,4,Box,3.70574,0.499998,-0.00866041,-1.49506e-05,1.23723e-06,2.96449e-05
405,5,Box,4.68646,0.502393,-0.00728903,-1.56022e-05,1.22972e-06,3.09813e-05
405,6,Box,-0.00315263,0.250331,0.0124645,4.00431e-05,1.90288e-05,-9.37775e-05
406,0,Box,0,-1,0,0,0,0
406,1,Box,0.757972,0.499884,0.00692389,9.21526e-06,3.53814e-06,-9.6017e-06
406,2,Box,1.73995,0.491769,0.00301307,1.4154e-11,2.74519e-07,-3.9575e-09
406,3,Box,2.72459,0.50182,-0.00636958,-9.47204e-06,8.35679e-07,1.8825e-05
406,4,Box,3.70574,0.499998,-0.00865991,-1.49465e-05,1.23678e-06,2.96403e-05
406,5,Box,4.68646,0.502393,-0.00728851,-1.56039e-05,1.23018e-06,3.09816e-05
406,6,Box,-0.00315196,0.250332,0.0124629,4.00394e-05,1.90213e-05,-9.37639e-05
407,0,Box,0,-1,0,0,0,0
407,1,Box,0.757972,0.499884,0.00692373,9.21738e-06,3.5408e-06,-9.6012e-06
407,2,Box,1.73995,0.491769,0.00301307,-1.01184e-09,2.75323e-07,3.52856e-09
407,3,Box,2.72459,0.50182,-0.00636926,-9.47057e-06,8.28923e-07,1.88254e-05
407,4,Box,3.70574,0.499998,-0.00865942,-1.49455e-05,1.23417e-06,2.96324e-05
407,5,Box,4.68646,0.502393,-0.00728799,-1.56009e-05,1.22865e-06,3.09793e-05
407,6,Box,-0.00315129,0.250332,0.0124614,4.0032e-05,1.90139e-05,-9.37575e-05
408,0,Box,0,-1,0,0,0,0
408,1,Box,0.757971,0.499884,0.00692357,9.21688e-06,3.54733e-06,-9.59442e-06
408,2,Box,1.73995,0.491769,0.00301307,2.40391e-09,2.69645e-07,-1.62237e-09
408,3,Box,2.72459,0.50182,-0.00636895,-9.47446e-06,8.35898e-07,1.88251e-05
408,4,Box,3.70574,0.499998,-0.00865893,-1.49457e-05,1.23381e-06,2.96332e-05
408,5,Box,4.68646,0.502393,-0.00728748,-1.56007e-05,1.22863e-06,3.09808e-05
408,6,Box,-0.00315063,0.250332,0.0124598,4.00301e-05,1.90139e-05,-9.3749e-05
409,0,Box,0,-1,0,0,0,0
409,1,Box,0.757971,0.499884,0.00692341,9.21673e-06,3.54833e-06,-9.59382e-06
409,2,Box,1.73995,0.491769,0.00301307,2.40649e-09,2.70862e-07,-2.24099e-09
409,3,Box,2.72459,0.50182,-0.00636864,-9.46859e-06,8.33007e-07,1.88219e-05
409,4,Box,3.70574,0.499998,-0.00865843,-1.49467e-05,1.24144e-06,2.96395e-05
409,5,Box,4.68646,0.502393,-0.00728696,-1.55998e-05,1.22912e-06,3.09705e-05
409,6,Box,-0.00314996,0.250333,0.0124583,4.00264e-05,1.90139e-05,-9.37291e-05
410,0,Box,0,-1,0,0,0,0
410,1,Box,0.75797,0.499884,0.00692325,9.21455e-06,3.53886e-06,-9.59236e-06
410,2,Box,1.73995,0.491769,0.00301307,2.28562e-09,2.75754e-07,-1.80745e-09
410,3,Box,2.72459,0.50182,-0.00636832,-9.46897e-06,8.32238e-07,1.88224e-05
410,4,Box,3.70574,0.499998,-0.00865794,-1.49437e-05,1.23942e-06,2.96297e-05
410,5,Box,4.68646,0.502393,-0.00728644,-1.56003e-05,1.22903e-06,3.09741e-05
410,6,Box,-0.00314929,0.250333,0.0124567,4.00227e-05,1.90139e-05,-9.37129e-05
411,0,Box,0,-1,0,0,0,0
411,1,Box,0.75797,0.499884,0.00692309,9.21306e-06,3.53715e-06,-9.60154e-06
411,2,Box,1.73995,0.491769,0.00301307,1.712e-09,2.72071e-07,-5.82986e-10
411,3,Box,2.72459,0.50182,-0.00636801,-9.47501e-06,8.31972e-07,1.88311e-05
411,4,Box,3.70574,0.499998,-0.00865744,-1.49469e-05,1.23698e-06,2.96414e-05
411,5,Box,4.68646,0.502393,-0.00728593,-1.56001e-05,1.22922e-06,3.09741e-05
411,6,Box,-0.00314863,0.250333,0.0124551,4.00208e-05,1.90139e-05,-9.37155e-05
412,0,Box,0,-1,0,0,0,0
412,1,Box,0.757969,0.499884,0.00692293,9.21188e-06,3.5392e-06,-9.5924e-06
412,2,Box,1.73995,0.491769,0.00301307,4.01054e-09,2.72764e-07,-6.26051e-09
412,3,Box,2.72459,0.50182,-0.00636769,-9.47086e-06,8.29859e-07,1.88184e-05
412,4,Box,3.70574,0.499998,-0.00865695,-1.4942e-05,1.23061e-06,2.96318e-05
412,5,Box,4.68646,0.502393,-0.00728541,-1.55991e-05,1.23541e-06,3.09745e-05
412,6,Box,-0.00314796,0.250334,0.0124536,4.00133e-05,1.90064e-05,-9.37305e-05
413,0,Box,0,-1,0,0,0,0
413,1,Box,0.757969,0.499885,0.00692277,9.21585e-06,3.54094e-06,-9.59889e-06
413,2,Box,1.73995,0.491769,0.00301307,3.4524e-09,2.72157e-07,-5.13074e-09
413,3,Box,2.72459,0.50182,-0.00636738,-9.47134e-06,8.35897e-07,1.88205e-05
413,4,Box,3.70574,0.499998,-0.00865646,-1.49418e-05,1.24053e-06,2.9631e-05
413,5,Box,4.68646,0.502393,-0.00728489,-1.55994e-05,1.23324e-06,3.09711e-05
413,6,Box,-0.00314729,0.250334,0.012452,4.00096e-05,1.90064e-05,-9.37099e-05
414,0,Box,0,-1,0,0,0,0
414,1,Box,0.757969,0.499885,0.00692261,9.21547e-06,3.54179e-06,-9.60579e-06
414,2,Box,1.73995,0.491769,0.00301307,2.67235e-09,2.72317e-07,-9.9962e-09
414,3,Box,2.72459,0.50182,-0.00636707,-9.47205e-06,8.28767e-07,1.8827e-05
414,4,Box,3.70574,0.499998,-0.00865596,-1.49411e-05,1.23853e-06,2.96312e-05
414,5,Box,4.68646,0.502393,-0.00728438,-1.55983e-05,1.22645e-06,3.09722e-05
414,6,Box,-0.00314662,0.250334,0.0124504,4.00078e-05,1.90064e-05,-9.36835e-05
415,0,Box,0,-1,0,0,0,0
415,1,Box,0.757969,0.499885,0.00692245,9.21232e-06,3.53763e-06,-9.60109e-06
415,2,Box,1.73995,0.491769,0.00301307,1.69182e-09,2.73424e-07,-1.25129e-09
415,3,Box,2.72459,0.50182,-0.00636675,-9.47147e-06,8.32004e-07,1.88213e-05
415,4,Box,3.70574,0.499998,-0.00865547,-1.49426e-05,1.2388e-06,2.96297e-05
415,5,Box,4.68646,0.502393,-0.00728386,-1.55997e-05,1.23344e-06,3.09705e-05
415,6,Box,-0.00314596,0.250335,0.0124489,4.00022e-05,1.8999e-05,-9.36858e-05
416,0,Box,0,-1,0,0,0,0
416,1,Box,0.757968,0.499885,0.00692229,9.21362e-06,3.54216e-06,-9.59746e-06
416,2,Box,1.73995,0.491769,0.00301307,-3.60191e-09,2.75754e-07,3.28674e-09
416,3,Box,2.72459,0.50182,-0.00636644,-9.46764e-06,8.34335e-07,1.88197e-05
416,4,Box,3.70574,0.499998,-0.00865498,-1.494e-05,1.23809e-06,2.96222e-05
416,5,Box,4.68646,0.502393,-0.00728335,-1.55963e-05,1.22496e-06,3.09668e-05
416,6,Box,-0.00314529,0.250335,0.0124473,3.99966e-05,1.8999e-05,-9.36494e-05
417,0,Box,0,-1,0,0,0,0
417,1,Box,0.757968,0.499885,0.00692213,9.2128e-06,3.54084e-06,-9.59641e-06
417,2,Box,1.73995,0.491769,0.00301307,3.59051e-09,2.72183e-07,-5.60249e-09
417,3,Box,2.72459,0.50182,-0.00636612,-9.46756e-06,8.25086e-07,1.88182e-05
417,4,Box,3.70574,0.499998,-0.00865448,-1.49397e-05,1.23038e-06,2.96238e-05
417,5,Box,4.68646,0.502393,-0.00728283,-1.55951e-05,1.23192e-06,3.09695e-05
417,6,Box,-0.00314462,0.250335,0.0124458,3.99929e-05,1.89915e-05,-9.36802e-05
418,0,Box,0,-1,0,0,0,0
418,1,Box,0.757968,0.499885,0.00692197,9.2117e-06,3.53805e-06,-9.59991e-06
418,2,Box,1.73995,0.491769,0.00301307,3.20202e-09,2.7289e-07,-4.52138e-09
418,3,Box,2.72459,0.50182,-0.00636581,-9.46549e-06,8.28521e-07,1.88144e-05
418,4,Box,3.70574,0.499998,-0.00865399,-1.49395e-05,1.23733e-06,2.96191e-05
418,5,Box,4.68646,0.502393,-0.00728231,-1.55994e-05,1.23106e-06,3.09745e-05
418,6,Box,-0.00314396,0.250336,0.0124442,3.9991e-05,1.8999e-05,-9.36532e-05
419,0,Box,0,-1,0,0,0,0
419,1,Box,0.757968,0.499885,0.00692181,9.21237e-06,3.54222e-06,-9.59538e-06
419,2,Box,1.73995,0.491769,0.00301307,4.27055e-09,2.76781e-07,-5.15797e-09
419,3,Box,2.72459,0.50182,-0.0063655,-9.46986e-06,8.37665e-07,1.88177e-05
419,4,Box,3.70574,0.499998,-0.0086535,-1.49391e-05,1.22875e-06,2.96272e-05
419,5,Box,4.68646,0.502393,-0.0072818,-1.55972e-05,1.22989e-06,3.09655e-05
419,6,Box,-0.00314329,0.250336,0.0124426,3.99835e-05,1.89915e-05,-9.36613e-05
