Frame,BodyID,Shape,PosX,PosY,Angle,VelX,VelY,AngVel
0,0,Box,0,-0.0025088,0,0,-0.1568,0
0,1,Box,1.1,-0.0025088,0,0,-0.1568,0
0,2,Box,2.2,-0.0025088,0,0,-0.1568,0
0,3,Box,3.3,-0.0025088,0,0,-0.1568,0
0,4,Box,4.4,-0.0025088,0,0,-0.1568,0
0,5,Box,5.5,-0.0025088,0,0,-0.1568,0
0,6,Box,6.6,-0.0025088,0,0,-0.1568,0
0,7,Box,7.7,-0.0025088,0,0,-0.1568,0
0,8,Box,8.8,-0.0025088,0,0,-0.1568,0
0,9,Box,9.9,-0.0025088,0,0,-0.1568,0
0,10,Box,0,1.09749,0,0,-0.1568,0
0,11,Box,1.1,1.09749,0,0,-0.1568,0
0,12,Box,2.2,1.09749,0,0,-0.1568,0
0,13,Box,3.3,1.09749,0,0,-0.1568,0
0,14,Box,4.4,1.09749,0,0,-0.1568,0
0,15,Box,5.5,1.09749,0,0,-0.1568,0
0,16,Box,6.6,1.09749,0,0,-0.1568,0
0,17,Box,7.7,1.09749,0,0,-0.1568,0
0,18,Box,8.8,1.09749,0,0,-0.1568,0
0,19,Box,9.9,1.09749,0,0,-0.1568,0
0,20,Box,0,2.19749,0,0,-0.1568,0
0,21,Box,1.1,2.19749,0,0,-0.1568,0
0,22,Box,2.2,2.19749,0,0,-0.1568,0
0,23,Box,3.3,2.19749,0,0,-0.1568,0
0,24,Box,4.4,2.19749,0,0,-0.1568,0
0,25,Box,5.5,2.19749,0,0,-0.1568,0
0,26,Box,6.6,2.19749,0,0,-0.1568,0
0,27,Box,7.7,2.19749,0,0,-0.1568,0
0,28,Box,8.8,2.19749,0,0,-0.1568,0
0,29,Box,9.9,2.19749,0,0,-0.1568,0
0,30,Box,0,3.29749,0,0,-0.1568,0
0,31,Box,1.1,3.29749,0,0,-0.1568,0
0,32,Box,2.2,3.29749,0,0,-0.1568,0
0,33,Box,3.3,3.29749,0,0,-0.1568,0
0,34,Box,4.4,3.29749,0,0,-0.1568,0
0,35,Box,5.5,3.29749,0,0,-0.1568,0
0,36,Box,6.6,3.29749,0,0,-0.1568,0
0,37,Box,7.7,3.29749,0,0,-0.1568,0
0,38,Box,8.8,3.29749,0,0,-0.1568,0
0,39,Box,9.9,3.29749,0,0,-0.1568,0
0,40,Box,0,4.39749,0,0,-0.1568,0
0,41,Box,1.1,4.39749,0,0,-0.1568,0
0,42,Box,2.2,4.39749,0,0,-0.1568,0
0,43,Box,3.3,4.39749,0,0,-0.1568,0
0,44,Box,4.4,4.39749,0,0,-0.1568,0
0,45,Box,5.5,4.39749,0,0,-0.1568,0
0,46,Box,6.6,4.39749,0,0,-0.1568,0
0,47,Box,7.7,4.39749,0,0,-0.1568,0
0,48,Box,8.8,4.39749,0,0,-0.1568,0
0,49,Box,9.9,4.39749,0,0,-0.1568,0
0,50,Box,0,5.49749,0,0,-0.1568,0
0,51,Box,1.1,5.49749,0,0,-0.1568,0
0,52,Box,2.2,5.49749,0,0,-0.1568,0
0,53,Box,3.3,5.49749,0,0,-0.1568,0
0,54,Box,4.4,5.49749,0,0,-0.1568,0
0,55,Box,5.5,5.49749,0,0,-0.1568,0
0,56,Box,6.6,5.49749,0,0,-0.1568,0
0,57,Box,7.7,5.49749,0,0,-0.1568,0
0,58,Box,8.8,5.49749,0,0,-0.1568,0
0,59,Box,9.9,5.49749,0,0,-0.1568,0
0,60,Box,0,6.59749,0,0,-0.1568,0
0,61,Box,1.1,6.59749,0,0,-0.1568,0
0,62,Box,2.2,6.59749,0,0,-0.1568,0
0,63,Box,3.3,6.59749,0,0,-0.1568,0
0,64,Box,4.4,6.59749,0,0,-0.1568,0
0,65,Box,5.5,6.59749,0,0,-0.1568,0
0,66,Box,6.6,6.59749,0,0,-0.1568,0
0,67,Box,7.7,6.59749,0,0,-0.1568,0
0,68,Box,8.8,6.59749,0,0,-0.1568,0
0,69,Box,9.9,6.59749,0,0,-0.1568,0
0,70,Box,0,7.69749,0,0,-0.1568,0
0,71,Box,1.1,7.69749,0,0,-0.1568,0
0,72,Box,2.2,7.69749,0,0,-0.1568,0
0,73,Box,3.3,7.69749,0,0,-0.1568,0
0,74,Box,4.4,7.69749,0,0,-0.1568,0
0,75,Box,5.5,7.69749,0,0,-0.1568,0
0,76,Box,6.6,7.69749,0,0,-0.1568,0
0,77,Box,7.7,7.69749,0,0,-0.1568,0
0,78,Box,8.8,7.69749,0,0,-0.1568,0
0,79,Box,9.9,7.69749,0,0,-0.1568,0
0,80,Box,0,8.79749,0,0,-0.1568,0
0,81,Box,1.1,8.79749,0,0,-0.1568,0
0,82,Box,2.2,8.79749,0,0,-0.1568,0
0,83,Box,3.3,8.79749,0,0,-0.1568,0
0,84,Box,4.4,8.79749,0,0,-0.1568,0
0,85,Box,5.5,8.79749,0,0,-0.1568,0
0,86,Box,6.6,8.79749,0,0,-0.1568,0
0,87,Box,7.7,8.79749,0,0,-0.1568,0
0,88,Box,8.8,8.79749,0,0,-0.1568,0
0,89,Box,9.9,8.79749,0,0,-0.1568,0
0,90,Box,0,9.89749,0,0,-0.1568,0
0,91,Box,1.1,9.89749,0,0,-0.1568,0
0,92,Box,2.2,9.89749,0,0,-0.1568,0
0,93,Box,3.3,9.89749,0,0,-0.1568,0
0,94,Box,4.4,9.89749,0,0,-0.1568,0
0,95,Box,5.5,9.89749,0,0,-0.1568,0
0,96,Box,6.6,9.89749,0,0,-0.1568,0
0,97,Box,7.7,9.89749,0,0,-0.1568,0
0,98,Box,8.8,9.89749,0,0,-0.1568,0
0,99,Box,9.9,9.89749,0,0,-0.1568,0
1,0,Box,0,-0.0075264,0,0,-0.3136,0
1,1,Box,1.1,-0.0075264,0,0,-0.3136,0
1,2,Box,2.2,-0.0075264,0,0,-0.3136,0
1,3,Box,3.3,-0.0075264,0,0,-0.3136,0
1,4,Box,4.4,-0.0075264,0,0,-0.3136,0
1,5,Box,5.5,-0.0075264,0,0,-0.3136,0
1,6,Box,6.6,-0.0075264,0,0,-0.3136,0
1,7,Box,7.7,-0.0075264,0,0,-0.3136,0
1,8,Box,8.8,-0.0075264,0,0,-0.3136,0
1,9,Box,9.9,-0.0075264,0,0,-0.3136,0
1,10,Box,0,1.09247,0,0,-0.3136,0
1,11,Box,1.1,1.09247,0,0,-0.3136,0
1,12,Box,2.2,1.09247,0,0,-0.3136,0
1,13,Box,3.3,1.09247,0,0,-0.3136,0
1,14,Box,4.4,1.09247,0,0,-0.3136,0
1,15,Box,5.5,1.09247,0,0,-0.3136,0
1,16,Box,6.6,1.09247,0,0,-0.3136,0
1,17,Box,7.7,1.09247,0,0,-0.3136,0
1,18,Box,8.8,1.09247,0,0,-0.3136,0
1,19,Box,9.9,1.09247,0,0,-0.3136,0
1,20,Box,0,2.19247,0,0,-0.3136,0
1,21,Box,1.1,2.19247,0,0,-0.3136,0
1,22,Box,2.2,2.19247,0,0,-0.3136,0
1,23,Box,3.3,2.19247,0,0,-0.3136,0
1,24,Box,4.4,2.19247,0,0,-0.3136,0
1,25,Box,5.5,2.19247,0,0,-0.3136,0
1,26,Box,6.6,2.19247,0,0,-0.3136,0
1,27,Box,7.7,2.19247,0,0,-0.3136,0
1,28,Box,8.8,2.19247,0,0,-0.3136,0
1,29,Box,9.9,2.19247,0,0,-0.3136,0
1,30,Box,0,3.29247,0,0,-0.3136,0
1,31,Box,1.1,3.29247,0,0,-0.3136,0
1,32,Box,2.2,3.29247,0,0,-0.3136,0
1,33,Box,3.3,3.29247,0,0,-0.3136,0
1,34,Box,4.4,3.29247,0,0,-0.3136,0
1,35,Box,5.5,3.29247,0,0,-0.3136,0
1,36,Box,6.6,3.29247,0,0,-0.3136,0
1,37,Box,7.7,3.29247,0,0,-0.3136,0
1,38,Box,8.8,3.29247,0,0,-0.3136,0
1,39,Box,9.9,3.29247,0,0,-0.3136,0
1,40,Box,0,4.39247,0,0,-0.3136,0
1,41,Box,1.1,4.39247,0,0,-0.3136,0
1,42,Box,2.2,4.39247,0,0,-0.3136,0
1,43,Box,3.3,4.39247,0,0,-0.3136,0
1,44,Box,4.4,4.39247,0,0,-0.3136,0
1,45,Box,5.5,4.39247,0,0,-0.3136,0
1,46,Box,6.6,4.39247,0,0,-0.3136,0
1,47,Box,7.7,4.39247,0,0,-0.3136,0
1,48,Box,8.8,4.39247,0,0,-0.3136,0
1,49,Box,9.9,4.39247,0,0,-0.3136,0
1,50,Box,0,5.49247,0,0,-0.3136,0
1,51,Box,1.1,5.49247,0,0,-0.3136,0
1,52,Box,2.2,5.49247,0,0,-0.3136,0
1,53,Box,3.3,5.49247,0,0,-0.3136,0
1,54,Box,4.4,5.49247,0,0,-0.3136,0
1,55,Box,5.5,5.49247,0,0,-0.3136,0
1,56,Box,6.6,5.49247,0,0,-0.3136,0
1,57,Box,7.7,5.49247,0,0,-0.3136,0
1,58,Box,8.8,5.49247,0,0,-0.3136,0
1,59,Box,9.9,5.49247,0,0,-0.3136,0
1,60,Box,0,6.59247,0,0,-0.3136,0
1,61,Box,1.1,6.59247,0,0,-0.3136,0
1,62,Box,2.2,6.59247,0,0,-0.3136,0
1,63,Box,3.3,6.59247,0,0,-0.3136,0
1,64,Box,4.4,6.59247,0,0,-0.3136,0
1,65,Box,5.5,6.59247,0,0,-0.3136,0
1,66,Box,6.6,6.59247,0,0,-0.3136,0
1,67,Box,7.7,6.59247,0,0,-0.3136,0
1,68,Box,8.8,6.59247,0,0,-0.3136,0
1,69,Box,9.9,6.59247,0,0,-0.3136,0
1,70,Box,0,7.69247,0,0,-0.3136,0
1,71,Box,1.1,7.69247,0,0,-0.3136,0
1,72,Box,2.2,7.69247,0,0,-0.3136,0
1,73,Box,3.3,7.69247,0,0,-0.3136,0
1,74,Box,4.4,7.69247,0,0,-0.3136,0
1,75,Box,5.5,7.69247,0,0,-0.3136,0
1,76,Box,6.6,7.69247,0,0,-0.3136,0
1,77,Box,7.7,7.69247,0,0,-0.3136,0
1,78,Box,8.8,7.69247,0,0,-0.3136,0
1,79,Box,9.9,7.69247,0,0,-0.3136,0
1,80,Box,0,8.79247,0,0,-0.3136,0
1,81,Box,1.1,8.79247,0,0,-0.3136,0
1,82,Box,2.2,8.79247,0,0,-0.3136,0
1,83,Box,3.3,8.79247,0,0,-0.3136,0
1,84,Box,4.4,8.79247,0,0,-0.3136,0
1,85,Box,5.5,8.79247,0,0,-0.3136,0
1,86,Box,6.6,8.79247,0,0,-0.3136,0
1,87,Box,7.7,8.79247,0,0,-0.3136,0
1,88,Box,8.8,8.79247,0,0,-0.3136,0
1,89,Box,9.9,8.79247,0,0,-0.3136,0
1,90,Box,0,9.89247,0,0,-0.3136,0
1,91,Box,1.1,9.89247,0,0,-0.3136,0
1,92,Box,2.2,9.89247,0,0,-0.3136,0
1,93,Box,3.3,9.89247,0,0,-0.3136,0
1,94,Box,4.4,9.89247,0,0,-0.3136,0
1,95,Box,5.5,9.89247,0,0,-0.3136,0
1,96,Box,6.6,9.89247,0,0,-0.3136,0
1,97,Box,7.7,9.89247,0,0,-0.3136,0
1,98,Box,8.8,9.89247,0,0,-0.3136,0
1,99,Box,9.9,9.89247,0,0,-0.3136,0
2,0,Box,0,-0.0150528,0,0,-0.4704,0
2,1,Box,1.1,-0.0150528,0,0,-0.4704,0
2,2,Box,2.2,-0.0150528,0,0,-0.4704,0
2,3,Box,3.3,-0.0150528,0,0,-0.4704,0
2,4,Box,4.4,-0.0150528,0,0,-0.4704,0
2,5,Box,5.5,-0.0150528,0,0,-0.4704,0
2,6,Box,6.6,-0.0150528,0,0,-0.4704,0
2,7,Box,7.7,-0.0150528,0,0,-0.4704,0
2,8,Box,8.8,-0.0150528,0,0,-0.4704,0
2,9,Box,9.9,-0.0150528,0,0,-0.4704,0
2,10,Box,0,1.08495,0,0,-0.4704,0
2,11,Box,1.1,1.08495,0,0,-0.4704,0
2,12,Box,2.2,1.08495,0,0,-0.4704,0
2,13,Box,3.3,1.08495,0,0,-0.4704,0
2,14,Box,4.4,1.08495,0,0,-0.4704,0
2,15,Box,5.5,1.08495,0,0,-0.4704,0
2,16,Box,6.6,1.08495,0,0,-0.4704,0
2,17,Box,7.7,1.08495,0,0,-0.4704,0
2,18,Box,8.8,1.08495,0,0,-0.4704,0
2,19,Box,9.9,1.08495,0,0,-0.4704,0
2,20,Box,0,2.18495,0,0,-0.4704,0
2,21,Box,1.1,2.18495,0,0,-0.4704,0
2,22,Box,2.2,2.18495,0,0,-0.4704,0
2,23,Box,3.3,2.18495,0,0,-0.4704,0
2,24,Box,4.4,2.18495,0,0,-0.4704,0
2,25,Box,5.5,2.18495,0,0,-0.4704,0
2,26,Box,6.6,2.18495,0,0,-0.4704,0
2,27,Box,7.7,2.18495,0,0,-0.4704,0
2,28,Box,8.8,2.18495,0,0,-0.4704,0
2,29,Box,9.9,2.18495,0,0,-0.4704,0
2,30,Box,0,3.28495,0,0,-0.4704,0
2,31,Box,1.1,3.28495,0,0,-0.4704,0
2,32,Box,2.2,3.28495,0,0,-0.4704,0
2,33,Box,3.3,3.28495,0,0,-0.4704,0
2,34,Box,4.4,3.28495,0,0,-0.4704,0
2,35,Box,5.5,3.28495,0,0,-0.4704,0
2,36,Box,6.6,3.28495,0,0,-0.4704,0
2,37,Box,7.7,3.28495,0,0,-0.4704,0
2,38,Box,8.8,3.28495,0,0,-0.4704,0
2,39,Box,9.9,3.28495,0,0,-0.4704,0
2,40,Box,0,4.38495,0,0,-0.4704,0
2,41,Box,1.1,4.38495,0,0,-0.4704,0
2,42,Box,2.2,4.38495,0,0,-0.4704,0
2,43,Box,3.3,4.38495,0,0,-0.4704,0
2,44,Box,4.4,4.38495,0,0,-0.4704,0
2,45,Box,5.5,4.38495,0,0,-0.4704,0
2,46,Box,6.6,4.38495,0,0,-0.4704,0
2,47,Box,7.7,4.38495,0,0,-0.4704,0
2,48,Box,8.8,4.38495,0,0,-0.4704,0
2,49,Box,9.9,4.38495,0,0,-0.4704,0
2,50,Box,0,5.48495,0,0,-0.4704,0
2,51,Box,1.1,5.48495,0,0,-0.4704,0
2,52,Box,2.2,5.48495,0,0,-0.4704,0
2,53,Box,3.3,5.48495,0,0,-0.4704,0
2,54,Box,4.4,5.48495,0,0,-0.4704,0
2,55,Box,5.5,5.48495,0,0,-0.4704,0
2,56,Box,6.6,5.48495,0,0,-0.4704,0
2,57,Box,7.7,5.48495,0,0,-0.4704,0
2,58,Box,8.8,5.48495,0,0,-0.4704,0
2,59,Box,9.9,5.48495,0,0,-0.4704,0
2,60,Box,0,6.58495,0,0,-0.4704,0
2,61,Box,1.1,6.58495,0,0,-0.4704,0
2,62,Box,2.2,6.58495,0,0,-0.4704,0
2,63,Box,3.3,6.58495,0,0,-0.4704,0
2,64,Box,4.4,6.58495,0,0,-0.4704,0
2,65,Box,5.5,6.58495,0,0,-0.4704,0
2,66,Box,6.6,6.58495,0,0,-0.4704,0
2,67,Box,7.7,6.58495,0,0,-0.4704,0
2,68,Box,8.8,6.58495,0,0,-0.4704,0
2,69,Box,9.9,6.58495,0,0,-0.4704,0
2,70,Box,0,7.68495,0,0,-0.4704,0
2,71,Box,1.1,7.68495,0,0,-0.4704,0
2,72,Box,2.2,7.68495,0,0,-0.4704,0
2,73,Box,3.3,7.68495,0,0,-0.4704,0
2,74,Box,4.4,7.68495,0,0,-0.4704,0
2,75,Box,5.5,7.68495,0,0,-0.4704,0
2,76,Box,6.6,7.68495,0,0,-0.4704,0
2,77,Box,7.7,7.68495,0,0,-0.4704,0
2,78,Box,8.8,7.68495,0,0,-0.4704,0
2,79,Box,9.9,7.68495,0,0,-0.4704,0
2,80,Box,0,8.78495,0,0,-0.4704,0
2,81,Box,1.1,8.78495,0,0,-0.4704,0
2,82,Box,2.2,8.78495,0,0,-0.4704,0
2,83,Box,3.3,8.78495,0,0,-0.4704,0
2,84,Box,4.4,8.78495,0,0,-0.4704,0
2,85,Box,5.5,8.78495,0,0,-0.4704,0
2,86,Box,6.6,8.78495,0,0,-0.4704,0
2,87,Box,7.7,8.78495,0,0,-0.4704,0
2,88,Box,8.8,8.78495,0,0,-0.4704,0
2,89,Box,9.9,8.78495,0,0,-0.4704,0
2,90,Box,0,9.88495,0,0,-0.4704,0
2,91,Box,1.1,9.88495,0,0,-0.4704,0
2,92,Box,2.2,9.88495,0,0,-0.4704,0
2,93,Box,3.3,9.88495,0,0,-0.4704,0
2,94,Box,4.4,9.88495,0,0,-0.4704,0
2,95,Box,5.5,9.88495,0,0,-0.4704,0
2,96,Box,6.6,9.88495,0,0,-0.4704,0
2,97,Box,7.7,9.88495,0,0,-0.4704,0
2,98,Box,8.8,9.88495,0,0,-0.4704,0
2,99,Box,9.9,9.88495,0,0,-0.4704,0
3,0,Box,0,-0.025088,0,0,-0.6272,0
3,1,Box,1.1,-0.025088,0,0,-0.6272,0
3,2,Box,2.2,-0.025088,0,0,-0.6272,0
3,3,Box,3.3,-0.025088,0,0,-0.6272,0
3,4,Box,4.4,-0.025088,0,0,-0.6272,0
3,5,Box,5.5,-0.025088,0,0,-0.6272,0
3,6,Box,6.6,-0.025088,0,0,-0.6272,0
3,7,Box,7.7,-0.025088,0,0,-0.6272,0
3,8,Box,8.8,-0.025088,0,0,-0.6272,0
3,9,Box,9.9,-0.025088,0,0,-0.6272,0
3,10,Box,0,1.07491,0,0,-0.6272,0
3,11,Box,1.1,1.07491,0,0,-0.6272,0
3,12,Box,2.2,1.07491,0,0,-0.6272,0
3,13,Box,3.3,1.07491,0,0,-0.6272,0
3,14,Box,4.4,1.07491,0,0,-0.6272,0
3,15,Box,5.5,1.07491,0,0,-0.6272,0
3,16,Box,6.6,1.07491,0,0,-0.6272,0
3,17,Box,7.7,1.07491,0,0,-0.6272,0
3,18,Box,8.8,1.07491,0,0,-0.6272,0
3,19,Box,9.9,1.07491,0,0,-0.6272,0
3,20,Box,0,2.17491,0,0,-0.6272,0
3,21,Box,1.1,2.17491,0,0,-0.6272,0
3,22,Box,2.2,2.17491,0,0,-0.6272,0
3,23,Box,3.3,2.17491,0,0,-0.6272,0
3,24,Box,4.4,2.17491,0,0,-0.6272,0
3,25,Box,5.5,2.17491,0,0,-0.6272,0
3,26,Box,6.6,2.17491,0,0,-0.6272,0
3,27,Box,7.7,2.17491,0,0,-0.6272,0
3,28,Box,8.8,2.17491,0,0,-0.6272,0
3,29,Box,9.9,2.17491,0,0,-0.6272,0
3,30,Box,0,3.27491,0,0,-0.6272,0
3,31,Box,1.1,3.27491,0,0,-0.6272,0
3,32,Box,2.2,3.27491,0,0,-0.6272,0
3,33,Box,3.3,3.27491,0,0,-0.6272,0
3,34,Box,4.4,3.27491,0,0,-0.6272,0
3,35,Box,5.5,3.27491,0,0,-0.6272,0
3,36,Box,6.6,3.27491,0,0,-0.6272,0
3,37,Box,7.7,3.27491,0,0,-0.6272,0
3,38,Box,8.8,3.27491,0,0,-0.6272,0
3,39,Box,9.9,3.27491,0,0,-0.6272,0
3,40,Box,0,4.37491,0,0,-0.6272,0
3,41,Box,1.1,4.37491,0,0,-0.6272,0
3,42,Box,2.2,4.37491,0,0,-0.6272,0
3,43,Box,3.3,4.37491,0,0,-0.6272,0
3,44,Box,4.4,4.37491,0,0,-0.6272,0
3,45,Box,5.5,4.37491,0,0,-0.6272,0
3,46,Box,6.6,4.37491,0,0,-0.6272,0
3,47,Box,7.7,4.37491,0,0,-0.6272,0
3,48,Box,8.8,4.37491,0,0,-0.6272,0
3,49,Box,9.9,4.37491,0,0,-0.6272,0
3,50,Box,0,5.47491,0,0,-0.6272,0
3,51,Box,1.1,5.47491,0,0,-0.6272,0
3,52,Box,2.2,5.47491,0,0,-0.6272,0
3,53,Box,3.3,5.47491,0,0,-0.6272,0
3,54,Box,4.4,5.47491,0,0,-0.6272,0
3,55,Box,5.5,5.47491,0,0,-0.6272,0
3,56,Box,6.6,5.47491,0,0,-0.6272,0
3,57,Box,7.7,5.47491,0,0,-0.6272,0
3,58,Box,8.8,5.47491,0,0,-0.6272,0
3,59,Box,9.9,5.47491,0,0,-0.6272,0
3,60,Box,0,6.57491,0,0,-0.6272,0
3,61,Box,1.1,6.57491,0,0,-0.6272,0
3,62,Box,2.2,6.57491,0,0,-0.6272,0
3,63,Box,3.3,6.57491,0,0,-0.6272,0
3,64,Box,4.4,6.57491,0,0,-0.6272,0
3,65,Box,5.5,6.57491,0,0,-0.6272,0
3,66,Box,6.6,6.57491,0,0,-0.6272,0
3,67,Box,7.7,6.57491,0,0,-0.6272,0
3,68,Box,8.8,6.57491,0,0,-0.6272,0
3,69,Box,9.9,6.57491,0,0,-0.6272,0
3,70,Box,0,7.67491,0,0,-0.6272,0
3,71,Box,1.1,7.67491,0,0,-0.6272,0
3,72,Box,2.2,7.67491,0,0,-0.6272,0
3,73,Box,3.3,7.67491,0,0,-0.6272,0
3,74,Box,4.4,7.67491,0,0,-0.6272,0
3,75,Box,5.5,7.67491,0,0,-0.6272,0
3,76,Box,6.6,7.67491,0,0,-0.6272,0
3,77,Box,7.7,7.67491,0,0,-0.6272,0
3,78,Box,8.8,7.67491,0,0,-0.6272,0
3,79,Box,9.9,7.67491,0,0,-0.6272,0
3,80,Box,0,8.77491,0,0,-0.6272,0
3,81,Box,1.1,8.77491,0,0,-0.6272,0
3,82,Box,2.2,8.77491,0,0,-0.6272,0
3,83,Box,3.3,8.77491,0,0,-0.6272,0
3,84,Box,4.4,8.77491,0,0,-0.6272,0
3,85,Box,5.5,8.77491,0,0,-0.6272,0
3,86,Box,6.6,8.77491,0,0,-0.6272,0
3,87,Box,7.7,8.77491,0,0,-0.6272,0
3,88,Box,8.8,8.77491,0,0,-0.6272,0
3,89,Box,9.9,8.77491,0,0,-0.6272,0
3,90,Box,0,9.87491,0,0,-0.6272,0
3,91,Box,1.1,9.87491,0,0,-0.6272,0
3,92,Box,2.2,9.87491,0,0,-0.6272,0
3,93,Box,3.3,9.87491,0,0,-0.6272,0
3,94,Box,4.4,9.87491,0,0,-0.6272,0
3,95,Box,5.5,9.87491,0,0,-0.6272,0
3,96,Box,6.6,9.87491,0,0,-0.6272,0
3,97,Box,7.7,9.87491,0,0,-0.6272,0
3,98,Box,8.8,9.87491,0,0,-0.6272,0
3,99,Box,9.9,9.87491,0,0,-0.6272,0
4,0,Box,0,-0.037632,0,0,-0.784,0
4,1,Box,1.1,-0.037632,0,0,-0.784,0
4,2,Box,2.2,-0.037632,0,0,-0.784,0
4,3,Box,3.3,-0.037632,0,0,-0.784,0
4,4,Box,4.4,-0.037632,0,0,-0.784,0
4,5,Box,5.5,-0.037632,0,0,-0.784,0
4,6,Box,6.6,-0.037632,0,0,-0.784,0
4,7,Box,7.7,-0.037632,0,0,-0.784,0
4,8,Box,8.8,-0.037632,0,0,-0.784,0
4,9,Box,9.9,-0.037632,0,0,-0.784,0
4,10,Box,0,1.06237,0,0,-0.784,0
4,11,Box,1.1,1.06237,0,0,-0.784,0
4,12,Box,2.2,1.06237,0,0,-0.784,0
4,13,Box,3.3,1.06237,0,0,-0.784,0
4,14,Box,4.4,1.06237,0,0,-0.784,0
4,15,Box,5.5,1.06237,0,0,-0.784,0
4,16,Box,6.6,1.06237,0,0,-0.784,0
4,17,Box,7.7,1.06237,0,0,-0.784,0
4,18,Box,8.8,1.06237,0,0,-0.784,0
4,19,Box,9.9,1.06237,0,0,-0.784,0
4,20,Box,0,2.16237,0,0,-0.784,0
4,21,Box,1.1,2.16237,0,0,-0.784,0
4,22,Box,2.2,2.16237,0,0,-0.784,0
4,23,Box,3.3,2.16237,0,0,-0.784,0
4,24,Box,4.4,2.16237,0,0,-0.784,0
4,25,Box,5.5,2.16237,0,0,-0.784,0
4,26,Box,6.6,2.16237,0,0,-0.784,0
4,27,Box,7.7,2.16237,0,0,-0.784,0
4,28,Box,8.8,2.16237,0,0,-0.784,0
4,29,Box,9.9,2.16237,0,0,-0.784,0
4,30,Box,0,3.26237,0,0,-0.784,0
4,31,Box,1.1,3.26237,0,0,-0.784,0
4,32,Box,2.2,3.26237,0,0,-0.784,0
4,33,Box,3.3,3.26237,0,0,-0.784,0
4,34,Box,4.4,3.26237,0,0,-0.784,0
4,35,Box,5.5,3.26237,0,0,-0.784,0
4,36,Box,6.6,3.26237,0,0,-0.784,0
4,37,Box,7.7,3.26237,0,0,-0.784,0
4,38,Box,8.8,3.26237,0,0,-0.784,0
4,39,Box,9.9,3.26237,0,0,-0.784,0
4,40,Box,0,4.36237,0,0,-0.784,0
4,41,Box,1.1,4.36237,0,0,-0.784,0
4,42,Box,2.2,4.36237,0,0,-0.784,0
4,43,Box,3.3,4.36237,0,0,-0.784,0
4,44,Box,4.4,4.36237,0,0,-0.784,0
4,45,Box,5.5,4.36237,0,0,-0.784,0
4,46,Box,6.6,4.36237,0,0,-0.784,0
4,47,Box,7.7,4.36237,0,0,-0.784,0
4,48,Box,8.8,4.36237,0,0,-0.784,0
4,49,Box,9.9,4.36237,0,0,-0.784,0
4,50,Box,0,5.46237,0,0,-0.784,0
4,51,Box,1.1,5.46237,0,0,-0.784,0
4,52,Box,2.2,5.46237,0,0,-0.784,0
4,53,Box,3.3,5.46237,0,0,-0.784,0
4,54,Box,4.4,5.46237,0,0,-0.784,0
4,55,Box,5.5,5.46237,0,0,-0.784,0
4,56,Box,6.6,5.46237,0,0,-0.784,0
4,57,Box,7.7,5.46237,0,0,-0.784,0
4,58,Box,8.8,5.46237,0,0,-0.784,0
4,59,Box,9.9,5.46237,0,0,-0.784,0
4,60,Box,0,6.56237,0,0,-0.784,0
4,61,Box,1.1,6.56237,0,0,-0.784,0
4,62,Box,2.2,6.56237,0,0,-0.784,0
4,63,Box,3.3,6.56237,0,0,-0.784,0
4,64,Box,4.4,6.56237,0,0,-0.784,0
4,65,Box,5.5,6.56237,0,0,-0.784,0
4,66,Box,6.6,6.56237,0,0,-0.784,0
4,67,Box,7.7,6.56237,0,0,-0.784,0
4,68,Box,8.8,6.56237,0,0,-0.784,0
4,69,Box,9.9,6.56237,0,0,-0.784,0
4,70,Box,0,7.66237,0,0,-0.784,0
4,71,Box,1.1,7.66237,0,0,-0.784,0
4,72,Box,2.2,7.66237,0,0,-0.784,0
4,73,Box,3.3,7.66237,0,0,-0.784,0
4,74,Box,4.4,7.66237,0,0,-0.784,0
4,75,Box,5.5,7.66237,0,0,-0.784,0
4,76,Box,6.6,7.66237,0,0,-0.784,0
4,77,Box,7.7,7.66237,0,0,-0.784,0
4,78,Box,8.8,7.66237,0,0,-0.784,0
4,79,Box,9.9,7.66237,0,0,-0.784,0
4,80,Box,0,8.76237,0,0,-0.784,0
4,81,Box,1.1,8.76237,0,0,-0.784,0
4,82,Box,2.2,8.76237,0,0,-0.784,0
4,83,Box,3.3,8.76237,0,0,-0.784,0
4,84,Box,4.4,8.76237,0,0,-0.784,0
4,85,Box,5.5,8.76237,0,0,-0.784,0
4,86,Box,6.6,8.76237,0,0,-0.784,0
4,87,Box,7.7,8.76237,0,0,-0.784,0
4,88,Box,8.8,8.76237,0,0,-0.784,0
4,89,Box,9.9,8.76237,0,0,-0.784,0
4,90,Box,0,9.86237,0,0,-0.784,0
4,91,Box,1.1,9.86237,0,0,-0.784,0
4,92,Box,2.2,9.86237,0,0,-0.784,0
4,93,Box,3.3,9.86237,0,0,-0.784,0
4,94,Box,4.4,9.86237,0,0,-0.784,0
4,95,Box,5.5,9.86237,0,0,-0.784,0
4,96,Box,6.6,9.86237,0,0,-0.784,0
4,97,Box,7.7,9.86237,0,0,-0.784,0
4,98,Box,8.8,9.86237,0,0,-0.784,0
4,99,Box,9.9,9.86237,0,0,-0.784,0
5,0,Box,0,-0.0526848,0,0,-0.9408,0
5,1,Box,1.1,-0.0526848,0,0,-0.9408,0
5,2,Box,2.2,-0.0526848,0,0,-0.9408,0
5,3,Box,3.3,-0.0526848,0,0,-0.9408,0
5,4,Box,4.4,-0.0526848,0,0,-0.9408,0
5,5,Box,5.5,-0.0526848,0,0,-0.9408,0
5,6,Box,6.6,-0.0526848,0,0,-0.9408,0
5,7,Box,7.7,-0.0526848,0,0,-0.9408,0
5,8,Box,8.8,-0.0526848,0,0,-0.9408,0
5,9,Box,9.9,-0.0526848,0,0,-0.9408,0
5,10,Box,0,1.04732,0,0,-0.9408,0
5,11,Box,1.1,1.04732,0,0,-0.9408,0
5,12,Box,2.2,1.04732,0,0,-0.9408,0
5,13,Box,3.3,1.04732,0,0,-0.9408,0
5,14,Box,4.4,1.04732,0,0,-0.9408,0
5,15,Box,5.5,1.04732,0,0,-0.9408,0
5,16,Box,6.6,1.04732,0,0,-0.9408,0
5,17,Box,7.7,1.04732,0,0,-0.9408,0
5,18,Box,8.8,1.04732,0,0,-0.9408,0
5,19,Box,9.9,1.04732,0,0,-0.9408,0
5,20,Box,0,2.14732,0,0,-0.9408,0
5,21,Box,1.1,2.14732,0,0,-0.9408,0
5,22,Box,2.2,2.14732,0,0,-0.9408,0
5,23,Box,3.3,2.14732,0,0,-0.9408,0
5,24,Box,4.4,2.14732,0,0,-0.9408,0
5,25,Box,5.5,2.14732,0,0,-0.9408,0
5,26,Box,6.6,2.14732,0,0,-0.9408,0
5,27,Box,7.7,2.14732,0,0,-0.9408,0
5,28,Box,8.8,2.14732,0,0,-0.9408,0
5,29,Box,9.9,2.14732,0,0,-0.9408,0
5,30,Box,0,3.24732,0,0,-0.9408,0
5,31,Box,1.1,3.24732,0,0,-0.9408,0
5,32,Box,2.2,3.24732,0,0,-0.9408,0
5,33,Box,3.3,3.24732,0,0,-0.9408,0
5,34,Box,4.4,3.24732,0,0,-0.9408,0
5,35,Box,5.5,3.24732,0,0,-0.9408,0
5,36,Box,6.6,3.24732,0,0,-0.9408,0
5,37,Box,7.7,3.24732,0,0,-0.9408,0
5,38,Box,8.8,3.24732,0,0,-0.9408,0
5,39,Box,9.9,3.24732,0,0,-0.9408,0
5,40,Box,0,4.34732,0,0,-0.9408,0
5,41,Box,1.1,4.34732,0,0,-0.9408,0
5,42,Box,2.2,4.34732,0,0,-0.9408,0
5,43,Box,3.3,4.34732,0,0,-0.9408,0
5,44,Box,4.4,4.34732,0,0,-0.9408,0
5,45,Box,5.5,4.34732,0,0,-0.9408,0
5,46,Box,6.6,4.34732,0,0,-0.9408,0
5,47,Box,7.7,4.34732,0,0,-0.9408,0
5,48,Box,8.8,4.34732,0,0,-0.9408,0
5,49,Box,9.9,4.34732,0,0,-0.9408,0
5,50,Box,0,5.44732,0,0,-0.9408,0
5,51,Box,1.1,5.44732,0,0,-0.9408,0
5,52,Box,2.2,5.44732,0,0,-0.9408,0
5,53,Box,3.3,5.44732,0,0,-0.9408,0
5,54,Box,4.4,5.44732,0,0,-0.9408,0
5,55,Box,5.5,5.44732,0,0,-0.9408,0
5,56,Box,6.6,5.44732,0,0,-0.9408,0
5,57,Box,7.7,5.44732,0,0,-0.9408,0
5,58,Box,8.8,5.44732,0,0,-0.9408,0
5,59,Box,9.9,5.44732,0,0,-0.9408,0
5,60,Box,0,6.54732,0,0,-0.9408,0
5,61,Box,1.1,6.54732,0,0,-0.9408,0
5,62,Box,2.2,6.54732,0,0,-0.9408,0
5,63,Box,3.3,6.54732,0,0,-0.9408,0
5,64,Box,4.4,6.54732,0,0,-0.9408,0
5,65,Box,5.5,6.54732,0,0,-0.9408,0
5,66,Box,6.6,6.54732,0,0,-0.9408,0
5,67,Box,7.7,6.54732,0,0,-0.9408,0
5,68,Box,8.8,6.54732,0,0,-0.9408,0
5,69,Box,9.9,6.54732,0,0,-0.9408,0
5,70,Box,0,7.64732,0,0,-0.9408,0
5,71,Box,1.1,7.64732,0,0,-0.9408,0
5,72,Box,2.2,7.64732,0,0,-0.9408,0
5,73,Box,3.3,7.64732,0,0,-0.9408,0
5,74,Box,4.4,7.64732,0,0,-0.9408,0
5,75,Box,5.5,7.64732,0,0,-0.9408,0
5,76,Box,6.6,7.64732,0,0,-0.9408,0
5,77,Box,7.7,7.64732,0,0,-0.9408,0
5,78,Box,8.8,7.64732,0,0,-0.9408,0
5,79,Box,9.9,7.64732,0,0,-0.9408,0
5,80,Box,0,8.74732,0,0,-0.9408,0
5,81,Box,1.1,8.74732,0,0,-0.9408,0
5,82,Box,2.2,8.74732,0,0,-0.9408,0
5,83,Box,3.3,8.74732,0,0,-0.9408,0
5,84,Box,4.4,8.74732,0,0,-0.9408,0
5,85,Box,5.5,8.74732,0,0,-0.9408,0
5,86,Box,6.6,8.74732,0,0,-0.9408,0
5,87,Box,7.7,8.74732,0,0,-0.9408,0
5,88,Box,8.8,8.74732,0,0,-0.9408,0
5,89,Box,9.9,8.74732,0,0,-0.9408,0
5,90,Box,0,9.84732,0,0,-0.9408,0
5,91,Box,1.1,9.84732,0,0,-0.9408,0
5,92,Box,2.2,9.84732,0,0,-0.9408,0
5,93,Box,3.3,9.84732,0,0,-0.9408,0
5,94,Box,4.4,9.84732,0,0,-0.9408,0
5,95,Box,5.5,9.84732,0,0,-0.9408,0
5,96,Box,6.6,9.84732,0,0,-0.9408,0
5,97,Box,7.7,9.84732,0,0,-0.9408,0
5,98,Box,8.8,9.84732,0,0,-0.9408,0
5,99,Box,9.9,9.84732,0,0,-0.9408,0
6,0,Box,0,-0.0702464,0,0,-1.0976,0
6,1,Box,1.1,-0.0702464,0,0,-1.0976,0
6,2,Box,2.2,-0.0702464,0,0,-1.0976,0
6,3,Box,3.3,-0.0702464,0,0,-1.0976,0
6,4,Box,4.4,-0.0702464,0,0,-1.0976,0
6,5,Box,5.5,-0.0702464,0,0,-1.0976,0
6,6,Box,6.6,-0.0702464,0,0,-1.0976,0
6,7,Box,7.7,-0.0702464,0,0,-1.0976,0
6,8,Box,8.8,-0.0702464,0,0,-1.0976,0
6,9,Box,9.9,-0.0702464,0,0,-1.0976,0
6,10,Box,0,1.02975,0,0,-1.0976,0
6,11,Box,1.1,1.02975,0,0,-1.0976,0
6,12,Box,2.2,1.02975,0,0,-1.0976,0
6,13,Box,3.3,1.02975,0,0,-1.0976,0
6,14,Box,4.4,1.02975,0,0,-1.0976,0
6,15,Box,5.5,1.02975,0,0,-1.0976,0
6,16,Box,6.6,1.02975,0,0,-1.0976,0
6,17,Box,7.7,1.02975,0,0,-1.0976,0
6,18,Box,8.8,1.02975,0,0,-1.0976,0
6,19,Box,9.9,1.02975,0,0,-1.0976,0
6,20,Box,0,2.12975,0,0,-1.0976,0
6,21,Box,1.1,2.12975,0,0,-1.0976,0
6,22,Box,2.2,2.12975,0,0,-1.0976,0
6,23,Box,3.3,2.12975,0,0,-1.0976,0
6,24,Box,4.4,2.12975,0,0,-1.0976,0
6,25,Box,5.5,2.12975,0,0,-1.0976,0
6,26,Box,6.6,2.12975,0,0,-1.0976,0
6,27,Box,7.7,2.12975,0,0,-1.0976,0
6,28,Box,8.8,2.12975,0,0,-1.0976,0
6,29,Box,9.9,2.12975,0,0,-1.0976,0
6,30,Box,0,3.22975,0,0,-1.0976,0
6,31,Box,1.1,3.22975,0,0,-1.0976,0
6,32,Box,2.2,3.22975,0,0,-1.0976,0
6,33,Box,3.3,3.22975,0,0,-1.0976,0
6,34,Box,4.4,3.22975,0,0,-1.0976,0
6,35,Box,5.5,3.22975,0,0,-1.0976,0
6,36,Box,6.6,3.22975,0,0,-1.0976,0
6,37,Box,7.7,3.22975,0,0,-1.0976,0
6,38,Box,8.8,3.22975,0,0,-1.0976,0
6,39,Box,9.9,3.22975,0,0,-1.0976,0
6,40,Box,0,4.32975,0,0,-1.0976,0
6,41,Box,1.1,4.32975,0,0,-1.0976,0
6,42,Box,2.2,4.32975,0,0,-1.0976,0
6,43,Box,3.3,4.32975,0,0,-1.0976,0
6,44,Box,4.4,4.32975,0,0,-1.0976,0
6,45,Box,5.5,4.32975,0,0,-1.0976,0
6,46,Box,6.6,4.32975,0,0,-1.0976,0
6,47,Box,7.7,4.32975,0,0,-1.0976,0
6,48,Box,8.8,4.32975,0,0,-1.0976,0
6,49,Box,9.9,4.32975,0,0,-1.0976,0
6,50,Box,0,5.42975,0,0,-1.0976,0
6,51,Box,1.1,5.42975,0,0,-1.0976,0
6,52,Box,2.2,5.42975,0,0,-1.0976,0
6,53,Box,3.3,5.42975,0,0,-1.0976,0
6,54,Box,4.4,5.42975,0,0,-1.0976,0
6,55,Box,5.5,5.42975,0,0,-1.0976,0
6,56,Box,6.6,5.42975,0,0,-1.0976,0
6,57,Box,7.7,5.42975,0,0,-1.0976,0
6,58,Box,8.8,5.42975,0,0,-1.0976,0
6,59,Box,9.9,5.42975,0,0,-1.0976,0
6,60,Box,0,6.52975,0,0,-1.0976,0
6,61,Box,1.1,6.52975,0,0,-1.0976,0
6,62,Box,2.2,6.52975,0,0,-1.0976,0
6,63,Box,3.3,6.52975,0,0,-1.0976,0
6,64,Box,4.4,6.52975,0,0,-1.0976,0
6,65,Box,5.5,6.52975,0,0,-1.0976,0
6,66,Box,6.6,6.52975,0,0,-1.0976,0
6,67,Box,7.7,6.52975,0,0,-1.0976,0
6,68,Box,8.8,6.52975,0,0,-1.0976,0
6,69,Box,9.9,6.52975,0,0,-1.0976,0
6,70,Box,0,7.62975,0,0,-1.0976,0
6,71,Box,1.1,7.62975,0,0,-1.0976,0
6,72,Box,2.2,7.62975,0,0,-1.0976,0
6,73,Box,3.3,7.62975,0,0,-1.0976,0
6,74,Box,4.4,7.62975,0,0,-1.0976,0
6,75,Box,5.5,7.62975,0,0,-1.0976,0
6,76,Box,6.6,7.62975,0,0,-1.0976,0
6,77,Box,7.7,7.62975,0,0,-1.0976,0
6,78,Box,8.8,7.62975,0,0,-1.0976,0
6,79,Box,9.9,7.62975,0,0,-1.0976,0
6,80,Box,0,8.72975,0,0,-1.0976,0
6,81,Box,1.1,8.72975,0,0,-1.0976,0
6,82,Box,2.2,8.72975,0,0,-1.0976,0
6,83,Box,3.3,8.72975,0,0,-1.0976,0
6,84,Box,4.4,8.72975,0,0,-1.0976,0
6,85,Box,5.5,8.72975,0,0,-1.0976,0
6,86,Box,6.6,8.72975,0,0,-1.0976,0
6,87,Box,7.7,8.72975,0,0,-1.0976,0
6,88,Box,8.8,8.72975,0,0,-1.0976,0
6,89,Box,9.9,8.72975,0,0,-1.0976,0
6,90,Box,0,9.82975,0,0,-1.0976,0
6,91,Box,1.1,9.82975,0,0,-1.0976,0
6,92,Box,2.2,9.82975,0,0,-1.0976,0
6,93,Box,3.3,9.82975,0,0,-1.0976,0
6,94,Box,4.4,9.82975,0,0,-1.0976,0
6,95,Box,5.5,9.82975,0,0,-1.0976,0
6,96,Box,6.6,9.82975,0,0,-1.0976,0
6,97,Box,7.7,9.82975,0,0,-1.0976,0
6,98,Box,8.8,9.82975,0,0,-1.0976,0
6,99,Box,9.9,9.82975,0,0,-1.0976,0
7,0,Box,0,-0.0903168,0,0,-1.2544,0
7,1,Box,1.1,-0.0903168,0,0,-1.2544,0
7,2,Box,2.2,-0.0903168,0,0,-1.2544,0
7,3,Box,3.3,-0.0903168,0,0,-1.2544,0
7,4,Box,4.4,-0.0903168,0,0,-1.2544,0
7,5,Box,5.5,-0.0903168,0,0,-1.2544,0
7,6,Box,6.6,-0.0903168,0,0,-1.2544,0
7,7,Box,7.7,-0.0903168,0,0,-1.2544,0
7,8,Box,8.8,-0.0903168,0,0,-1.2544,0
7,9,Box,9.9,-0.0903168,0,0,-1.2544,0
7,10,Box,0,1.00968,0,0,-1.2544,0
7,11,Box,1.1,1.00968,0,0,-1.2544,0
7,12,Box,2.2,1.00968,0,0,-1.2544,0
7,13,Box,3.3,1.00968,0,0,-1.2544,0
7,14,Box,4.4,1.00968,0,0,-1.2544,0
7,15,Box,5.5,1.00968,0,0,-1.2544,0
7,16,Box,6.6,1.00968,0,0,-1.2544,0
7,17,Box,7.7,1.00968,0,0,-1.2544,0
7,18,Box,8.8,1.00968,0,0,-1.2544,0
7,19,Box,9.9,1.00968,0,0,-1.2544,0
7,20,Box,0,2.10968,0,0,-1.2544,0
7,21,Box,1.1,2.10968,0,0,-1.2544,0
7,22,Box,2.2,2.10968,0,0,-1.2544,0
7,23,Box,3.3,2.10968,0,0,-1.2544,0
7,24,Box,4.4,2.10968,0,0,-1.2544,0
7,25,Box,5.5,2.10968,0,0,-1.2544,0
7,26,Box,6.6,2.10968,0,0,-1.2544,0
7,27,Box,7.7,2.10968,0,0,-1.2544,0
7,28,Box,8.8,2.10968,0,0,-1.2544,0
7,29,Box,9.9,2.10968,0,0,-1.2544,0
7,30,Box,0,3.20968,0,0,-1.2544,0
7,31,Box,1.1,3.20968,0,0,-1.2544,0
7,32,Box,2.2,3.20968,0,0,-1.2544,0
7,33,Box,3.3,3.20968,0,0,-1.2544,0
7,34,Box,4.4,3.20968,0,0,-1.2544,0
7,35,Box,5.5,3.20968,0,0,-1.2544,0
7,36,Box,6.6,3.20968,0,0,-1.2544,0
7,37,Box,7.7,3.20968,0,0,-1.2544,0
7,38,Box,8.8,3.20968,0,0,-1.2544,0
7,39,Box,9.9,3.20968,0,0,-1.2544,0
7,40,Box,0,4.30968,0,0,-1.2544,0
7,41,Box,1.1,4.30968,0,0,-1.2544,0
7,42,Box,2.2,4.30968,0,0,-1.2544,0
7,43,Box,3.3,4.30968,0,0,-1.2544,0
7,44,Box,4.4,4.30968,0,0,-1.2544,0
7,45,Box,5.5,4.30968,0,0,-1.2544,0
7,46,Box,6.6,4.30968,0,0,-1.2544,0
7,47,Box,7.7,4.30968,0,0,-1.2544,0
7,48,Box,8.8,4.30968,0,0,-1.2544,0
7,49,Box,9.9,4.30968,0,0,-1.2544,0
7,50,Box,0,5.40968,0,0,-1.2544,0
7,51,Box,1.1,5.40968,0,0,-1.2544,0
7,52,Box,2.2,5.40968,0,0,-1.2544,0
7,53,Box,3.3,5.40968,0,0,-1.2544,0
7,54,Box,4.4,5.40968,0,0,-1.2544,0
7,55,Box,5.5,5.40968,0,0,-1.2544,0
7,56,Box,6.6,5.40968,0,0,-1.2544,0
7,57,Box,7.7,5.40968,0,0,-1.2544,0
7,58,Box,8.8,5.40968,0,0,-1.2544,0
7,59,Box,9.9,5.40968,0,0,-1.2544,0
7,60,Box,0,6.50968,0,0,-1.2544,0
7,61,Box,1.1,6.50968,0,0,-1.2544,0
7,62,Box,2.2,6.50968,0,0,-1.2544,0
7,63,Box,3.3,6.50968,0,0,-1.2544,0
7,64,Box,4.4,6.50968,0,0,-1.2544,0
7,65,Box,5.5,6.50968,0,0,-1.2544,0
7,66,Box,6.6,6.50968,0,0,-1.2544,0
7,67,Box,7.7,6.50968,0,0,-1.2544,0
7,68,Box,8.8,6.50968,0,0,-1.2544,0
7,69,Box,9.9,6.50968,0,0,-1.2544,0
7,70,Box,0,7.60968,0,0,-1.2544,0
7,71,Box,1.1,7.60968,0,0,-1.2544,0
7,72,Box,2.2,7.60968,0,0,-1.2544,0
7,73,Box,3.3,7.60968,0,0,-1.2544,0
7,74,Box,4.4,7.60968,0,0,-1.2544,0
7,75,Box,5.5,7.60968,0,0,-1.2544,0
7,76,Box,6.6,7.60968,0,0,-1.2544,0
7,77,Box,7.7,7.60968,0,0,-1.2544,0
7,78,Box,8.8,7.60968,0,0,-1.2544,0
7,79,Box,9.9,7.60968,0,0,-1.2544,0
7,80,Box,0,8.70968,0,0,-1.2544,0
7,81,Box,1.1,8.70968,0,0,-1.2544,0
7,82,Box,2.2,8.70968,0,0,-1.2544,0
7,83,Box,3.3,8.70968,0,0,-1.2544,0
7,84,Box,4.4,8.70968,0,0,-1.2544,0
7,85,Box,5.5,8.70968,0,0,-1.2544,0
7,86,Box,6.6,8.70968,0,0,-1.2544,0
7,87,Box,7.7,8.70968,0,0,-1.2544,0
7,88,Box,8.8,8.70968,0,0,-1.2544,0
7,89,Box,9.9,8.70968,0,0,-1.2544,0
7,90,Box,0,9.80968,0,0,-1.2544,0
7,91,Box,1.1,9.80968,0,0,-1.2544,0
7,92,Box,2.2,9.80968,0,0,-1.2544,0
7,93,Box,3.3,9.80968,0,0,-1.2544,0
7,94,Box,4.4,9.80968,0,0,-1.2544,0
7,95,Box,5.5,9.80968,0,0,-1.2544,0
7,96,Box,6.6,9.80968,0,0,-1.2544,0
7,97,Box,7.7,9.80968,0,0,-1.2544,0
7,98,Box,8.8,9.80968,0,0,-1.2544,0
7,99,Box,9.9,9.80968,0,0,-1.2544,0
8,0,Box,0,-0.112896,0,0,-1.4112,0
8,1,Box,1.1,-0.112896,0,0,-1.4112,0
8,2,Box,2.2,-0.112896,0,0,-1.4112,0
8,3,Box,3.3,-0.112896,0,0,-1.4112,0
8,4,Box,4.4,-0.112896,0,0,-1.4112,0
8,5,Box,5.5,-0.112896,0,0,-1.4112,0
8,6,Box,6.6,-0.112896,0,0,-1.4112,0
8,7,Box,7.7,-0.112896,0,0,-1.4112,0
8,8,Box,8.8,-0.112896,0,0,-1.4112,0
8,9,Box,9.9,-0.112896,0,0,-1.4112,0
8,10,Box,0,0.987104,0,0,-1.4112,0
8,11,Box,1.1,0.987104,0,0,-1.4112,0
8,12,Box,2.2,0.987104,0,0,-1.4112,0
8,13,Box,3.3,0.987104,0,0,-1.4112,0
8,14,Box,4.4,0.987104,0,0,-1.4112,0
8,15,Box,5.5,0.987104,0,0,-1.4112,0
8,16,Box,6.6,0.987104,0,0,-1.4112,0
8,17,Box,7.7,0.987104,0,0,-1.4112,0
8,18,Box,8.8,0.987104,0,0,-1.4112,0
8,19,Box,9.9,0.987104,0,0,-1.4112,0
8,20,Box,0,2.0871,0,0,-1.4112,0
8,21,Box,1.1,2.0871,0,0,-1.4112,0
8,22,Box,2.2,2.0871,0,0,-1.4112,0
8,23,Box,3.3,2.0871,0,0,-1.4112,0
8,24,Box,4.4,2.0871,0,0,-1.4112,0
8,25,Box,5.5,2.0871,0,0,-1.4112,0
8,26,Box,6.6,2.0871,0,0,-1.4112,0
8,27,Box,7.7,2.0871,0,0,-1.4112,0
8,28,Box,8.8,2.0871,0,0,-1.4112,0
8,29,Box,9.9,2.0871,0,0,-1.4112,0
8,30,Box,0,3.1871,0,0,-1.4112,0
8,31,Box,1.1,3.1871,0,0,-1.4112,0
8,32,Box,2.2,3.1871,0,0,-1.4112,0
8,33,Box,3.3,3.1871,0,0,-1.4112,0
8,34,Box,4.4,3.1871,0,0,-1.4112,0
8,35,Box,5.5,3.1871,0,0,-1.4112,0
8,36,Box,6.6,3.1871,0,0,-1.4112,0
8,37,Box,7.7,3.1871,0,0,-1.4112,0
8,38,Box,8.8,3.1871,0,0,-1.4112,0
8,39,Box,9.9,3.1871,0,0,-1.4112,0
8,40,Box,0,4.2871,0,0,-1.4112,0
8,41,Box,1.1,4.2871,0,0,-1.4112,0
8,42,Box,2.2,4.2871,0,0,-1.4112,0
8,43,Box,3.3,4.2871,0,0,-1.4112,0
8,44,Box,4.4,4.2871,0,0,-1.4112,0
8,45,Box,5.5,4.2871,0,0,-1.4112,0
8,46,Box,6.6,4.2871,0,0,-1.4112,0
8,47,Box,7.7,4.2871,0,0,-1.4112,0
8,48,Box,8.8,4.2871,0,0,-1.4112,0
8,49,Box,9.9,4.2871,0,0,-1.4112,0
8,50,Box,0,5.3871,0,0,-1.4112,0
8,51,Box,1.1,5.3871,0,0,-1.4112,0
8,52,Box,2.2,5.3871,0,0,-1.4112,0
8,53,Box,3.3,5.3871,0,0,-1.4112,0
8,54,Box,4.4,5.3871,0,0,-1.4112,0
8,55,Box,5.5,5.3871,0,0,-1.4112,0
8,56,Box,6.6,5.3871,0,0,-1.4112,0
8,57,Box,7.7,5.3871,0,0,-1.4112,0
8,58,Box,8.8,5.3871,0,0,-1.4112,0
8,59,Box,9.9,5.3871,0,0,-1.4112,0
8,60,Box,0,6.4871,0,0,-1.4112,0
8,61,Box,1.1,6.4871,0,0,-1.4112,0
8,62,Box,2.2,6.4871,0,0,-1.4112,0
8,63,Box,3.3,6.4871,0,0,-1.4112,0
8,64,Box,4.4,6.4871,0,0,-1.4112,0
8,65,Box,5.5,6.4871,0,0,-1.4112,0
8,66,Box,6.6,6.4871,0,0,-1.4112,0
8,67,Box,7.7,6.4871,0,0,-1.4112,0
8,68,Box,8.8,6.4871,0,0,-1.4112,0
8,69,Box,9.9,6.4871,0,0,-1.4112,0
8,70,Box,0,7.5871,0,0,-1.4112,0
8,71,Box,1.1,7.5871,0,0,-1.4112,0
8,72,Box,2.2,7.5871,0,0,-1.4112,0
8,73,Box,3.3,7.5871,0,0,-1.4112,0
8,74,Box,4.4,7.5871,0,0,-1.4112,0
8,75,Box,5.5,7.5871,0,0,-1.4112,0
8,76,Box,6.6,7.5871,0,0,-1.4112,0
8,77,Box,7.7,7.5871,0,0,-1.4112,0
8,78,Box,8.8,7.5871,0,0,-1.4112,0
8,79,Box,9.9,7.5871,0,0,-1.4112,0
8,80,Box,0,8.6871,0,0,-1.4112,0
8,81,Box,1.1,8.6871,0,0,-1.4112,0
8,82,Box,2.2,8.6871,0,0,-1.4112,0
8,83,Box,3.3,8.6871,0,0,-1.4112,0
8,84,Box,4.4,8.6871,0,0,-1.4112,0
8,85,Box,5.5,8.6871,0,0,-1.4112,0
8,86,Box,6.6,8.6871,0,0,-1.4112,0
8,87,Box,7.7,8.6871,0,0,-1.4112,0
8,88,Box,8.8,8.6871,0,0,-1.4112,0
8,89,Box,9.9,8.6871,0,0,-1.4112,0
8,90,Box,0,9.7871,0,0,-1.4112,0
8,91,Box,1.1,9.7871,0,0,-1.4112,0
8,92,Box,2.2,9.7871,0,0,-1.4112,0
8,93,Box,3.3,9.7871,0,0,-1.4112,0
8,94,Box,4.4,9.7871,0,0,-1.4112,0
8,95,Box,5.5,9.7871,0,0,-1.4112,0
8,96,Box,6.6,9.7871,0,0,-1.4112,0
8,97,Box,7.7,9.7871,0,0,-1.4112,0
8,98,Box,8.8,9.7871,0,0,-1.4112,0
8,99,Box,9.9,9.7871,0,0,-1.4112,0
9,0,Box,0,-0.137984,0,0,-1.568,0
9,1,Box,1.1,-0.137984,0,0,-1.568,0
9,2,Box,2.2,-0.137984,0,0,-1.568,0
9,3,Box,3.3,-0.137984,0,0,-1.568,0
9,4,Box,4.4,-0.137984,0,0,-1.568,0
9,5,Box,5.5,-0.137984,0,0,-1.568,0
9,6,Box,6.6,-0.137984,0,0,-1.568,0
9,7,Box,7.7,-0.137984,0,0,-1.568,0
9,8,Box,8.8,-0.137984,0,0,-1.568,0
9,9,Box,9.9,-0.137984,0,0,-1.568,0
9,10,Box,0,0.962016,0,0,-1.568,0
9,11,Box,1.1,0.962016,0,0,-1.568,0
9,12,Box,2.2,0.962016,0,0,-1.568,0
9,13,Box,3.3,0.962016,0,0,-1.568,0
9,14,Box,4.4,0.962016,0,0,-1.568,0
9,15,Box,5.5,0.962016,0,0,-1.568,0
9,16,Box,6.6,0.962016,0,0,-1.568,0
9,17,Box,7.7,0.962016,0,0,-1.568,0
9,18,Box,8.8,0.962016,0,0,-1.568,0
9,19,Box,9.9,0.962016,0,0,-1.568,0
9,20,Box,0,2.06202,0,0,-1.568,0
9,21,Box,1.1,2.06202,0,0,-1.568,0
9,22,Box,2.2,2.06202,0,0,-1.568,0
9,23,Box,3.3,2.06202,0,0,-1.568,0
9,24,Box,4.4,2.06202,0,0,-1.568,0
9,25,Box,5.5,2.06202,0,0,-1.568,0
9,26,Box,6.6,2.06202,0,0,-1.568,0
9,27,Box,7.7,2.06202,0,0,-1.568,0
9,28,Box,8.8,2.06202,0,0,-1.568,0
9,29,Box,9.9,2.06202,0,0,-1.568,0
9,30,Box,0,3.16202,0,0,-1.568,0
9,31,Box,1.1,3.16202,0,0,-1.568,0
9,32,Box,2.2,3.16202,0,0,-1.568,0
9,33,Box,3.3,3.16202,0,0,-1.568,0
9,34,Box,4.4,3.16202,0,0,-1.568,0
9,35,Box,5.5,3.16202,0,0,-1.568,0
9,36,Box,6.6,3.16202,0,0,-1.568,0
9,37,Box,7.7,3.16202,0,0,-1.568,0
9,38,Box,8.8,3.16202,0,0,-1.568,0
9,39,Box,9.9,3.16202,0,0,-1.568,0
9,40,Box,0,4.26202,0,0,-1.568,0
9,41,Box,1.1,4.26202,0,0,-1.568,0
9,42,Box,2.2,4.26202,0,0,-1.568,0
9,43,Box,3.3,4.26202,0,0,-1.568,0
9,44,Box,4.4,4.26202,0,0,-1.568,0
9,45,Box,5.5,4.26202,0,0,-1.568,0
9,46,Box,6.6,4.26202,0,0,-1.568,0
9,47,Box,7.7,4.26202,0,0,-1.568,0
9,48,Box,8.8,4.26202,0,0,-1.568,0
9,49,Box,9.9,4.26202,0,0,-1.568,0
9,50,Box,0,5.36202,0,0,-1.568,0
9,51,Box,1.1,5.36202,0,0,-1.568,0
9,52,Box,2.2,5.36202,0,0,-1.568,0
9,53,Box,3.3,5.36202,0,0,-1.568,0
9,54,Box,4.4,5.36202,0,0,-1.568,0
9,55,Box,5.5,5.36202,0,0,-1.568,0
9,56,Box,6.6,5.36202,0,0,-1.568,0
9,57,Box,7.7,5.36202,0,0,-1.568,0
9,58,Box,8.8,5.36202,0,0,-1.568,0
9,59,Box,9.9,5.36202,0,0,-1.568,0
9,60,Box,0,6.46202,0,0,-1.568,0
9,61,Box,1.1,6.46202,0,0,-1.568,0
9,62,Box,2.2,6.46202,0,0,-1.568,0
9,63,Box,3.3,6.46202,0,0,-1.568,0
9,64,Box,4.4,6.46202,0,0,-1.568,0
9,65,Box,5.5,6.46202,0,0,-1.568,0
9,66,Box,6.6,6.46202,0,0,-1.568,0
9,67,Box,7.7,6.46202,0,0,-1.568,0
9,68,Box,8.8,6.46202,0,0,-1.568,0
9,69,Box,9.9,6.46202,0,0,-1.568,0
9,70,Box,0,7.56202,0,0,-1.568,0
9,71,Box,1.1,7.56202,0,0,-1.568,0
9,72,Box,2.2,7.56202,0,0,-1.568,0
9,73,Box,3.3,7.56202,0,0,-1.568,0
9,74,Box,4.4,7.56202,0,0,-1.568,0
9,75,Box,5.5,7.56202,0,0,-1.568,0
9,76,Box,6.6,7.56202,0,0,-1.568,0
9,77,Box,7.7,7.56202,0,0,-1.568,0
9,78,Box,8.8,7.56202,0,0,-1.568,0
9,79,Box,9.9,7.56202,0,0,-1.568,0
9,80,Box,0,8.66202,0,0,-1.568,0
9,81,Box,1.1,8.66202,0,0,-1.568,0
9,82,Box,2.2,8.66202,0,0,-1.568,0
9,83,Box,3.3,8.66202,0,0,-1.568,0
9,84,Box,4.4,8.66202,0,0,-1.568,0
9,85,Box,5.5,8.66202,0,0,-1.568,0
9,86,Box,6.6,8.66202,0,0,-1.568,0
9,87,Box,7.7,8.66202,0,0,-1.568,0
9,88,Box,8.8,8.66202,0,0,-1.568,0
9,89,Box,9.9,8.66202,0,0,-1.568,0
9,90,Box,0,9.76202,0,0,-1.568,0
9,91,Box,1.1,9.76202,0,0,-1.568,0
9,92,Box,2.2,9.76202,0,0,-1.568,0
9,93,Box,3.3,9.76202,0,0,-1.568,0
9,94,Box,4.4,9.76202,0,0,-1.568,0
9,95,Box,5.5,9.76202,0,0,-1.568,0
9,96,Box,6.6,9.76202,0,0,-1.568,0
9,97,Box,7.7,9.76202,0,0,-1.568,0
9,98,Box,8.8,9.76202,0,0,-1.568,0
9,99,Box,9.9,9.76202,0,0,-1.568,0
10,0,Box,0,-0.165581,0,0,-1.7248,0
10,1,Box,1.1,-0.165581,0,0,-1.7248,0
10,2,Box,2.2,-0.165581,0,0,-1.7248,0
10,3,Box,3.3,-0.165581,0,0,-1.7248,0
10,4,Box,4.4,-0.165581,0,0,-1.7248,0
10,5,Box,5.5,-0.165581,0,0,-1.7248,0
10,6,Box,6.6,-0.165581,0,0,-1.7248,0
10,7,Box,7.7,-0.165581,0,0,-1.7248,0
10,8,Box,8.8,-0.165581,0,0,-1.7248,0
10,9,Box,9.9,-0.165581,0,0,-1.7248,0
10,10,Box,0,0.934419,0,0,-1.7248,0
10,11,Box,1.1,0.934419,0,0,-1.7248,0
10,12,Box,2.2,0.934419,0,0,-1.7248,0
10,13,Box,3.3,0.934419,0,0,-1.7248,0
10,14,Box,4.4,0.934419,0,0,-1.7248,0
10,15,Box,5.5,0.934419,0,0,-1.7248,0
10,16,Box,6.6,0.934419,0,0,-1.7248,0
10,17,Box,7.7,0.934419,0,0,-1.7248,0
10,18,Box,8.8,0.934419,0,0,-1.7248,0
10,19,Box,9.9,0.934419,0,0,-1.7248,0
10,20,Box,0,2.03442,0,0,-1.7248,0
10,21,Box,1.1,2.03442,0,0,-1.7248,0
10,22,Box,2.2,2.03442,0,0,-1.7248,0
10,23,Box,3.3,2.03442,0,0,-1.7248,0
10,24,Box,4.4,2.03442,0,0,-1.7248,0
10,25,Box,5.5,2.03442,0,0,-1.7248,0
10,26,Box,6.6,2.03442,0,0,-1.7248,0
10,27,Box,7.7,2.03442,0,0,-1.7248,0
10,28,Box,8.8,2.03442,0,0,-1.7248,0
10,29,Box,9.9,2.03442,0,0,-1.7248,0
10,30,Box,0,3.13442,0,0,-1.7248,0
10,31,Box,1.1,3.13442,0,0,-1.7248,0
10,32,Box,2.2,3.13442,0,0,-1.7248,0
10,33,Box,3.3,3.13442,0,0,-1.7248,0
10,34,Box,4.4,3.13442,0,0,-1.7248,0
10,35,Box,5.5,3.13442,0,0,-1.7248,0
10,36,Box,6.6,3.13442,0,0,-1.7248,0
10,37,Box,7.7,3.13442,0,0,-1.7248,0
10,38,Box,8.8,3.13442,0,0,-1.7248,0
10,39,Box,9.9,3.13442,0,0,-1.7248,0
10,40,Box,0,4.23442,0,0,-1.7248,0
10,41,Box,1.1,4.23442,0,0,-1.7248,0
10,42,Box,2.2,4.23442,0,0,-1.7248,0
10,43,Box,3.3,4.23442,0,0,-1.7248,0
10,44,Box,4.4,4.23442,0,0,-1.7248,0
10,45,Box,5.5,4.23442,0,0,-1.7248,0
10,46,Box,6.6,4.23442,0,0,-1.7248,0
10,47,Box,7.7,4.23442,0,0,-1.7248,0
10,48,Box,8.8,4.23442,0,0,-1.7248,0
10,49,Box,9.9,4.23442,0,0,-1.7248,0
10,50,Box,0,5.33442,0,0,-1.7248,0
10,51,Box,1.1,5.33442,0,0,-1.7248,0
10,52,Box,2.2,5.33442,0,0,-1.7248,0
10,53,Box,3.3,5.33442,0,0,-1.7248,0
10,54,Box,4.4,5.33442,0,0,-1.7248,0
10,55,Box,5.5,5.33442,0,0,-1.7248,0
10,56,Box,6.6,5.33442,0,0,-1.7248,0
10,57,Box,7.7,5.33442,0,0,-1.7248,0
10,58,Box,8.8,5.33442,0,0,-1.7248,0
10,59,Box,9.9,5.33442,0,0,-1.7248,0
10,60,Box,0,6.43442,0,0,-1.7248,0
10,61,Box,1.1,6.43442,0,0,-1.7248,0
10,62,Box,2.2,6.43442,0,0,-1.7248,0
10,63,Box,3.3,6.43442,0,0,-1.7248,0
10,64,Box,4.4,6.43442,0,0,-1.7248,0
10,65,Box,5.5,6.43442,0,0,-1.7248,0
10,66,Box,6.6,6.43442,0,0,-1.7248,0
10,67,Box,7.7,6.43442,0,0,-1.7248,0
10,68,Box,8.8,6.43442,0,0,-1.7248,0
10,69,Box,9.9,6.43442,0,0,-1.7248,0
10,70,Box,0,7.53442,0,0,-1.7248,0
10,71,Box,1.1,7.53442,0,0,-1.7248,0
10,72,Box,2.2,7.53442,0,0,-1.7248,0
10,73,Box,3.3,7.53442,0,0,-1.7248,0
10,74,Box,4.4,7.53442,0,0,-1.7248,0
10,75,Box,5.5,7.53442,0,0,-1.7248,0
10,76,Box,6.6,7.53442,0,0,-1.7248,0
10,77,Box,7.7,7.53442,0,0,-1.7248,0
10,78,Box,8.8,7.53442,0,0,-1.7248,0
10,79,Box,9.9,7.53442,0,0,-1.7248,0
10,80,Box,0,8.63442,0,0,-1.7248,0
10,81,Box,1.1,8.63442,0,0,-1.7248,0
10,82,Box,2.2,8.63442,0,0,-1.7248,0
10,83,Box,3.3,8.63442,0,0,-1.7248,0
10,84,Box,4.4,8.63442,0,0,-1.7248,0
10,85,Box,5.5,8.63442,0,0,-1.7248,0
10,86,Box,6.6,8.63442,0,0,-1.7248,0
10,87,Box,7.7,8.63442,0,0,-1.7248,0
10,88,Box,8.8,8.63442,0,0,-1.7248,0
10,89,Box,9.9,8.63442,0,0,-1.7248,0
10,90,Box,0,9.73442,0,0,-1.7248,0
10,91,Box,1.1,9.73442,0,0,-1.7248,0
10,92,Box,2.2,9.73442,0,0,-1.7248,0
10,93,Box,3.3,9.73442,0,0,-1.7248,0
10,94,Box,4.4,9.73442,0,0,-1.7248,0
10,95,Box,5.5,9.73442,0,0,-1.7248,0
10,96,Box,6.6,9.73442,0,0,-1.7248,0
10,97,Box,7.7,9.73442,0,0,-1.7248,0
10,98,Box,8.8,9.73442,0,0,-1.7248,0
10,99,Box,9.9,9.73442,0,0,-1.7248,0
11,0,Box,0,-0.195686,0,0,-1.8816,0
11,1,Box,1.1,-0.195686,0,0,-1.8816,0
11,2,Box,2.2,-0.195686,0,0,-1.8816,0
11,3,Box,3.3,-0.195686,0,0,-1.8816,0
11,4,Box,4.4,-0.195686,0,0,-1.8816,0
11,5,Box,5.5,-0.195686,0,0,-1.8816,0
11,6,Box,6.6,-0.195686,0,0,-1.8816,0
11,7,Box,7.7,-0.195686,0,0,-1.8816,0
11,8,Box,8.8,-0.195686,0,0,-1.8816,0
11,9,Box,9.9,-0.195686,0,0,-1.8816,0
11,10,Box,0,0.904314,0,0,-1.8816,0
11,11,Box,1.1,0.904314,0,0,-1.8816,0
11,12,Box,2.2,0.904314,0,0,-1.8816,0
11,13,Box,3.3,0.904314,0,0,-1.8816,0
11,14,Box,4.4,0.904314,0,0,-1.8816,0
11,15,Box,5.5,0.904314,0,0,-1.8816,0
11,16,Box,6.6,0.904314,0,0,-1.8816,0
11,17,Box,7.7,0.904314,0,0,-1.8816,0
11,18,Box,8.8,0.904314,0,0,-1.8816,0
11,19,Box,9.9,0.904314,0,0,-1.8816,0
11,20,Box,0,2.00431,0,0,-1.8816,0
11,21,Box,1.1,2.00431,0,0,-1.8816,0
11,22,Box,2.2,2.00431,0,0,-1.8816,0
11,23,Box,3.3,2.00431,0,0,-1.8816,0
11,24,Box,4.4,2.00431,0,0,-1.8816,0
11,25,Box,5.5,2.00431,0,0,-1.8816,0
11,26,Box,6.6,2.00431,0,0,-1.8816,0
11,27,Box,7.7,2.00431,0,0,-1.8816,0
11,28,Box,8.8,2.00431,0,0,-1.8816,0
11,29,Box,9.9,2.00431,0,0,-1.8816,0
11,30,Box,0,3.10431,0,0,-1.8816,0
11,31,Box,1.1,3.10431,0,0,-1.8816,0
11,32,Box,2.2,3.10431,0,0,-1.8816,0
11,33,Box,3.3,3.10431,0,0,-1.8816,0
11,34,Box,4.4,3.10431,0,0,-1.8816,0
11,35,Box,5.5,3.10431,0,0,-1.8816,0
11,36,Box,6.6,3.10431,0,0,-1.8816,0
11,37,Box,7.7,3.10431,0,0,-1.8816,0
11,38,Box,8.8,3.10431,0,0,-1.8816,0
11,39,Box,9.9,3.10431,0,0,-1.8816,0
11,40,Box,0,4.20431,0,0,-1.8816,0
11,41,Box,1.1,4.20431,0,0,-1.8816,0
11,42,Box,2.2,4.20431,0,0,-1.8816,0
11,43,Box,3.3,4.20431,0,0,-1.8816,0
11,44,Box,4.4,4.20431,0,0,-1.8816,0
11,45,Box,5.5,4.20431,0,0,-1.8816,0
11,46,Box,6.6,4.20431,0,0,-1.8816,0
11,47,Box,7.7,4.20431,0,0,-1.8816,0
11,48,Box,8.8,4.20431,0,0,-1.8816,0
11,49,Box,9.9,4.20431,0,0,-1.8816,0
11,50,Box,0,5.30431,0,0,-1.8816,0
11,51,Box,1.1,5.30431,0,0,-1.8816,0
11,52,Box,2.2,5.30431,0,0,-1.8816,0
11,53,Box,3.3,5.30431,0,0,-1.8816,0
11,54,Box,4.4,5.30431,0,0,-1.8816,0
11,55,Box,5.5,5.30431,0,0,-1.8816,0
11,56,Box,6.6,5.30431,0,0,-1.8816,0
11,57,Box,7.7,5.30431,0,0,-1.8816,0
11,58,Box,8.8,5.30431,0,0,-1.8816,0
11,59,Box,9.9,5.30431,0,0,-1.8816,0
11,60,Box,0,6.40431,0,0,-1.8816,0
11,61,Box,1.1,6.40431,0,0,-1.8816,0
11,62,Box,2.2,6.40431,0,0,-1.8816,0
11,63,Box,3.3,6.40431,0,0,-1.8816,0
11,64,Box,4.4,6.40431,0,0,-1.8816,0
11,65,Box,5.5,6.40431,0,0,-1.8816,0
11,66,Box,6.6,6.40431,0,0,-1.8816,0
11,67,Box,7.7,6.40431,0,0,-1.8816,0
11,68,Box,8.8,6.40431,0,0,-1.8816,0
11,69,Box,9.9,6.40431,0,0,-1.8816,0
11,70,Box,0,7.50431,0,0,-1.8816,0
11,71,Box,1.1,7.50431,0,0,-1.8816,0
11,72,Box,2.2,7.50431,0,0,-1.8816,0
11,73,Box,3.3,7.50431,0,0,-1.8816,0
11,74,Box,4.4,7.50431,0,0,-1.8816,0
11,75,Box,5.5,7.50431,0,0,-1.8816,0
11,76,Box,6.6,7.50431,0,0,-1.8816,0
11,77,Box,7.7,7.50431,0,0,-1.8816,0
11,78,Box,8.8,7.50431,0,0,-1.8816,0
11,79,Box,9.9,7.50431,0,0,-1.8816,0
11,80,Box,0,8.60431,0,0,-1.8816,0
11,81,Box,1.1,8.60431,0,0,-1.8816,0
11,82,Box,2.2,8.60431,0,0,-1.8816,0
11,83,Box,3.3,8.60431,0,0,-1.8816,0
11,84,Box,4.4,8.60431,0,0,-1.8816,0
11,85,Box,5.5,8.60431,0,0,-1.8816,0
11,86,Box,6.6,8.60431,0,0,-1.8816,0
11,87,Box,7.7,8.60431,0,0,-1.8816,0
11,88,Box,8.8,8.60431,0,0,-1.8816,0
11,89,Box,9.9,8.60431,0,0,-1.8816,0
11,90,Box,0,9.70431,0,0,-1.8816,0
11,91,Box,1.1,9.70431,0,0,-1.8816,0
11,92,Box,2.2,9.70431,0,0,-1.8816,0
11,93,Box,3.3,9.70431,0,0,-1.8816,0
11,94,Box,4.4,9.70431,0,0,-1.8816,0
11,95,Box,5.5,9.70431,0,0,-1.8816,0
11,96,Box,6.6,9.70431,0,0,-1.8816,0
11,97,Box,7.7,9.70431,0,0,-1.8816,0
11,98,Box,8.8,9.70431,0,0,-1.8816,0
11,99,Box,9.9,9.70431,0,0,-1.8816,0
12,0,Box,0,-0.228301,0,0,-2.0384,0
12,1,Box,1.1,-0.228301,0,0,-2.0384,0
12,2,Box,2.2,-0.228301,0,0,-2.0384,0
12,3,Box,3.3,-0.228301,0,0,-2.0384,0
12,4,Box,4.4,-0.228301,0,0,-2.0384,0
12,5,Box,5.5,-0.228301,0,0,-2.0384,0
12,6,Box,6.6,-0.228301,0,0,-2.0384,0
12,7,Box,7.7,-0.228301,0,0,-2.0384,0
12,8,Box,8.8,-0.228301,0,0,-2.0384,0
12,9,Box,9.9,-0.228301,0,0,-2.0384,0
12,10,Box,0,0.871699,0,0,-2.0384,0
12,11,Box,1.1,0.871699,0,0,-2.0384,0
12,12,Box,2.2,0.871699,0,0,-2.0384,0
12,13,Box,3.3,0.871699,0,0,-2.0384,0
12,14,Box,4.4,0.871699,0,0,-2.0384,0
12,15,Box,5.5,0.871699,0,0,-2.0384,0
12,16,Box,6.6,0.871699,0,0,-2.0384,0
12,17,Box,7.7,0.871699,0,0,-2.0384,0
12,18,Box,8.8,0.871699,0,0,-2.0384,0
12,19,Box,9.9,0.871699,0,0,-2.0384,0
12,20,Box,0,1.9717,0,0,-2.0384,0
12,21,Box,1.1,1.9717,0,0,-2.0384,0
12,22,Box,2.2,1.9717,0,0,-2.0384,0
12,23,Box,3.3,1.9717,0,0,-2.0384,0
12,24,Box,4.4,1.9717,0,0,-2.0384,0
12,25,Box,5.5,1.9717,0,0,-2.0384,0
12,26,Box,6.6,1.9717,0,0,-2.0384,0
12,27,Box,7.7,1.9717,0,0,-2.0384,0
12,28,Box,8.8,1.9717,0,0,-2.0384,0
12,29,Box,9.9,1.9717,0,0,-2.0384,0
12,30,Box,0,3.0717,0,0,-2.0384,0
12,31,Box,1.1,3.0717,0,0,-2.0384,0
12,32,Box,2.2,3.0717,0,0,-2.0384,0
12,33,Box,3.3,3.0717,0,0,-2.0384,0
12,34,Box,4.4,3.0717,0,0,-2.0384,0
12,35,Box,5.5,3.0717,0,0,-2.0384,0
12,36,Box,6.6,3.0717,0,0,-2.0384,0
12,37,Box,7.7,3.0717,0,0,-2.0384,0
12,38,Box,8.8,3.0717,0,0,-2.0384,0
12,39,Box,9.9,3.0717,0,0,-2.0384,0
12,40,Box,0,4.1717,0,0,-2.0384,0
12,41,Box,1.1,4.1717,0,0,-2.0384,0
12,42,Box,2.2,4.1717,0,0,-2.0384,0
12,43,Box,3.3,4.1717,0,0,-2.0384,0
12,44,Box,4.4,4.1717,0,0,-2.0384,0
12,45,Box,5.5,4.1717,0,0,-2.0384,0
12,46,Box,6.6,4.1717,0,0,-2.0384,0
12,47,Box,7.7,4.1717,0,0,-2.0384,0
12,48,Box,8.8,4.1717,0,0,-2.0384,0
12,49,Box,9.9,4.1717,0,0,-2.0384,0
12,50,Box,0,5.2717,0,0,-2.0384,0
12,51,Box,1.1,5.2717,0,0,-2.0384,0
12,52,Box,2.2,5.2717,0,0,-2.0384,0
12,53,Box,3.3,5.2717,0,0,-2.0384,0
12,54,Box,4.4,5.2717,0,0,-2.0384,0
12,55,Box,5.5,5.2717,0,0,-2.0384,0
12,56,Box,6.6,5.2717,0,0,-2.0384,0
12,57,Box,7.7,5.2717,0,0,-2.0384,0
12,58,Box,8.8,5.2717,0,0,-2.0384,0
12,59,Box,9.9,5.2717,0,0,-2.0384,0
12,60,Box,0,6.3717,0,0,-2.0384,0
12,61,Box,1.1,6.3717,0,0,-2.0384,0
12,62,Box,2.2,6.3717,0,0,-2.0384,0
12,63,Box,3.3,6.3717,0,0,-2.0384,0
12,64,Box,4.4,6.3717,0,0,-2.0384,0
12,65,Box,5.5,6.3717,0,0,-2.0384,0
12,66,Box,6.6,6.3717,0,0,-2.0384,0
12,67,Box,7.7,6.3717,0,0,-2.0384,0
12,68,Box,8.8,6.3717,0,0,-2.0384,0
12,69,Box,9.9,6.3717,0,0,-2.0384,0
12,70,Box,0,7.4717,0,0,-2.0384,0
12,71,Box,1.1,7.4717,0,0,-2.0384,0
12,72,Box,2.2,7.4717,0,0,-2.0384,0
12,73,Box,3.3,7.4717,0,0,-2.0384,0
12,74,Box,4.4,7.4717,0,0,-2.0384,0
12,75,Box,5.5,7.4717,0,0,-2.0384,0
12,76,Box,6.6,7.4717,0,0,-2.0384,0
12,77,Box,7.7,7.4717,0,0,-2.0384,0
12,78,Box,8.8,7.4717,0,0,-2.0384,0
12,79,Box,9.9,7.4717,0,0,-2.0384,0
12,80,Box,0,8.5717,0,0,-2.0384,0
12,81,Box,1.1,8.5717,0,0,-2.0384,0
12,82,Box,2.2,8.5717,0,0,-2.0384,0
12,83,Box,3.3,8.5717,0,0,-2.0384,0
12,84,Box,4.4,8.5717,0,0,-2.0384,0
12,85,Box,5.5,8.5717,0,0,-2.0384,0
12,86,Box,6.6,8.5717,0,0,-2.0384,0
12,87,Box,7.7,8.5717,0,0,-2.0384,0
12,88,Box,8.8,8.5717,0,0,-2.0384,0
12,89,Box,9.9,8.5717,0,0,-2.0384,0
12,90,Box,0,9.6717,0,0,-2.0384,0
12,91,Box,1.1,9.6717,0,0,-2.0384,0
12,92,Box,2.2,9.6717,0,0,-2.0384,0
12,93,Box,3.3,9.6717,0,0,-2.0384,0
12,94,Box,4.4,9.6717,0,0,-2.0384,0
12,95,Box,5.5,9.6717,0,0,-2.0384,0
12,96,Box,6.6,9.6717,0,0,-2.0384,0
12,97,Box,7.7,9.6717,0,0,-2.0384,0
12,98,Box,8.8,9.6717,0,0,-2.0384,0
12,99,Box,9.9,9.6717,0,0,-2.0384,0
13,0,Box,0,-0.263424,0,0,-2.1952,0
13,1,Box,1.1,-0.263424,0,0,-2.1952,0
13,2,Box,2.2,-0.263424,0,0,-2.1952,0
13,3,Box,3.3,-0.263424,0,0,-2.1952,0
13,4,Box,4.4,-0.263424,0,0,-2.1952,0
13,5,Box,5.5,-0.263424,0,0,-2.1952,0
13,6,Box,6.6,-0.263424,0,0,-2.1952,0
13,7,Box,7.7,-0.263424,0,0,-2.1952,0
13,8,Box,8.8,-0.263424,0,0,-2.1952,0
13,9,Box,9.9,-0.263424,0,0,-2.1952,0
13,10,Box,0,0.836576,0,0,-2.1952,0
13,11,Box,1.1,0.836576,0,0,-2.1952,0
13,12,Box,2.2,0.836576,0,0,-2.1952,0
13,13,Box,3.3,0.836576,0,0,-2.1952,0
13,14,Box,4.4,0.836576,0,0,-2.1952,0
13,15,Box,5.5,0.836576,0,0,-2.1952,0
13,16,Box,6.6,0.836576,0,0,-2.1952,0
13,17,Box,7.7,0.836576,0,0,-2.1952,0
13,18,Box,8.8,0.836576,0,0,-2.1952,0
13,19,Box,9.9,0.836576,0,0,-2.1952,0
13,20,Box,0,1.93658,0,0,-2.1952,0
13,21,Box,1.1,1.93658,0,0,-2.1952,0
13,22,Box,2.2,1.93658,0,0,-2.1952,0
13,23,Box,3.3,1.93658,0,0,-2.1952,0
13,24,Box,4.4,1.93658,0,0,-2.1952,0
13,25,Box,5.5,1.93658,0,0,-2.1952,0
13,26,Box,6.6,1.93658,0,0,-2.1952,0
13,27,Box,7.7,1.93658,0,0,-2.1952,0
13,28,Box,8.8,1.93658,0,0,-2.1952,0
13,29,Box,9.9,1.93658,0,0,-2.1952,0
13,30,Box,0,3.03658,0,0,-2.1952,0
13,31,Box,1.1,3.03658,0,0,-2.1952,0
13,32,Box,2.2,3.03658,0,0,-2.1952,0
13,33,Box,3.3,3.03658,0,0,-2.1952,0
13,34,Box,4.4,3.03658,0,0,-2.1952,0
13,35,Box,5.5,3.03658,0,0,-2.1952,0
13,36,Box,6.6,3.03658,0,0,-2.1952,0
13,37,Box,7.7,3.03658,0,0,-2.1952,0
13,38,Box,8.8,3.03658,0,0,-2.1952,0
13,39,Box,9.9,3.03658,0,0,-2.1952,0
13,40,Box,0,4.13658,0,0,-2.1952,0
13,41,Box,1.1,4.13658,0,0,-2.1952,0
13,42,Box,2.2,4.13658,0,0,-2.1952,0
13,43,Box,3.3,4.13658,0,0,-2.1952,0
13,44,Box,4.4,4.13658,0,0,-2.1952,0
13,45,Box,5.5,4.13658,0,0,-2.1952,0
13,46,Box,6.6,4.13658,0,0,-2.1952,0
13,47,Box,7.7,4.13658,0,0,-2.1952,0
13,48,Box,8.8,4.13658,0,0,-2.1952,0
13,49,Box,9.9,4.13658,0,0,-2.1952,0
13,50,Box,0,5.23658,0,0,-2.1952,0
13,51,Box,1.1,5.23658,0,0,-2.1952,0
13,52,Box,2.2,5.23658,0,0,-2.1952,0
13,53,Box,3.3,5.23658,0,0,-2.1952,0
13,54,Box,4.4,5.23658,0,0,-2.1952,0
13,55,Box,5.5,5.23658,0,0,-2.1952,0
13,56,Box,6.6,5.23658,0,0,-2.1952,0
13,57,Box,7.7,5.23658,0,0,-2.1952,0
13,58,Box,8.8,5.23658,0,0,-2.1952,0
13,59,Box,9.9,5.23658,0,0,-2.1952,0
13,60,Box,0,6.33658,0,0,-2.1952,0
13,61,Box,1.1,6.33658,0,0,-2.1952,0
13,62,Box,2.2,6.33658,0,0,-2.1952,0
13,63,Box,3.3,6.33658,0,0,-2.1952,0
13,64,Box,4.4,6.33658,0,0,-2.1952,0
13,65,Box,5.5,6.33658,0,0,-2.1952,0
13,66,Box,6.6,6.33658,0,0,-2.1952,0
13,67,Box,7.7,6.33658,0,0,-2.1952,0
13,68,Box,8.8,6.33658,0,0,-2.1952,0
13,69,Box,9.9,6.33658,0,0,-2.1952,0
13,70,Box,0,7.43658,0,0,-2.1952,0
13,71,Box,1.1,7.43658,0,0,-2.1952,0
13,72,Box,2.2,7.43658,0,0,-2.1952,0
13,73,Box,3.3,7.43658,0,0,-2.1952,0
13,74,Box,4.4,7.43658,0,0,-2.1952,0
13,75,Box,5.5,7.43658,0,0,-2.1952,0
13,76,Box,6.6,7.43658,0,0,-2.1952,0
13,77,Box,7.7,7.43658,0,0,-2.1952,0
13,78,Box,8.8,7.43658,0,0,-2.1952,0
13,79,Box,9.9,7.43658,0,0,-2.1952,0
13,80,Box,0,8.53658,0,0,-2.1952,0
13,81,Box,1.1,8.53658,0,0,-2.1952,0
13,82,Box,2.2,8.53658,0,0,-2.1952,0
13,83,Box,3.3,8.53658,0,0,-2.1952,0
13,84,Box,4.4,8.53658,0,0,-2.1952,0
13,85,Box,5.5,8.53658,0,0,-2.1952,0
13,86,Box,6.6,8.53658,0,0,-2.1952,0
13,87,Box,7.7,8.53658,0,0,-2.1952,0
13,88,Box,8.8,8.53658,0,0,-2.1952,0
13,89,Box,9.9,8.53658,0,0,-2.1952,0
13,90,Box,0,9.63658,0,0,-2.1952,0
13,91,Box,1.1,9.63658,0,0,-2.1952,0
13,92,Box,2.2,9.63658,0,0,-2.1952,0
13,93,Box,3.3,9.63658,0,0,-2.1952,0
13,94,Box,4.4,9.63658,0,0,-2.1952,0
13,95,Box,5.5,9.63658,0,0,-2.1952,0
13,96,Box,6.6,9.63658,0,0,-2.1952,0
13,97,Box,7.7,9.63658,0,0,-2.1952,0
13,98,Box,8.8,9.63658,0,0,-2.1952,0
13,99,Box,9.9,9.63658,0,0,-2.1952,0
14,0,Box,0,-0.301056,0,0,-2.352,0
14,1,Box,1.1,-0.301056,0,0,-2.352,0
14,2,Box,2.2,-0.301056,0,0,-2.352,0
14,3,Box,3.3,-0.301056,0,0,-2.352,0
14,4,Box,4.4,-0.301056,0,0,-2.352,0
14,5,Box,5.5,-0.301056,0,0,-2.352,0
14,6,Box,6.6,-0.301056,0,0,-2.352,0
14,7,Box,7.7,-0.301056,0,0,-2.352,0
14,8,Box,8.8,-0.301056,0,0,-2.352,0
14,9,Box,9.9,-0.301056,0,0,-2.352,0
14,10,Box,0,0.798944,0,0,-2.352,0
14,11,Box,1.1,0.798944,0,0,-2.352,0
14,12,Box,2.2,0.798944,0,0,-2.352,0
14,13,Box,3.3,0.798944,0,0,-2.352,0
14,14,Box,4.4,0.798944,0,0,-2.352,0
14,15,Box,5.5,0.798944,0,0,-2.352,0
14,16,Box,6.6,0.798944,0,0,-2.352,0
14,17,Box,7.7,0.798944,0,0,-2.352,0
14,18,Box,8.8,0.798944,0,0,-2.352,0
14,19,Box,9.9,0.798944,0,0,-2.352,0
14,20,Box,0,1.89894,0,0,-2.352,0
14,21,Box,1.1,1.89894,0,0,-2.352,0
14,22,Box,2.2,1.89894,0,0,-2.352,0
14,23,Box,3.3,1.89894,0,0,-2.352,0
14,24,Box,4.4,1.89894,0,0,-2.352,0
14,25,Box,5.5,1.89894,0,0,-2.352,0
14,26,Box,6.6,1.89894,0,0,-2.352,0
14,27,Box,7.7,1.89894,0,0,-2.352,0
14,28,Box,8.8,1.89894,0,0,-2.352,0
14,29,Box,9.9,1.89894,0,0,-2.352,0
14,30,Box,0,2.99894,0,0,-2.352,0
14,31,Box,1.1,2.99894,0,0,-2.352,0
14,32,Box,2.2,2.99894,0,0,-2.352,0
14,33,Box,3.3,2.99894,0,0,-2.352,0
14,34,Box,4.4,2.99894,0,0,-2.352,0
14,35,Box,5.5,2.99894,0,0,-2.352,0
14,36,Box,6.6,2.99894,0,0,-2.352,0
14,37,Box,7.7,2.99894,0,0,-2.352,0
14,38,Box,8.8,2.99894,0,0,-2.352,0
14,39,Box,9.9,2.99894,0,0,-2.352,0
14,40,Box,0,4.09894,0,0,-2.352,0
14,41,Box,1.1,4.09894,0,0,-2.352,0
14,42,Box,2.2,4.09894,0,0,-2.352,0
14,43,Box,3.3,4.09894,0,0,-2.352,0
14,44,Box,4.4,4.09894,0,0,-2.352,0
14,45,Box,5.5,4.09894,0,0,-2.352,0
14,46,Box,6.6,4.09894,0,0,-2.352,0
14,47,Box,7.7,4.09894,0,0,-2.352,0
14,48,Box,8.8,4.09894,0,0,-2.352,0
14,49,Box,9.9,4.09894,0,0,-2.352,0
14,50,Box,0,5.19894,0,0,-2.352,0
14,51,Box,1.1,5.19894,0,0,-2.352,0
14,52,Box,2.2,5.19894,0,0,-2.352,0
14,53,Box,3.3,5.19894,0,0,-2.352,0
14,54,Box,4.4,5.19894,0,0,-2.352,0
14,55,Box,5.5,5.19894,0,0,-2.352,0
14,56,Box,6.6,5.19894,0,0,-2.352,0
14,57,Box,7.7,5.19894,0,0,-2.352,0
14,58,Box,8.8,5.19894,0,0,-2.352,0
14,59,Box,9.9,5.19894,0,0,-2.352,0
14,60,Box,0,6.29894,0,0,-2.352,0
14,61,Box,1.1,6.29894,0,0,-2.352,0
14,62,Box,2.2,6.29894,0,0,-2.352,0
14,63,Box,3.3,6.29894,0,0,-2.352,0
14,64,Box,4.4,6.29894,0,0,-2.352,0
14,65,Box,5.5,6.29894,0,0,-2.352,0
14,66,Box,6.6,6.29894,0,0,-2.352,0
14,67,Box,7.7,6.29894,0,0,-2.352,0
14,68,Box,8.8,6.29894,0,0,-2.352,0
14,69,Box,9.9,6.29894,0,0,-2.352,0
14,70,Box,0,7.39894,0,0,-2.352,0
14,71,Box,1.1,7.39894,0,0,-2.352,0
14,72,Box,2.2,7.39894,0,0,-2.352,0
14,73,Box,3.3,7.39894,0,0,-2.352,0
14,74,Box,4.4,7.39894,0,0,-2.352,0
14,75,Box,5.5,7.39894,0,0,-2.352,0
14,76,Box,6.6,7.39894,0,0,-2.352,0
14,77,Box,7.7,7.39894,0,0,-2.352,0
14,78,Box,8.8,7.39894,0,0,-2.352,0
14,79,Box,9.9,7.39894,0,0,-2.352,0
14,80,Box,0,8.49894,0,0,-2.352,0
14,81,Box,1.1,8.49894,0,0,-2.352,0
14,82,Box,2.2,8.49894,0,0,-2.352,0
14,83,Box,3.3,8.49894,0,0,-2.352,0
14,84,Box,4.4,8.49894,0,0,-2.352,0
14,85,Box,5.5,8.49894,0,0,-2.352,0
14,86,Box,6.6,8.49894,0,0,-2.352,0
14,87,Box,7.7,8.49894,0,0,-2.352,0
14,88,Box,8.8,8.49894,0,0,-2.352,0
14,89,Box,9.9,8.49894,0,0,-2.352,0
14,90,Box,0,9.59894,0,0,-2.352,0
14,91,Box,1.1,9.59894,0,0,-2.352,0
14,92,Box,2.2,9.59894,0,0,-2.352,0
14,93,Box,3.3,9.59894,0,0,-2.352,0
14,94,Box,4.4,9.59894,0,0,-2.352,0
14,95,Box,5.5,9.59894,0,0,-2.352,0
14,96,Box,6.6,9.59894,0,0,-2.352,0
14,97,Box,7.7,9.59894,0,0,-2.352,0
14,98,Box,8.8,9.59894,0,0,-2.352,0
14,99,Box,9.9,9.59894,0,0,-2.352,0
15,0,Box,0,-0.341197,0,0,-2.5088,0
15,1,Box,1.1,-0.341197,0,0,-2.5088,0
15,2,Box,2.2,-0.341197,0,0,-2.5088,0
15,3,Box,3.3,-0.341197,0,0,-2.5088,0
15,4,Box,4.4,-0.341197,0,0,-2.5088,0
15,5,Box,5.5,-0.341197,0,0,-2.5088,0
15,6,Box,6.6,-0.341197,0,0,-2.5088,0
15,7,Box,7.7,-0.341197,0,0,-2.5088,0
15,8,Box,8.8,-0.341197,0,0,-2.5088,0
15,9,Box,9.9,-0.341197,0,0,-2.5088,0
15,10,Box,0,0.758803,0,0,-2.5088,0
15,11,Box,1.1,0.758803,0,0,-2.5088,0
15,12,Box,2.2,0.758803,0,0,-2.5088,0
15,13,Box,3.3,0.758803,0,0,-2.5088,0
15,14,Box,4.4,0.758803,0,0,-2.5088,0
15,15,Box,5.5,0.758803,0,0,-2.5088,0
15,16,Box,6.6,0.758803,0,0,-2.5088,0
15,17,Box,7.7,0.758803,0,0,-2.5088,0
15,18,Box,8.8,0.758803,0,0,-2.5088,0
15,19,Box,9.9,0.758803,0,0,-2.5088,0
15,20,Box,0,1.8588,0,0,-2.5088,0
15,21,Box,1.1,1.8588,0,0,-2.5088,0
15,22,Box,2.2,1.8588,0,0,-2.5088,0
15,23,Box,3.3,1.8588,0,0,-2.5088,0
15,24,Box,4.4,1.8588,0,0,-2.5088,0
15,25,Box,5.5,1.8588,0,0,-2.5088,0
15,26,Box,6.6,1.8588,0,0,-2.5088,0
15,27,Box,7.7,1.8588,0,0,-2.5088,0
15,28,Box,8.8,1.8588,0,0,-2.5088,0
15,29,Box,9.9,1.8588,0,0,-2.5088,0
15,30,Box,0,2.9588,0,0,-2.5088,0
15,31,Box,1.1,2.9588,0,0,-2.5088,0
15,32,Box,2.2,2.9588,0,0,-2.5088,0
15,33,Box,3.3,2.9588,0,0,-2.5088,0
15,34,Box,4.4,2.9588,0,0,-2.5088,0
15,35,Box,5.5,2.9588,0,0,-2.5088,0
15,36,Box,6.6,2.9588,0,0,-2.5088,0
15,37,Box,7.7,2.9588,0,0,-2.5088,0
15,38,Box,8.8,2.9588,0,0,-2.5088,0
15,39,Box,9.9,2.9588,0,0,-2.5088,0
15,40,Box,0,4.0588,0,0,-2.5088,0
15,41,Box,1.1,4.0588,0,0,-2.5088,0
15,42,Box,2.2,4.0588,0,0,-2.5088,0
15,43,Box,3.3,4.0588,0,0,-2.5088,0
15,44,Box,4.4,4.0588,0,0,-2.5088,0
15,45,Box,5.5,4.0588,0,0,-2.5088,0
15,46,Box,6.6,4.0588,0,0,-2.5088,0
15,47,Box,7.7,4.0588,0,0,-2.5088,0
15,48,Box,8.8,4.0588,0,0,-2.5088,0
15,49,Box,9.9,4.0588,0,0,-2.5088,0
15,50,Box,0,5.1588,0,0,-2.5088,0
15,51,Box,1.1,5.1588,0,0,-2.5088,0
15,52,Box,2.2,5.1588,0,0,-2.5088,0
15,53,Box,3.3,5.1588,0,0,-2.5088,0
15,54,Box,4.4,5.1588,0,0,-2.5088,0
15,55,Box,5.5,5.1588,0,0,-2.5088,0
15,56,Box,6.6,5.1588,0,0,-2.5088,0
15,57,Box,7.7,5.1588,0,0,-2.5088,0
15,58,Box,8.8,5.1588,0,0,-2.5088,0
15,59,Box,9.9,5.1588,0,0,-2.5088,0
15,60,Box,0,6.2588,0,0,-2.5088,0
15,61,Box,1.1,6.2588,0,0,-2.5088,0
15,62,Box,2.2,6.2588,0,0,-2.5088,0
15,63,Box,3.3,6.2588,0,0,-2.5088,0
15,64,Box,4.4,6.2588,0,0,-2.5088,0
15,65,Box,5.5,6.2588,0,0,-2.5088,0
15,66,Box,6.6,6.2588,0,0,-2.5088,0
15,67,Box,7.7,6.2588,0,0,-2.5088,0
15,68,Box,8.8,6.2588,0,0,-2.5088,0
15,69,Box,9.9,6.2588,0,0,-2.5088,0
15,70,Box,0,7.3588,0,0,-2.5088,0
15,71,Box,1.1,7.3588,0,0,-2.5088,0
15,72,Box,2.2,7.3588,0,0,-2.5088,0
15,73,Box,3.3,7.3588,0,0,-2.5088,0
15,74,Box,4.4,7.3588,0,0,-2.5088,0
15,75,Box,5.5,7.3588,0,0,-2.5088,0
15,76,Box,6.6,7.3588,0,0,-2.5088,0
15,77,Box,7.7,7.3588,0,0,-2.5088,0
15,78,Box,8.8,7.3588,0,0,-2.5088,0
15,79,Box,9.9,7.3588,0,0,-2.5088,0
15,80,Box,0,8.4588,0,0,-2.5088,0
15,81,Box,1.1,8.4588,0,0,-2.5088,0
15,82,Box,2.2,8.4588,0,0,-2.5088,0
15,83,Box,3.3,8.4588,0,0,-2.5088,0
15,84,Box,4.4,8.4588,0,0,-2.5088,0
15,85,Box,5.5,8.4588,0,0,-2.5088,0
15,86,Box,6.6,8.4588,0,0,-2.5088,0
15,87,Box,7.7,8.4588,0,0,-2.5088,0
15,88,Box,8.8,8.4588,0,0,-2.5088,0
15,89,Box,9.9,8.4588,0,0,-2.5088,0
15,90,Box,0,9.5588,0,0,-2.5088,0
15,91,Box,1.1,9.5588,0,0,-2.5088,0
15,92,Box,2.2,9.5588,0,0,-2.5088,0
15,93,Box,3.3,9.5588,0,0,-2.5088,0
15,94,Box,4.4,9.5588,0,0,-2.5088,0
15,95,Box,5.5,9.5588,0,0,-2.5088,0
15,96,Box,6.6,9.5588,0,0,-2.5088,0
15,97,Box,7.7,9.5588,0,0,-2.5088,0
15,98,Box,8.8,9.5588,0,0,-2.5088,0
15,99,Box,9.9,9.5588,0,0,-2.5088,0
16,0,Box,0,-0.383846,0,0,-2.6656,0
16,1,Box,1.1,-0.383846,0,0,-2.6656,0
16,2,Box,2.2,-0.383846,0,0,-2.6656,0
16,3,Box,3.3,-0.383846,0,0,-2.6656,0
16,4,Box,4.4,-0.383846,0,0,-2.6656,0
16,5,Box,5.5,-0.383846,0,0,-2.6656,0
16,6,Box,6.6,-0.383846,0,0,-2.6656,0
16,7,Box,7.7,-0.383846,0,0,-2.6656,0
16,8,Box,8.8,-0.383846,0,0,-2.6656,0
16,9,Box,9.9,-0.383846,0,0,-2.6656,0
16,10,Box,0,0.716154,0,0,-2.6656,0
16,11,Box,1.1,0.716154,0,0,-2.6656,0
16,12,Box,2.2,0.716154,0,0,-2.6656,0
16,13,Box,3.3,0.716154,0,0,-2.6656,0
16,14,Box,4.4,0.716154,0,0,-2.6656,0
16,15,Box,5.5,0.716154,0,0,-2.6656,0
16,16,Box,6.6,0.716154,0,0,-2.6656,0
16,17,Box,7.7,0.716154,0,0,-2.6656,0
16,18,Box,8.8,0.716154,0,0,-2.6656,0
16,19,Box,9.9,0.716154,0,0,-2.6656,0
16,20,Box,0,1.81615,0,0,-2.6656,0
16,21,Box,1.1,1.81615,0,0,-2.6656,0
16,22,Box,2.2,1.81615,0,0,-2.6656,0
16,23,Box,3.3,1.81615,0,0,-2.6656,0
16,24,Box,4.4,1.81615,0,0,-2.6656,0
16,25,Box,5.5,1.81615,0,0,-2.6656,0
16,26,Box,6.6,1.81615,0,0,-2.6656,0
16,27,Box,7.7,1.81615,0,0,-2.6656,0
16,28,Box,8.8,1.81615,0,0,-2.6656,0
16,29,Box,9.9,1.81615,0,0,-2.6656,0
16,30,Box,0,2.91615,0,0,-2.6656,0
16,31,Box,1.1,2.91615,0,0,-2.6656,0
16,32,Box,2.2,2.91615,0,0,-2.6656,0
16,33,Box,3.3,2.91615,0,0,-2.6656,0
16,34,Box,4.4,2.91615,0,0,-2.6656,0
16,35,Box,5.5,2.91615,0,0,-2.6656,0
16,36,Box,6.6,2.91615,0,0,-2.6656,0
16,37,Box,7.7,2.91615,0,0,-2.6656,0
16,38,Box,8.8,2.91615,0,0,-2.6656,0
16,39,Box,9.9,2.91615,0,0,-2.6656,0
16,40,Box,0,4.01615,0,0,-2.6656,0
16,41,Box,1.1,4.01615,0,0,-2.6656,0
16,42,Box,2.2,4.01615,0,0,-2.6656,0
16,43,Box,3.3,4.01615,0,0,-2.6656,0
16,44,Box,4.4,4.01615,0,0,-2.6656,0
16,45,Box,5.5,4.01615,0,0,-2.6656,0
16,46,Box,6.6,4.01615,0,0,-2.6656,0
16,47,Box,7.7,4.01615,0,0,-2.6656,0
16,48,Box,8.8,4.01615,0,0,-2.6656,0
16,49,Box,9.9,4.01615,0,0,-2.6656,0
16,50,Box,0,5.11615,0,0,-2.6656,0
16,51,Box,1.1,5.11615,0,0,-2.6656,0
16,52,Box,2.2,5.11615,0,0,-2.6656,0
16,53,Box,3.3,5.11615,0,0,-2.6656,0
16,54,Box,4.4,5.11615,0,0,-2.6656,0
16,55,Box,5.5,5.11615,0,0,-2.6656,0
16,56,Box,6.6,5.11615,0,0,-2.6656,0
16,57,Box,7.7,5.11615,0,0,-2.6656,0
16,58,Box,8.8,5.11615,0,0,-2.6656,0
16,59,Box,9.9,5.11615,0,0,-2.6656,0
16,60,Box,0,6.21615,0,0,-2.6656,0
16,61,Box,1.1,6.21615,0,0,-2.6656,0
16,62,Box,2.2,6.21615,0,0,-2.6656,0
16,63,Box,3.3,6.21615,0,0,-2.6656,0
16,64,Box,4.4,6.21615,0,0,-2.6656,0
16,65,Box,5.5,6.21615,0,0,-2.6656,0
16,66,Box,6.6,6.21615,0,0,-2.6656,0
16,67,Box,7.7,6.21615,0,0,-2.6656,0
16,68,Box,8.8,6.21615,0,0,-2.6656,0
16,69,Box,9.9,6.21615,0,0,-2.6656,0
16,70,Box,0,7.31615,0,0,-2.6656,0
16,71,Box,1.1,7.31615,0,0,-2.6656,0
16,72,Box,2.2,7.31615,0,0,-2.6656,0
16,73,Box,3.3,7.31615,0,0,-2.6656,0
16,74,Box,4.4,7.31615,0,0,-2.6656,0
16,75,Box,5.5,7.31615,0,0,-2.6656,0
16,76,Box,6.6,7.31615,0,0,-2.6656,0
16,77,Box,7.7,7.31615,0,0,-2.6656,0
16,78,Box,8.8,7.31615,0,0,-2.6656,0
16,79,Box,9.9,7.31615,0,0,-2.6656,0
16,80,Box,0,8.41615,0,0,-2.6656,0
16,81,Box,1.1,8.41615,0,0,-2.6656,0
16,82,Box,2.2,8.41615,0,0,-2.6656,0
16,83,Box,3.3,8.41615,0,0,-2.6656,0
16,84,Box,4.4,8.41615,0,0,-2.6656,0
16,85,Box,5.5,8.41615,0,0,-2.6656,0
16,86,Box,6.6,8.41615,0,0,-2.6656,0
16,87,Box,7.7,8.41615,0,0,-2.6656,0
16,88,Box,8.8,8.41615,0,0,-2.6656,0
16,89,Box,9.9,8.41615,0,0,-2.6656,0
16,90,Box,0,9.51615,0,0,-2.6656,0
16,91,Box,1.1,9.51615,0,0,-2.6656,0
16,92,Box,2.2,9.51615,0,0,-2.6656,0
16,93,Box,3.3,9.51615,0,0,-2.6656,0
16,94,Box,4.4,9.51615,0,0,-2.6656,0
16,95,Box,5.5,9.51615,0,0,-2.6656,0
16,96,Box,6.6,9.51615,0,0,-2.6656,0
16,97,Box,7.7,9.51615,0,0,-2.6656,0
16,98,Box,8.8,9.51615,0,0,-2.6656,0
16,99,Box,9.9,9.51615,0,0,-2.6656,0
17,0,Box,0,-0.429005,0,0,-2.8224,0
17,1,Box,1.1,-0.429005,0,0,-2.8224,0
17,2,Box,2.2,-0.429005,0,0,-2.8224,0
17,3,Box,3.3,-0.429005,0,0,-2.8224,0
17,4,Box,4.4,-0.429005,0,0,-2.8224,0
17,5,Box,5.5,-0.429005,0,0,-2.8224,0
17,6,Box,6.6,-0.429005,0,0,-2.8224,0
17,7,Box,7.7,-0.429005,0,0,-2.8224,0
17,8,Box,8.8,-0.429005,0,0,-2.8224,0
17,9,Box,9.9,-0.429005,0,0,-2.8224,0
17,10,Box,0,0.670995,0,0,-2.8224,0
17,11,Box,1.1,0.670995,0,0,-2.8224,0
17,12,Box,2.2,0.670995,0,0,-2.8224,0
17,13,Box,3.3,0.670995,0,0,-2.8224,0
17,14,Box,4.4,0.670995,0,0,-2.8224,0
17,15,Box,5.5,0.670995,0,0,-2.8224,0
17,16,Box,6.6,0.670995,0,0,-2.8224,0
17,17,Box,7.7,0.670995,0,0,-2.8224,0
17,18,Box,8.8,0.670995,0,0,-2.8224,0
17,19,Box,9.9,0.670995,0,0,-2.8224,0
17,20,Box,0,1.771,0,0,-2.8224,0
17,21,Box,1.1,1.771,0,0,-2.8224,0
17,22,Box,2.2,1.771,0,0,-2.8224,0
17,23,Box,3.3,1.771,0,0,-2.8224,0
17,24,Box,4.4,1.771,0,0,-2.8224,0
17,25,Box,5.5,1.771,0,0,-2.8224,0
17,26,Box,6.6,1.771,0,0,-2.8224,0
17,27,Box,7.7,1.771,0,0,-2.8224,0
17,28,Box,8.8,1.771,0,0,-2.8224,0
17,29,Box,9.9,1.771,0,0,-2.8224,0
17,30,Box,0,2.871,0,0,-2.8224,0
17,31,Box,1.1,2.871,0,0,-2.8224,0
17,32,Box,2.2,2.871,0,0,-2.8224,0
17,33,Box,3.3,2.871,0,0,-2.8224,0
17,34,Box,4.4,2.871,0,0,-2.8224,0
17,35,Box,5.5,2.871,0,0,-2.8224,0
17,36,Box,6.6,2.871,0,0,-2.8224,0
17,37,Box,7.7,2.871,0,0,-2.8224,0
17,38,Box,8.8,2.871,0,0,-2.8224,0
17,39,Box,9.9,2.871,0,0,-2.8224,0
17,40,Box,0,3.971,0,0,-2.8224,0
17,41,Box,1.1,3.971,0,0,-2.8224,0
17,42,Box,2.2,3.971,0,0,-2.8224,0
17,43,Box,3.3,3.971,0,0,-2.8224,0
17,44,Box,4.4,3.971,0,0,-2.8224,0
17,45,Box,5.5,3.971,0,0,-2.8224,0
17,46,Box,6.6,3.971,0,0,-2.8224,0
17,47,Box,7.7,3.971,0,0,-2.8224,0
17,48,Box,8.8,3.971,0,0,-2.8224,0
17,49,Box,9.9,3.971,0,0,-2.8224,0
17,50,Box,0,5.071,0,0,-2.8224,0
17,51,Box,1.1,5.071,0,0,-2.8224,0
17,52,Box,2.2,5.071,0,0,-2.8224,0
17,53,Box,3.3,5.071,0,0,-2.8224,0
17,54,Box,4.4,5.071,0,0,-2.8224,0
17,55,Box,5.5,5.071,0,0,-2.8224,0
17,56,Box,6.6,5.071,0,0,-2.8224,0
17,57,Box,7.7,5.071,0,0,-2.8224,0
17,58,Box,8.8,5.071,0,0,-2.8224,0
17,59,Box,9.9,5.071,0,0,-2.8224,0
17,60,Box,0,6.171,0,0,-2.8224,0
17,61,Box,1.1,6.171,0,0,-2.8224,0
17,62,Box,2.2,6.171,0,0,-2.8224,0
17,63,Box,3.3,6.171,0,0,-2.8224,0
17,64,Box,4.4,6.171,0,0,-2.8224,0
17,65,Box,5.5,6.171,0,0,-2.8224,0
17,66,Box,6.6,6.171,0,0,-2.8224,0
17,67,Box,7.7,6.171,0,0,-2.8224,0
17,68,Box,8.8,6.171,0,0,-2.8224,0
17,69,Box,9.9,6.171,0,0,-2.8224,0
17,70,Box,0,7.271,0,0,-2.8224,0
17,71,Box,1.1,7.271,0,0,-2.8224,0
17,72,Box,2.2,7.271,0,0,-2.8224,0
17,73,Box,3.3,7.271,0,0,-2.8224,0
17,74,Box,4.4,7.271,0,0,-2.8224,0
17,75,Box,5.5,7.271,0,0,-2.8224,0
17,76,Box,6.6,7.271,0,0,-2.8224,0
17,77,Box,7.7,7.271,0,0,-2.8224,0
17,78,Box,8.8,7.271,0,0,-2.8224,0
17,79,Box,9.9,7.271,0,0,-2.8224,0
17,80,Box,0,8.371,0,0,-2.8224,0
17,81,Box,1.1,8.371,0,0,-2.8224,0
17,82,Box,2.2,8.371,0,0,-2.8224,0
17,83,Box,3.3,8.371,0,0,-2.8224,0
17,84,Box,4.4,8.371,0,0,-2.8224,0
17,85,Box,5.5,8.371,0,0,-2.8224,0
17,86,Box,6.6,8.371,0,0,-2.8224,0
17,87,Box,7.7,8.371,0,0,-2.8224,0
17,88,Box,8.8,8.371,0,0,-2.8224,0
17,89,Box,9.9,8.371,0,0,-2.8224,0
17,90,Box,0,9.471,0,0,-2.8224,0
17,91,Box,1.1,9.471,0,0,-2.8224,0
17,92,Box,2.2,9.471,0,0,-2.8224,0
17,93,Box,3.3,9.471,0,0,-2.8224,0
17,94,Box,4.4,9.471,0,0,-2.8224,0
17,95,Box,5.5,9.471,0,0,-2.8224,0
17,96,Box,6.6,9.471,0,0,-2.8224,0
17,97,Box,7.7,9.471,0,0,-2.8224,0
17,98,Box,8.8,9.471,0,0,-2.8224,0
17,99,Box,9.9,9.471,0,0,-2.8224,0
18,0,Box,0,-0.476672,0,0,-2.9792,0
18,1,Box,1.1,-0.476672,0,0,-2.9792,0
18,2,Box,2.2,-0.476672,0,0,-2.9792,0
18,3,Box,3.3,-0.476672,0,0,-2.9792,0
18,4,Box,4.4,-0.476672,0,0,-2.9792,0
18,5,Box,5.5,-0.476672,0,0,-2.9792,0
18,6,Box,6.6,-0.476672,0,0,-2.9792,0
18,7,Box,7.7,-0.476672,0,0,-2.9792,0
18,8,Box,8.8,-0.476672,0,0,-2.9792,0
18,9,Box,9.9,-0.476672,0,0,-2.9792,0
18,10,Box,0,0.623328,0,0,-2.9792,0
18,11,Box,1.1,0.623328,0,0,-2.9792,0
18,12,Box,2.2,0.623328,0,0,-2.9792,0
18,13,Box,3.3,0.623328,0,0,-2.9792,0
18,14,Box,4.4,0.623328,0,0,-2.9792,0
18,15,Box,5.5,0.623328,0,0,-2.9792,0
18,16,Box,6.6,0.623328,0,0,-2.9792,0
18,17,Box,7.7,0.623328,0,0,-2.9792,0
18,18,Box,8.8,0.623328,0,0,-2.9792,0
18,19,Box,9.9,0.623328,0,0,-2.9792,0
18,20,Box,0,1.72333,0,0,-2.9792,0
18,21,Box,1.1,1.72333,0,0,-2.9792,0
18,22,Box,2.2,1.72333,0,0,-2.9792,0
18,23,Box,3.3,1.72333,0,0,-2.9792,0
18,24,Box,4.4,1.72333,0,0,-2.9792,0
18,25,Box,5.5,1.72333,0,0,-2.9792,0
18,26,Box,6.6,1.72333,0,0,-2.9792,0
18,27,Box,7.7,1.72333,0,0,-2.9792,0
18,28,Box,8.8,1.72333,0,0,-2.9792,0
18,29,Box,9.9,1.72333,0,0,-2.9792,0
18,30,Box,0,2.82333,0,0,-2.9792,0
18,31,Box,1.1,2.82333,0,0,-2.9792,0
18,32,Box,2.2,2.82333,0,0,-2.9792,0
18,33,Box,3.3,2.82333,0,0,-2.9792,0
18,34,Box,4.4,2.82333,0,0,-2.9792,0
18,35,Box,5.5,2.82333,0,0,-2.9792,0
18,36,Box,6.6,2.82333,0,0,-2.9792,0
18,37,Box,7.7,2.82333,0,0,-2.9792,0
18,38,Box,8.8,2.82333,0,0,-2.9792,0
18,39,Box,9.9,2.82333,0,0,-2.9792,0
18,40,Box,0,3.92333,0,0,-2.9792,0
18,41,Box,1.1,3.92333,0,0,-2.9792,0
18,42,Box,2.2,3.92333,0,0,-2.9792,0
18,43,Box,3.3,3.92333,0,0,-2.9792,0
18,44,Box,4.4,3.92333,0,0,-2.9792,0
18,45,Box,5.5,3.92333,0,0,-2.9792,0
18,46,Box,6.6,3.92333,0,0,-2.9792,0
18,47,Box,7.7,3.92333,0,0,-2.9792,0
18,48,Box,8.8,3.92333,0,0,-2.9792,0
18,49,Box,9.9,3.92333,0,0,-2.9792,0
18,50,Box,0,5.02333,0,0,-2.9792,0
18,51,Box,1.1,5.02333,0,0,-2.9792,0
18,52,Box,2.2,5.02333,0,0,-2.9792,0
18,53,Box,3.3,5.02333,0,0,-2.9792,0
18,54,Box,4.4,5.02333,0,0,-2.9792,0
18,55,Box,5.5,5.02333,0,0,-2.9792,0
18,56,Box,6.6,5.02333,0,0,-2.9792,0
18,57,Box,7.7,5.02333,0,0,-2.9792,0
18,58,Box,8.8,5.02333,0,0,-2.9792,0
18,59,Box,9.9,5.02333,0,0,-2.9792,0
18,60,Box,0,6.12333,0,0,-2.9792,0
18,61,Box,1.1,6.12333,0,0,-2.9792,0
18,62,Box,2.2,6.12333,0,0,-2.9792,0
18,63,Box,3.3,6.12333,0,0,-2.9792,0
18,64,Box,4.4,6.12333,0,0,-2.9792,0
18,65,Box,5.5,6.12333,0,0,-2.9792,0
18,66,Box,6.6,6.12333,0,0,-2.9792,0
18,67,Box,7.7,6.12333,0,0,-2.9792,0
18,68,Box,8.8,6.12333,0,0,-2.9792,0
18,69,Box,9.9,6.12333,0,0,-2.9792,0
18,70,Box,0,7.22333,0,0,-2.9792,0
18,71,Box,1.1,7.22333,0,0,-2.9792,0
18,72,Box,2.2,7.22333,0,0,-2.9792,0
18,73,Box,3.3,7.22333,0,0,-2.9792,0
18,74,Box,4.4,7.22333,0,0,-2.9792,0
18,75,Box,5.5,7.22333,0,0,-2.9792,0
18,76,Box,6.6,7.22333,0,0,-2.9792,0
18,77,Box,7.7,7.22333,0,0,-2.9792,0
18,78,Box,8.8,7.22333,0,0,-2.9792,0
18,79,Box,9.9,7.22333,0,0,-2.9792,0
18,80,Box,0,8.32333,0,0,-2.9792,0
18,81,Box,1.1,8.32333,0,0,-2.9792,0
18,82,Box,2.2,8.32333,0,0,-2.9792,0
18,83,Box,3.3,8.32333,0,0,-2.9792,0
18,84,Box,4.4,8.32333,0,0,-2.9792,0
18,85,Box,5.5,8.32333,0,0,-2.9792,0
18,86,Box,6.6,8.32333,0,0,-2.9792,0
18,87,Box,7.7,8.32333,0,0,-2.9792,0
18,88,Box,8.8,8.32333,0,0,-2.9792,0
18,89,Box,9.9,8.32333,0,0,-2.9792,0
18,90,Box,0,9.42333,0,0,-2.9792,0
18,91,Box,1.1,9.42333,0,0,-2.9792,0
18,92,Box,2.2,9.42333,0,0,-2.9792,0
18,93,Box,3.3,9.42333,0,0,-2.9792,0
18,94,Box,4.4,9.42333,0,0,-2.9792,0
18,95,Box,5.5,9.42333,0,0,-2.9792,0
18,96,Box,6.6,9.42333,0,0,-2.9792,0
18,97,Box,7.7,9.42333,0,0,-2.9792,0
18,98,Box,8.8,9.42333,0,0,-2.9792,0
18,99,Box,9.9,9.42333,0,0,-2.9792,0
19,0,Box,0,-0.526848,0,0,-3.136,0
19,1,Box,1.1,-0.526848,0,0,-3.136,0
19,2,Box,2.2,-0.526848,0,0,-3.136,0
19,3,Box,3.3,-0.526848,0,0,-3.136,0
19,4,Box,4.4,-0.526848,0,0,-3.136,0
19,5,Box,5.5,-0.526848,0,0,-3.136,0
19,6,Box,6.6,-0.526848,0,0,-3.136,0
19,7,Box,7.7,-0.526848,0,0,-3.136,0
19,8,Box,8.8,-0.526848,0,0,-3.136,0
19,9,Box,9.9,-0.526848,0,0,-3.136,0
19,10,Box,0,0.573152,0,0,-3.136,0
19,11,Box,1.1,0.573152,0,0,-3.136,0
19,12,Box,2.2,0.573152,0,0,-3.136,0
19,13,Box,3.3,0.573152,0,0,-3.136,0
19,14,Box,4.4,0.573152,0,0,-3.136,0
19,15,Box,5.5,0.573152,0,0,-3.136,0
19,16,Box,6.6,0.573152,0,0,-3.136,0
19,17,Box,7.7,0.573152,0,0,-3.136,0
19,18,Box,8.8,0.573152,0,0,-3.136,0
19,19,Box,9.9,0.573152,0,0,-3.136,0
19,20,Box,0,1.67315,0,0,-3.136,0
19,21,Box,1.1,1.67315,0,0,-3.136,0
19,22,Box,2.2,1.67315,0,0,-3.136,0
19,23,Box,3.3,1.67315,0,0,-3.136,0
19,24,Box,4.4,1.67315,0,0,-3.136,0
19,25,Box,5.5,1.67315,0,0,-3.136,0
19,26,Box,6.6,1.67315,0,0,-3.136,0
19,27,Box,7.7,1.67315,0,0,-3.136,0
19,28,Box,8.8,1.67315,0,0,-3.136,0
19,29,Box,9.9,1.67315,0,0,-3.136,0
19,30,Box,0,2.77315,0,0,-3.136,0
19,31,Box,1.1,2.77315,0,0,-3.136,0
19,32,Box,2.2,2.77315,0,0,-3.136,0
19,33,Box,3.3,2.77315,0,0,-3.136,0
19,34,Box,4.4,2.77315,0,0,-3.136,0
19,35,Box,5.5,2.77315,0,0,-3.136,0
19,36,Box,6.6,2.77315,0,0,-3.136,0
19,37,Box,7.7,2.77315,0,0,-3.136,0
19,38,Box,8.8,2.77315,0,0,-3.136,0
19,39,Box,9.9,2.77315,0,0,-3.136,0
19,40,Box,0,3.87315,0,0,-3.136,0
19,41,Box,1.1,3.87315,0,0,-3.136,0
19,42,Box,2.2,3.87315,0,0,-3.136,0
19,43,Box,3.3,3.87315,0,0,-3.136,0
19,44,Box,4.4,3.87315,0,0,-3.136,0
19,45,Box,5.5,3.87315,0,0,-3.136,0
19,46,Box,6.6,3.87315,0,0,-3.136,0
19,47,Box,7.7,3.87315,0,0,-3.136,0
19,48,Box,8.8,3.87315,0,0,-3.136,0
19,49,Box,9.9,3.87315,0,0,-3.136,0
19,50,Box,0,4.97315,0,0,-3.136,0
19,51,Box,1.1,4.97315,0,0,-3.136,0
19,52,Box,2.2,4.97315,0,0,-3.136,0
19,53,Box,3.3,4.97315,0,0,-3.136,0
19,54,Box,4.4,4.97315,0,0,-3.136,0
19,55,Box,5.5,4.97315,0,0,-3.136,0
19,56,Box,6.6,4.97315,0,0,-3.136,0
19,57,Box,7.7,4.97315,0,0,-3.136,0
19,58,Box,8.8,4.97315,0,0,-3.136,0
19,59,Box,9.9,4.97315,0,0,-3.136,0
19,60,Box,0,6.07315,0,0,-3.136,0
19,61,Box,1.1,6.07315,0,0,-3.136,0
19,62,Box,2.2,6.07315,0,0,-3.136,0
19,63,Box,3.3,6.07315,0,0,-3.136,0
19,64,Box,4.4,6.07315,0,0,-3.136,0
19,65,Box,5.5,6.07315,0,0,-3.136,0
19,66,Box,6.6,6.07315,0,0,-3.136,0
19,67,Box,7.7,6.07315,0,0,-3.136,0
19,68,Box,8.8,6.07315,0,0,-3.136,0
19,69,Box,9.9,6.07315,0,0,-3.136,0
19,70,Box,0,7.17315,0,0,-3.136,0
19,71,Box,1.1,7.17315,0,0,-3.136,0
19,72,Box,2.2,7.17315,0,0,-3.136,0
19,73,Box,3.3,7.17315,0,0,-3.136,0
19,74,Box,4.4,7.17315,0,0,-3.136,0
19,75,Box,5.5,7.17315,0,0,-3.136,0
19,76,Box,6.6,7.17315,0,0,-3.136,0
19,77,Box,7.7,7.17315,0,0,-3.136,0
19,78,Box,8.8,7.17315,0,0,-3.136,0
19,79,Box,9.9,7.17315,0,0,-3.136,0
19,80,Box,0,8.27315,0,0,-3.136,0
19,81,Box,1.1,8.27315,0,0,-3.136,0
19,82,Box,2.2,8.27315,0,0,-3.136,0
19,83,Box,3.3,8.27315,0,0,-3.136,0
19,84,Box,4.4,8.27315,0,0,-3.136,0
19,85,Box,5.5,8.27315,0,0,-3.136,0
19,86,Box,6.6,8.27315,0,0,-3.136,0
19,87,Box,7.7,8.27315,0,0,-3.136,0
19,88,Box,8.8,8.27315,0,0,-3.136,0
19,89,Box,9.9,8.27315,0,0,-3.136,0
19,90,Box,0,9.37315,0,0,-3.136,0
19,91,Box,1.1,9.37315,0,0,-3.136,0
19,92,Box,2.2,9.37315,0,0,-3.136,0
19,93,Box,3.3,9.37315,0,0,-3.136,0
19,94,Box,4.4,9.37315,0,0,-3.136,0
19,95,Box,5.5,9.37315,0,0,-3.136,0
19,96,Box,6.6,9.37315,0,0,-3.136,0
19,97,Box,7.7,9.37315,0,0,-3.136,0
19,98,Box,8.8,9.37315,0,0,-3.136,0
19,99,Box,9.9,9.37315,0,0,-3.136,0
20,0,Box,0,-0.579533,0,0,-3.2928,0
20,1,Box,1.1,-0.579533,0,0,-3.2928,0
20,2,Box,2.2,-0.579533,0,0,-3.2928,0
20,3,Box,3.3,-0.579533,0,0,-3.2928,0
20,4,Box,4.4,-0.579533,0,0,-3.2928,0
20,5,Box,5.5,-0.579533,0,0,-3.2928,0
20,6,Box,6.6,-0.579533,0,0,-3.2928,0
20,7,Box,7.7,-0.579533,0,0,-3.2928,0
20,8,Box,8.8,-0.579533,0,0,-3.2928,0
20,9,Box,9.9,-0.579533,0,0,-3.2928,0
20,10,Box,0,0.520467,0,0,-3.2928,0
20,11,Box,1.1,0.520467,0,0,-3.2928,0
20,12,Box,2.2,0.520467,0,0,-3.2928,0
20,13,Box,3.3,0.520467,0,0,-3.2928,0
20,14,Box,4.4,0.520467,0,0,-3.2928,0
20,15,Box,5.5,0.520467,0,0,-3.2928,0
20,16,Box,6.6,0.520467,0,0,-3.2928,0
20,17,Box,7.7,0.520467,0,0,-3.2928,0
20,18,Box,8.8,0.520467,0,0,-3.2928,0
20,19,Box,9.9,0.520467,0,0,-3.2928,0
20,20,Box,0,1.62047,0,0,-3.2928,0
20,21,Box,1.1,1.62047,0,0,-3.2928,0
20,22,Box,2.2,1.62047,0,0,-3.2928,0
20,23,Box,3.3,1.62047,0,0,-3.2928,0
20,24,Box,4.4,1.62047,0,0,-3.2928,0
20,25,Box,5.5,1.62047,0,0,-3.2928,0
20,26,Box,6.6,1.62047,0,0,-3.2928,0
20,27,Box,7.7,1.62047,0,0,-3.2928,0
20,28,Box,8.8,1.62047,0,0,-3.2928,0
20,29,Box,9.9,1.62047,0,0,-3.2928,0
20,30,Box,0,2.72047,0,0,-3.2928,0
20,31,Box,1.1,2.72047,0,0,-3.2928,0
20,32,Box,2.2,2.72047,0,0,-3.2928,0
20,33,Box,3.3,2.72047,0,0,-3.2928,0
20,34,Box,4.4,2.72047,0,0,-3.2928,0
20,35,Box,5.5,2.72047,0,0,-3.2928,0
20,36,Box,6.6,2.72047,0,0,-3.2928,0
20,37,Box,7.7,2.72047,0,0,-3.2928,0
20,38,Box,8.8,2.72047,0,0,-3.2928,0
20,39,Box,9.9,2.72047,0,0,-3.2928,0
20,40,Box,0,3.82047,0,0,-3.2928,0
20,41,Box,1.1,3.82047,0,0,-3.2928,0
20,42,Box,2.2,3.82047,0,0,-3.2928,0
20,43,Box,3.3,3.82047,0,0,-3.2928,0
20,44,Box,4.4,3.82047,0,0,-3.2928,0
20,45,Box,5.5,3.82047,0,0,-3.2928,0
20,46,Box,6.6,3.82047,0,0,-3.2928,0
20,47,Box,7.7,3.82047,0,0,-3.2928,0
20,48,Box,8.8,3.82047,0,0,-3.2928,0
20,49,Box,9.9,3.82047,0,0,-3.2928,0
20,50,Box,0,4.92047,0,0,-3.2928,0
20,51,Box,1.1,4.92047,0,0,-3.2928,0
20,52,Box,2.2,4.92047,0,0,-3.2928,0
20,53,Box,3.3,4.92047,0,0,-3.2928,0
20,54,Box,4.4,4.92047,0,0,-3.2928,0
20,55,Box,5.5,4.92047,0,0,-3.2928,0
20,56,Box,6.6,4.92047,0,0,-3.2928,0
20,57,Box,7.7,4.92047,0,0,-3.2928,0
20,58,Box,8.8,4.92047,0,0,-3.2928,0
20,59,Box,9.9,4.92047,0,0,-3.2928,0
20,60,Box,0,6.02047,0,0,-3.2928,0
20,61,Box,1.1,6.02047,0,0,-3.2928,0
20,62,Box,2.2,6.02047,0,0,-3.2928,0
20,63,Box,3.3,6.02047,0,0,-3.2928,0
20,64,Box,4.4,6.02047,0,0,-3.2928,0
20,65,Box,5.5,6.02047,0,0,-3.2928,0
20,66,Box,6.6,6.02047,0,0,-3.2928,0
20,67,Box,7.7,6.02047,0,0,-3.2928,0
20,68,Box,8.8,6.02047,0,0,-3.2928,0
20,69,Box,9.9,6.02047,0,0,-3.2928,0
20,70,Box,0,7.12047,0,0,-3.2928,0
20,71,Box,1.1,7.12047,0,0,-3.2928,0
20,72,Box,2.2,7.12047,0,0,-3.2928,0
20,73,Box,3.3,7.12047,0,0,-3.2928,0
20,74,Box,4.4,7.12047,0,0,-3.2928,0
20,75,Box,5.5,7.12047,0,0,-3.2928,0
20,76,Box,6.6,7.12047,0,0,-3.2928,0
20,77,Box,7.7,7.12047,0,0,-3.2928,0
20,78,Box,8.8,7.12047,0,0,-3.2928,0
20,79,Box,9.9,7.12047,0,0,-3.2928,0
20,80,Box,0,8.22047,0,0,-3.2928,0
20,81,Box,1.1,8.22047,0,0,-3.2928,0
20,82,Box,2.2,8.22047,0,0,-3.2928,0
20,83,Box,3.3,8.22047,0,0,-3.2928,0
20,84,Box,4.4,8.22047,0,0,-3.2928,0
20,85,Box,5.5,8.22047,0,0,-3.2928,0
20,86,Box,6.6,8.22047,0,0,-3.2928,0
20,87,Box,7.7,8.22047,0,0,-3.2928,0
20,88,Box,8.8,8.22047,0,0,-3.2928,0
20,89,Box,9.9,8.22047,0,0,-3.2928,0
20,90,Box,0,9.32047,0,0,-3.2928,0
20,91,Box,1.1,9.32047,0,0,-3.2928,0
20,92,Box,2.2,9.32047,0,0,-3.2928,0
20,93,Box,3.3,9.32047,0,0,-3.2928,0
20,94,Box,4.4,9.32047,0,0,-3.2928,0
20,95,Box,5.5,9.32047,0,0,-3.2928,0
20,96,Box,6.6,9.32047,0,0,-3.2928,0
20,97,Box,7.7,9.32047,0,0,-3.2928,0
20,98,Box,8.8,9.32047,0,0,-3.2928,0
20,99,Box,9.9,9.32047,0,0,-3.2928,0
21,0,Box,0,-0.634726,0,0,-3.4496,0
21,1,Box,1.1,-0.634726,0,0,-3.4496,0
21,2,Box,2.2,-0.634726,0,0,-3.4496,0
21,3,Box,3.3,-0.634726,0,0,-3.4496,0
21,4,Box,4.4,-0.634726,0,0,-3.4496,0
21,5,Box,5.5,-0.634726,0,0,-3.4496,0
21,6,Box,6.6,-0.634726,0,0,-3.4496,0
21,7,Box,7.7,-0.634726,0,0,-3.4496,0
21,8,Box,8.8,-0.634726,0,0,-3.4496,0
21,9,Box,9.9,-0.634726,0,0,-3.4496,0
21,10,Box,0,0.465274,0,0,-3.4496,0
21,11,Box,1.1,0.465274,0,0,-3.4496,0
21,12,Box,2.2,0.465274,0,0,-3.4496,0
21,13,Box,3.3,0.465274,0,0,-3.4496,0
21,14,Box,4.4,0.465274,0,0,-3.4496,0
21,15,Box,5.5,0.465274,0,0,-3.4496,0
21,16,Box,6.6,0.465274,0,0,-3.4496,0
21,17,Box,7.7,0.465274,0,0,-3.4496,0
21,18,Box,8.8,0.465274,0,0,-3.4496,0
21,19,Box,9.9,0.465274,0,0,-3.4496,0
21,20,Box,0,1.56527,0,0,-3.4496,0
21,21,Box,1.1,1.56527,0,0,-3.4496,0
21,22,Box,2.2,1.56527,0,0,-3.4496,0
21,23,Box,3.3,1.56527,0,0,-3.4496,0
21,24,Box,4.4,1.56527,0,0,-3.4496,0
21,25,Box,5.5,1.56527,0,0,-3.4496,0
21,26,Box,6.6,1.56527,0,0,-3.4496,0
21,27,Box,7.7,1.56527,0,0,-3.4496,0
21,28,Box,8.8,1.56527,0,0,-3.4496,0
21,29,Box,9.9,1.56527,0,0,-3.4496,0
21,30,Box,0,2.66527,0,0,-3.4496,0
21,31,Box,1.1,2.66527,0,0,-3.4496,0
21,32,Box,2.2,2.66527,0,0,-3.4496,0
21,33,Box,3.3,2.66527,0,0,-3.4496,0
21,34,Box,4.4,2.66527,0,0,-3.4496,0
21,35,Box,5.5,2.66527,0,0,-3.4496,0
21,36,Box,6.6,2.66527,0,0,-3.4496,0
21,37,Box,7.7,2.66527,0,0,-3.4496,0
21,38,Box,8.8,2.66527,0,0,-3.4496,0
21,39,Box,9.9,2.66527,0,0,-3.4496,0
21,40,Box,0,3.76527,0,0,-3.4496,0
21,41,Box,1.1,3.76527,0,0,-3.4496,0
21,42,Box,2.2,3.76527,0,0,-3.4496,0
21,43,Box,3.3,3.76527,0,0,-3.4496,0
21,44,Box,4.4,3.76527,0,0,-3.4496,0
21,45,Box,5.5,3.76527,0,0,-3.4496,0
21,46,Box,6.6,3.76527,0,0,-3.4496,0
21,47,Box,7.7,3.76527,0,0,-3.4496,0
21,48,Box,8.8,3.76527,0,0,-3.4496,0
21,49,Box,9.9,3.76527,0,0,-3.4496,0
21,50,Box,0,4.86527,0,0,-3.4496,0
21,51,Box,1.1,4.86527,0,0,-3.4496,0
21,52,Box,2.2,4.86527,0,0,-3.4496,0
21,53,Box,3.3,4.86527,0,0,-3.4496,0
21,54,Box,4.4,4.86527,0,0,-3.4496,0
21,55,Box,5.5,4.86527,0,0,-3.4496,0
21,56,Box,6.6,4.86527,0,0,-3.4496,0
21,57,Box,7.7,4.86527,0,0,-3.4496,0
21,58,Box,8.8,4.86527,0,0,-3.4496,0
21,59,Box,9.9,4.86527,0,0,-3.4496,0
21,60,Box,0,5.96527,0,0,-3.4496,0
21,61,Box,1.1,5.96527,0,0,-3.4496,0
21,62,Box,2.2,5.96527,0,0,-3.4496,0
21,63,Box,3.3,5.96527,0,0,-3.4496,0
21,64,Box,4.4,5.96527,0,0,-3.4496,0
21,65,Box,5.5,5.96527,0,0,-3.4496,0
21,66,Box,6.6,5.96527,0,0,-3.4496,0
21,67,Box,7.7,5.96527,0,0,-3.4496,0
21,68,Box,8.8,5.96527,0,0,-3.4496,0
21,69,Box,9.9,5.96527,0,0,-3.4496,0
21,70,Box,0,7.06527,0,0,-3.4496,0
21,71,Box,1.1,7.06527,0,0,-3.4496,0
21,72,Box,2.2,7.06527,0,0,-3.4496,0
21,73,Box,3.3,7.06527,0,0,-3.4496,0
21,74,Box,4.4,7.06527,0,0,-3.4496,0
21,75,Box,5.5,7.06527,0,0,-3.4496,0
21,76,Box,6.6,7.06527,0,0,-3.4496,0
21,77,Box,7.7,7.06527,0,0,-3.4496,0
21,78,Box,8.8,7.06527,0,0,-3.4496,0
21,79,Box,9.9,7.06527,0,0,-3.4496,0
21,80,Box,0,8.16527,0,0,-3.4496,0
21,81,Box,1.1,8.16527,0,0,-3.4496,0
21,82,Box,2.2,8.16527,0,0,-3.4496,0
21,83,Box,3.3,8.16527,0,0,-3.4496,0
21,84,Box,4.4,8.16527,0,0,-3.4496,0
21,85,Box,5.5,8.16527,0,0,-3.4496,0
21,86,Box,6.6,8.16527,0,0,-3.4496,0
21,87,Box,7.7,8.16527,0,0,-3.4496,0
21,88,Box,8.8,8.16527,0,0,-3.4496,0
21,89,Box,9.9,8.16527,0,0,-3.4496,0
21,90,Box,0,9.26527,0,0,-3.4496,0
21,91,Box,1.1,9.26527,0,0,-3.4496,0
21,92,Box,2.2,9.26527,0,0,-3.4496,0
21,93,Box,3.3,9.26527,0,0,-3.4496,0
21,94,Box,4.4,9.26527,0,0,-3.4496,0
21,95,Box,5.5,9.26527,0,0,-3.4496,0
21,96,Box,6.6,9.26527,0,0,-3.4496,0
21,97,Box,7.7,9.26527,0,0,-3.4496,0
21,98,Box,8.8,9.26527,0,0,-3.4496,0
21,99,Box,9.9,9.26527,0,0,-3.4496,0
22,0,Box,0,-0.692429,0,0,-3.6064,0
22,1,Box,1.1,-0.692429,0,0,-3.6064,0
22,2,Box,2.2,-0.692429,0,0,-3.6064,0
22,3,Box,3.3,-0.692429,0,0,-3.6064,0
22,4,Box,4.4,-0.692429,0,0,-3.6064,0
22,5,Box,5.5,-0.692429,0,0,-3.6064,0
22,6,Box,6.6,-0.692429,0,0,-3.6064,0
22,7,Box,7.7,-0.692429,0,0,-3.6064,0
22,8,Box,8.8,-0.692429,0,0,-3.6064,0
22,9,Box,9.9,-0.692429,0,0,-3.6064,0
22,10,Box,0,0.407571,0,0,-3.6064,0
22,11,Box,1.1,0.407571,0,0,-3.6064,0
22,12,Box,2.2,0.407571,0,0,-3.6064,0
22,13,Box,3.3,0.407571,0,0,-3.6064,0
22,14,Box,4.4,0.407571,0,0,-3.6064,0
22,15,Box,5.5,0.407571,0,0,-3.6064,0
22,16,Box,6.6,0.407571,0,0,-3.6064,0
22,17,Box,7.7,0.407571,0,0,-3.6064,0
22,18,Box,8.8,0.407571,0,0,-3.6064,0
22,19,Box,9.9,0.407571,0,0,-3.6064,0
22,20,Box,0,1.50757,0,0,-3.6064,0
22,21,Box,1.1,1.50757,0,0,-3.6064,0
22,22,Box,2.2,1.50757,0,0,-3.6064,0
22,23,Box,3.3,1.50757,0,0,-3.6064,0
22,24,Box,4.4,1.50757,0,0,-3.6064,0
22,25,Box,5.5,1.50757,0,0,-3.6064,0
22,26,Box,6.6,1.50757,0,0,-3.6064,0
22,27,Box,7.7,1.50757,0,0,-3.6064,0
22,28,Box,8.8,1.50757,0,0,-3.6064,0
22,29,Box,9.9,1.50757,0,0,-3.6064,0
22,30,Box,0,2.60757,0,0,-3.6064,0
22,31,Box,1.1,2.60757,0,0,-3.6064,0
22,32,Box,2.2,2.60757,0,0,-3.6064,0
22,33,Box,3.3,2.60757,0,0,-3.6064,0
22,34,Box,4.4,2.60757,0,0,-3.6064,0
22,35,Box,5.5,2.60757,0,0,-3.6064,0
22,36,Box,6.6,2.60757,0,0,-3.6064,0
22,37,Box,7.7,2.60757,0,0,-3.6064,0
22,38,Box,8.8,2.60757,0,0,-3.6064,0
22,39,Box,9.9,2.60757,0,0,-3.6064,0
22,40,Box,0,3.70757,0,0,-3.6064,0
22,41,Box,1.1,3.70757,0,0,-3.6064,0
22,42,Box,2.2,3.70757,0,0,-3.6064,0
22,43,Box,3.3,3.70757,0,0,-3.6064,0
22,44,Box,4.4,3.70757,0,0,-3.6064,0
22,45,Box,5.5,3.70757,0,0,-3.6064,0
22,46,Box,6.6,3.70757,0,0,-3.6064,0
22,47,Box,7.7,3.70757,0,0,-3.6064,0
22,48,Box,8.8,3.70757,0,0,-3.6064,0
22,49,Box,9.9,3.70757,0,0,-3.6064,0
22,50,Box,0,4.80757,0,0,-3.6064,0
22,51,Box,1.1,4.80757,0,0,-3.6064,0
22,52,Box,2.2,4.80757,0,0,-3.6064,0
22,53,Box,3.3,4.80757,0,0,-3.6064,0
22,54,Box,4.4,4.80757,0,0,-3.6064,0
22,55,Box,5.5,4.80757,0,0,-3.6064,0
22,56,Box,6.6,4.80757,0,0,-3.6064,0
22,57,Box,7.7,4.80757,0,0,-3.6064,0
22,58,Box,8.8,4.80757,0,0,-3.6064,0
22,59,Box,9.9,4.80757,0,0,-3.6064,0
22,60,Box,0,5.90757,0,0,-3.6064,0
22,61,Box,1.1,5.90757,0,0,-3.6064,0
22,62,Box,2.2,5.90757,0,0,-3.6064,0
22,63,Box,3.3,5.90757,0,0,-3.6064,0
22,64,Box,4.4,5.90757,0,0,-3.6064,0
22,65,Box,5.5,5.90757,0,0,-3.6064,0
22,66,Box,6.6,5.90757,0,0,-3.6064,0
22,67,Box,7.7,5.90757,0,0,-3.6064,0
22,68,Box,8.8,5.90757,0,0,-3.6064,0
22,69,Box,9.9,5.90757,0,0,-3.6064,0
22,70,Box,0,7.00757,0,0,-3.6064,0
22,71,Box,1.1,7.00757,0,0,-3.6064,0
22,72,Box,2.2,7.00757,0,0,-3.6064,0
22,73,Box,3.3,7.00757,0,0,-3.6064,0
22,74,Box,4.4,7.00757,0,0,-3.6064,0
22,75,Box,5.5,7.00757,0,0,-3.6064,0
22,76,Box,6.6,7.00757,0,0,-3.6064,0
22,77,Box,7.7,7.00757,0,0,-3.6064,0
22,78,Box,8.8,7.00757,0,0,-3.6064,0
22,79,Box,9.9,7.00757,0,0,-3.6064,0
22,80,Box,0,8.10757,0,0,-3.6064,0
22,81,Box,1.1,8.10757,0,0,-3.6064,0
22,82,Box,2.2,8.10757,0,0,-3.6064,0
22,83,Box,3.3,8.10757,0,0,-3.6064,0
22,84,Box,4.4,8.10757,0,0,-3.6064,0
22,85,Box,5.5,8.10757,0,0,-3.6064,0
22,86,Box,6.6,8.10757,0,0,-3.6064,0
22,87,Box,7.7,8.10757,0,0,-3.6064,0
22,88,Box,8.8,8.10757,0,0,-3.6064,0
22,89,Box,9.9,8.10757,0,0,-3.6064,0
22,90,Box,0,9.20757,0,0,-3.6064,0
22,91,Box,1.1,9.20757,0,0,-3.6064,0
22,92,Box,2.2,9.20757,0,0,-3.6064,0
22,93,Box,3.3,9.20757,0,0,-3.6064,0
22,94,Box,4.4,9.20757,0,0,-3.6064,0
22,95,Box,5.5,9.20757,0,0,-3.6064,0
22,96,Box,6.6,9.20757,0,0,-3.6064,0
22,97,Box,7.7,9.20757,0,0,-3.6064,0
22,98,Box,8.8,9.20757,0,0,-3.6064,0
22,99,Box,9.9,9.20757,0,0,-3.6064,0
23,0,Box,0,-0.75264,0,0,-3.7632,0
23,1,Box,1.1,-0.75264,0,0,-3.7632,0
23,2,Box,2.2,-0.75264,0,0,-3.7632,0
23,3,Box,3.3,-0.75264,0,0,-3.7632,0
23,4,Box,4.4,-0.75264,0,0,-3.7632,0
23,5,Box,5.5,-0.75264,0,0,-3.7632,0
23,6,Box,6.6,-0.75264,0,0,-3.7632,0
23,7,Box,7.7,-0.75264,0,0,-3.7632,0
23,8,Box,8.8,-0.75264,0,0,-3.7632,0
23,9,Box,9.9,-0.75264,0,0,-3.7632,0
23,10,Box,0,0.34736,0,0,-3.7632,0
23,11,Box,1.1,0.34736,0,0,-3.7632,0
23,12,Box,2.2,0.34736,0,0,-3.7632,0
23,13,Box,3.3,0.34736,0,0,-3.7632,0
23,14,Box,4.4,0.34736,0,0,-3.7632,0
23,15,Box,5.5,0.34736,0,0,-3.7632,0
23,16,Box,6.6,0.34736,0,0,-3.7632,0
23,17,Box,7.7,0.34736,0,0,-3.7632,0
23,18,Box,8.8,0.34736,0,0,-3.7632,0
23,19,Box,9.9,0.34736,0,0,-3.7632,0
23,20,Box,0,1.44736,0,0,-3.7632,0
23,21,Box,1.1,1.44736,0,0,-3.7632,0
23,22,Box,2.2,1.44736,0,0,-3.7632,0
23,23,Box,3.3,1.44736,0,0,-3.7632,0
23,24,Box,4.4,1.44736,0,0,-3.7632,0
23,25,Box,5.5,1.44736,0,0,-3.7632,0
23,26,Box,6.6,1.44736,0,0,-3.7632,0
23,27,Box,7.7,1.44736,0,0,-3.7632,0
23,28,Box,8.8,1.44736,0,0,-3.7632,0
23,29,Box,9.9,1.44736,0,0,-3.7632,0
23,30,Box,0,2.54736,0,0,-3.7632,0
23,31,Box,1.1,2.54736,0,0,-3.7632,0
23,32,Box,2.2,2.54736,0,0,-3.7632,0
23,33,Box,3.3,2.54736,0,0,-3.7632,0
23,34,Box,4.4,2.54736,0,0,-3.7632,0
23,35,Box,5.5,2.54736,0,0,-3.7632,0
23,36,Box,6.6,2.54736,0,0,-3.7632,0
23,37,Box,7.7,2.54736,0,0,-3.7632,0
23,38,Box,8.8,2.54736,0,0,-3.7632,0
23,39,Box,9.9,2.54736,0,0,-3.7632,0
23,40,Box,0,3.64736,0,0,-3.7632,0
23,41,Box,1.1,3.64736,0,0,-3.7632,0
23,42,Box,2.2,3.64736,0,0,-3.7632,0
23,43,Box,3.3,3.64736,0,0,-3.7632,0
23,44,Box,4.4,3.64736,0,0,-3.7632,0
23,45,Box,5.5,3.64736,0,0,-3.7632,0
23,46,Box,6.6,3.64736,0,0,-3.7632,0
23,47,Box,7.7,3.64736,0,0,-3.7632,0
23,48,Box,8.8,3.64736,0,0,-3.7632,0
23,49,Box,9.9,3.64736,0,0,-3.7632,0
23,50,Box,0,4.74736,0,0,-3.7632,0
23,51,Box,1.1,4.74736,0,0,-3.7632,0
23,52,Box,2.2,4.74736,0,0,-3.7632,0
23,53,Box,3.3,4.74736,0,0,-3.7632,0
23,54,Box,4.4,4.74736,0,0,-3.7632,0
23,55,Box,5.5,4.74736,0,0,-3.7632,0
23,56,Box,6.6,4.74736,0,0,-3.7632,0
23,57,Box,7.7,4.74736,0,0,-3.7632,0
23,58,Box,8.8,4.74736,0,0,-3.7632,0
23,59,Box,9.9,4.74736,0,0,-3.7632,0
23,60,Box,0,5.84736,0,0,-3.7632,0
23,61,Box,1.1,5.84736,0,0,-3.7632,0
23,62,Box,2.2,5.84736,0,0,-3.7632,0
23,63,Box,3.3,5.84736,0,0,-3.7632,0
23,64,Box,4.4,5.84736,0,0,-3.7632,0
23,65,Box,5.5,5.84736,0,0,-3.7632,0
23,66,Box,6.6,5.84736,0,0,-3.7632,0
23,67,Box,7.7,5.84736,0,0,-3.7632,0
23,68,Box,8.8,5.84736,0,0,-3.7632,0
23,69,Box,9.9,5.84736,0,0,-3.7632,0
23,70,Box,0,6.94736,0,0,-3.7632,0
23,71,Box,1.1,6.94736,0,0,-3.7632,0
23,72,Box,2.2,6.94736,0,0,-3.7632,0
23,73,Box,3.3,6.94736,0,0,-3.7632,0
23,74,Box,4.4,6.94736,0,0,-3.7632,0
23,75,Box,5.5,6.94736,0,0,-3.7632,0
23,76,Box,6.6,6.94736,0,0,-3.7632,0
23,77,Box,7.7,6.94736,0,0,-3.7632,0
23,78,Box,8.8,6.94736,0,0,-3.7632,0
23,79,Box,9.9,6.94736,0,0,-3.7632,0
23,80,Box,0,8.04736,0,0,-3.7632,0
23,81,Box,1.1,8.04736,0,0,-3.7632,0
23,82,Box,2.2,8.04736,0,0,-3.7632,0
23,83,Box,3.3,8.04736,0,0,-3.7632,0
23,84,Box,4.4,8.04736,0,0,-3.7632,0
23,85,Box,5.5,8.04736,0,0,-3.7632,0
23,86,Box,6.6,8.04736,0,0,-3.7632,0
23,87,Box,7.7,8.04736,0,0,-3.7632,0
23,88,Box,8.8,8.04736,0,0,-3.7632,0
23,89,Box,9.9,8.04736,0,0,-3.7632,0
23,90,Box,0,9.14736,0,0,-3.7632,0
23,91,Box,1.1,9.14736,0,0,-3.7632,0
23,92,Box,2.2,9.14736,0,0,-3.7632,0
23,93,Box,3.3,9.14736,0,0,-3.7632,0
23,94,Box,4.4,9.14736,0,0,-3.7632,0
23,95,Box,5.5,9.14736,0,0,-3.7632,0
23,96,Box,6.6,9.14736,0,0,-3.7632,0
23,97,Box,7.7,9.14736,0,0,-3.7632,0
23,98,Box,8.8,9.14736,0,0,-3.7632,0
23,99,Box,9.9,9.14736,0,0,-3.7632,0
24,0,Box,0,-0.81536,0,0,-3.92,0
24,1,Box,1.1,-0.81536,0,0,-3.92,0
24,2,Box,2.2,-0.81536,0,0,-3.92,0
24,3,Box,3.3,-0.81536,0,0,-3.92,0
24,4,Box,4.4,-0.81536,0,0,-3.92,0
24,5,Box,5.5,-0.81536,0,0,-3.92,0
24,6,Box,6.6,-0.81536,0,0,-3.92,0
24,7,Box,7.7,-0.81536,0,0,-3.92,0
24,8,Box,8.8,-0.81536,0,0,-3.92,0
24,9,Box,9.9,-0.81536,0,0,-3.92,0
24,10,Box,0,0.28464,0,0,-3.92,0
24,11,Box,1.1,0.28464,0,0,-3.92,0
24,12,Box,2.2,0.28464,0,0,-3.92,0
24,13,Box,3.3,0.28464,0,0,-3.92,0
24,14,Box,4.4,0.28464,0,0,-3.92,0
24,15,Box,5.5,0.28464,0,0,-3.92,0
24,16,Box,6.6,0.28464,0,0,-3.92,0
24,17,Box,7.7,0.28464,0,0,-3.92,0
24,18,Box,8.8,0.28464,0,0,-3.92,0
24,19,Box,9.9,0.28464,0,0,-3.92,0
24,20,Box,0,1.38464,0,0,-3.92,0
24,21,Box,1.1,1.38464,0,0,-3.92,0
24,22,Box,2.2,1.38464,0,0,-3.92,0
24,23,Box,3.3,1.38464,0,0,-3.92,0
24,24,Box,4.4,1.38464,0,0,-3.92,0
24,25,Box,5.5,1.38464,0,0,-3.92,0
24,26,Box,6.6,1.38464,0,0,-3.92,0
24,27,Box,7.7,1.38464,0,0,-3.92,0
24,28,Box,8.8,1.38464,0,0,-3.92,0
24,29,Box,9.9,1.38464,0,0,-3.92,0
24,30,Box,0,2.48464,0,0,-3.92,0
24,31,Box,1.1,2.48464,0,0,-3.92,0
24,32,Box,2.2,2.48464,0,0,-3.92,0
24,33,Box,3.3,2.48464,0,0,-3.92,0
24,34,Box,4.4,2.48464,0,0,-3.92,0
24,35,Box,5.5,2.48464,0,0,-3.92,0
24,36,Box,6.6,2.48464,0,0,-3.92,0
24,37,Box,7.7,2.48464,0,0,-3.92,0
24,38,Box,8.8,2.48464,0,0,-3.92,0
24,39,Box,9.9,2.48464,0,0,-3.92,0
24,40,Box,0,3.58464,0,0,-3.92,0
24,41,Box,1.1,3.58464,0,0,-3.92,0
24,42,Box,2.2,3.58464,0,0,-3.92,0
24,43,Box,3.3,3.58464,0,0,-3.92,0
24,44,Box,4.4,3.58464,0,0,-3.92,0
24,45,Box,5.5,3.58464,0,0,-3.92,0
24,46,Box,6.6,3.58464,0,0,-3.92,0
24,47,Box,7.7,3.58464,0,0,-3.92,0
24,48,Box,8.8,3.58464,0,0,-3.92,0
24,49,Box,9.9,3.58464,0,0,-3.92,0
24,50,Box,0,4.68464,0,0,-3.92,0
24,51,Box,1.1,4.68464,0,0,-3.92,0
24,52,Box,2.2,4.68464,0,0,-3.92,0
24,53,Box,3.3,4.68464,0,0,-3.92,0
24,54,Box,4.4,4.68464,0,0,-3.92,0
24,55,Box,5.5,4.68464,0,0,-3.92,0
24,56,Box,6.6,4.68464,0,0,-3.92,0
24,57,Box,7.7,4.68464,0,0,-3.92,0
24,58,Box,8.8,4.68464,0,0,-3.92,0
24,59,Box,9.9,4.68464,0,0,-3.92,0
24,60,Box,0,5.78464,0,0,-3.92,0
24,61,Box,1.1,5.78464,0,0,-3.92,0
24,62,Box,2.2,5.78464,0,0,-3.92,0
24,63,Box,3.3,5.78464,0,0,-3.92,0
24,64,Box,4.4,5.78464,0,0,-3.92,0
24,65,Box,5.5,5.78464,0,0,-3.92,0
24,66,Box,6.6,5.78464,0,0,-3.92,0
24,67,Box,7.7,5.78464,0,0,-3.92,0
24,68,Box,8.8,5.78464,0,0,-3.92,0
24,69,Box,9.9,5.78464,0,0,-3.92,0
24,70,Box,0,6.88464,0,0,-3.92,0
24,71,Box,1.1,6.88464,0,0,-3.92,0
24,72,Box,2.2,6.88464,0,0,-3.92,0
24,73,Box,3.3,6.88464,0,0,-3.92,0
24,74,Box,4.4,6.88464,0,0,-3.92,0
24,75,Box,5.5,6.88464,0,0,-3.92,0
24,76,Box,6.6,6.88464,0,0,-3.92,0
24,77,Box,7.7,6.88464,0,0,-3.92,0
24,78,Box,8.8,6.88464,0,0,-3.92,0
24,79,Box,9.9,6.88464,0,0,-3.92,0
24,80,Box,0,7.98464,0,0,-3.92,0
24,81,Box,1.1,7.98464,0,0,-3.92,0
24,82,Box,2.2,7.98464,0,0,-3.92,0
24,83,Box,3.3,7.98464,0,0,-3.92,0
24,84,Box,4.4,7.98464,0,0,-3.92,0
24,85,Box,5.5,7.98464,0,0,-3.92,0
24,86,Box,6.6,7.98464,0,0,-3.92,0
24,87,Box,7.7,7.98464,0,0,-3.92,0
24,88,Box,8.8,7.98464,0,0,-3.92,0
24,89,Box,9.9,7.98464,0,0,-3.92,0
24,90,Box,0,9.08464,0,0,-3.92,0
24,91,Box,1.1,9.08464,0,0,-3.92,0
24,92,Box,2.2,9.08464,0,0,-3.92,0
24,93,Box,3.3,9.08464,0,0,-3.92,0
24,94,Box,4.4,9.08464,0,0,-3.92,0
24,95,Box,5.5,9.08464,0,0,-3.92,0
24,96,Box,6.6,9.08464,0,0,-3.92,0
24,97,Box,7.7,9.08464,0,0,-3.92,0
24,98,Box,8.8,9.08464,0,0,-3.92,0
24,99,Box,9.9,9.08464,0,0,-3.92,0
25,0,Box,0,-0.880589,0,0,-4.0768,0
25,1,Box,1.1,-0.880589,0,0,-4.0768,0
25,2,Box,2.2,-0.880589,0,0,-4.0768,0
25,3,Box,3.3,-0.880589,0,0,-4.0768,0
25,4,Box,4.4,-0.880589,0,0,-4.0768,0
25,5,Box,5.5,-0.880589,0,0,-4.0768,0
25,6,Box,6.6,-0.880589,0,0,-4.0768,0
25,7,Box,7.7,-0.880589,0,0,-4.0768,0
25,8,Box,8.8,-0.880589,0,0,-4.0768,0
25,9,Box,9.9,-0.880589,0,0,-4.0768,0
25,10,Box,0,0.219411,0,0,-4.0768,0
25,11,Box,1.1,0.219411,0,0,-4.0768,0
25,12,Box,2.2,0.219411,0,0,-4.0768,0
25,13,Box,3.3,0.219411,0,0,-4.0768,0
25,14,Box,4.4,0.219411,0,0,-4.0768,0
25,15,Box,5.5,0.219411,0,0,-4.0768,0
25,16,Box,6.6,0.219411,0,0,-4.0768,0
25,17,Box,7.7,0.219411,0,0,-4.0768,0
25,18,Box,8.8,0.219411,0,0,-4.0768,0
25,19,Box,9.9,0.219411,0,0,-4.0768,0
25,20,Box,0,1.31941,0,0,-4.0768,0
25,21,Box,1.1,1.31941,0,0,-4.0768,0
25,22,Box,2.2,1.31941,0,0,-4.0768,0
25,23,Box,3.3,1.31941,0,0,-4.0768,0
25,24,Box,4.4,1.31941,0,0,-4.0768,0
25,25,Box,5.5,1.31941,0,0,-4.0768,0
25,26,Box,6.6,1.31941,0,0,-4.0768,0
25,27,Box,7.7,1.31941,0,0,-4.0768,0
25,28,Box,8.8,1.31941,0,0,-4.0768,0
25,29,Box,9.9,1.31941,0,0,-4.0768,0
25,30,Box,0,2.41941,0,0,-4.0768,0
25,31,Box,1.1,2.41941,0,0,-4.0768,0
25,32,Box,2.2,2.41941,0,0,-4.0768,0
25,33,Box,3.3,2.41941,0,0,-4.0768,0
25,34,Box,4.4,2.41941,0,0,-4.0768,0
25,35,Box,5.5,2.41941,0,0,-4.0768,0
25,36,Box,6.6,2.41941,0,0,-4.0768,0
25,37,Box,7.7,2.41941,0,0,-4.0768,0
25,38,Box,8.8,2.41941,0,0,-4.0768,0
25,39,Box,9.9,2.41941,0,0,-4.0768,0
25,40,Box,0,3.51941,0,0,-4.0768,0
25,41,Box,1.1,3.51941,0,0,-4.0768,0
25,42,Box,2.2,3.51941,0,0,-4.0768,0
25,43,Box,3.3,3.51941,0,0,-4.0768,0
25,44,Box,4.4,3.51941,0,0,-4.0768,0
25,45,Box,5.5,3.51941,0,0,-4.0768,0
25,46,Box,6.6,3.51941,0,0,-4.0768,0
25,47,Box,7.7,3.51941,0,0,-4.0768,0
25,48,Box,8.8,3.51941,0,0,-4.0768,0
25,49,Box,9.9,3.51941,0,0,-4.0768,0
25,50,Box,0,4.61941,0,0,-4.0768,0
25,51,Box,1.1,4.61941,0,0,-4.0768,0
25,52,Box,2.2,4.61941,0,0,-4.0768,0
25,53,Box,3.3,4.61941,0,0,-4.0768,0
25,54,Box,4.4,4.61941,0,0,-4.0768,0
25,55,Box,5.5,4.61941,0,0,-4.0768,0
25,56,Box,6.6,4.61941,0,0,-4.0768,0
25,57,Box,7.7,4.61941,0,0,-4.0768,0
25,58,Box,8.8,4.61941,0,0,-4.0768,0
25,59,Box,9.9,4.61941,0,0,-4.0768,0
25,60,Box,0,5.71941,0,0,-4.0768,0
25,61,Box,1.1,5.71941,0,0,-4.0768,0
25,62,Box,2.2,5.71941,0,0,-4.0768,0
25,63,Box,3.3,5.71941,0,0,-4.0768,0
25,64,Box,4.4,5.71941,0,0,-4.0768,0
25,65,Box,5.5,5.71941,0,0,-4.0768,0
25,66,Box,6.6,5.71941,0,0,-4.0768,0
25,67,Box,7.7,5.71941,0,0,-4.0768,0
25,68,Box,8.8,5.71941,0,0,-4.0768,0
25,69,Box,9.9,5.71941,0,0,-4.0768,0
25,70,Box,0,6.81941,0,0,-4.0768,0
25,71,Box,1.1,6.81941,0,0,-4.0768,0
25,72,Box,2.2,6.81941,0,0,-4.0768,0
25,73,Box,3.3,6.81941,0,0,-4.0768,0
25,74,Box,4.4,6.81941,0,0,-4.0768,0
25,75,Box,5.5,6.81941,0,0,-4.0768,0
25,76,Box,6.6,6.81941,0,0,-4.0768,0
25,77,Box,7.7,6.81941,0,0,-4.0768,0
25,78,Box,8.8,6.81941,0,0,-4.0768,0
25,79,Box,9.9,6.81941,0,0,-4.0768,0
25,80,Box,0,7.91941,0,0,-4.0768,0
25,81,Box,1.1,7.91941,0,0,-4.0768,0
25,82,Box,2.2,7.91941,0,0,-4.0768,0
25,83,Box,3.3,7.91941,0,0,-4.0768,0
25,84,Box,4.4,7.91941,0,0,-4.0768,0
25,85,Box,5.5,7.91941,0,0,-4.0768,0
25,86,Box,6.6,7.91941,0,0,-4.0768,0
25,87,Box,7.7,7.91941,0,0,-4.0768,0
25,88,Box,8.8,7.91941,0,0,-4.0768,0
25,89,Box,9.9,7.91941,0,0,-4.0768,0
25,90,Box,0,9.01941,0,0,-4.0768,0
25,91,Box,1.1,9.01941,0,0,-4.0768,0
25,92,Box,2.2,9.01941,0,0,-4.0768,0
25,93,Box,3.3,9.01941,0,0,-4.0768,0
25,94,Box,4.4,9.01941,0,0,-4.0768,0
25,95,Box,5.5,9.01941,0,0,-4.0768,0
25,96,Box,6.6,9.01941,0,0,-4.0768,0
25,97,Box,7.7,9.01941,0,0,-4.0768,0
25,98,Box,8.8,9.01941,0,0,-4.0768,0
25,99,Box,9.9,9.01941,0,0,-4.0768,0
26,0,Box,0,-0.948327,0,0,-4.2336,0
26,1,Box,1.1,-0.948327,0,0,-4.2336,0
26,2,Box,2.2,-0.948327,0,0,-4.2336,0
26,3,Box,3.3,-0.948327,0,0,-4.2336,0
26,4,Box,4.4,-0.948327,0,0,-4.2336,0
26,5,Box,5.5,-0.948327,0,0,-4.2336,0
26,6,Box,6.6,-0.948327,0,0,-4.2336,0
26,7,Box,7.7,-0.948327,0,0,-4.2336,0
26,8,Box,8.8,-0.948327,0,0,-4.2336,0
26,9,Box,9.9,-0.948327,0,0,-4.2336,0
26,10,Box,0,0.151674,0,0,-4.2336,0
26,11,Box,1.1,0.151674,0,0,-4.2336,0
26,12,Box,2.2,0.151674,0,0,-4.2336,0
26,13,Box,3.3,0.151674,0,0,-4.2336,0
26,14,Box,4.4,0.151674,0,0,-4.2336,0
26,15,Box,5.5,0.151674,0,0,-4.2336,0
26,16,Box,6.6,0.151674,0,0,-4.2336,0
26,17,Box,7.7,0.151674,0,0,-4.2336,0
26,18,Box,8.8,0.151674,0,0,-4.2336,0
26,19,Box,9.9,0.151674,0,0,-4.2336,0
26,20,Box,0,1.25167,0,0,-4.2336,0
26,21,Box,1.1,1.25167,0,0,-4.2336,0
26,22,Box,2.2,1.25167,0,0,-4.2336,0
26,23,Box,3.3,1.25167,0,0,-4.2336,0
26,24,Box,4.4,1.25167,0,0,-4.2336,0
26,25,Box,5.5,1.25167,0,0,-4.2336,0
26,26,Box,6.6,1.25167,0,0,-4.2336,0
26,27,Box,7.7,1.25167,0,0,-4.2336,0
26,28,Box,8.8,1.25167,0,0,-4.2336,0
26,29,Box,9.9,1.25167,0,0,-4.2336,0
26,30,Box,0,2.35167,0,0,-4.2336,0
26,31,Box,1.1,2.35167,0,0,-4.2336,0
26,32,Box,2.2,2.35167,0,0,-4.2336,0
26,33,Box,3.3,2.35167,0,0,-4.2336,0
26,34,Box,4.4,2.35167,0,0,-4.2336,0
26,35,Box,5.5,2.35167,0,0,-4.2336,0
26,36,Box,6.6,2.35167,0,0,-4.2336,0
26,37,Box,7.7,2.35167,0,0,-4.2336,0
26,38,Box,8.8,2.35167,0,0,-4.2336,0
26,39,Box,9.9,2.35167,0,0,-4.2336,0
26,40,Box,0,3.45167,0,0,-4.2336,0
26,41,Box,1.1,3.45167,0,0,-4.2336,0
26,42,Box,2.2,3.45167,0,0,-4.2336,0
26,43,Box,3.3,3.45167,0,0,-4.2336,0
26,44,Box,4.4,3.45167,0,0,-4.2336,0
26,45,Box,5.5,3.45167,0,0,-4.2336,0
26,46,Box,6.6,3.45167,0,0,-4.2336,0
26,47,Box,7.7,3.45167,0,0,-4.2336,0
26,48,Box,8.8,3.45167,0,0,-4.2336,0
26,49,Box,9.9,3.45167,0,0,-4.2336,0
26,50,Box,0,4.55167,0,0,-4.2336,0
26,51,Box,1.1,4.55167,0,0,-4.2336,0
26,52,Box,2.2,4.55167,0,0,-4.2336,0
26,53,Box,3.3,4.55167,0,0,-4.2336,0
26,54,Box,4.4,4.55167,0,0,-4.2336,0
26,55,Box,5.5,4.55167,0,0,-4.2336,0
26,56,Box,6.6,4.55167,0,0,-4.2336,0
26,57,Box,7.7,4.55167,0,0,-4.2336,0
26,58,Box,8.8,4.55167,0,0,-4.2336,0
26,59,Box,9.9,4.55167,0,0,-4.2336,0
26,60,Box,0,5.65167,0,0,-4.2336,0
26,61,Box,1.1,5.65167,0,0,-4.2336,0
26,62,Box,2.2,5.65167,0,0,-4.2336,0
26,63,Box,3.3,5.65167,0,0,-4.2336,0
26,64,Box,4.4,5.65167,0,0,-4.2336,0
26,65,Box,5.5,5.65167,0,0,-4.2336,0
26,66,Box,6.6,5.65167,0,0,-4.2336,0
26,67,Box,7.7,5.65167,0,0,-4.2336,0
26,68,Box,8.8,5.65167,0,0,-4.2336,0
26,69,Box,9.9,5.65167,0,0,-4.2336,0
26,70,Box,0,6.75167,0,0,-4.2336,0
26,71,Box,1.1,6.75167,0,0,-4.2336,0
26,72,Box,2.2,6.75167,0,0,-4.2336,0
26,73,Box,3.3,6.75167,0,0,-4.2336,0
26,74,Box,4.4,6.75167,0,0,-4.2336,0
26,75,Box,5.5,6.75167,0,0,-4.2336,0
26,76,Box,6.6,6.75167,0,0,-4.2336,0
26,77,Box,7.7,6.75167,0,0,-4.2336,0
26,78,Box,8.8,6.75167,0,0,-4.2336,0
26,79,Box,9.9,6.75167,0,0,-4.2336,0
26,80,Box,0,7.85167,0,0,-4.2336,0
26,81,Box,1.1,7.85167,0,0,-4.2336,0
26,82,Box,2.2,7.85167,0,0,-4.2336,0
26,83,Box,3.3,7.85167,0,0,-4.2336,0
26,84,Box,4.4,7.85167,0,0,-4.2336,0
26,85,Box,5.5,7.85167,0,0,-4.2336,0
26,86,Box,6.6,7.85167,0,0,-4.2336,0
26,87,Box,7.7,7.85167,0,0,-4.2336,0
26,88,Box,8.8,7.85167,0,0,-4.2336,0
26,89,Box,9.9,7.85167,0,0,-4.2336,0
26,90,Box,0,8.95167,0,0,-4.2336,0
26,91,Box,1.1,8.95167,0,0,-4.2336,0
26,92,Box,2.2,8.95167,0,0,-4.2336,0
26,93,Box,3.3,8.95167,0,0,-4.2336,0
26,94,Box,4.4,8.95167,0,0,-4.2336,0
26,95,Box,5.5,8.95167,0,0,-4.2336,0
26,96,Box,6.6,8.95167,0,0,-4.2336,0
26,97,Box,7.7,8.95167,0,0,-4.2336,0
26,98,Box,8.8,8.95167,0,0,-4.2336,0
26,99,Box,9.9,8.95167,0,0,-4.2336,0
27,0,Box,0,-1.01857,0,0,-4.3904,0
27,1,Box,1.1,-1.01857,0,0,-4.3904,0
27,2,Box,2.2,-1.01857,0,0,-4.3904,0
27,3,Box,3.3,-1.01857,0,0,-4.3904,0
27,4,Box,4.4,-1.01857,0,0,-4.3904,0
27,5,Box,5.5,-1.01857,0,0,-4.3904,0
27,6,Box,6.6,-1.01857,0,0,-4.3904,0
27,7,Box,7.7,-1.01857,0,0,-4.3904,0
27,8,Box,8.8,-1.01857,0,0,-4.3904,0
27,9,Box,9.9,-1.01857,0,0,-4.3904,0
27,10,Box,0,0.0814271,0,0,-4.3904,0
27,11,Box,1.1,0.0814271,0,0,-4.3904,0
27,12,Box,2.2,0.0814271,0,0,-4.3904,0
27,13,Box,3.3,0.0814271,0,0,-4.3904,0
27,14,Box,4.4,0.0814271,0,0,-4.3904,0
27,15,Box,5.5,0.0814271,0,0,-4.3904,0
27,16,Box,6.6,0.0814271,0,0,-4.3904,0
27,17,Box,7.7,0.0814271,0,0,-4.3904,0
27,18,Box,8.8,0.0814271,0,0,-4.3904,0
27,19,Box,9.9,0.0814271,0,0,-4.3904,0
27,20,Box,0,1.18143,0,0,-4.3904,0
27,21,Box,1.1,1.18143,0,0,-4.3904,0
27,22,Box,2.2,1.18143,0,0,-4.3904,0
27,23,Box,3.3,1.18143,0,0,-4.3904,0
27,24,Box,4.4,1.18143,0,0,-4.3904,0
27,25,Box,5.5,1.18143,0,0,-4.3904,0
27,26,Box,6.6,1.18143,0,0,-4.3904,0
27,27,Box,7.7,1.18143,0,0,-4.3904,0
27,28,Box,8.8,1.18143,0,0,-4.3904,0
27,29,Box,9.9,1.18143,0,0,-4.3904,0
27,30,Box,0,2.28143,0,0,-4.3904,0
27,31,Box,1.1,2.28143,0,0,-4.3904,0
27,32,Box,2.2,2.28143,0,0,-4.3904,0
27,33,Box,3.3,2.28143,0,0,-4.3904,0
27,34,Box,4.4,2.28143,0,0,-4.3904,0
27,35,Box,5.5,2.28143,0,0,-4.3904,0
27,36,Box,6.6,2.28143,0,0,-4.3904,0
27,37,Box,7.7,2.28143,0,0,-4.3904,0
27,38,Box,8.8,2.28143,0,0,-4.3904,0
27,39,Box,9.9,2.28143,0,0,-4.3904,0
27,40,Box,0,3.38143,0,0,-4.3904,0
27,41,Box,1.1,3.38143,0,0,-4.3904,0
27,42,Box,2.2,3.38143,0,0,-4.3904,0
27,43,Box,3.3,3.38143,0,0,-4.3904,0
27,44,Box,4.4,3.38143,0,0,-4.3904,0
27,45,Box,5.5,3.38143,0,0,-4.3904,0
27,46,Box,6.6,3.38143,0,0,-4.3904,0
27,47,Box,7.7,3.38143,0,0,-4.3904,0
27,48,Box,8.8,3.38143,0,0,-4.3904,0
27,49,Box,9.9,3.38143,0,0,-4.3904,0
27,50,Box,0,4.48143,0,0,-4.3904,0
27,51,Box,1.1,4.48143,0,0,-4.3904,0
27,52,Box,2.2,4.48143,0,0,-4.3904,0
27,53,Box,3.3,4.48143,0,0,-4.3904,0
27,54,Box,4.4,4.48143,0,0,-4.3904,0
27,55,Box,5.5,4.48143,0,0,-4.3904,0
27,56,Box,6.6,4.48143,0,0,-4.3904,0
27,57,Box,7.7,4.48143,0,0,-4.3904,0
27,58,Box,8.8,4.48143,0,0,-4.3904,0
27,59,Box,9.9,4.48143,0,0,-4.3904,0
27,60,Box,0,5.58143,0,0,-4.3904,0
27,61,Box,1.1,5.58143,0,0,-4.3904,0
27,62,Box,2.2,5.58143,0,0,-4.3904,0
27,63,Box,3.3,5.58143,0,0,-4.3904,0
27,64,Box,4.4,5.58143,0,0,-4.3904,0
27,65,Box,5.5,5.58143,0,0,-4.3904,0
27,66,Box,6.6,5.58143,0,0,-4.3904,0
27,67,Box,7.7,5.58143,0,0,-4.3904,0
27,68,Box,8.8,5.58143,0,0,-4.3904,0
27,69,Box,9.9,5.58143,0,0,-4.3904,0
27,70,Box,0,6.68143,0,0,-4.3904,0
27,71,Box,1.1,6.68143,0,0,-4.3904,0
27,72,Box,2.2,6.68143,0,0,-4.3904,0
27,73,Box,3.3,6.68143,0,0,-4.3904,0
27,74,Box,4.4,6.68143,0,0,-4.3904,0
27,75,Box,5.5,6.68143,0,0,-4.3904,0
27,76,Box,6.6,6.68143,0,0,-4.3904,0
27,77,Box,7.7,6.68143,0,0,-4.3904,0
27,78,Box,8.8,6.68143,0,0,-4.3904,0
27,79,Box,9.9,6.68143,0,0,-4.3904,0
27,80,Box,0,7.78143,0,0,-4.3904,0
27,81,Box,1.1,7.78143,0,0,-4.3904,0
27,82,Box,2.2,7.78143,0,0,-4.3904,0
27,83,Box,3.3,7.78143,0,0,-4.3904,0
27,84,Box,4.4,7.78143,0,0,-4.3904,0
27,85,Box,5.5,7.78143,0,0,-4.3904,0
27,86,Box,6.6,7.78143,0,0,-4.3904,0
27,87,Box,7.7,7.78143,0,0,-4.3904,0
27,88,Box,8.8,7.78143,0,0,-4.3904,0
27,89,Box,9.9,7.78143,0,0,-4.3904,0
27,90,Box,0,8.88143,0,0,-4.3904,0
27,91,Box,1.1,8.88143,0,0,-4.3904,0
27,92,Box,2.2,8.88143,0,0,-4.3904,0
27,93,Box,3.3,8.88143,0,0,-4.3904,0
27,94,Box,4.4,8.88143,0,0,-4.3904,0
27,95,Box,5.5,8.88143,0,0,-4.3904,0
27,96,Box,6.6,8.88143,0,0,-4.3904,0
27,97,Box,7.7,8.88143,0,0,-4.3904,0
27,98,Box,8.8,8.88143,0,0,-4.3904,0
27,99,Box,9.9,8.88143,0,0,-4.3904,0
28,0,Box,0,-1.09133,0,0,-4.5472,0
28,1,Box,1.1,-1.09133,0,0,-4.5472,0
28,2,Box,2.2,-1.09133,0,0,-4.5472,0
28,3,Box,3.3,-1.09133,0,0,-4.5472,0
28,4,Box,4.4,-1.09133,0,0,-4.5472,0
28,5,Box,5.5,-1.09133,0,0,-4.5472,0
28,6,Box,6.6,-1.09133,0,0,-4.5472,0
28,7,Box,7.7,-1.09133,0,0,-4.5472,0
28,8,Box,8.8,-1.09133,0,0,-4.5472,0
28,9,Box,9.9,-1.09133,0,0,-4.5472,0
28,10,Box,0,0.0086719,0,0,-4.5472,0
28,11,Box,1.1,0.0086719,0,0,-4.5472,0
28,12,Box,2.2,0.0086719,0,0,-4.5472,0
28,13,Box,3.3,0.0086719,0,0,-4.5472,0
28,14,Box,4.4,0.0086719,0,0,-4.5472,0
28,15,Box,5.5,0.0086719,0,0,-4.5472,0
28,16,Box,6.6,0.0086719,0,0,-4.5472,0
28,17,Box,7.7,0.0086719,0,0,-4.5472,0
28,18,Box,8.8,0.0086719,0,0,-4.5472,0
28,19,Box,9.9,0.0086719,0,0,-4.5472,0
28,20,Box,0,1.10867,0,0,-4.5472,0
28,21,Box,1.1,1.10867,0,0,-4.5472,0
28,22,Box,2.2,1.10867,0,0,-4.5472,0
28,23,Box,3.3,1.10867,0,0,-4.5472,0
28,24,Box,4.4,1.10867,0,0,-4.5472,0
28,25,Box,5.5,1.10867,0,0,-4.5472,0
28,26,Box,6.6,1.10867,0,0,-4.5472,0
28,27,Box,7.7,1.10867,0,0,-4.5472,0
28,28,Box,8.8,1.10867,0,0,-4.5472,0
28,29,Box,9.9,1.10867,0,0,-4.5472,0
28,30,Box,0,2.20867,0,0,-4.5472,0
28,31,Box,1.1,2.20867,0,0,-4.5472,0
28,32,Box,2.2,2.20867,0,0,-4.5472,0
28,33,Box,3.3,2.20867,0,0,-4.5472,0
28,34,Box,4.4,2.20867,0,0,-4.5472,0
28,35,Box,5.5,2.20867,0,0,-4.5472,0
28,36,Box,6.6,2.20867,0,0,-4.5472,0
28,37,Box,7.7,2.20867,0,0,-4.5472,0
28,38,Box,8.8,2.20867,0,0,-4.5472,0
28,39,Box,9.9,2.20867,0,0,-4.5472,0
28,40,Box,0,3.30867,0,0,-4.5472,0
28,41,Box,1.1,3.30867,0,0,-4.5472,0
28,42,Box,2.2,3.30867,0,0,-4.5472,0
28,43,Box,3.3,3.30867,0,0,-4.5472,0
28,44,Box,4.4,3.30867,0,0,-4.5472,0
28,45,Box,5.5,3.30867,0,0,-4.5472,0
28,46,Box,6.6,3.30867,0,0,-4.5472,0
28,47,Box,7.7,3.30867,0,0,-4.5472,0
28,48,Box,8.8,3.30867,0,0,-4.5472,0
28,49,Box,9.9,3.30867,0,0,-4.5472,0
28,50,Box,0,4.40867,0,0,-4.5472,0
28,51,Box,1.1,4.40867,0,0,-4.5472,0
28,52,Box,2.2,4.40867,0,0,-4.5472,0
28,53,Box,3.3,4.40867,0,0,-4.5472,0
28,54,Box,4.4,4.40867,0,0,-4.5472,0
28,55,Box,5.5,4.40867,0,0,-4.5472,0
28,56,Box,6.6,4.40867,0,0,-4.5472,0
28,57,Box,7.7,4.40867,0,0,-4.5472,0
28,58,Box,8.8,4.40867,0,0,-4.5472,0
28,59,Box,9.9,4.40867,0,0,-4.5472,0
28,60,Box,0,5.50867,0,0,-4.5472,0
28,61,Box,1.1,5.50867,0,0,-4.5472,0
28,62,Box,2.2,5.50867,0,0,-4.5472,0
28,63,Box,3.3,5.50867,0,0,-4.5472,0
28,64,Box,4.4,5.50867,0,0,-4.5472,0
28,65,Box,5.5,5.50867,0,0,-4.5472,0
28,66,Box,6.6,5.50867,0,0,-4.5472,0
28,67,Box,7.7,5.50867,0,0,-4.5472,0
28,68,Box,8.8,5.50867,0,0,-4.5472,0
28,69,Box,9.9,5.50867,0,0,-4.5472,0
28,70,Box,0,6.60867,0,0,-4.5472,0
28,71,Box,1.1,6.60867,0,0,-4.5472,0
28,72,Box,2.2,6.60867,0,0,-4.5472,0
28,73,Box,3.3,6.60867,0,0,-4.5472,0
28,74,Box,4.4,6.60867,0,0,-4.5472,0
28,75,Box,5.5,6.60867,0,0,-4.5472,0
28,76,Box,6.6,6.60867,0,0,-4.5472,0
28,77,Box,7.7,6.60867,0,0,-4.5472,0
28,78,Box,8.8,6.60867,0,0,-4.5472,0
28,79,Box,9.9,6.60867,0,0,-4.5472,0
28,80,Box,0,7.70867,0,0,-4.5472,0
28,81,Box,1.1,7.70867,0,0,-4.5472,0
28,82,Box,2.2,7.70867,0,0,-4.5472,0
28,83,Box,3.3,7.70867,0,0,-4.5472,0
28,84,Box,4.4,7.70867,0,0,-4.5472,0
28,85,Box,5.5,7.70867,0,0,-4.5472,0
28,86,Box,6.6,7.70867,0,0,-4.5472,0
28,87,Box,7.7,7.70867,0,0,-4.5472,0
28,88,Box,8.8,7.70867,0,0,-4.5472,0
28,89,Box,9.9,7.70867,0,0,-4.5472,0
28,90,Box,0,8.80867,0,0,-4.5472,0
28,91,Box,1.1,8.80867,0,0,-4.5472,0
28,92,Box,2.2,8.80867,0,0,-4.5472,0
28,93,Box,3.3,8.80867,0,0,-4.5472,0
28,94,Box,4.4,8.80867,0,0,-4.5472,0
28,95,Box,5.5,8.80867,0,0,-4.5472,0
28,96,Box,6.6,8.80867,0,0,-4.5472,0
28,97,Box,7.7,8.80867,0,0,-4.5472,0
28,98,Box,8.8,8.80867,0,0,-4.5472,0
28,99,Box,9.9,8.80867,0,0,-4.5472,0
29,0,Box,0,-1.16659,0,0,-4.704,0
29,1,Box,1.1,-1.16659,0,0,-4.704,0
29,2,Box,2.2,-1.16659,0,0,-4.704,0
29,3,Box,3.3,-1.16659,0,0,-4.704,0
29,4,Box,4.4,-1.16659,0,0,-4.704,0
29,5,Box,5.5,-1.16659,0,0,-4.704,0
29,6,Box,6.6,-1.16659,0,0,-4.704,0
29,7,Box,7.7,-1.16659,0,0,-4.704,0
29,8,Box,8.8,-1.16659,0,0,-4.704,0
29,9,Box,9.9,-1.16659,0,0,-4.704,0
29,10,Box,0,-0.0665921,0,0,-4.704,0
29,11,Box,1.1,-0.0665921,0,0,-4.704,0
29,12,Box,2.2,-0.0665921,0,0,-4.704,0
29,13,Box,3.3,-0.0665921,0,0,-4.704,0
29,14,Box,4.4,-0.0665921,0,0,-4.704,0
29,15,Box,5.5,-0.0665921,0,0,-4.704,0
29,16,Box,6.6,-0.0665921,0,0,-4.704,0
29,17,Box,7.7,-0.0665921,0,0,-4.704,0
29,18,Box,8.8,-0.0665921,0,0,-4.704,0
29,19,Box,9.9,-0.0665921,0,0,-4.704,0
29,20,Box,0,1.03341,0,0,-4.704,0
29,21,Box,1.1,1.03341,0,0,-4.704,0
29,22,Box,2.2,1.03341,0,0,-4.704,0
29,23,Box,3.3,1.03341,0,0,-4.704,0
29,24,Box,4.4,1.03341,0,0,-4.704,0
29,25,Box,5.5,1.03341,0,0,-4.704,0
29,26,Box,6.6,1.03341,0,0,-4.704,0
29,27,Box,7.7,1.03341,0,0,-4.704,0
29,28,Box,8.8,1.03341,0,0,-4.704,0
29,29,Box,9.9,1.03341,0,0,-4.704,0
29,30,Box,0,2.13341,0,0,-4.704,0
29,31,Box,1.1,2.13341,0,0,-4.704,0
29,32,Box,2.2,2.13341,0,0,-4.704,0
29,33,Box,3.3,2.13341,0,0,-4.704,0
29,34,Box,4.4,2.13341,0,0,-4.704,0
29,35,Box,5.5,2.13341,0,0,-4.704,0
29,36,Box,6.6,2.13341,0,0,-4.704,0
29,37,Box,7.7,2.13341,0,0,-4.704,0
29,38,Box,8.8,2.13341,0,0,-4.704,0
29,39,Box,9.9,2.13341,0,0,-4.704,0
29,40,Box,0,3.23341,0,0,-4.704,0
29,41,Box,1.1,3.23341,0,0,-4.704,0
29,42,Box,2.2,3.23341,0,0,-4.704,0
29,43,Box,3.3,3.23341,0,0,-4.704,0
29,44,Box,4.4,3.23341,0,0,-4.704,0
29,45,Box,5.5,3.23341,0,0,-4.704,0
29,46,Box,6.6,3.23341,0,0,-4.704,0
29,47,Box,7.7,3.23341,0,0,-4.704,0
29,48,Box,8.8,3.23341,0,0,-4.704,0
29,49,Box,9.9,3.23341,0,0,-4.704,0
29,50,Box,0,4.33341,0,0,-4.704,0
29,51,Box,1.1,4.33341,0,0,-4.704,0
29,52,Box,2.2,4.33341,0,0,-4.704,0
29,53,Box,3.3,4.33341,0,0,-4.704,0
29,54,Box,4.4,4.33341,0,0,-4.704,0
29,55,Box,5.5,4.33341,0,0,-4.704,0
29,56,Box,6.6,4.33341,0,0,-4.704,0
29,57,Box,7.7,4.33341,0,0,-4.704,0
29,58,Box,8.8,4.33341,0,0,-4.704,0
29,59,Box,9.9,4.33341,0,0,-4.704,0
29,60,Box,0,5.43341,0,0,-4.704,0
29,61,Box,1.1,5.43341,0,0,-4.704,0
29,62,Box,2.2,5.43341,0,0,-4.704,0
29,63,Box,3.3,5.43341,0,0,-4.704,0
29,64,Box,4.4,5.43341,0,0,-4.704,0
29,65,Box,5.5,5.43341,0,0,-4.704,0
29,66,Box,6.6,5.43341,0,0,-4.704,0
29,67,Box,7.7,5.43341,0,0,-4.704,0
29,68,Box,8.8,5.43341,0,0,-4.704,0
29,69,Box,9.9,5.43341,0,0,-4.704,0
29,70,Box,0,6.53341,0,0,-4.704,0
29,71,Box,1.1,6.53341,0,0,-4.704,0
29,72,Box,2.2,6.53341,0,0,-4.704,0
29,73,Box,3.3,6.53341,0,0,-4.704,0
29,74,Box,4.4,6.53341,0,0,-4.704,0
29,75,Box,5.5,6.53341,0,0,-4.704,0
29,76,Box,6.6,6.53341,0,0,-4.704,0
29,77,Box,7.7,6.53341,0,0,-4.704,0
29,78,Box,8.8,6.53341,0,0,-4.704,0
29,79,Box,9.9,6.53341,0,0,-4.704,0
29,80,Box,0,7.63341,0,0,-4.704,0
29,81,Box,1.1,7.63341,0,0,-4.704,0
29,82,Box,2.2,7.63341,0,0,-4.704,0
29,83,Box,3.3,7.63341,0,0,-4.704,0
29,84,Box,4.4,7.63341,0,0,-4.704,0
29,85,Box,5.5,7.63341,0,0,-4.704,0
29,86,Box,6.6,7.63341,0,0,-4.704,0
29,87,Box,7.7,7.63341,0,0,-4.704,0
29,88,Box,8.8,7.63341,0,0,-4.704,0
29,89,Box,9.9,7.63341,0,0,-4.704,0
29,90,Box,0,8.73341,0,0,-4.704,0
29,91,Box,1.1,8.73341,0,0,-4.704,0
29,92,Box,2.2,8.73341,0,0,-4.704,0
29,93,Box,3.3,8.73341,0,0,-4.704,0
29,94,Box,4.4,8.73341,0,0,-4.704,0
29,95,Box,5.5,8.73341,0,0,-4.704,0
29,96,Box,6.6,8.73341,0,0,-4.704,0
29,97,Box,7.7,8.73341,0,0,-4.704,0
29,98,Box,8.8,8.73341,0,0,-4.704,0
29,99,Box,9.9,8.73341,0,0,-4.704,0
30,0,Box,0,-1.24436,0,0,-4.8608,0
30,1,Box,1.1,-1.24436,0,0,-4.8608,0
30,2,Box,2.2,-1.24436,0,0,-4.8608,0
30,3,Box,3.3,-1.24436,0,0,-4.8608,0
30,4,Box,4.4,-1.24436,0,0,-4.8608,0
30,5,Box,5.5,-1.24436,0,0,-4.8608,0
30,6,Box,6.6,-1.24436,0,0,-4.8608,0
30,7,Box,7.7,-1.24436,0,0,-4.8608,0
30,8,Box,8.8,-1.24436,0,0,-4.8608,0
30,9,Box,9.9,-1.24436,0,0,-4.8608,0
30,10,Box,0,-0.144365,0,0,-4.8608,0
30,11,Box,1.1,-0.144365,0,0,-4.8608,0
30,12,Box,2.2,-0.144365,0,0,-4.8608,0
30,13,Box,3.3,-0.144365,0,0,-4.8608,0
30,14,Box,4.4,-0.144365,0,0,-4.8608,0
30,15,Box,5.5,-0.144365,0,0,-4.8608,0
30,16,Box,6.6,-0.144365,0,0,-4.8608,0
30,17,Box,7.7,-0.144365,0,0,-4.8608,0
30,18,Box,8.8,-0.144365,0,0,-4.8608,0
30,19,Box,9.9,-0.144365,0,0,-4.8608,0
30,20,Box,0,0.955635,0,0,-4.8608,0
30,21,Box,1.1,0.955635,0,0,-4.8608,0
30,22,Box,2.2,0.955635,0,0,-4.8608,0
30,23,Box,3.3,0.955635,0,0,-4.8608,0
30,24,Box,4.4,0.955635,0,0,-4.8608,0
30,25,Box,5.5,0.955635,0,0,-4.8608,0
30,26,Box,6.6,0.955635,0,0,-4.8608,0
30,27,Box,7.7,0.955635,0,0,-4.8608,0
30,28,Box,8.8,0.955635,0,0,-4.8608,0
30,29,Box,9.9,0.955635,0,0,-4.8608,0
30,30,Box,0,2.05564,0,0,-4.8608,0
30,31,Box,1.1,2.05564,0,0,-4.8608,0
30,32,Box,2.2,2.05564,0,0,-4.8608,0
30,33,Box,3.3,2.05564,0,0,-4.8608,0
30,34,Box,4.4,2.05564,0,0,-4.8608,0
30,35,Box,5.5,2.05564,0,0,-4.8608,0
30,36,Box,6.6,2.05564,0,0,-4.8608,0
30,37,Box,7.7,2.05564,0,0,-4.8608,0
30,38,Box,8.8,2.05564,0,0,-4.8608,0
30,39,Box,9.9,2.05564,0,0,-4.8608,0
30,40,Box,0,3.15564,0,0,-4.8608,0
30,41,Box,1.1,3.15564,0,0,-4.8608,0
30,42,Box,2.2,3.15564,0,0,-4.8608,0
30,43,Box,3.3,3.15564,0,0,-4.8608,0
30,44,Box,4.4,3.15564,0,0,-4.8608,0
30,45,Box,5.5,3.15564,0,0,-4.8608,0
30,46,Box,6.6,3.15564,0,0,-4.8608,0
30,47,Box,7.7,3.15564,0,0,-4.8608,0
30,48,Box,8.8,3.15564,0,0,-4.8608,0
30,49,Box,9.9,3.15564,0,0,-4.8608,0
30,50,Box,0,4.25564,0,0,-4.8608,0
30,51,Box,1.1,4.25564,0,0,-4.8608,0
30,52,Box,2.2,4.25564,0,0,-4.8608,0
30,53,Box,3.3,4.25564,0,0,-4.8608,0
30,54,Box,4.4,4.25564,0,0,-4.8608,0
30,55,Box,5.5,4.25564,0,0,-4.8608,0
30,56,Box,6.6,4.25564,0,0,-4.8608,0
30,57,Box,7.7,4.25564,0,0,-4.8608,0
30,58,Box,8.8,4.25564,0,0,-4.8608,0
30,59,Box,9.9,4.25564,0,0,-4.8608,0
30,60,Box,0,5.35564,0,0,-4.8608,0
30,61,Box,1.1,5.35564,0,0,-4.8608,0
30,62,Box,2.2,5.35564,0,0,-4.8608,0
30,63,Box,3.3,5.35564,0,0,-4.8608,0
30,64,Box,4.4,5.35564,0,0,-4.8608,0
30,65,Box,5.5,5.35564,0,0,-4.8608,0
30,66,Box,6.6,5.35564,0,0,-4.8608,0
30,67,Box,7.7,5.35564,0,0,-4.8608,0
30,68,Box,8.8,5.35564,0,0,-4.8608,0
30,69,Box,9.9,5.35564,0,0,-4.8608,0
30,70,Box,0,6.45564,0,0,-4.8608,0
30,71,Box,1.1,6.45564,0,0,-4.8608,0
30,72,Box,2.2,6.45564,0,0,-4.8608,0
30,73,Box,3.3,6.45564,0,0,-4.8608,0
30,74,Box,4.4,6.45564,0,0,-4.8608,0
30,75,Box,5.5,6.45564,0,0,-4.8608,0
30,76,Box,6.6,6.45564,0,0,-4.8608,0
30,77,Box,7.7,6.45564,0,0,-4.8608,0
30,78,Box,8.8,6.45564,0,0,-4.8608,0
30,79,Box,9.9,6.45564,0,0,-4.8608,0
30,80,Box,0,7.55564,0,0,-4.8608,0
30,81,Box,1.1,7.55564,0,0,-4.8608,0
30,82,Box,2.2,7.55564,0,0,-4.8608,0
30,83,Box,3.3,7.55564,0,0,-4.8608,0
30,84,Box,4.4,7.55564,0,0,-4.8608,0
30,85,Box,5.5,7.55564,0,0,-4.8608,0
30,86,Box,6.6,7.55564,0,0,-4.8608,0
30,87,Box,7.7,7.55564,0,0,-4.8608,0
30,88,Box,8.8,7.55564,0,0,-4.8608,0
30,89,Box,9.9,7.55564,0,0,-4.8608,0
30,90,Box,0,8.65564,0,0,-4.8608,0
30,91,Box,1.1,8.65564,0,0,-4.8608,0
30,92,Box,2.2,8.65564,0,0,-4.8608,0
30,93,Box,3.3,8.65564,0,0,-4.8608,0
30,94,Box,4.4,8.65564,0,0,-4.8608,0
30,95,Box,5.5,8.65564,0,0,-4.8608,0
30,96,Box,6.6,8.65564,0,0,-4.8608,0
30,97,Box,7.7,8.65564,0,0,-4.8608,0
30,98,Box,8.8,8.65564,0,0,-4.8608,0
30,99,Box,9.9,8.65564,0,0,-4.8608,0
31,0,Box,0,-1.32465,0,0,-5.0176,0
31,1,Box,1.1,-1.32465,0,0,-5.0176,0
31,2,Box,2.2,-1.32465,0,0,-5.0176,0
31,3,Box,3.3,-1.32465,0,0,-5.0176,0
31,4,Box,4.4,-1.32465,0,0,-5.0176,0
31,5,Box,5.5,-1.32465,0,0,-5.0176,0
31,6,Box,6.6,-1.32465,0,0,-5.0176,0
31,7,Box,7.7,-1.32465,0,0,-5.0176,0
31,8,Box,8.8,-1.32465,0,0,-5.0176,0
31,9,Box,9.9,-1.32465,0,0,-5.0176,0
31,10,Box,0,-0.224646,0,0,-5.0176,0
31,11,Box,1.1,-0.224646,0,0,-5.0176,0
31,12,Box,2.2,-0.224646,0,0,-5.0176,0
31,13,Box,3.3,-0.224646,0,0,-5.0176,0
31,14,Box,4.4,-0.224646,0,0,-5.0176,0
31,15,Box,5.5,-0.224646,0,0,-5.0176,0
31,16,Box,6.6,-0.224646,0,0,-5.0176,0
31,17,Box,7.7,-0.224646,0,0,-5.0176,0
31,18,Box,8.8,-0.224646,0,0,-5.0176,0
31,19,Box,9.9,-0.224646,0,0,-5.0176,0
31,20,Box,0,0.875353,0,0,-5.0176,0
31,21,Box,1.1,0.875353,0,0,-5.0176,0
31,22,Box,2.2,0.875353,0,0,-5.0176,0
31,23,Box,3.3,0.875353,0,0,-5.0176,0
31,24,Box,4.4,0.875353,0,0,-5.0176,0
31,25,Box,5.5,0.875353,0,0,-5.0176,0
31,26,Box,6.6,0.875353,0,0,-5.0176,0
31,27,Box,7.7,0.875353,0,0,-5.0176,0
31,28,Box,8.8,0.875353,0,0,-5.0176,0
31,29,Box,9.9,0.875353,0,0,-5.0176,0
31,30,Box,0,1.97535,0,0,-5.0176,0
31,31,Box,1.1,1.97535,0,0,-5.0176,0
31,32,Box,2.2,1.97535,0,0,-5.0176,0
31,33,Box,3.3,1.97535,0,0,-5.0176,0
31,34,Box,4.4,1.97535,0,0,-5.0176,0
31,35,Box,5.5,1.97535,0,0,-5.0176,0
31,36,Box,6.6,1.97535,0,0,-5.0176,0
31,37,Box,7.7,1.97535,0,0,-5.0176,0
31,38,Box,8.8,1.97535,0,0,-5.0176,0
31,39,Box,9.9,1.97535,0,0,-5.0176,0
31,40,Box,0,3.07535,0,0,-5.0176,0
31,41,Box,1.1,3.07535,0,0,-5.0176,0
31,42,Box,2.2,3.07535,0,0,-5.0176,0
31,43,Box,3.3,3.07535,0,0,-5.0176,0
31,44,Box,4.4,3.07535,0,0,-5.0176,0
31,45,Box,5.5,3.07535,0,0,-5.0176,0
31,46,Box,6.6,3.07535,0,0,-5.0176,0
31,47,Box,7.7,3.07535,0,0,-5.0176,0
31,48,Box,8.8,3.07535,0,0,-5.0176,0
31,49,Box,9.9,3.07535,0,0,-5.0176,0
31,50,Box,0,4.17535,0,0,-5.0176,0
31,51,Box,1.1,4.17535,0,0,-5.0176,0
31,52,Box,2.2,4.17535,0,0,-5.0176,0
31,53,Box,3.3,4.17535,0,0,-5.0176,0
31,54,Box,4.4,4.17535,0,0,-5.0176,0
31,55,Box,5.5,4.17535,0,0,-5.0176,0
31,56,Box,6.6,4.17535,0,0,-5.0176,0
31,57,Box,7.7,4.17535,0,0,-5.0176,0
31,58,Box,8.8,4.17535,0,0,-5.0176,0
31,59,Box,9.9,4.17535,0,0,-5.0176,0
31,60,Box,0,5.27535,0,0,-5.0176,0
31,61,Box,1.1,5.27535,0,0,-5.0176,0
31,62,Box,2.2,5.27535,0,0,-5.0176,0
31,63,Box,3.3,5.27535,0,0,-5.0176,0
31,64,Box,4.4,5.27535,0,0,-5.0176,0
31,65,Box,5.5,5.27535,0,0,-5.0176,0
31,66,Box,6.6,5.27535,0,0,-5.0176,0
31,67,Box,7.7,5.27535,0,0,-5.0176,0
31,68,Box,8.8,5.27535,0,0,-5.0176,0
31,69,Box,9.9,5.27535,0,0,-5.0176,0
31,70,Box,0,6.37535,0,0,-5.0176,0
31,71,Box,1.1,6.37535,0,0,-5.0176,0
31,72,Box,2.2,6.37535,0,0,-5.0176,0
31,73,Box,3.3,6.37535,0,0,-5.0176,0
31,74,Box,4.4,6.37535,0,0,-5.0176,0
31,75,Box,5.5,6.37535,0,0,-5.0176,0
31,76,Box,6.6,6.37535,0,0,-5.0176,0
31,77,Box,7.7,6.37535,0,0,-5.0176,0
31,78,Box,8.8,6.37535,0,0,-5.0176,0
31,79,Box,9.9,6.37535,0,0,-5.0176,0
31,80,Box,0,7.47535,0,0,-5.0176,0
31,81,Box,1.1,7.47535,0,0,-5.0176,0
31,82,Box,2.2,7.47535,0,0,-5.0176,0
31,83,Box,3.3,7.47535,0,0,-5.0176,0
31,84,Box,4.4,7.47535,0,0,-5.0176,0
31,85,Box,5.5,7.47535,0,0,-5.0176,0
31,86,Box,6.6,7.47535,0,0,-5.0176,0
31,87,Box,7.7,7.47535,0,0,-5.0176,0
31,88,Box,8.8,7.47535,0,0,-5.0176,0
31,89,Box,9.9,7.47535,0,0,-5.0176,0
31,90,Box,0,8.57535,0,0,-5.0176,0
31,91,Box,1.1,8.57535,0,0,-5.0176,0
31,92,Box,2.2,8.57535,0,0,-5.0176,0
31,93,Box,3.3,8.57535,0,0,-5.0176,0
31,94,Box,4.4,8.57535,0,0,-5.0176,0
31,95,Box,5.5,8.57535,0,0,-5.0176,0
31,96,Box,6.6,8.57535,0,0,-5.0176,0
31,97,Box,7.7,8.57535,0,0,-5.0176,0
31,98,Box,8.8,8.57535,0,0,-5.0176,0
31,99,Box,9.9,8.57535,0,0,-5.0176,0
32,0,Box,0,-1.40744,0,0,-5.1744,0
32,1,Box,1.1,-1.40744,0,0,-5.1744,0
32,2,Box,2.2,-1.40744,0,0,-5.1744,0
32,3,Box,3.3,-1.40744,0,0,-5.1744,0
32,4,Box,4.4,-1.40744,0,0,-5.1744,0
32,5,Box,5.5,-1.40744,0,0,-5.1744,0
32,6,Box,6.6,-1.40744,0,0,-5.1744,0
32,7,Box,7.7,-1.40744,0,0,-5.1744,0
32,8,Box,8.8,-1.40744,0,0,-5.1744,0
32,9,Box,9.9,-1.40744,0,0,-5.1744,0
32,10,Box,0,-0.307437,0,0,-5.1744,0
32,11,Box,1.1,-0.307437,0,0,-5.1744,0
32,12,Box,2.2,-0.307437,0,0,-5.1744,0
32,13,Box,3.3,-0.307437,0,0,-5.1744,0
32,14,Box,4.4,-0.307437,0,0,-5.1744,0
32,15,Box,5.5,-0.307437,0,0,-5.1744,0
32,16,Box,6.6,-0.307437,0,0,-5.1744,0
32,17,Box,7.7,-0.307437,0,0,-5.1744,0
32,18,Box,8.8,-0.307437,0,0,-5.1744,0
32,19,Box,9.9,-0.307437,0,0,-5.1744,0
32,20,Box,0,0.792563,0,0,-5.1744,0
32,21,Box,1.1,0.792563,0,0,-5.1744,0
32,22,Box,2.2,0.792563,0,0,-5.1744,0
32,23,Box,3.3,0.792563,0,0,-5.1744,0
32,24,Box,4.4,0.792563,0,0,-5.1744,0
32,25,Box,5.5,0.792563,0,0,-5.1744,0
32,26,Box,6.6,0.792563,0,0,-5.1744,0
32,27,Box,7.7,0.792563,0,0,-5.1744,0
32,28,Box,8.8,0.792563,0,0,-5.1744,0
32,29,Box,9.9,0.792563,0,0,-5.1744,0
32,30,Box,0,1.89256,0,0,-5.1744,0
32,31,Box,1.1,1.89256,0,0,-5.1744,0
32,32,Box,2.2,1.89256,0,0,-5.1744,0
32,33,Box,3.3,1.89256,0,0,-5.1744,0
32,34,Box,4.4,1.89256,0,0,-5.1744,0
32,35,Box,5.5,1.89256,0,0,-5.1744,0
32,36,Box,6.6,1.89256,0,0,-5.1744,0
32,37,Box,7.7,1.89256,0,0,-5.1744,0
32,38,Box,8.8,1.89256,0,0,-5.1744,0
32,39,Box,9.9,1.89256,0,0,-5.1744,0
32,40,Box,0,2.99256,0,0,-5.1744,0
32,41,Box,1.1,2.99256,0,0,-5.1744,0
32,42,Box,2.2,2.99256,0,0,-5.1744,0
32,43,Box,3.3,2.99256,0,0,-5.1744,0
32,44,Box,4.4,2.99256,0,0,-5.1744,0
32,45,Box,5.5,2.99256,0,0,-5.1744,0
32,46,Box,6.6,2.99256,0,0,-5.1744,0
32,47,Box,7.7,2.99256,0,0,-5.1744,0
32,48,Box,8.8,2.99256,0,0,-5.1744,0
32,49,Box,9.9,2.99256,0,0,-5.1744,0
32,50,Box,0,4.09256,0,0,-5.1744,0
32,51,Box,1.1,4.09256,0,0,-5.1744,0
32,52,Box,2.2,4.09256,0,0,-5.1744,0
32,53,Box,3.3,4.09256,0,0,-5.1744,0
32,54,Box,4.4,4.09256,0,0,-5.1744,0
32,55,Box,5.5,4.09256,0,0,-5.1744,0
32,56,Box,6.6,4.09256,0,0,-5.1744,0
32,57,Box,7.7,4.09256,0,0,-5.1744,0
32,58,Box,8.8,4.09256,0,0,-5.1744,0
32,59,Box,9.9,4.09256,0,0,-5.1744,0
32,60,Box,0,5.19256,0,0,-5.1744,0
32,61,Box,1.1,5.19256,0,0,-5.1744,0
32,62,Box,2.2,5.19256,0,0,-5.1744,0
32,63,Box,3.3,5.19256,0,0,-5.1744,0
32,64,Box,4.4,5.19256,0,0,-5.1744,0
32,65,Box,5.5,5.19256,0,0,-5.1744,0
32,66,Box,6.6,5.19256,0,0,-5.1744,0
32,67,Box,7.7,5.19256,0,0,-5.1744,0
32,68,Box,8.8,5.19256,0,0,-5.1744,0
32,69,Box,9.9,5.19256,0,0,-5.1744,0
32,70,Box,0,6.29256,0,0,-5.1744,0
32,71,Box,1.1,6.29256,0,0,-5.1744,0
32,72,Box,2.2,6.29256,0,0,-5.1744,0
32,73,Box,3.3,6.29256,0,0,-5.1744,0
32,74,Box,4.4,6.29256,0,0,-5.1744,0
32,75,Box,5.5,6.29256,0,0,-5.1744,0
32,76,Box,6.6,6.29256,0,0,-5.1744,0
32,77,Box,7.7,6.29256,0,0,-5.1744,0
32,78,Box,8.8,6.29256,0,0,-5.1744,0
32,79,Box,9.9,6.29256,0,0,-5.1744,0
32,80,Box,0,7.39256,0,0,-5.1744,0
32,81,Box,1.1,7.39256,0,0,-5.1744,0
32,82,Box,2.2,7.39256,0,0,-5.1744,0
32,83,Box,3.3,7.39256,0,0,-5.1744,0
32,84,Box,4.4,7.39256,0,0,-5.1744,0
32,85,Box,5.5,7.39256,0,0,-5.1744,0
32,86,Box,6.6,7.39256,0,0,-5.1744,0
32,87,Box,7.7,7.39256,0,0,-5.1744,0
32,88,Box,8.8,7.39256,0,0,-5.1744,0
32,89,Box,9.9,7.39256,0,0,-5.1744,0
32,90,Box,0,8.49256,0,0,-5.1744,0
32,91,Box,1.1,8.49256,0,0,-5.1744,0
32,92,Box,2.2,8.49256,0,0,-5.1744,0
32,93,Box,3.3,8.49256,0,0,-5.1744,0
32,94,Box,4.4,8.49256,0,0,-5.1744,0
32,95,Box,5.5,8.49256,0,0,-5.1744,0
32,96,Box,6.6,8.49256,0,0,-5.1744,0
32,97,Box,7.7,8.49256,0,0,-5.1744,0
32,98,Box,8.8,8.49256,0,0,-5.1744,0
32,99,Box,9.9,8.49256,0,0,-5.1744,0
33,0,Box,0,-1.49274,0,0,-5.3312,0
33,1,Box,1.1,-1.49274,0,0,-5.3312,0
33,2,Box,2.2,-1.49274,0,0,-5.3312,0
33,3,Box,3.3,-1.49274,0,0,-5.3312,0
33,4,Box,4.4,-1.49274,0,0,-5.3312,0
33,5,Box,5.5,-1.49274,0,0,-5.3312,0
33,6,Box,6.6,-1.49274,0,0,-5.3312,0
33,7,Box,7.7,-1.49274,0,0,-5.3312,0
33,8,Box,8.8,-1.49274,0,0,-5.3312,0
33,9,Box,9.9,-1.49274,0,0,-5.3312,0
33,10,Box,0,-0.392736,0,0,-5.3312,0
33,11,Box,1.1,-0.392736,0,0,-5.3312,0
33,12,Box,2.2,-0.392736,0,0,-5.3312,0
33,13,Box,3.3,-0.392736,0,0,-5.3312,0
33,14,Box,4.4,-0.392736,0,0,-5.3312,0
33,15,Box,5.5,-0.392736,0,0,-5.3312,0
33,16,Box,6.6,-0.392736,0,0,-5.3312,0
33,17,Box,7.7,-0.392736,0,0,-5.3312,0
33,18,Box,8.8,-0.392736,0,0,-5.3312,0
33,19,Box,9.9,-0.392736,0,0,-5.3312,0
33,20,Box,0,0.707264,0,0,-5.3312,0
33,21,Box,1.1,0.707264,0,0,-5.3312,0
33,22,Box,2.2,0.707264,0,0,-5.3312,0
33,23,Box,3.3,0.707264,0,0,-5.3312,0
33,24,Box,4.4,0.707264,0,0,-5.3312,0
33,25,Box,5.5,0.707264,0,0,-5.3312,0
33,26,Box,6.6,0.707264,0,0,-5.3312,0
33,27,Box,7.7,0.707264,0,0,-5.3312,0
33,28,Box,8.8,0.707264,0,0,-5.3312,0
33,29,Box,9.9,0.707264,0,0,-5.3312,0
33,30,Box,0,1.80726,0,0,-5.3312,0
33,31,Box,1.1,1.80726,0,0,-5.3312,0
33,32,Box,2.2,1.80726,0,0,-5.3312,0
33,33,Box,3.3,1.80726,0,0,-5.3312,0
33,34,Box,4.4,1.80726,0,0,-5.3312,0
33,35,Box,5.5,1.80726,0,0,-5.3312,0
33,36,Box,6.6,1.80726,0,0,-5.3312,0
33,37,Box,7.7,1.80726,0,0,-5.3312,0
33,38,Box,8.8,1.80726,0,0,-5.3312,0
33,39,Box,9.9,1.80726,0,0,-5.3312,0
33,40,Box,0,2.90726,0,0,-5.3312,0
33,41,Box,1.1,2.90726,0,0,-5.3312,0
33,42,Box,2.2,2.90726,0,0,-5.3312,0
33,43,Box,3.3,2.90726,0,0,-5.3312,0
33,44,Box,4.4,2.90726,0,0,-5.3312,0
33,45,Box,5.5,2.90726,0,0,-5.3312,0
33,46,Box,6.6,2.90726,0,0,-5.3312,0
33,47,Box,7.7,2.90726,0,0,-5.3312,0
33,48,Box,8.8,2.90726,0,0,-5.3312,0
33,49,Box,9.9,2.90726,0,0,-5.3312,0
33,50,Box,0,4.00726,0,0,-5.3312,0
33,51,Box,1.1,4.00726,0,0,-5.3312,0
33,52,Box,2.2,4.00726,0,0,-5.3312,0
33,53,Box,3.3,4.00726,0,0,-5.3312,0
33,54,Box,4.4,4.00726,0,0,-5.3312,0
33,55,Box,5.5,4.00726,0,0,-5.3312,0
33,56,Box,6.6,4.00726,0,0,-5.3312,0
33,57,Box,7.7,4.00726,0,0,-5.3312,0
33,58,Box,8.8,4.00726,0,0,-5.3312,0
33,59,Box,9.9,4.00726,0,0,-5.3312,0
33,60,Box,0,5.10726,0,0,-5.3312,0
33,61,Box,1.1,5.10726,0,0,-5.3312,0
33,62,Box,2.2,5.10726,0,0,-5.3312,0
33,63,Box,3.3,5.10726,0,0,-5.3312,0
33,64,Box,4.4,5.10726,0,0,-5.3312,0
33,65,Box,5.5,5.10726,0,0,-5.3312,0
33,66,Box,6.6,5.10726,0,0,-5.3312,0
33,67,Box,7.7,5.10726,0,0,-5.3312,0
33,68,Box,8.8,5.10726,0,0,-5.3312,0
33,69,Box,9.9,5.10726,0,0,-5.3312,0
33,70,Box,0,6.20726,0,0,-5.3312,0
33,71,Box,1.1,6.20726,0,0,-5.3312,0
33,72,Box,2.2,6.20726,0,0,-5.3312,0
33,73,Box,3.3,6.20726,0,0,-5.3312,0
33,74,Box,4.4,6.20726,0,0,-5.3312,0
33,75,Box,5.5,6.20726,0,0,-5.3312,0
33,76,Box,6.6,6.20726,0,0,-5.3312,0
33,77,Box,7.7,6.20726,0,0,-5.3312,0
33,78,Box,8.8,6.20726,0,0,-5.3312,0
33,79,Box,9.9,6.20726,0,0,-5.3312,0
33,80,Box,0,7.30726,0,0,-5.3312,0
33,81,Box,1.1,7.30726,0,0,-5.3312,0
33,82,Box,2.2,7.30726,0,0,-5.3312,0
33,83,Box,3.3,7.30726,0,0,-5.3312,0
33,84,Box,4.4,7.30726,0,0,-5.3312,0
33,85,Box,5.5,7.30726,0,0,-5.3312,0
33,86,Box,6.6,7.30726,0,0,-5.3312,0
33,87,Box,7.7,7.30726,0,0,-5.3312,0
33,88,Box,8.8,7.30726,0,0,-5.3312,0
33,89,Box,9.9,7.30726,0,0,-5.3312,0
33,90,Box,0,8.40726,0,0,-5.3312,0
33,91,Box,1.1,8.40726,0,0,-5.3312,0
33,92,Box,2.2,8.40726,0,0,-5.3312,0
33,93,Box,3.3,8.40726,0,0,-5.3312,0
33,94,Box,4.4,8.40726,0,0,-5.3312,0
33,95,Box,5.5,8.40726,0,0,-5.3312,0
33,96,Box,6.6,8.40726,0,0,-5.3312,0
33,97,Box,7.7,8.40726,0,0,-5.3312,0
33,98,Box,8.8,8.40726,0,0,-5.3312,0
33,99,Box,9.9,8.40726,0,0,-5.3312,0
34,0,Box,0,-1.58054,0,0,-5.488,0
34,1,Box,1.1,-1.58054,0,0,-5.488,0
34,2,Box,2.2,-1.58054,0,0,-5.488,0
34,3,Box,3.3,-1.58054,0,0,-5.488,0
34,4,Box,4.4,-1.58054,0,0,-5.488,0
34,5,Box,5.5,-1.58054,0,0,-5.488,0
34,6,Box,6.6,-1.58054,0,0,-5.488,0
34,7,Box,7.7,-1.58054,0,0,-5.488,0
34,8,Box,8.8,-1.58054,0,0,-5.488,0
34,9,Box,9.9,-1.58054,0,0,-5.488,0
34,10,Box,0,-0.480544,0,0,-5.488,0
34,11,Box,1.1,-0.480544,0,0,-5.488,0
34,12,Box,2.2,-0.480544,0,0,-5.488,0
34,13,Box,3.3,-0.480544,0,0,-5.488,0
34,14,Box,4.4,-0.480544,0,0,-5.488,0
34,15,Box,5.5,-0.480544,0,0,-5.488,0
34,16,Box,6.6,-0.480544,0,0,-5.488,0
34,17,Box,7.7,-0.480544,0,0,-5.488,0
34,18,Box,8.8,-0.480544,0,0,-5.488,0
34,19,Box,9.9,-0.480544,0,0,-5.488,0
34,20,Box,0,0.619456,0,0,-5.488,0
34,21,Box,1.1,0.619456,0,0,-5.488,0
34,22,Box,2.2,0.619456,0,0,-5.488,0
34,23,Box,3.3,0.619456,0,0,-5.488,0
34,24,Box,4.4,0.619456,0,0,-5.488,0
34,25,Box,5.5,0.619456,0,0,-5.488,0
34,26,Box,6.6,0.619456,0,0,-5.488,0
34,27,Box,7.7,0.619456,0,0,-5.488,0
34,28,Box,8.8,0.619456,0,0,-5.488,0
34,29,Box,9.9,0.619456,0,0,-5.488,0
34,30,Box,0,1.71946,0,0,-5.488,0
34,31,Box,1.1,1.71946,0,0,-5.488,0
34,32,Box,2.2,1.71946,0,0,-5.488,0
34,33,Box,3.3,1.71946,0,0,-5.488,0
34,34,Box,4.4,1.71946,0,0,-5.488,0
34,35,Box,5.5,1.71946,0,0,-5.488,0
34,36,Box,6.6,1.71946,0,0,-5.488,0
34,37,Box,7.7,1.71946,0,0,-5.488,0
34,38,Box,8.8,1.71946,0,0,-5.488,0
34,39,Box,9.9,1.71946,0,0,-5.488,0
34,40,Box,0,2.81946,0,0,-5.488,0
34,41,Box,1.1,2.81946,0,0,-5.488,0
34,42,Box,2.2,2.81946,0,0,-5.488,0
34,43,Box,3.3,2.81946,0,0,-5.488,0
34,44,Box,4.4,2.81946,0,0,-5.488,0
34,45,Box,5.5,2.81946,0,0,-5.488,0
34,46,Box,6.6,2.81946,0,0,-5.488,0
34,47,Box,7.7,2.81946,0,0,-5.488,0
34,48,Box,8.8,2.81946,0,0,-5.488,0
34,49,Box,9.9,2.81946,0,0,-5.488,0
34,50,Box,0,3.91946,0,0,-5.488,0
34,51,Box,1.1,3.91946,0,0,-5.488,0
34,52,Box,2.2,3.91946,0,0,-5.488,0
34,53,Box,3.3,3.91946,0,0,-5.488,0
34,54,Box,4.4,3.91946,0,0,-5.488,0
34,55,Box,5.5,3.91946,0,0,-5.488,0
34,56,Box,6.6,3.91946,0,0,-5.488,0
34,57,Box,7.7,3.91946,0,0,-5.488,0
34,58,Box,8.8,3.91946,0,0,-5.488,0
34,59,Box,9.9,3.91946,0,0,-5.488,0
34,60,Box,0,5.01946,0,0,-5.488,0
34,61,Box,1.1,5.01946,0,0,-5.488,0
34,62,Box,2.2,5.01946,0,0,-5.488,0
34,63,Box,3.3,5.01946,0,0,-5.488,0
34,64,Box,4.4,5.01946,0,0,-5.488,0
34,65,Box,5.5,5.01946,0,0,-5.488,0
34,66,Box,6.6,5.01946,0,0,-5.488,0
34,67,Box,7.7,5.01946,0,0,-5.488,0
34,68,Box,8.8,5.01946,0,0,-5.488,0
34,69,Box,9.9,5.01946,0,0,-5.488,0
34,70,Box,0,6.11946,0,0,-5.488,0
34,71,Box,1.1,6.11946,0,0,-5.488,0
34,72,Box,2.2,6.11946,0,0,-5.488,0
34,73,Box,3.3,6.11946,0,0,-5.488,0
34,74,Box,4.4,6.11946,0,0,-5.488,0
34,75,Box,5.5,6.11946,0,0,-5.488,0
34,76,Box,6.6,6.11946,0,0,-5.488,0
34,77,Box,7.7,6.11946,0,0,-5.488,0
34,78,Box,8.8,6.11946,0,0,-5.488,0
34,79,Box,9.9,6.11946,0,0,-5.488,0
34,80,Box,0,7.21946,0,0,-5.488,0
34,81,Box,1.1,7.21946,0,0,-5.488,0
34,82,Box,2.2,7.21946,0,0,-5.488,0
34,83,Box,3.3,7.21946,0,0,-5.488,0
34,84,Box,4.4,7.21946,0,0,-5.488,0
34,85,Box,5.5,7.21946,0,0,-5.488,0
34,86,Box,6.6,7.21946,0,0,-5.488,0
34,87,Box,7.7,7.21946,0,0,-5.488,0
34,88,Box,8.8,7.21946,0,0,-5.488,0
34,89,Box,9.9,7.21946,0,0,-5.488,0
34,90,Box,0,8.31946,0,0,-5.488,0
34,91,Box,1.1,8.31946,0,0,-5.488,0
34,92,Box,2.2,8.31946,0,0,-5.488,0
34,93,Box,3.3,8.31946,0,0,-5.488,0
34,94,Box,4.4,8.31946,0,0,-5.488,0
34,95,Box,5.5,8.31946,0,0,-5.488,0
34,96,Box,6.6,8.31946,0,0,-5.488,0
34,97,Box,7.7,8.31946,0,0,-5.488,0
34,98,Box,8.8,8.31946,0,0,-5.488,0
34,99,Box,9.9,8.31946,0,0,-5.488,0
35,0,Box,0,-1.67086,0,0,-5.6448,0
35,1,Box,1.1,-1.67086,0,0,-5.6448,0
35,2,Box,2.2,-1.67086,0,0,-5.6448,0
35,3,Box,3.3,-1.67086,0,0,-5.6448,0
35,4,Box,4.4,-1.67086,0,0,-5.6448,0
35,5,Box,5.5,-1.67086,0,0,-5.6448,0
35,6,Box,6.6,-1.67086,0,0,-5.6448,0
35,7,Box,7.7,-1.67086,0,0,-5.6448,0
35,8,Box,8.8,-1.67086,0,0,-5.6448,0
35,9,Box,9.9,-1.67086,0,0,-5.6448,0
35,10,Box,0,-0.570861,0,0,-5.6448,0
35,11,Box,1.1,-0.570861,0,0,-5.6448,0
35,12,Box,2.2,-0.570861,0,0,-5.6448,0
35,13,Box,3.3,-0.570861,0,0,-5.6448,0
35,14,Box,4.4,-0.570861,0,0,-5.6448,0
35,15,Box,5.5,-0.570861,0,0,-5.6448,0
35,16,Box,6.6,-0.570861,0,0,-5.6448,0
35,17,Box,7.7,-0.570861,0,0,-5.6448,0
35,18,Box,8.8,-0.570861,0,0,-5.6448,0
35,19,Box,9.9,-0.570861,0,0,-5.6448,0
35,20,Box,0,0.529139,0,0,-5.6448,0
35,21,Box,1.1,0.529139,0,0,-5.6448,0
35,22,Box,2.2,0.529139,0,0,-5.6448,0
35,23,Box,3.3,0.529139,0,0,-5.6448,0
35,24,Box,4.4,0.529139,0,0,-5.6448,0
35,25,Box,5.5,0.529139,0,0,-5.6448,0
35,26,Box,6.6,0.529139,0,0,-5.6448,0
35,27,Box,7.7,0.529139,0,0,-5.6448,0
35,28,Box,8.8,0.529139,0,0,-5.6448,0
35,29,Box,9.9,0.529139,0,0,-5.6448,0
35,30,Box,0,1.62914,0,0,-5.6448,0
35,31,Box,1.1,1.62914,0,0,-5.6448,0
35,32,Box,2.2,1.62914,0,0,-5.6448,0
35,33,Box,3.3,1.62914,0,0,-5.6448,0
35,34,Box,4.4,1.62914,0,0,-5.6448,0
35,35,Box,5.5,1.62914,0,0,-5.6448,0
35,36,Box,6.6,1.62914,0,0,-5.6448,0
35,37,Box,7.7,1.62914,0,0,-5.6448,0
35,38,Box,8.8,1.62914,0,0,-5.6448,0
35,39,Box,9.9,1.62914,0,0,-5.6448,0
35,40,Box,0,2.72914,0,0,-5.6448,0
35,41,Box,1.1,2.72914,0,0,-5.6448,0
35,42,Box,2.2,2.72914,0,0,-5.6448,0
35,43,Box,3.3,2.72914,0,0,-5.6448,0
35,44,Box,4.4,2.72914,0,0,-5.6448,0
35,45,Box,5.5,2.72914,0,0,-5.6448,0
35,46,Box,6.6,2.72914,0,0,-5.6448,0
35,47,Box,7.7,2.72914,0,0,-5.6448,0
35,48,Box,8.8,2.72914,0,0,-5.6448,0
35,49,Box,9.9,2.72914,0,0,-5.6448,0
35,50,Box,0,3.82914,0,0,-5.6448,0
35,51,Box,1.1,3.82914,0,0,-5.6448,0
35,52,Box,2.2,3.82914,0,0,-5.6448,0
35,53,Box,3.3,3.82914,0,0,-5.6448,0
35,54,Box,4.4,3.82914,0,0,-5.6448,0
35,55,Box,5.5,3.82914,0,0,-5.6448,0
35,56,Box,6.6,3.82914,0,0,-5.6448,0
35,57,Box,7.7,3.82914,0,0,-5.6448,0
35,58,Box,8.8,3.82914,0,0,-5.6448,0
35,59,Box,9.9,3.82914,0,0,-5.6448,0
35,60,Box,0,4.92914,0,0,-5.6448,0
35,61,Box,1.1,4.92914,0,0,-5.6448,0
35,62,Box,2.2,4.92914,0,0,-5.6448,0
35,63,Box,3.3,4.92914,0,0,-5.6448,0
35,64,Box,4.4,4.92914,0,0,-5.6448,0
35,65,Box,5.5,4.92914,0,0,-5.6448,0
35,66,Box,6.6,4.92914,0,0,-5.6448,0
35,67,Box,7.7,4.92914,0,0,-5.6448,0
35,68,Box,8.8,4.92914,0,0,-5.6448,0
35,69,Box,9.9,4.92914,0,0,-5.6448,0
35,70,Box,0,6.02914,0,0,-5.6448,0
35,71,Box,1.1,6.02914,0,0,-5.6448,0
35,72,Box,2.2,6.02914,0,0,-5.6448,0
35,73,Box,3.3,6.02914,0,0,-5.6448,0
35,74,Box,4.4,6.02914,0,0,-5.6448,0
35,75,Box,5.5,6.02914,0,0,-5.6448,0
35,76,Box,6.6,6.02914,0,0,-5.6448,0
35,77,Box,7.7,6.02914,0,0,-5.6448,0
35,78,Box,8.8,6.02914,0,0,-5.6448,0
35,79,Box,9.9,6.02914,0,0,-5.6448,0
35,80,Box,0,7.12914,0,0,-5.6448,0
35,81,Box,1.1,7.12914,0,0,-5.6448,0
35,82,Box,2.2,7.12914,0,0,-5.6448,0
35,83,Box,3.3,7.12914,0,0,-5.6448,0
35,84,Box,4.4,7.12914,0,0,-5.6448,0
35,85,Box,5.5,7.12914,0,0,-5.6448,0
35,86,Box,6.6,7.12914,0,0,-5.6448,0
35,87,Box,7.7,7.12914,0,0,-5.6448,0
35,88,Box,8.8,7.12914,0,0,-5.6448,0
35,89,Box,9.9,7.12914,0,0,-5.6448,0
35,90,Box,0,8.22914,0,0,-5.6448,0
35,91,Box,1.1,8.22914,0,0,-5.6448,0
35,92,Box,2.2,8.22914,0,0,-5.6448,0
35,93,Box,3.3,8.22914,0,0,-5.6448,0
35,94,Box,4.4,8.22914,0,0,-5.6448,0
35,95,Box,5.5,8.22914,0,0,-5.6448,0
35,96,Box,6.6,8.22914,0,0,-5.6448,0
35,97,Box,7.7,8.22914,0,0,-5.6448,0
35,98,Box,8.8,8.22914,0,0,-5.6448,0
35,99,Box,9.9,8.22914,0,0,-5.6448,0
36,0,Box,0,-1.76369,0,0,-5.8016,0
36,1,Box,1.1,-1.76369,0,0,-5.8016,0
36,2,Box,2.2,-1.76369,0,0,-5.8016,0
36,3,Box,3.3,-1.76369,0,0,-5.8016,0
36,4,Box,4.4,-1.76369,0,0,-5.8016,0
36,5,Box,5.5,-1.76369,0,0,-5.8016,0
36,6,Box,6.6,-1.76369,0,0,-5.8016,0
36,7,Box,7.7,-1.76369,0,0,-5.8016,0
36,8,Box,8.8,-1.76369,0,0,-5.8016,0
36,9,Box,9.9,-1.76369,0,0,-5.8016,0
36,10,Box,0,-0.663686,0,0,-5.8016,0
36,11,Box,1.1,-0.663686,0,0,-5.8016,0
36,12,Box,2.2,-0.663686,0,0,-5.8016,0
36,13,Box,3.3,-0.663686,0,0,-5.8016,0
36,14,Box,4.4,-0.663686,0,0,-5.8016,0
36,15,Box,5.5,-0.663686,0,0,-5.8016,0
36,16,Box,6.6,-0.663686,0,0,-5.8016,0
36,17,Box,7.7,-0.663686,0,0,-5.8016,0
36,18,Box,8.8,-0.663686,0,0,-5.8016,0
36,19,Box,9.9,-0.663686,0,0,-5.8016,0
36,20,Box,0,0.436313,0,0,-5.8016,0
36,21,Box,1.1,0.436313,0,0,-5.8016,0
36,22,Box,2.2,0.436313,0,0,-5.8016,0
36,23,Box,3.3,0.436313,0,0,-5.8016,0
36,24,Box,4.4,0.436313,0,0,-5.8016,0
36,25,Box,5.5,0.436313,0,0,-5.8016,0
36,26,Box,6.6,0.436313,0,0,-5.8016,0
36,27,Box,7.7,0.436313,0,0,-5.8016,0
36,28,Box,8.8,0.436313,0,0,-5.8016,0
36,29,Box,9.9,0.436313,0,0,-5.8016,0
36,30,Box,0,1.53631,0,0,-5.8016,0
36,31,Box,1.1,1.53631,0,0,-5.8016,0
36,32,Box,2.2,1.53631,0,0,-5.8016,0
36,33,Box,3.3,1.53631,0,0,-5.8016,0
36,34,Box,4.4,1.53631,0,0,-5.8016,0
36,35,Box,5.5,1.53631,0,0,-5.8016,0
36,36,Box,6.6,1.53631,0,0,-5.8016,0
36,37,Box,7.7,1.53631,0,0,-5.8016,0
36,38,Box,8.8,1.53631,0,0,-5.8016,0
36,39,Box,9.9,1.53631,0,0,-5.8016,0
36,40,Box,0,2.63631,0,0,-5.8016,0
36,41,Box,1.1,2.63631,0,0,-5.8016,0
36,42,Box,2.2,2.63631,0,0,-5.8016,0
36,43,Box,3.3,2.63631,0,0,-5.8016,0
36,44,Box,4.4,2.63631,0,0,-5.8016,0
36,45,Box,5.5,2.63631,0,0,-5.8016,0
36,46,Box,6.6,2.63631,0,0,-5.8016,0
36,47,Box,7.7,2.63631,0,0,-5.8016,0
36,48,Box,8.8,2.63631,0,0,-5.8016,0
36,49,Box,9.9,2.63631,0,0,-5.8016,0
36,50,Box,0,3.73631,0,0,-5.8016,0
36,51,Box,1.1,3.73631,0,0,-5.8016,0
36,52,Box,2.2,3.73631,0,0,-5.8016,0
36,53,Box,3.3,3.73631,0,0,-5.8016,0
36,54,Box,4.4,3.73631,0,0,-5.8016,0
36,55,Box,5.5,3.73631,0,0,-5.8016,0
36,56,Box,6.6,3.73631,0,0,-5.8016,0
36,57,Box,7.7,3.73631,0,0,-5.8016,0
36,58,Box,8.8,3.73631,0,0,-5.8016,0
36,59,Box,9.9,3.73631,0,0,-5.8016,0
36,60,Box,0,4.83631,0,0,-5.8016,0
36,61,Box,1.1,4.83631,0,0,-5.8016,0
36,62,Box,2.2,4.83631,0,0,-5.8016,0
36,63,Box,3.3,4.83631,0,0,-5.8016,0
36,64,Box,4.4,4.83631,0,0,-5.8016,0
36,65,Box,5.5,4.83631,0,0,-5.8016,0
36,66,Box,6.6,4.83631,0,0,-5.8016,0
36,67,Box,7.7,4.83631,0,0,-5.8016,0
36,68,Box,8.8,4.83631,0,0,-5.8016,0
36,69,Box,9.9,4.83631,0,0,-5.8016,0
36,70,Box,0,5.93631,0,0,-5.8016,0
36,71,Box,1.1,5.93631,0,0,-5.8016,0
36,72,Box,2.2,5.93631,0,0,-5.8016,0
36,73,Box,3.3,5.93631,0,0,-5.8016,0
36,74,Box,4.4,5.93631,0,0,-5.8016,0
36,75,Box,5.5,5.93631,0,0,-5.8016,0
36,76,Box,6.6,5.93631,0,0,-5.8016,0
36,77,Box,7.7,5.93631,0,0,-5.8016,0
36,78,Box,8.8,5.93631,0,0,-5.8016,0
36,79,Box,9.9,5.93631,0,0,-5.8016,0
36,80,Box,0,7.03631,0,0,-5.8016,0
36,81,Box,1.1,7.03631,0,0,-5.8016,0
36,82,Box,2.2,7.03631,0,0,-5.8016,0
36,83,Box,3.3,7.03631,0,0,-5.8016,0
36,84,Box,4.4,7.03631,0,0,-5.8016,0
36,85,Box,5.5,7.03631,0,0,-5.8016,0
36,86,Box,6.6,7.03631,0,0,-5.8016,0
36,87,Box,7.7,7.03631,0,0,-5.8016,0
36,88,Box,8.8,7.03631,0,0,-5.8016,0
36,89,Box,9.9,7.03631,0,0,-5.8016,0
36,90,Box,0,8.13631,0,0,-5.8016,0
36,91,Box,1.1,8.13631,0,0,-5.8016,0
36,92,Box,2.2,8.13631,0,0,-5.8016,0
36,93,Box,3.3,8.13631,0,0,-5.8016,0
36,94,Box,4.4,8.13631,0,0,-5.8016,0
36,95,Box,5.5,8.13631,0,0,-5.8016,0
36,96,Box,6.6,8.13631,0,0,-5.8016,0
36,97,Box,7.7,8.13631,0,0,-5.8016,0
36,98,Box,8.8,8.13631,0,0,-5.8016,0
36,99,Box,9.9,8.13631,0,0,-5.8016,0
37,0,Box,0,-1.85902,0,0,-5.9584,0
37,1,Box,1.1,-1.85902,0,0,-5.9584,0
37,2,Box,2.2,-1.85902,0,0,-5.9584,0
37,3,Box,3.3,-1.85902,0,0,-5.9584,0
37,4,Box,4.4,-1.85902,0,0,-5.9584,0
37,5,Box,5.5,-1.85902,0,0,-5.9584,0
37,6,Box,6.6,-1.85902,0,0,-5.9584,0
37,7,Box,7.7,-1.85902,0,0,-5.9584,0
37,8,Box,8.8,-1.85902,0,0,-5.9584,0
37,9,Box,9.9,-1.85902,0,0,-5.9584,0
37,10,Box,0,-0.759021,0,0,-5.9584,0
37,11,Box,1.1,-0.759021,0,0,-5.9584,0
37,12,Box,2.2,-0.759021,0,0,-5.9584,0
37,13,Box,3.3,-0.759021,0,0,-5.9584,0
37,14,Box,4.4,-0.759021,0,0,-5.9584,0
37,15,Box,5.5,-0.759021,0,0,-5.9584,0
37,16,Box,6.6,-0.759021,0,0,-5.9584,0
37,17,Box,7.7,-0.759021,0,0,-5.9584,0
37,18,Box,8.8,-0.759021,0,0,-5.9584,0
37,19,Box,9.9,-0.759021,0,0,-5.9584,0
37,20,Box,0,0.340979,0,0,-5.9584,0
37,21,Box,1.1,0.340979,0,0,-5.9584,0
37,22,Box,2.2,0.340979,0,0,-5.9584,0
37,23,Box,3.3,0.340979,0,0,-5.9584,0
37,24,Box,4.4,0.340979,0,0,-5.9584,0
37,25,Box,5.5,0.340979,0,0,-5.9584,0
37,26,Box,6.6,0.340979,0,0,-5.9584,0
37,27,Box,7.7,0.340979,0,0,-5.9584,0
37,28,Box,8.8,0.340979,0,0,-5.9584,0
37,29,Box,9.9,0.340979,0,0,-5.9584,0
37,30,Box,0,1.44098,0,0,-5.9584,0
37,31,Box,1.1,1.44098,0,0,-5.9584,0
37,32,Box,2.2,1.44098,0,0,-5.9584,0
37,33,Box,3.3,1.44098,0,0,-5.9584,0
37,34,Box,4.4,1.44098,0,0,-5.9584,0
37,35,Box,5.5,1.44098,0,0,-5.9584,0
37,36,Box,6.6,1.44098,0,0,-5.9584,0
37,37,Box,7.7,1.44098,0,0,-5.9584,0
37,38,Box,8.8,1.44098,0,0,-5.9584,0
37,39,Box,9.9,1.44098,0,0,-5.9584,0
37,40,Box,0,2.54098,0,0,-5.9584,0
37,41,Box,1.1,2.54098,0,0,-5.9584,0
37,42,Box,2.2,2.54098,0,0,-5.9584,0
37,43,Box,3.3,2.54098,0,0,-5.9584,0
37,44,Box,4.4,2.54098,0,0,-5.9584,0
37,45,Box,5.5,2.54098,0,0,-5.9584,0
37,46,Box,6.6,2.54098,0,0,-5.9584,0
37,47,Box,7.7,2.54098,0,0,-5.9584,0
37,48,Box,8.8,2.54098,0,0,-5.9584,0
37,49,Box,9.9,2.54098,0,0,-5.9584,0
37,50,Box,0,3.64098,0,0,-5.9584,0
37,51,Box,1.1,3.64098,0,0,-5.9584,0
37,52,Box,2.2,3.64098,0,0,-5.9584,0
37,53,Box,3.3,3.64098,0,0,-5.9584,0
37,54,Box,4.4,3.64098,0,0,-5.9584,0
37,55,Box,5.5,3.64098,0,0,-5.9584,0
37,56,Box,6.6,3.64098,0,0,-5.9584,0
37,57,Box,7.7,3.64098,0,0,-5.9584,0
37,58,Box,8.8,3.64098,0,0,-5.9584,0
37,59,Box,9.9,3.64098,0,0,-5.9584,0
37,60,Box,0,4.74098,0,0,-5.9584,0
37,61,Box,1.1,4.74098,0,0,-5.9584,0
37,62,Box,2.2,4.74098,0,0,-5.9584,0
37,63,Box,3.3,4.74098,0,0,-5.9584,0
37,64,Box,4.4,4.74098,0,0,-5.9584,0
37,65,Box,5.5,4.74098,0,0,-5.9584,0
37,66,Box,6.6,4.74098,0,0,-5.9584,0
37,67,Box,7.7,4.74098,0,0,-5.9584,0
37,68,Box,8.8,4.74098,0,0,-5.9584,0
37,69,Box,9.9,4.74098,0,0,-5.9584,0
37,70,Box,0,5.84098,0,0,-5.9584,0
37,71,Box,1.1,5.84098,0,0,-5.9584,0
37,72,Box,2.2,5.84098,0,0,-5.9584,0
37,73,Box,3.3,5.84098,0,0,-5.9584,0
37,74,Box,4.4,5.84098,0,0,-5.9584,0
37,75,Box,5.5,5.84098,0,0,-5.9584,0
37,76,Box,6.6,5.84098,0,0,-5.9584,0
37,77,Box,7.7,5.84098,0,0,-5.9584,0
37,78,Box,8.8,5.84098,0,0,-5.9584,0
37,79,Box,9.9,5.84098,0,0,-5.9584,0
37,80,Box,0,6.94098,0,0,-5.9584,0
37,81,Box,1.1,6.94098,0,0,-5.9584,0
37,82,Box,2.2,6.94098,0,0,-5.9584,0
37,83,Box,3.3,6.94098,0,0,-5.9584,0
37,84,Box,4.4,6.94098,0,0,-5.9584,0
37,85,Box,5.5,6.94098,0,0,-5.9584,0
37,86,Box,6.6,6.94098,0,0,-5.9584,0
37,87,Box,7.7,6.94098,0,0,-5.9584,0
37,88,Box,8.8,6.94098,0,0,-5.9584,0
37,89,Box,9.9,6.94098,0,0,-5.9584,0
37,90,Box,0,8.04098,0,0,-5.9584,0
37,91,Box,1.1,8.04098,0,0,-5.9584,0
37,92,Box,2.2,8.04098,0,0,-5.9584,0
37,93,Box,3.3,8.04098,0,0,-5.9584,0
37,94,Box,4.4,8.04098,0,0,-5.9584,0
37,95,Box,5.5,8.04098,0,0,-5.9584,0
37,96,Box,6.6,8.04098,0,0,-5.9584,0
37,97,Box,7.7,8.04098,0,0,-5.9584,0
37,98,Box,8.8,8.04098,0,0,-5.9584,0
37,99,Box,9.9,8.04098,0,0,-5.9584,0
38,0,Box,0,-1.95686,0,0,-6.1152,0
38,1,Box,1.1,-1.95686,0,0,-6.1152,0
38,2,Box,2.2,-1.95686,0,0,-6.1152,0
38,3,Box,3.3,-1.95686,0,0,-6.1152,0
38,4,Box,4.4,-1.95686,0,0,-6.1152,0
38,5,Box,5.5,-1.95686,0,0,-6.1152,0
38,6,Box,6.6,-1.95686,0,0,-6.1152,0
38,7,Box,7.7,-1.95686,0,0,-6.1152,0
38,8,Box,8.8,-1.95686,0,0,-6.1152,0
38,9,Box,9.9,-1.95686,0,0,-6.1152,0
38,10,Box,0,-0.856864,0,0,-6.1152,0
38,11,Box,1.1,-0.856864,0,0,-6.1152,0
38,12,Box,2.2,-0.856864,0,0,-6.1152,0
38,13,Box,3.3,-0.856864,0,0,-6.1152,0
38,14,Box,4.4,-0.856864,0,0,-6.1152,0
38,15,Box,5.5,-0.856864,0,0,-6.1152,0
38,16,Box,6.6,-0.856864,0,0,-6.1152,0
38,17,Box,7.7,-0.856864,0,0,-6.1152,0
38,18,Box,8.8,-0.856864,0,0,-6.1152,0
38,19,Box,9.9,-0.856864,0,0,-6.1152,0
38,20,Box,0,0.243136,0,0,-6.1152,0
38,21,Box,1.1,0.243136,0,0,-6.1152,0
38,22,Box,2.2,0.243136,0,0,-6.1152,0
38,23,Box,3.3,0.243136,0,0,-6.1152,0
38,24,Box,4.4,0.243136,0,0,-6.1152,0
38,25,Box,5.5,0.243136,0,0,-6.1152,0
38,26,Box,6.6,0.243136,0,0,-6.1152,0
38,27,Box,7.7,0.243136,0,0,-6.1152,0
38,28,Box,8.8,0.243136,0,0,-6.1152,0
38,29,Box,9.9,0.243136,0,0,-6.1152,0
38,30,Box,0,1.34314,0,0,-6.1152,0
38,31,Box,1.1,1.34314,0,0,-6.1152,0
38,32,Box,2.2,1.34314,0,0,-6.1152,0
38,33,Box,3.3,1.34314,0,0,-6.1152,0
38,34,Box,4.4,1.34314,0,0,-6.1152,0
38,35,Box,5.5,1.34314,0,0,-6.1152,0
38,36,Box,6.6,1.34314,0,0,-6.1152,0
38,37,Box,7.7,1.34314,0,0,-6.1152,0
38,38,Box,8.8,1.34314,0,0,-6.1152,0
38,39,Box,9.9,1.34314,0,0,-6.1152,0
38,40,Box,0,2.44314,0,0,-6.1152,0
38,41,Box,1.1,2.44314,0,0,-6.1152,0
38,42,Box,2.2,2.44314,0,0,-6.1152,0
38,43,Box,3.3,2.44314,0,0,-6.1152,0
38,44,Box,4.4,2.44314,0,0,-6.1152,0
38,45,Box,5.5,2.44314,0,0,-6.1152,0
38,46,Box,6.6,2.44314,0,0,-6.1152,0
38,47,Box,7.7,2.44314,0,0,-6.1152,0
38,48,Box,8.8,2.44314,0,0,-6.1152,0
38,49,Box,9.9,2.44314,0,0,-6.1152,0
38,50,Box,0,3.54314,0,0,-6.1152,0
38,51,Box,1.1,3.54314,0,0,-6.1152,0
38,52,Box,2.2,3.54314,0,0,-6.1152,0
38,53,Box,3.3,3.54314,0,0,-6.1152,0
38,54,Box,4.4,3.54314,0,0,-6.1152,0
38,55,Box,5.5,3.54314,0,0,-6.1152,0
38,56,Box,6.6,3.54314,0,0,-6.1152,0
38,57,Box,7.7,3.54314,0,0,-6.1152,0
38,58,Box,8.8,3.54314,0,0,-6.1152,0
38,59,Box,9.9,3.54314,0,0,-6.1152,0
38,60,Box,0,4.64314,0,0,-6.1152,0
38,61,Box,1.1,4.64314,0,0,-6.1152,0
38,62,Box,2.2,4.64314,0,0,-6.1152,0
38,63,Box,3.3,4.64314,0,0,-6.1152,0
38,64,Box,4.4,4.64314,0,0,-6.1152,0
38,65,Box,5.5,4.64314,0,0,-6.1152,0
38,66,Box,6.6,4.64314,0,0,-6.1152,0
38,67,Box,7.7,4.64314,0,0,-6.1152,0
38,68,Box,8.8,4.64314,0,0,-6.1152,0
38,69,Box,9.9,4.64314,0,0,-6.1152,0
38,70,Box,0,5.74314,0,0,-6.1152,0
38,71,Box,1.1,5.74314,0,0,-6.1152,0
38,72,Box,2.2,5.74314,0,0,-6.1152,0
38,73,Box,3.3,5.74314,0,0,-6.1152,0
38,74,Box,4.4,5.74314,0,0,-6.1152,0
38,75,Box,5.5,5.74314,0,0,-6.1152,0
38,76,Box,6.6,5.74314,0,0,-6.1152,0
38,77,Box,7.7,5.74314,0,0,-6.1152,0
38,78,Box,8.8,5.74314,0,0,-6.1152,0
38,79,Box,9.9,5.74314,0,0,-6.1152,0
38,80,Box,0,6.84314,0,0,-6.1152,0
38,81,Box,1.1,6.84314,0,0,-6.1152,0
38,82,Box,2.2,6.84314,0,0,-6.1152,0
38,83,Box,3.3,6.84314,0,0,-6.1152,0
38,84,Box,4.4,6.84314,0,0,-6.1152,0
38,85,Box,5.5,6.84314,0,0,-6.1152,0
38,86,Box,6.6,6.84314,0,0,-6.1152,0
38,87,Box,7.7,6.84314,0,0,-6.1152,0
38,88,Box,8.8,6.84314,0,0,-6.1152,0
38,89,Box,9.9,6.84314,0,0,-6.1152,0
38,90,Box,0,7.94314,0,0,-6.1152,0
38,91,Box,1.1,7.94314,0,0,-6.1152,0
38,92,Box,2.2,7.94314,0,0,-6.1152,0
38,93,Box,3.3,7.94314,0,0,-6.1152,0
38,94,Box,4.4,7.94314,0,0,-6.1152,0
38,95,Box,5.5,7.94314,0,0,-6.1152,0
38,96,Box,6.6,7.94314,0,0,-6.1152,0
38,97,Box,7.7,7.94314,0,0,-6.1152,0
38,98,Box,8.8,7.94314,0,0,-6.1152,0
38,99,Box,9.9,7.94314,0,0,-6.1152,0
39,0,Box,0,-2.05722,0,0,-6.272,0
39,1,Box,1.1,-2.05722,0,0,-6.272,0
39,2,Box,2.2,-2.05722,0,0,-6.272,0
39,3,Box,3.3,-2.05722,0,0,-6.272,0
39,4,Box,4.4,-2.05722,0,0,-6.272,0
39,5,Box,5.5,-2.05722,0,0,-6.272,0
39,6,Box,6.6,-2.05722,0,0,-6.272,0
39,7,Box,7.7,-2.05722,0,0,-6.272,0
39,8,Box,8.8,-2.05722,0,0,-6.272,0
39,9,Box,9.9,-2.05722,0,0,-6.272,0
39,10,Box,0,-0.957216,0,0,-6.272,0
39,11,Box,1.1,-0.957216,0,0,-6.272,0
39,12,Box,2.2,-0.957216,0,0,-6.272,0
39,13,Box,3.3,-0.957216,0,0,-6.272,0
39,14,Box,4.4,-0.957216,0,0,-6.272,0
39,15,Box,5.5,-0.957216,0,0,-6.272,0
39,16,Box,6.6,-0.957216,0,0,-6.272,0
39,17,Box,7.7,-0.957216,0,0,-6.272,0
39,18,Box,8.8,-0.957216,0,0,-6.272,0
39,19,Box,9.9,-0.957216,0,0,-6.272,0
39,20,Box,0,0.142784,0,0,-6.272,0
39,21,Box,1.1,0.142784,0,0,-6.272,0
39,22,Box,2.2,0.142784,0,0,-6.272,0
39,23,Box,3.3,0.142784,0,0,-6.272,0
39,24,Box,4.4,0.142784,0,0,-6.272,0
39,25,Box,5.5,0.142784,0,0,-6.272,0
39,26,Box,6.6,0.142784,0,0,-6.272,0
39,27,Box,7.7,0.142784,0,0,-6.272,0
39,28,Box,8.8,0.142784,0,0,-6.272,0
39,29,Box,9.9,0.142784,0,0,-6.272,0
39,30,Box,0,1.24278,0,0,-6.272,0
39,31,Box,1.1,1.24278,0,0,-6.272,0
39,32,Box,2.2,1.24278,0,0,-6.272,0
39,33,Box,3.3,1.24278,0,0,-6.272,0
39,34,Box,4.4,1.24278,0,0,-6.272,0
39,35,Box,5.5,1.24278,0,0,-6.272,0
39,36,Box,6.6,1.24278,0,0,-6.272,0
39,37,Box,7.7,1.24278,0,0,-6.272,0
39,38,Box,8.8,1.24278,0,0,-6.272,0
39,39,Box,9.9,1.24278,0,0,-6.272,0
39,40,Box,0,2.34278,0,0,-6.272,0
39,41,Box,1.1,2.34278,0,0,-6.272,0
39,42,Box,2.2,2.34278,0,0,-6.272,0
39,43,Box,3.3,2.34278,0,0,-6.272,0
39,44,Box,4.4,2.34278,0,0,-6.272,0
39,45,Box,5.5,2.34278,0,0,-6.272,0
39,46,Box,6.6,2.34278,0,0,-6.272,0
39,47,Box,7.7,2.34278,0,0,-6.272,0
39,48,Box,8.8,2.34278,0,0,-6.272,0
39,49,Box,9.9,2.34278,0,0,-6.272,0
39,50,Box,0,3.44278,0,0,-6.272,0
39,51,Box,1.1,3.44278,0,0,-6.272,0
39,52,Box,2.2,3.44278,0,0,-6.272,0
39,53,Box,3.3,3.44278,0,0,-6.272,0
39,54,Box,4.4,3.44278,0,0,-6.272,0
39,55,Box,5.5,3.44278,0,0,-6.272,0
39,56,Box,6.6,3.44278,0,0,-6.272,0
39,57,Box,7.7,3.44278,0,0,-6.272,0
39,58,Box,8.8,3.44278,0,0,-6.272,0
39,59,Box,9.9,3.44278,0,0,-6.272,0
39,60,Box,0,4.54279,0,0,-6.272,0
39,61,Box,1.1,4.54279,0,0,-6.272,0
39,62,Box,2.2,4.54279,0,0,-6.272,0
39,63,Box,3.3,4.54279,0,0,-6.272,0
39,64,Box,4.4,4.54279,0,0,-6.272,0
39,65,Box,5.5,4.54279,0,0,-6.272,0
39,66,Box,6.6,4.54279,0,0,-6.272,0
39,67,Box,7.7,4.54279,0,0,-6.272,0
39,68,Box,8.8,4.54279,0,0,-6.272,0
39,69,Box,9.9,4.54279,0,0,-6.272,0
39,70,Box,0,5.64279,0,0,-6.272,0
39,71,Box,1.1,5.64279,0,0,-6.272,0
39,72,Box,2.2,5.64279,0,0,-6.272,0
39,73,Box,3.3,5.64279,0,0,-6.272,0
39,74,Box,4.4,5.64279,0,0,-6.272,0
39,75,Box,5.5,5.64279,0,0,-6.272,0
39,76,Box,6.6,5.64279,0,0,-6.272,0
39,77,Box,7.7,5.64279,0,0,-6.272,0
39,78,Box,8.8,5.64279,0,0,-6.272,0
39,79,Box,9.9,5.64279,0,0,-6.272,0
39,80,Box,0,6.74278,0,0,-6.272,0
39,81,Box,1.1,6.74278,0,0,-6.272,0
39,82,Box,2.2,6.74278,0,0,-6.272,0
39,83,Box,3.3,6.74278,0,0,-6.272,0
39,84,Box,4.4,6.74278,0,0,-6.272,0
39,85,Box,5.5,6.74278,0,0,-6.272,0
39,86,Box,6.6,6.74278,0,0,-6.272,0
39,87,Box,7.7,6.74278,0,0,-6.272,0
39,88,Box,8.8,6.74278,0,0,-6.272,0
39,89,Box,9.9,6.74278,0,0,-6.272,0
39,90,Box,0,7.84279,0,0,-6.272,0
39,91,Box,1.1,7.84279,0,0,-6.272,0
39,92,Box,2.2,7.84279,0,0,-6.272,0
39,93,Box,3.3,7.84279,0,0,-6.272,0
39,94,Box,4.4,7.84279,0,0,-6.272,0
39,95,Box,5.5,7.84279,0,0,-6.272,0
39,96,Box,6.6,7.84279,0,0,-6.272,0
39,97,Box,7.7,7.84279,0,0,-6.272,0
39,98,Box,8.8,7.84279,0,0,-6.272,0
39,99,Box,9.9,7.84279,0,0,-6.272,0
40,0,Box,0,-2.16008,0,0,-6.4288,0
40,1,Box,1.1,-2.16008,0,0,-6.4288,0
40,2,Box,2.2,-2.16008,0,0,-6.4288,0
40,3,Box,3.3,-2.16008,0,0,-6.4288,0
40,4,Box,4.4,-2.16008,0,0,-6.4288,0
40,5,Box,5.5,-2.16008,0,0,-6.4288,0
40,6,Box,6.6,-2.16008,0,0,-6.4288,0
40,7,Box,7.7,-2.16008,0,0,-6.4288,0
40,8,Box,8.8,-2.16008,0,0,-6.4288,0
40,9,Box,9.9,-2.16008,0,0,-6.4288,0
40,10,Box,0,-1.06008,0,0,-6.4288,0
40,11,Box,1.1,-1.06008,0,0,-6.4288,0
40,12,Box,2.2,-1.06008,0,0,-6.4288,0
40,13,Box,3.3,-1.06008,0,0,-6.4288,0
40,14,Box,4.4,-1.06008,0,0,-6.4288,0
40,15,Box,5.5,-1.06008,0,0,-6.4288,0
40,16,Box,6.6,-1.06008,0,0,-6.4288,0
40,17,Box,7.7,-1.06008,0,0,-6.4288,0
40,18,Box,8.8,-1.06008,0,0,-6.4288,0
40,19,Box,9.9,-1.06008,0,0,-6.4288,0
40,20,Box,0,0.0399232,0,0,-6.4288,0
40,21,Box,1.1,0.0399232,0,0,-6.4288,0
40,22,Box,2.2,0.0399232,0,0,-6.4288,0
40,23,Box,3.3,0.0399232,0,0,-6.4288,0
40,24,Box,4.4,0.0399232,0,0,-6.4288,0
40,25,Box,5.5,0.0399232,0,0,-6.4288,0
40,26,Box,6.6,0.0399232,0,0,-6.4288,0
40,27,Box,7.7,0.0399232,0,0,-6.4288,0
40,28,Box,8.8,0.0399232,0,0,-6.4288,0
40,29,Box,9.9,0.0399232,0,0,-6.4288,0
40,30,Box,0,1.13992,0,0,-6.4288,0
40,31,Box,1.1,1.13992,0,0,-6.4288,0
40,32,Box,2.2,1.13992,0,0,-6.4288,0
40,33,Box,3.3,1.13992,0,0,-6.4288,0
40,34,Box,4.4,1.13992,0,0,-6.4288,0
40,35,Box,5.5,1.13992,0,0,-6.4288,0
40,36,Box,6.6,1.13992,0,0,-6.4288,0
40,37,Box,7.7,1.13992,0,0,-6.4288,0
40,38,Box,8.8,1.13992,0,0,-6.4288,0
40,39,Box,9.9,1.13992,0,0,-6.4288,0
40,40,Box,0,2.23992,0,0,-6.4288,0
40,41,Box,1.1,2.23992,0,0,-6.4288,0
40,42,Box,2.2,2.23992,0,0,-6.4288,0
40,43,Box,3.3,2.23992,0,0,-6.4288,0
40,44,Box,4.4,2.23992,0,0,-6.4288,0
40,45,Box,5.5,2.23992,0,0,-6.4288,0
40,46,Box,6.6,2.23992,0,0,-6.4288,0
40,47,Box,7.7,2.23992,0,0,-6.4288,0
40,48,Box,8.8,2.23992,0,0,-6.4288,0
40,49,Box,9.9,2.23992,0,0,-6.4288,0
40,50,Box,0,3.33992,0,0,-6.4288,0
40,51,Box,1.1,3.33992,0,0,-6.4288,0
40,52,Box,2.2,3.33992,0,0,-6.4288,0
40,53,Box,3.3,3.33992,0,0,-6.4288,0
40,54,Box,4.4,3.33992,0,0,-6.4288,0
40,55,Box,5.5,3.33992,0,0,-6.4288,0
40,56,Box,6.6,3.33992,0,0,-6.4288,0
40,57,Box,7.7,3.33992,0,0,-6.4288,0
40,58,Box,8.8,3.33992,0,0,-6.4288,0
40,59,Box,9.9,3.33992,0,0,-6.4288,0
40,60,Box,0,4.43992,0,0,-6.4288,0
40,61,Box,1.1,4.43992,0,0,-6.4288,0
40,62,Box,2.2,4.43992,0,0,-6.4288,0
40,63,Box,3.3,4.43992,0,0,-6.4288,0
40,64,Box,4.4,4.43992,0,0,-6.4288,0
40,65,Box,5.5,4.43992,0,0,-6.4288,0
40,66,Box,6.6,4.43992,0,0,-6.4288,0
40,67,Box,7.7,4.43992,0,0,-6.4288,0
40,68,Box,8.8,4.43992,0,0,-6.4288,0
40,69,Box,9.9,4.43992,0,0,-6.4288,0
40,70,Box,0,5.53992,0,0,-6.4288,0
40,71,Box,1.1,5.53992,0,0,-6.4288,0
40,72,Box,2.2,5.53992,0,0,-6.4288,0
40,73,Box,3.3,5.53992,0,0,-6.4288,0
40,74,Box,4.4,5.53992,0,0,-6.4288,0
40,75,Box,5.5,5.53992,0,0,-6.4288,0
40,76,Box,6.6,5.53992,0,0,-6.4288,0
40,77,Box,7.7,5.53992,0,0,-6.4288,0
40,78,Box,8.8,5.53992,0,0,-6.4288,0
40,79,Box,9.9,5.53992,0,0,-6.4288,0
40,80,Box,0,6.63992,0,0,-6.4288,0
40,81,Box,1.1,6.63992,0,0,-6.4288,0
40,82,Box,2.2,6.63992,0,0,-6.4288,0
40,83,Box,3.3,6.63992,0,0,-6.4288,0
40,84,Box,4.4,6.63992,0,0,-6.4288,0
40,85,Box,5.5,6.63992,0,0,-6.4288,0
40,86,Box,6.6,6.63992,0,0,-6.4288,0
40,87,Box,7.7,6.63992,0,0,-6.4288,0
40,88,Box,8.8,6.63992,0,0,-6.4288,0
40,89,Box,9.9,6.63992,0,0,-6.4288,0
40,90,Box,0,7.73992,0,0,-6.4288,0
40,91,Box,1.1,7.73992,0,0,-6.4288,0
40,92,Box,2.2,7.73992,0,0,-6.4288,0
40,93,Box,3.3,7.73992,0,0,-6.4288,0
40,94,Box,4.4,7.73992,0,0,-6.4288,0
40,95,Box,5.5,7.73992,0,0,-6.4288,0
40,96,Box,6.6,7.73992,0,0,-6.4288,0
40,97,Box,7.7,7.73992,0,0,-6.4288,0
40,98,Box,8.8,7.73992,0,0,-6.4288,0
40,99,Box,9.9,7.73992,0,0,-6.4288,0
41,0,Box,0,-2.26545,0,0,-6.5856,0
41,1,Box,1.1,-2.26545,0,0,-6.5856,0
41,2,Box,2.2,-2.26545,0,0,-6.5856,0
41,3,Box,3.3,-2.26545,0,0,-6.5856,0
41,4,Box,4.4,-2.26545,0,0,-6.5856,0
41,5,Box,5.5,-2.26545,0,0,-6.5856,0
41,6,Box,6.6,-2.26545,0,0,-6.5856,0
41,7,Box,7.7,-2.26545,0,0,-6.5856,0
41,8,Box,8.8,-2.26545,0,0,-6.5856,0
41,9,Box,9.9,-2.26545,0,0,-6.5856,0
41,10,Box,0,-1.16545,0,0,-6.5856,0
41,11,Box,1.1,-1.16545,0,0,-6.5856,0
41,12,Box,2.2,-1.16545,0,0,-6.5856,0
41,13,Box,3.3,-1.16545,0,0,-6.5856,0
41,14,Box,4.4,-1.16545,0,0,-6.5856,0
41,15,Box,5.5,-1.16545,0,0,-6.5856,0
41,16,Box,6.6,-1.16545,0,0,-6.5856,0
41,17,Box,7.7,-1.16545,0,0,-6.5856,0
41,18,Box,8.8,-1.16545,0,0,-6.5856,0
41,19,Box,9.9,-1.16545,0,0,-6.5856,0
41,20,Box,0,-0.0654464,0,0,-6.5856,0
41,21,Box,1.1,-0.0654464,0,0,-6.5856,0
41,22,Box,2.2,-0.0654464,0,0,-6.5856,0
41,23,Box,3.3,-0.0654464,0,0,-6.5856,0
41,24,Box,4.4,-0.0654464,0,0,-6.5856,0
41,25,Box,5.5,-0.0654464,0,0,-6.5856,0
41,26,Box,6.6,-0.0654464,0,0,-6.5856,0
41,27,Box,7.7,-0.0654464,0,0,-6.5856,0
41,28,Box,8.8,-0.0654464,0,0,-6.5856,0
41,29,Box,9.9,-0.0654464,0,0,-6.5856,0
41,30,Box,0,1.03455,0,0,-6.5856,0
41,31,Box,1.1,1.03455,0,0,-6.5856,0
41,32,Box,2.2,1.03455,0,0,-6.5856,0
41,33,Box,3.3,1.03455,0,0,-6.5856,0
41,34,Box,4.4,1.03455,0,0,-6.5856,0
41,35,Box,5.5,1.03455,0,0,-6.5856,0
41,36,Box,6.6,1.03455,0,0,-6.5856,0
41,37,Box,7.7,1.03455,0,0,-6.5856,0
41,38,Box,8.8,1.03455,0,0,-6.5856,0
41,39,Box,9.9,1.03455,0,0,-6.5856,0
41,40,Box,0,2.13455,0,0,-6.5856,0
41,41,Box,1.1,2.13455,0,0,-6.5856,0
41,42,Box,2.2,2.13455,0,0,-6.5856,0
41,43,Box,3.3,2.13455,0,0,-6.5856,0
41,44,Box,4.4,2.13455,0,0,-6.5856,0
41,45,Box,5.5,2.13455,0,0,-6.5856,0
41,46,Box,6.6,2.13455,0,0,-6.5856,0
41,47,Box,7.7,2.13455,0,0,-6.5856,0
41,48,Box,8.8,2.13455,0,0,-6.5856,0
41,49,Box,9.9,2.13455,0,0,-6.5856,0
41,50,Box,0,3.23455,0,0,-6.5856,0
41,51,Box,1.1,3.23455,0,0,-6.5856,0
41,52,Box,2.2,3.23455,0,0,-6.5856,0
41,53,Box,3.3,3.23455,0,0,-6.5856,0
41,54,Box,4.4,3.23455,0,0,-6.5856,0
41,55,Box,5.5,3.23455,0,0,-6.5856,0
41,56,Box,6.6,3.23455,0,0,-6.5856,0
41,57,Box,7.7,3.23455,0,0,-6.5856,0
41,58,Box,8.8,3.23455,0,0,-6.5856,0
41,59,Box,9.9,3.23455,0,0,-6.5856,0
41,60,Box,0,4.33455,0,0,-6.5856,0
41,61,Box,1.1,4.33455,0,0,-6.5856,0
41,62,Box,2.2,4.33455,0,0,-6.5856,0
41,63,Box,3.3,4.33455,0,0,-6.5856,0
41,64,Box,4.4,4.33455,0,0,-6.5856,0
41,65,Box,5.5,4.33455,0,0,-6.5856,0
41,66,Box,6.6,4.33455,0,0,-6.5856,0
41,67,Box,7.7,4.33455,0,0,-6.5856,0
41,68,Box,8.8,4.33455,0,0,-6.5856,0
41,69,Box,9.9,4.33455,0,0,-6.5856,0
41,70,Box,0,5.43455,0,0,-6.5856,0
41,71,Box,1.1,5.43455,0,0,-6.5856,0
41,72,Box,2.2,5.43455,0,0,-6.5856,0
41,73,Box,3.3,5.43455,0,0,-6.5856,0
41,74,Box,4.4,5.43455,0,0,-6.5856,0
41,75,Box,5.5,5.43455,0,0,-6.5856,0
41,76,Box,6.6,5.43455,0,0,-6.5856,0
41,77,Box,7.7,5.43455,0,0,-6.5856,0
41,78,Box,8.8,5.43455,0,0,-6.5856,0
41,79,Box,9.9,5.43455,0,0,-6.5856,0
41,80,Box,0,6.53455,0,0,-6.5856,0
41,81,Box,1.1,6.53455,0,0,-6.5856,0
41,82,Box,2.2,6.53455,0,0,-6.5856,0
41,83,Box,3.3,6.53455,0,0,-6.5856,0
41,84,Box,4.4,6.53455,0,0,-6.5856,0
41,85,Box,5.5,6.53455,0,0,-6.5856,0
41,86,Box,6.6,6.53455,0,0,-6.5856,0
41,87,Box,7.7,6.53455,0,0,-6.5856,0
41,88,Box,8.8,6.53455,0,0,-6.5856,0
41,89,Box,9.9,6.53455,0,0,-6.5856,0
41,90,Box,0,7.63455,0,0,-6.5856,0
41,91,Box,1.1,7.63455,0,0,-6.5856,0
41,92,Box,2.2,7.63455,0,0,-6.5856,0
41,93,Box,3.3,7.63455,0,0,-6.5856,0
41,94,Box,4.4,7.63455,0,0,-6.5856,0
41,95,Box,5.5,7.63455,0,0,-6.5856,0
41,96,Box,6.6,7.63455,0,0,-6.5856,0
41,97,Box,7.7,7.63455,0,0,-6.5856,0
41,98,Box,8.8,7.63455,0,0,-6.5856,0
41,99,Box,9.9,7.63455,0,0,-6.5856,0
42,0,Box,0,-2.37332,0,0,-6.7424,0
42,1,Box,1.1,-2.37332,0,0,-6.7424,0
42,2,Box,2.2,-2.37332,0,0,-6.7424,0
42,3,Box,3.3,-2.37332,0,0,-6.7424,0
42,4,Box,4.4,-2.37332,0,0,-6.7424,0
42,5,Box,5.5,-2.37332,0,0,-6.7424,0
42,6,Box,6.6,-2.37332,0,0,-6.7424,0
42,7,Box,7.7,-2.37332,0,0,-6.7424,0
42,8,Box,8.8,-2.37332,0,0,-6.7424,0
42,9,Box,9.9,-2.37332,0,0,-6.7424,0
42,10,Box,0,-1.27332,0,0,-6.7424,0
42,11,Box,1.1,-1.27332,0,0,-6.7424,0
42,12,Box,2.2,-1.27332,0,0,-6.7424,0
42,13,Box,3.3,-1.27332,0,0,-6.7424,0
42,14,Box,4.4,-1.27332,0,0,-6.7424,0
42,15,Box,5.5,-1.27332,0,0,-6.7424,0
42,16,Box,6.6,-1.27332,0,0,-6.7424,0
42,17,Box,7.7,-1.27332,0,0,-6.7424,0
42,18,Box,8.8,-1.27332,0,0,-6.7424,0
42,19,Box,9.9,-1.27332,0,0,-6.7424,0
42,20,Box,0,-0.173325,0,0,-6.7424,0
42,21,Box,1.1,-0.173325,0,0,-6.7424,0
42,22,Box,2.2,-0.173325,0,0,-6.7424,0
42,23,Box,3.3,-0.173325,0,0,-6.7424,0
42,24,Box,4.4,-0.173325,0,0,-6.7424,0
42,25,Box,5.5,-0.173325,0,0,-6.7424,0
42,26,Box,6.6,-0.173325,0,0,-6.7424,0
42,27,Box,7.7,-0.173325,0,0,-6.7424,0
42,28,Box,8.8,-0.173325,0,0,-6.7424,0
42,29,Box,9.9,-0.173325,0,0,-6.7424,0
42,30,Box,0,0.926676,0,0,-6.7424,0
42,31,Box,1.1,0.926676,0,0,-6.7424,0
42,32,Box,2.2,0.926676,0,0,-6.7424,0
42,33,Box,3.3,0.926676,0,0,-6.7424,0
42,34,Box,4.4,0.926676,0,0,-6.7424,0
42,35,Box,5.5,0.926676,0,0,-6.7424,0
42,36,Box,6.6,0.926676,0,0,-6.7424,0
42,37,Box,7.7,0.926676,0,0,-6.7424,0
42,38,Box,8.8,0.926676,0,0,-6.7424,0
42,39,Box,9.9,0.926676,0,0,-6.7424,0
42,40,Box,0,2.02668,0,0,-6.7424,0
42,41,Box,1.1,2.02668,0,0,-6.7424,0
42,42,Box,2.2,2.02668,0,0,-6.7424,0
42,43,Box,3.3,2.02668,0,0,-6.7424,0
42,44,Box,4.4,2.02668,0,0,-6.7424,0
42,45,Box,5.5,2.02668,0,0,-6.7424,0
42,46,Box,6.6,2.02668,0,0,-6.7424,0
42,47,Box,7.7,2.02668,0,0,-6.7424,0
42,48,Box,8.8,2.02668,0,0,-6.7424,0
42,49,Box,9.9,2.02668,0,0,-6.7424,0
42,50,Box,0,3.12668,0,0,-6.7424,0
42,51,Box,1.1,3.12668,0,0,-6.7424,0
42,52,Box,2.2,3.12668,0,0,-6.7424,0
42,53,Box,3.3,3.12668,0,0,-6.7424,0
42,54,Box,4.4,3.12668,0,0,-6.7424,0
42,55,Box,5.5,3.12668,0,0,-6.7424,0
42,56,Box,6.6,3.12668,0,0,-6.7424,0
42,57,Box,7.7,3.12668,0,0,-6.7424,0
42,58,Box,8.8,3.12668,0,0,-6.7424,0
42,59,Box,9.9,3.12668,0,0,-6.7424,0
42,60,Box,0,4.22668,0,0,-6.7424,0
42,61,Box,1.1,4.22668,0,0,-6.7424,0
42,62,Box,2.2,4.22668,0,0,-6.7424,0
42,63,Box,3.3,4.22668,0,0,-6.7424,0
42,64,Box,4.4,4.22668,0,0,-6.7424,0
42,65,Box,5.5,4.22668,0,0,-6.7424,0
42,66,Box,6.6,4.22668,0,0,-6.7424,0
42,67,Box,7.7,4.22668,0,0,-6.7424,0
42,68,Box,8.8,4.22668,0,0,-6.7424,0
42,69,Box,9.9,4.22668,0,0,-6.7424,0
42,70,Box,0,5.32668,0,0,-6.7424,0
42,71,Box,1.1,5.32668,0,0,-6.7424,0
42,72,Box,2.2,5.32668,0,0,-6.7424,0
42,73,Box,3.3,5.32668,0,0,-6.7424,0
42,74,Box,4.4,5.32668,0,0,-6.7424,0
42,75,Box,5.5,5.32668,0,0,-6.7424,0
42,76,Box,6.6,5.32668,0,0,-6.7424,0
42,77,Box,7.7,5.32668,0,0,-6.7424,0
42,78,Box,8.8,5.32668,0,0,-6.7424,0
42,79,Box,9.9,5.32668,0,0,-6.7424,0
42,80,Box,0,6.42668,0,0,-6.7424,0
42,81,Box,1.1,6.42668,0,0,-6.7424,0
42,82,Box,2.2,6.42668,0,0,-6.7424,0
42,83,Box,3.3,6.42668,0,0,-6.7424,0
42,84,Box,4.4,6.42668,0,0,-6.7424,0
42,85,Box,5.5,6.42668,0,0,-6.7424,0
42,86,Box,6.6,6.42668,0,0,-6.7424,0
42,87,Box,7.7,6.42668,0,0,-6.7424,0
42,88,Box,8.8,6.42668,0,0,-6.7424,0
42,89,Box,9.9,6.42668,0,0,-6.7424,0
42,90,Box,0,7.52668,0,0,-6.7424,0
42,91,Box,1.1,7.52668,0,0,-6.7424,0
42,92,Box,2.2,7.52668,0,0,-6.7424,0
42,93,Box,3.3,7.52668,0,0,-6.7424,0
42,94,Box,4.4,7.52668,0,0,-6.7424,0
42,95,Box,5.5,7.52668,0,0,-6.7424,0
42,96,Box,6.6,7.52668,0,0,-6.7424,0
42,97,Box,7.7,7.52668,0,0,-6.7424,0
42,98,Box,8.8,7.52668,0,0,-6.7424,0
42,99,Box,9.9,7.52668,0,0,-6.7424,0
43,0,Box,0,-2.48371,0,0,-6.8992,0
43,1,Box,1.1,-2.48371,0,0,-6.8992,0
43,2,Box,2.2,-2.48371,0,0,-6.8992,0
43,3,Box,3.3,-2.48371,0,0,-6.8992,0
43,4,Box,4.4,-2.48371,0,0,-6.8992,0
43,5,Box,5.5,-2.48371,0,0,-6.8992,0
43,6,Box,6.6,-2.48371,0,0,-6.8992,0
43,7,Box,7.7,-2.48371,0,0,-6.8992,0
43,8,Box,8.8,-2.48371,0,0,-6.8992,0
43,9,Box,9.9,-2.48371,0,0,-6.8992,0
43,10,Box,0,-1.38371,0,0,-6.8992,0
43,11,Box,1.1,-1.38371,0,0,-6.8992,0
43,12,Box,2.2,-1.38371,0,0,-6.8992,0
43,13,Box,3.3,-1.38371,0,0,-6.8992,0
43,14,Box,4.4,-1.38371,0,0,-6.8992,0
43,15,Box,5.5,-1.38371,0,0,-6.8992,0
43,16,Box,6.6,-1.38371,0,0,-6.8992,0
43,17,Box,7.7,-1.38371,0,0,-6.8992,0
43,18,Box,8.8,-1.38371,0,0,-6.8992,0
43,19,Box,9.9,-1.38371,0,0,-6.8992,0
43,20,Box,0,-0.283712,0,0,-6.8992,0
43,21,Box,1.1,-0.283712,0,0,-6.8992,0
43,22,Box,2.2,-0.283712,0,0,-6.8992,0
43,23,Box,3.3,-0.283712,0,0,-6.8992,0
43,24,Box,4.4,-0.283712,0,0,-6.8992,0
43,25,Box,5.5,-0.283712,0,0,-6.8992,0
43,26,Box,6.6,-0.283712,0,0,-6.8992,0
43,27,Box,7.7,-0.283712,0,0,-6.8992,0
43,28,Box,8.8,-0.283712,0,0,-6.8992,0
43,29,Box,9.9,-0.283712,0,0,-6.8992,0
43,30,Box,0,0.816289,0,0,-6.8992,0
43,31,Box,1.1,0.816289,0,0,-6.8992,0
43,32,Box,2.2,0.816289,0,0,-6.8992,0
43,33,Box,3.3,0.816289,0,0,-6.8992,0
43,34,Box,4.4,0.816289,0,0,-6.8992,0
43,35,Box,5.5,0.816289,0,0,-6.8992,0
43,36,Box,6.6,0.816289,0,0,-6.8992,0
43,37,Box,7.7,0.816289,0,0,-6.8992,0
43,38,Box,8.8,0.816289,0,0,-6.8992,0
43,39,Box,9.9,0.816289,0,0,-6.8992,0
43,40,Box,0,1.91629,0,0,-6.8992,0
43,41,Box,1.1,1.91629,0,0,-6.8992,0
43,42,Box,2.2,1.91629,0,0,-6.8992,0
43,43,Box,3.3,1.91629,0,0,-6.8992,0
43,44,Box,4.4,1.91629,0,0,-6.8992,0
43,45,Box,5.5,1.91629,0,0,-6.8992,0
43,46,Box,6.6,1.91629,0,0,-6.8992,0
43,47,Box,7.7,1.91629,0,0,-6.8992,0
43,48,Box,8.8,1.91629,0,0,-6.8992,0
43,49,Box,9.9,1.91629,0,0,-6.8992,0
43,50,Box,0,3.01629,0,0,-6.8992,0
43,51,Box,1.1,3.01629,0,0,-6.8992,0
43,52,Box,2.2,3.01629,0,0,-6.8992,0
43,53,Box,3.3,3.01629,0,0,-6.8992,0
43,54,Box,4.4,3.01629,0,0,-6.8992,0
43,55,Box,5.5,3.01629,0,0,-6.8992,0
43,56,Box,6.6,3.01629,0,0,-6.8992,0
43,57,Box,7.7,3.01629,0,0,-6.8992,0
43,58,Box,8.8,3.01629,0,0,-6.8992,0
43,59,Box,9.9,3.01629,0,0,-6.8992,0
43,60,Box,0,4.11629,0,0,-6.8992,0
43,61,Box,1.1,4.11629,0,0,-6.8992,0
43,62,Box,2.2,4.11629,0,0,-6.8992,0
43,63,Box,3.3,4.11629,0,0,-6.8992,0
43,64,Box,4.4,4.11629,0,0,-6.8992,0
43,65,Box,5.5,4.11629,0,0,-6.8992,0
43,66,Box,6.6,4.11629,0,0,-6.8992,0
43,67,Box,7.7,4.11629,0,0,-6.8992,0
43,68,Box,8.8,4.11629,0,0,-6.8992,0
43,69,Box,9.9,4.11629,0,0,-6.8992,0
43,70,Box,0,5.21629,0,0,-6.8992,0
43,71,Box,1.1,5.21629,0,0,-6.8992,0
43,72,Box,2.2,5.21629,0,0,-6.8992,0
43,73,Box,3.3,5.21629,0,0,-6.8992,0
43,74,Box,4.4,5.21629,0,0,-6.8992,0
43,75,Box,5.5,5.21629,0,0,-6.8992,0
43,76,Box,6.6,5.21629,0,0,-6.8992,0
43,77,Box,7.7,5.21629,0,0,-6.8992,0
43,78,Box,8.8,5.21629,0,0,-6.8992,0
43,79,Box,9.9,5.21629,0,0,-6.8992,0
43,80,Box,0,6.31629,0,0,-6.8992,0
43,81,Box,1.1,6.31629,0,0,-6.8992,0
43,82,Box,2.2,6.31629,0,0,-6.8992,0
43,83,Box,3.3,6.31629,0,0,-6.8992,0
43,84,Box,4.4,6.31629,0,0,-6.8992,0
43,85,Box,5.5,6.31629,0,0,-6.8992,0
43,86,Box,6.6,6.31629,0,0,-6.8992,0
43,87,Box,7.7,6.31629,0,0,-6.8992,0
43,88,Box,8.8,6.31629,0,0,-6.8992,0
43,89,Box,9.9,6.31629,0,0,-6.8992,0
43,90,Box,0,7.41629,0,0,-6.8992,0
43,91,Box,1.1,7.41629,0,0,-6.8992,0
43,92,Box,2.2,7.41629,0,0,-6.8992,0
43,93,Box,3.3,7.41629,0,0,-6.8992,0
43,94,Box,4.4,7.41629,0,0,-6.8992,0
43,95,Box,5.5,7.41629,0,0,-6.8992,0
43,96,Box,6.6,7.41629,0,0,-6.8992,0
43,97,Box,7.7,7.41629,0,0,-6.8992,0
43,98,Box,8.8,7.41629,0,0,-6.8992,0
43,99,Box,9.9,7.41629,0,0,-6.8992,0
44,0,Box,0,-2.59661,0,0,-7.056,0
44,1,Box,1.1,-2.59661,0,0,-7.056,0
44,2,Box,2.2,-2.59661,0,0,-7.056,0
44,3,Box,3.3,-2.59661,0,0,-7.056,0
44,4,Box,4.4,-2.59661,0,0,-7.056,0
44,5,Box,5.5,-2.59661,0,0,-7.056,0
44,6,Box,6.6,-2.59661,0,0,-7.056,0
44,7,Box,7.7,-2.59661,0,0,-7.056,0
44,8,Box,8.8,-2.59661,0,0,-7.056,0
44,9,Box,9.9,-2.59661,0,0,-7.056,0
44,10,Box,0,-1.49661,0,0,-7.056,0
44,11,Box,1.1,-1.49661,0,0,-7.056,0
44,12,Box,2.2,-1.49661,0,0,-7.056,0
44,13,Box,3.3,-1.49661,0,0,-7.056,0
44,14,Box,4.4,-1.49661,0,0,-7.056,0
44,15,Box,5.5,-1.49661,0,0,-7.056,0
44,16,Box,6.6,-1.49661,0,0,-7.056,0
44,17,Box,7.7,-1.49661,0,0,-7.056,0
44,18,Box,8.8,-1.49661,0,0,-7.056,0
44,19,Box,9.9,-1.49661,0,0,-7.056,0
44,20,Box,0,-0.396608,0,0,-7.056,0
44,21,Box,1.1,-0.396608,0,0,-7.056,0
44,22,Box,2.2,-0.396608,0,0,-7.056,0
44,23,Box,3.3,-0.396608,0,0,-7.056,0
44,24,Box,4.4,-0.396608,0,0,-7.056,0
44,25,Box,5.5,-0.396608,0,0,-7.056,0
44,26,Box,6.6,-0.396608,0,0,-7.056,0
44,27,Box,7.7,-0.396608,0,0,-7.056,0
44,28,Box,8.8,-0.396608,0,0,-7.056,0
44,29,Box,9.9,-0.396608,0,0,-7.056,0
44,30,Box,0,0.703393,0,0,-7.056,0
44,31,Box,1.1,0.703393,0,0,-7.056,0
44,32,Box,2.2,0.703393,0,0,-7.056,0
44,33,Box,3.3,0.703393,0,0,-7.056,0
44,34,Box,4.4,0.703393,0,0,-7.056,0
44,35,Box,5.5,0.703393,0,0,-7.056,0
44,36,Box,6.6,0.703393,0,0,-7.056,0
44,37,Box,7.7,0.703393,0,0,-7.056,0
44,38,Box,8.8,0.703393,0,0,-7.056,0
44,39,Box,9.9,0.703393,0,0,-7.056,0
44,40,Box,0,1.80339,0,0,-7.056,0
44,41,Box,1.1,1.80339,0,0,-7.056,0
44,42,Box,2.2,1.80339,0,0,-7.056,0
44,43,Box,3.3,1.80339,0,0,-7.056,0
44,44,Box,4.4,1.80339,0,0,-7.056,0
44,45,Box,5.5,1.80339,0,0,-7.056,0
44,46,Box,6.6,1.80339,0,0,-7.056,0
44,47,Box,7.7,1.80339,0,0,-7.056,0
44,48,Box,8.8,1.80339,0,0,-7.056,0
44,49,Box,9.9,1.80339,0,0,-7.056,0
44,50,Box,0,2.90339,0,0,-7.056,0
44,51,Box,1.1,2.90339,0,0,-7.056,0
44,52,Box,2.2,2.90339,0,0,-7.056,0
44,53,Box,3.3,2.90339,0,0,-7.056,0
44,54,Box,4.4,2.90339,0,0,-7.056,0
44,55,Box,5.5,2.90339,0,0,-7.056,0
44,56,Box,6.6,2.90339,0,0,-7.056,0
44,57,Box,7.7,2.90339,0,0,-7.056,0
44,58,Box,8.8,2.90339,0,0,-7.056,0
44,59,Box,9.9,2.90339,0,0,-7.056,0
44,60,Box,0,4.00339,0,0,-7.056,0
44,61,Box,1.1,4.00339,0,0,-7.056,0
44,62,Box,2.2,4.00339,0,0,-7.056,0
44,63,Box,3.3,4.00339,0,0,-7.056,0
44,64,Box,4.4,4.00339,0,0,-7.056,0
44,65,Box,5.5,4.00339,0,0,-7.056,0
44,66,Box,6.6,4.00339,0,0,-7.056,0
44,67,Box,7.7,4.00339,0,0,-7.056,0
44,68,Box,8.8,4.00339,0,0,-7.056,0
44,69,Box,9.9,4.00339,0,0,-7.056,0
44,70,Box,0,5.10339,0,0,-7.056,0
44,71,Box,1.1,5.10339,0,0,-7.056,0
44,72,Box,2.2,5.10339,0,0,-7.056,0
44,73,Box,3.3,5.10339,0,0,-7.056,0
44,74,Box,4.4,5.10339,0,0,-7.056,0
44,75,Box,5.5,5.10339,0,0,-7.056,0
44,76,Box,6.6,5.10339,0,0,-7.056,0
44,77,Box,7.7,5.10339,0,0,-7.056,0
44,78,Box,8.8,5.10339,0,0,-7.056,0
44,79,Box,9.9,5.10339,0,0,-7.056,0
44,80,Box,0,6.20339,0,0,-7.056,0
44,81,Box,1.1,6.20339,0,0,-7.056,0
44,82,Box,2.2,6.20339,0,0,-7.056,0
44,83,Box,3.3,6.20339,0,0,-7.056,0
44,84,Box,4.4,6.20339,0,0,-7.056,0
44,85,Box,5.5,6.20339,0,0,-7.056,0
44,86,Box,6.6,6.20339,0,0,-7.056,0
44,87,Box,7.7,6.20339,0,0,-7.056,0
44,88,Box,8.8,6.20339,0,0,-7.056,0
44,89,Box,9.9,6.20339,0,0,-7.056,0
44,90,Box,0,7.30339,0,0,-7.056,0
44,91,Box,1.1,7.30339,0,0,-7.056,0
44,92,Box,2.2,7.30339,0,0,-7.056,0
44,93,Box,3.3,7.30339,0,0,-7.056,0
44,94,Box,4.4,7.30339,0,0,-7.056,0
44,95,Box,5.5,7.30339,0,0,-7.056,0
44,96,Box,6.6,7.30339,0,0,-7.056,0
44,97,Box,7.7,7.30339,0,0,-7.056,0
44,98,Box,8.8,7.30339,0,0,-7.056,0
44,99,Box,9.9,7.30339,0,0,-7.056,0
45,0,Box,0,-2.71201,0,0,-7.2128,0
45,1,Box,1.1,-2.71201,0,0,-7.2128,0
45,2,Box,2.2,-2.71201,0,0,-7.2128,0
45,3,Box,3.3,-2.71201,0,0,-7.2128,0
45,4,Box,4.4,-2.71201,0,0,-7.2128,0
45,5,Box,5.5,-2.71201,0,0,-7.2128,0
45,6,Box,6.6,-2.71201,0,0,-7.2128,0
45,7,Box,7.7,-2.71201,0,0,-7.2128,0
45,8,Box,8.8,-2.71201,0,0,-7.2128,0
45,9,Box,9.9,-2.71201,0,0,-7.2128,0
45,10,Box,0,-1.61201,0,0,-7.2128,0
45,11,Box,1.1,-1.61201,0,0,-7.2128,0
45,12,Box,2.2,-1.61201,0,0,-7.2128,0
45,13,Box,3.3,-1.61201,0,0,-7.2128,0
45,14,Box,4.4,-1.61201,0,0,-7.2128,0
45,15,Box,5.5,-1.61201,0,0,-7.2128,0
45,16,Box,6.6,-1.61201,0,0,-7.2128,0
45,17,Box,7.7,-1.61201,0,0,-7.2128,0
45,18,Box,8.8,-1.61201,0,0,-7.2128,0
45,19,Box,9.9,-1.61201,0,0,-7.2128,0
45,20,Box,0,-0.512013,0,0,-7.2128,0
45,21,Box,1.1,-0.512013,0,0,-7.2128,0
45,22,Box,2.2,-0.512013,0,0,-7.2128,0
45,23,Box,3.3,-0.512013,0,0,-7.2128,0
45,24,Box,4.4,-0.512013,0,0,-7.2128,0
45,25,Box,5.5,-0.512013,0,0,-7.2128,0
45,26,Box,6.6,-0.512013,0,0,-7.2128,0
45,27,Box,7.7,-0.512013,0,0,-7.2128,0
45,28,Box,8.8,-0.512013,0,0,-7.2128,0
45,29,Box,9.9,-0.512013,0,0,-7.2128,0
45,30,Box,0,0.587988,0,0,-7.2128,0
45,31,Box,1.1,0.587988,0,0,-7.2128,0
45,32,Box,2.2,0.587988,0,0,-7.2128,0
45,33,Box,3.3,0.587988,0,0,-7.2128,0
45,34,Box,4.4,0.587988,0,0,-7.2128,0
45,35,Box,5.5,0.587988,0,0,-7.2128,0
45,36,Box,6.6,0.587988,0,0,-7.2128,0
45,37,Box,7.7,0.587988,0,0,-7.2128,0
45,38,Box,8.8,0.587988,0,0,-7.2128,0
45,39,Box,9.9,0.587988,0,0,-7.2128,0
45,40,Box,0,1.68799,0,0,-7.2128,0
45,41,Box,1.1,1.68799,0,0,-7.2128,0
45,42,Box,2.2,1.68799,0,0,-7.2128,0
45,43,Box,3.3,1.68799,0,0,-7.2128,0
45,44,Box,4.4,1.68799,0,0,-7.2128,0
45,45,Box,5.5,1.68799,0,0,-7.2128,0
45,46,Box,6.6,1.68799,0,0,-7.2128,0
45,47,Box,7.7,1.68799,0,0,-7.2128,0
45,48,Box,8.8,1.68799,0,0,-7.2128,0
45,49,Box,9.9,1.68799,0,0,-7.2128,0
45,50,Box,0,2.78799,0,0,-7.2128,0
45,51,Box,1.1,2.78799,0,0,-7.2128,0
45,52,Box,2.2,2.78799,0,0,-7.2128,0
45,53,Box,3.3,2.78799,0,0,-7.2128,0
45,54,Box,4.4,2.78799,0,0,-7.2128,0
45,55,Box,5.5,2.78799,0,0,-7.2128,0
45,56,Box,6.6,2.78799,0,0,-7.2128,0
45,57,Box,7.7,2.78799,0,0,-7.2128,0
45,58,Box,8.8,2.78799,0,0,-7.2128,0
45,59,Box,9.9,2.78799,0,0,-7.2128,0
45,60,Box,0,3.88799,0,0,-7.2128,0
45,61,Box,1.1,3.88799,0,0,-7.2128,0
45,62,Box,2.2,3.88799,0,0,-7.2128,0
45,63,Box,3.3,3.88799,0,0,-7.2128,0
45,64,Box,4.4,3.88799,0,0,-7.2128,0
45,65,Box,5.5,3.88799,0,0,-7.2128,0
45,66,Box,6.6,3.88799,0,0,-7.2128,0
45,67,Box,7.7,3.88799,0,0,-7.2128,0
45,68,Box,8.8,3.88799,0,0,-7.2128,0
45,69,Box,9.9,3.88799,0,0,-7.2128,0
45,70,Box,0,4.98799,0,0,-7.2128,0
45,71,Box,1.1,4.98799,0,0,-7.2128,0
45,72,Box,2.2,4.98799,0,0,-7.2128,0
45,73,Box,3.3,4.98799,0,0,-7.2128,0
45,74,Box,4.4,4.98799,0,0,-7.2128,0
45,75,Box,5.5,4.98799,0,0,-7.2128,0
45,76,Box,6.6,4.98799,0,0,-7.2128,0
45,77,Box,7.7,4.98799,0,0,-7.2128,0
45,78,Box,8.8,4.98799,0,0,-7.2128,0
45,79,Box,9.9,4.98799,0,0,-7.2128,0
45,80,Box,0,6.08799,0,0,-7.2128,0
45,81,Box,1.1,6.08799,0,0,-7.2128,0
45,82,Box,2.2,6.08799,0,0,-7.2128,0
45,83,Box,3.3,6.08799,0,0,-7.2128,0
45,84,Box,4.4,6.08799,0,0,-7.2128,0
45,85,Box,5.5,6.08799,0,0,-7.2128,0
45,86,Box,6.6,6.08799,0,0,-7.2128,0
45,87,Box,7.7,6.08799,0,0,-7.2128,0
45,88,Box,8.8,6.08799,0,0,-7.2128,0
45,89,Box,9.9,6.08799,0,0,-7.2128,0
45,90,Box,0,7.18799,0,0,-7.2128,0
45,91,Box,1.1,7.18799,0,0,-7.2128,0
45,92,Box,2.2,7.18799,0,0,-7.2128,0
45,93,Box,3.3,7.18799,0,0,-7.2128,0
45,94,Box,4.4,7.18799,0,0,-7.2128,0
45,95,Box,5.5,7.18799,0,0,-7.2128,0
45,96,Box,6.6,7.18799,0,0,-7.2128,0
45,97,Box,7.7,7.18799,0,0,-7.2128,0
45,98,Box,8.8,7.18799,0,0,-7.2128,0
45,99,Box,9.9,7.18799,0,0,-7.2128,0
46,0,Box,0,-2.82993,0,0,-7.3696,0
46,1,Box,1.1,-2.82993,0,0,-7.3696,0
46,2,Box,2.2,-2.82993,0,0,-7.3696,0
46,3,Box,3.3,-2.82993,0,0,-7.3696,0
46,4,Box,4.4,-2.82993,0,0,-7.3696,0
46,5,Box,5.5,-2.82993,0,0,-7.3696,0
46,6,Box,6.6,-2.82993,0,0,-7.3696,0
46,7,Box,7.7,-2.82993,0,0,-7.3696,0
46,8,Box,8.8,-2.82993,0,0,-7.3696,0
46,9,Box,9.9,-2.82993,0,0,-7.3696,0
46,10,Box,0,-1.72993,0,0,-7.3696,0
46,11,Box,1.1,-1.72993,0,0,-7.3696,0
46,12,Box,2.2,-1.72993,0,0,-7.3696,0
46,13,Box,3.3,-1.72993,0,0,-7.3696,0
46,14,Box,4.4,-1.72993,0,0,-7.3696,0
46,15,Box,5.5,-1.72993,0,0,-7.3696,0
46,16,Box,6.6,-1.72993,0,0,-7.3696,0
46,17,Box,7.7,-1.72993,0,0,-7.3696,0
46,18,Box,8.8,-1.72993,0,0,-7.3696,0
46,19,Box,9.9,-1.72993,0,0,-7.3696,0
46,20,Box,0,-0.629926,0,0,-7.3696,0
46,21,Box,1.1,-0.629926,0,0,-7.3696,0
46,22,Box,2.2,-0.629926,0,0,-7.3696,0
46,23,Box,3.3,-0.629926,0,0,-7.3696,0
46,24,Box,4.4,-0.629926,0,0,-7.3696,0
46,25,Box,5.5,-0.629926,0,0,-7.3696,0
46,26,Box,6.6,-0.629926,0,0,-7.3696,0
46,27,Box,7.7,-0.629926,0,0,-7.3696,0
46,28,Box,8.8,-0.629926,0,0,-7.3696,0
46,29,Box,9.9,-0.629926,0,0,-7.3696,0
46,30,Box,0,0.470075,0,0,-7.3696,0
46,31,Box,1.1,0.470075,0,0,-7.3696,0
46,32,Box,2.2,0.470075,0,0,-7.3696,0
46,33,Box,3.3,0.470075,0,0,-7.3696,0
46,34,Box,4.4,0.470075,0,0,-7.3696,0
46,35,Box,5.5,0.470075,0,0,-7.3696,0
46,36,Box,6.6,0.470075,0,0,-7.3696,0
46,37,Box,7.7,0.470075,0,0,-7.3696,0
46,38,Box,8.8,0.470075,0,0,-7.3696,0
46,39,Box,9.9,0.470075,0,0,-7.3696,0
46,40,Box,0,1.57007,0,0,-7.3696,0
46,41,Box,1.1,1.57007,0,0,-7.3696,0
46,42,Box,2.2,1.57007,0,0,-7.3696,0
46,43,Box,3.3,1.57007,0,0,-7.3696,0
46,44,Box,4.4,1.57007,0,0,-7.3696,0
46,45,Box,5.5,1.57007,0,0,-7.3696,0
46,46,Box,6.6,1.57007,0,0,-7.3696,0
46,47,Box,7.7,1.57007,0,0,-7.3696,0
46,48,Box,8.8,1.57007,0,0,-7.3696,0
46,49,Box,9.9,1.57007,0,0,-7.3696,0
46,50,Box,0,2.67007,0,0,-7.3696,0
46,51,Box,1.1,2.67007,0,0,-7.3696,0
46,52,Box,2.2,2.67007,0,0,-7.3696,0
46,53,Box,3.3,2.67007,0,0,-7.3696,0
46,54,Box,4.4,2.67007,0,0,-7.3696,0
46,55,Box,5.5,2.67007,0,0,-7.3696,0
46,56,Box,6.6,2.67007,0,0,-7.3696,0
46,57,Box,7.7,2.67007,0,0,-7.3696,0
46,58,Box,8.8,2.67007,0,0,-7.3696,0
46,59,Box,9.9,2.67007,0,0,-7.3696,0
46,60,Box,0,3.77007,0,0,-7.3696,0
46,61,Box,1.1,3.77007,0,0,-7.3696,0
46,62,Box,2.2,3.77007,0,0,-7.3696,0
46,63,Box,3.3,3.77007,0,0,-7.3696,0
46,64,Box,4.4,3.77007,0,0,-7.3696,0
46,65,Box,5.5,3.77007,0,0,-7.3696,0
46,66,Box,6.6,3.77007,0,0,-7.3696,0
46,67,Box,7.7,3.77007,0,0,-7.3696,0
46,68,Box,8.8,3.77007,0,0,-7.3696,0
46,69,Box,9.9,3.77007,0,0,-7.3696,0
46,70,Box,0,4.87007,0,0,-7.3696,0
46,71,Box,1.1,4.87007,0,0,-7.3696,0
46,72,Box,2.2,4.87007,0,0,-7.3696,0
46,73,Box,3.3,4.87007,0,0,-7.3696,0
46,74,Box,4.4,4.87007,0,0,-7.3696,0
46,75,Box,5.5,4.87007,0,0,-7.3696,0
46,76,Box,6.6,4.87007,0,0,-7.3696,0
46,77,Box,7.7,4.87007,0,0,-7.3696,0
46,78,Box,8.8,4.87007,0,0,-7.3696,0
46,79,Box,9.9,4.87007,0,0,-7.3696,0
46,80,Box,0,5.97007,0,0,-7.3696,0
46,81,Box,1.1,5.97007,0,0,-7.3696,0
46,82,Box,2.2,5.97007,0,0,-7.3696,0
46,83,Box,3.3,5.97007,0,0,-7.3696,0
46,84,Box,4.4,5.97007,0,0,-7.3696,0
46,85,Box,5.5,5.97007,0,0,-7.3696,0
46,86,Box,6.6,5.97007,0,0,-7.3696,0
46,87,Box,7.7,5.97007,0,0,-7.3696,0
46,88,Box,8.8,5.97007,0,0,-7.3696,0
46,89,Box,9.9,5.97007,0,0,-7.3696,0
46,90,Box,0,7.07008,0,0,-7.3696,0
46,91,Box,1.1,7.07008,0,0,-7.3696,0
46,92,Box,2.2,7.07008,0,0,-7.3696,0
46,93,Box,3.3,7.07008,0,0,-7.3696,0
46,94,Box,4.4,7.07008,0,0,-7.3696,0
46,95,Box,5.5,7.07008,0,0,-7.3696,0
46,96,Box,6.6,7.07008,0,0,-7.3696,0
46,97,Box,7.7,7.07008,0,0,-7.3696,0
46,98,Box,8.8,7.07008,0,0,-7.3696,0
46,99,Box,9.9,7.07008,0,0,-7.3696,0
47,0,Box,0,-2.95035,0,0,-7.5264,0
47,1,Box,1.1,-2.95035,0,0,-7.5264,0
47,2,Box,2.2,-2.95035,0,0,-7.5264,0
47,3,Box,3.3,-2.95035,0,0,-7.5264,0
47,4,Box,4.4,-2.95035,0,0,-7.5264,0
47,5,Box,5.5,-2.95035,0,0,-7.5264,0
47,6,Box,6.6,-2.95035,0,0,-7.5264,0
47,7,Box,7.7,-2.95035,0,0,-7.5264,0
47,8,Box,8.8,-2.95035,0,0,-7.5264,0
47,9,Box,9.9,-2.95035,0,0,-7.5264,0
47,10,Box,0,-1.85035,0,0,-7.5264,0
47,11,Box,1.1,-1.85035,0,0,-7.5264,0
47,12,Box,2.2,-1.85035,0,0,-7.5264,0
47,13,Box,3.3,-1.85035,0,0,-7.5264,0
47,14,Box,4.4,-1.85035,0,0,-7.5264,0
47,15,Box,5.5,-1.85035,0,0,-7.5264,0
47,16,Box,6.6,-1.85035,0,0,-7.5264,0
47,17,Box,7.7,-1.85035,0,0,-7.5264,0
47,18,Box,8.8,-1.85035,0,0,-7.5264,0
47,19,Box,9.9,-1.85035,0,0,-7.5264,0
47,20,Box,0,-0.750348,0,0,-7.5264,0
47,21,Box,1.1,-0.750348,0,0,-7.5264,0
47,22,Box,2.2,-0.750348,0,0,-7.5264,0
47,23,Box,3.3,-0.750348,0,0,-7.5264,0
47,24,Box,4.4,-0.750348,0,0,-7.5264,0
47,25,Box,5.5,-0.750348,0,0,-7.5264,0
47,26,Box,6.6,-0.750348,0,0,-7.5264,0
47,27,Box,7.7,-0.750348,0,0,-7.5264,0
47,28,Box,8.8,-0.750348,0,0,-7.5264,0
47,29,Box,9.9,-0.750348,0,0,-7.5264,0
47,30,Box,0,0.349652,0,0,-7.5264,0
47,31,Box,1.1,0.349652,0,0,-7.5264,0
47,32,Box,2.2,0.349652,0,0,-7.5264,0
47,33,Box,3.3,0.349652,0,0,-7.5264,0
47,34,Box,4.4,0.349652,0,0,-7.5264,0
47,35,Box,5.5,0.349652,0,0,-7.5264,0
47,36,Box,6.6,0.349652,0,0,-7.5264,0
47,37,Box,7.7,0.349652,0,0,-7.5264,0
47,38,Box,8.8,0.349652,0,0,-7.5264,0
47,39,Box,9.9,0.349652,0,0,-7.5264,0
47,40,Box,0,1.44965,0,0,-7.5264,0
47,41,Box,1.1,1.44965,0,0,-7.5264,0
47,42,Box,2.2,1.44965,0,0,-7.5264,0
47,43,Box,3.3,1.44965,0,0,-7.5264,0
47,44,Box,4.4,1.44965,0,0,-7.5264,0
47,45,Box,5.5,1.44965,0,0,-7.5264,0
47,46,Box,6.6,1.44965,0,0,-7.5264,0
47,47,Box,7.7,1.44965,0,0,-7.5264,0
47,48,Box,8.8,1.44965,0,0,-7.5264,0
47,49,Box,9.9,1.44965,0,0,-7.5264,0
47,50,Box,0,2.54965,0,0,-7.5264,0
47,51,Box,1.1,2.54965,0,0,-7.5264,0
47,52,Box,2.2,2.54965,0,0,-7.5264,0
47,53,Box,3.3,2.54965,0,0,-7.5264,0
47,54,Box,4.4,2.54965,0,0,-7.5264,0
47,55,Box,5.5,2.54965,0,0,-7.5264,0
47,56,Box,6.6,2.54965,0,0,-7.5264,0
47,57,Box,7.7,2.54965,0,0,-7.5264,0
47,58,Box,8.8,2.54965,0,0,-7.5264,0
47,59,Box,9.9,2.54965,0,0,-7.5264,0
47,60,Box,0,3.64965,0,0,-7.5264,0
47,61,Box,1.1,3.64965,0,0,-7.5264,0
47,62,Box,2.2,3.64965,0,0,-7.5264,0
47,63,Box,3.3,3.64965,0,0,-7.5264,0
47,64,Box,4.4,3.64965,0,0,-7.5264,0
47,65,Box,5.5,3.64965,0,0,-7.5264,0
47,66,Box,6.6,3.64965,0,0,-7.5264,0
47,67,Box,7.7,3.64965,0,0,-7.5264,0
47,68,Box,8.8,3.64965,0,0,-7.5264,0
47,69,Box,9.9,3.64965,0,0,-7.5264,0
47,70,Box,0,4.74965,0,0,-7.5264,0
47,71,Box,1.1,4.74965,0,0,-7.5264,0
47,72,Box,2.2,4.74965,0,0,-7.5264,0
47,73,Box,3.3,4.74965,0,0,-7.5264,0
47,74,Box,4.4,4.74965,0,0,-7.5264,0
47,75,Box,5.5,4.74965,0,0,-7.5264,0
47,76,Box,6.6,4.74965,0,0,-7.5264,0
47,77,Box,7.7,4.74965,0,0,-7.5264,0
47,78,Box,8.8,4.74965,0,0,-7.5264,0
47,79,Box,9.9,4.74965,0,0,-7.5264,0
47,80,Box,0,5.84965,0,0,-7.5264,0
47,81,Box,1.1,5.84965,0,0,-7.5264,0
47,82,Box,2.2,5.84965,0,0,-7.5264,0
47,83,Box,3.3,5.84965,0,0,-7.5264,0
47,84,Box,4.4,5.84965,0,0,-7.5264,0
47,85,Box,5.5,5.84965,0,0,-7.5264,0
47,86,Box,6.6,5.84965,0,0,-7.5264,0
47,87,Box,7.7,5.84965,0,0,-7.5264,0
47,88,Box,8.8,5.84965,0,0,-7.5264,0
47,89,Box,9.9,5.84965,0,0,-7.5264,0
47,90,Box,0,6.94965,0,0,-7.5264,0
47,91,Box,1.1,6.94965,0,0,-7.5264,0
47,92,Box,2.2,6.94965,0,0,-7.5264,0
47,93,Box,3.3,6.94965,0,0,-7.5264,0
47,94,Box,4.4,6.94965,0,0,-7.5264,0
47,95,Box,5.5,6.94965,0,0,-7.5264,0
47,96,Box,6.6,6.94965,0,0,-7.5264,0
47,97,Box,7.7,6.94965,0,0,-7.5264,0
47,98,Box,8.8,6.94965,0,0,-7.5264,0
47,99,Box,9.9,6.94965,0,0,-7.5264,0
48,0,Box,0,-3.07328,0,0,-7.6832,0
48,1,Box,1.1,-3.07328,0,0,-7.6832,0
48,2,Box,2.2,-3.07328,0,0,-7.6832,0
48,3,Box,3.3,-3.07328,0,0,-7.6832,0
48,4,Box,4.4,-3.07328,0,0,-7.6832,0
48,5,Box,5.5,-3.07328,0,0,-7.6832,0
48,6,Box,6.6,-3.07328,0,0,-7.6832,0
48,7,Box,7.7,-3.07328,0,0,-7.6832,0
48,8,Box,8.8,-3.07328,0,0,-7.6832,0
48,9,Box,9.9,-3.07328,0,0,-7.6832,0
48,10,Box,0,-1.97328,0,0,-7.6832,0
48,11,Box,1.1,-1.97328,0,0,-7.6832,0
48,12,Box,2.2,-1.97328,0,0,-7.6832,0
48,13,Box,3.3,-1.97328,0,0,-7.6832,0
48,14,Box,4.4,-1.97328,0,0,-7.6832,0
48,15,Box,5.5,-1.97328,0,0,-7.6832,0
48,16,Box,6.6,-1.97328,0,0,-7.6832,0
48,17,Box,7.7,-1.97328,0,0,-7.6832,0
48,18,Box,8.8,-1.97328,0,0,-7.6832,0
48,19,Box,9.9,-1.97328,0,0,-7.6832,0
48,20,Box,0,-0.87328,0,0,-7.6832,0
48,21,Box,1.1,-0.87328,0,0,-7.6832,0
48,22,Box,2.2,-0.87328,0,0,-7.6832,0
48,23,Box,3.3,-0.87328,0,0,-7.6832,0
48,24,Box,4.4,-0.87328,0,0,-7.6832,0
48,25,Box,5.5,-0.87328,0,0,-7.6832,0
48,26,Box,6.6,-0.87328,0,0,-7.6832,0
48,27,Box,7.7,-0.87328,0,0,-7.6832,0
48,28,Box,8.8,-0.87328,0,0,-7.6832,0
48,29,Box,9.9,-0.87328,0,0,-7.6832,0
48,30,Box,0,0.226721,0,0,-7.6832,0
48,31,Box,1.1,0.226721,0,0,-7.6832,0
48,32,Box,2.2,0.226721,0,0,-7.6832,0
48,33,Box,3.3,0.226721,0,0,-7.6832,0
48,34,Box,4.4,0.226721,0,0,-7.6832,0
48,35,Box,5.5,0.226721,0,0,-7.6832,0
48,36,Box,6.6,0.226721,0,0,-7.6832,0
48,37,Box,7.7,0.226721,0,0,-7.6832,0
48,38,Box,8.8,0.226721,0,0,-7.6832,0
48,39,Box,9.9,0.226721,0,0,-7.6832,0
48,40,Box,0,1.32672,0,0,-7.6832,0
48,41,Box,1.1,1.32672,0,0,-7.6832,0
48,42,Box,2.2,1.32672,0,0,-7.6832,0
48,43,Box,3.3,1.32672,0,0,-7.6832,0
48,44,Box,4.4,1.32672,0,0,-7.6832,0
48,45,Box,5.5,1.32672,0,0,-7.6832,0
48,46,Box,6.6,1.32672,0,0,-7.6832,0
48,47,Box,7.7,1.32672,0,0,-7.6832,0
48,48,Box,8.8,1.32672,0,0,-7.6832,0
48,49,Box,9.9,1.32672,0,0,-7.6832,0
48,50,Box,0,2.42672,0,0,-7.6832,0
48,51,Box,1.1,2.42672,0,0,-7.6832,0
48,52,Box,2.2,2.42672,0,0,-7.6832,0
48,53,Box,3.3,2.42672,0,0,-7.6832,0
48,54,Box,4.4,2.42672,0,0,-7.6832,0
48,55,Box,5.5,2.42672,0,0,-7.6832,0
48,56,Box,6.6,2.42672,0,0,-7.6832,0
48,57,Box,7.7,2.42672,0,0,-7.6832,0
48,58,Box,8.8,2.42672,0,0,-7.6832,0
48,59,Box,9.9,2.42672,0,0,-7.6832,0
48,60,Box,0,3.52672,0,0,-7.6832,0
48,61,Box,1.1,3.52672,0,0,-7.6832,0
48,62,Box,2.2,3.52672,0,0,-7.6832,0
48,63,Box,3.3,3.52672,0,0,-7.6832,0
48,64,Box,4.4,3.52672,0,0,-7.6832,0
48,65,Box,5.5,3.52672,0,0,-7.6832,0
48,66,Box,6.6,3.52672,0,0,-7.6832,0
48,67,Box,7.7,3.52672,0,0,-7.6832,0
48,68,Box,8.8,3.52672,0,0,-7.6832,0
48,69,Box,9.9,3.52672,0,0,-7.6832,0
48,70,Box,0,4.62672,0,0,-7.6832,0
48,71,Box,1.1,4.62672,0,0,-7.6832,0
48,72,Box,2.2,4.62672,0,0,-7.6832,0
48,73,Box,3.3,4.62672,0,0,-7.6832,0
48,74,Box,4.4,4.62672,0,0,-7.6832,0
48,75,Box,5.5,4.62672,0,0,-7.6832,0
48,76,Box,6.6,4.62672,0,0,-7.6832,0
48,77,Box,7.7,4.62672,0,0,-7.6832,0
48,78,Box,8.8,4.62672,0,0,-7.6832,0
48,79,Box,9.9,4.62672,0,0,-7.6832,0
48,80,Box,0,5.72672,0,0,-7.6832,0
48,81,Box,1.1,5.72672,0,0,-7.6832,0
48,82,Box,2.2,5.72672,0,0,-7.6832,0
48,83,Box,3.3,5.72672,0,0,-7.6832,0
48,84,Box,4.4,5.72672,0,0,-7.6832,0
48,85,Box,5.5,5.72672,0,0,-7.6832,0
48,86,Box,6.6,5.72672,0,0,-7.6832,0
48,87,Box,7.7,5.72672,0,0,-7.6832,0
48,88,Box,8.8,5.72672,0,0,-7.6832,0
48,89,Box,9.9,5.72672,0,0,-7.6832,0
48,90,Box,0,6.82672,0,0,-7.6832,0
48,91,Box,1.1,6.82672,0,0,-7.6832,0
48,92,Box,2.2,6.82672,0,0,-7.6832,0
48,93,Box,3.3,6.82672,0,0,-7.6832,0
48,94,Box,4.4,6.82672,0,0,-7.6832,0
48,95,Box,5.5,6.82672,0,0,-7.6832,0
48,96,Box,6.6,6.82672,0,0,-7.6832,0
48,97,Box,7.7,6.82672,0,0,-7.6832,0
48,98,Box,8.8,6.82672,0,0,-7.6832,0
48,99,Box,9.9,6.82672,0,0,-7.6832,0
49,0,Box,0,-3.19872,0,0,-7.84,0
49,1,Box,1.1,-3.19872,0,0,-7.84,0
49,2,Box,2.2,-3.19872,0,0,-7.84,0
49,3,Box,3.3,-3.19872,0,0,-7.84,0
49,4,Box,4.4,-3.19872,0,0,-7.84,0
49,5,Box,5.5,-3.19872,0,0,-7.84,0
49,6,Box,6.6,-3.19872,0,0,-7.84,0
49,7,Box,7.7,-3.19872,0,0,-7.84,0
49,8,Box,8.8,-3.19872,0,0,-7.84,0
49,9,Box,9.9,-3.19872,0,0,-7.84,0
49,10,Box,0,-2.09872,0,0,-7.84,0
49,11,Box,1.1,-2.09872,0,0,-7.84,0
49,12,Box,2.2,-2.09872,0,0,-7.84,0
49,13,Box,3.3,-2.09872,0,0,-7.84,0
49,14,Box,4.4,-2.09872,0,0,-7.84,0
49,15,Box,5.5,-2.09872,0,0,-7.84,0
49,16,Box,6.6,-2.09872,0,0,-7.84,0
49,17,Box,7.7,-2.09872,0,0,-7.84,0
49,18,Box,8.8,-2.09872,0,0,-7.84,0
49,19,Box,9.9,-2.09872,0,0,-7.84,0
49,20,Box,0,-0.99872,0,0,-7.84,0
49,21,Box,1.1,-0.99872,0,0,-7.84,0
49,22,Box,2.2,-0.99872,0,0,-7.84,0
49,23,Box,3.3,-0.99872,0,0,-7.84,0
49,24,Box,4.4,-0.99872,0,0,-7.84,0
49,25,Box,5.5,-0.99872,0,0,-7.84,0
49,26,Box,6.6,-0.99872,0,0,-7.84,0
49,27,Box,7.7,-0.99872,0,0,-7.84,0
49,28,Box,8.8,-0.99872,0,0,-7.84,0
49,29,Box,9.9,-0.99872,0,0,-7.84,0
49,30,Box,0,0.101281,0,0,-7.84,0
49,31,Box,1.1,0.101281,0,0,-7.84,0
49,32,Box,2.2,0.101281,0,0,-7.84,0
49,33,Box,3.3,0.101281,0,0,-7.84,0
49,34,Box,4.4,0.101281,0,0,-7.84,0
49,35,Box,5.5,0.101281,0,0,-7.84,0
49,36,Box,6.6,0.101281,0,0,-7.84,0
49,37,Box,7.7,0.101281,0,0,-7.84,0
49,38,Box,8.8,0.101281,0,0,-7.84,0
49,39,Box,9.9,0.101281,0,0,-7.84,0
49,40,Box,0,1.20128,0,0,-7.84,0
49,41,Box,1.1,1.20128,0,0,-7.84,0
49,42,Box,2.2,1.20128,0,0,-7.84,0
49,43,Box,3.3,1.20128,0,0,-7.84,0
49,44,Box,4.4,1.20128,0,0,-7.84,0
49,45,Box,5.5,1.20128,0,0,-7.84,0
49,46,Box,6.6,1.20128,0,0,-7.84,0
49,47,Box,7.7,1.20128,0,0,-7.84,0
49,48,Box,8.8,1.20128,0,0,-7.84,0
49,49,Box,9.9,1.20128,0,0,-7.84,0
49,50,Box,0,2.30128,0,0,-7.84,0
49,51,Box,1.1,2.30128,0,0,-7.84,0
49,52,Box,2.2,2.30128,0,0,-7.84,0
49,53,Box,3.3,2.30128,0,0,-7.84,0
49,54,Box,4.4,2.30128,0,0,-7.84,0
49,55,Box,5.5,2.30128,0,0,-7.84,0
49,56,Box,6.6,2.30128,0,0,-7.84,0
49,57,Box,7.7,2.30128,0,0,-7.84,0
49,58,Box,8.8,2.30128,0,0,-7.84,0
49,59,Box,9.9,2.30128,0,0,-7.84,0
49,60,Box,0,3.40128,0,0,-7.84,0
49,61,Box,1.1,3.40128,0,0,-7.84,0
49,62,Box,2.2,3.40128,0,0,-7.84,0
49,63,Box,3.3,3.40128,0,0,-7.84,0
49,64,Box,4.4,3.40128,0,0,-7.84,0
49,65,Box,5.5,3.40128,0,0,-7.84,0
49,66,Box,6.6,3.40128,0,0,-7.84,0
49,67,Box,7.7,3.40128,0,0,-7.84,0
49,68,Box,8.8,3.40128,0,0,-7.84,0
49,69,Box,9.9,3.40128,0,0,-7.84,0
49,70,Box,0,4.50128,0,0,-7.84,0
49,71,Box,1.1,4.50128,0,0,-7.84,0
49,72,Box,2.2,4.50128,0,0,-7.84,0
49,73,Box,3.3,4.50128,0,0,-7.84,0
49,74,Box,4.4,4.50128,0,0,-7.84,0
49,75,Box,5.5,4.50128,0,0,-7.84,0
49,76,Box,6.6,4.50128,0,0,-7.84,0
49,77,Box,7.7,4.50128,0,0,-7.84,0
49,78,Box,8.8,4.50128,0,0,-7.84,0
49,79,Box,9.9,4.50128,0,0,-7.84,0
49,80,Box,0,5.60128,0,0,-7.84,0
49,81,Box,1.1,5.60128,0,0,-7.84,0
49,82,Box,2.2,5.60128,0,0,-7.84,0
49,83,Box,3.3,5.60128,0,0,-7.84,0
49,84,Box,4.4,5.60128,0,0,-7.84,0
49,85,Box,5.5,5.60128,0,0,-7.84,0
49,86,Box,6.6,5.60128,0,0,-7.84,0
49,87,Box,7.7,5.60128,0,0,-7.84,0
49,88,Box,8.8,5.60128,0,0,-7.84,0
49,89,Box,9.9,5.60128,0,0,-7.84,0
49,90,Box,0,6.70128,0,0,-7.84,0
49,91,Box,1.1,6.70128,0,0,-7.84,0
49,92,Box,2.2,6.70128,0,0,-7.84,0
49,93,Box,3.3,6.70128,0,0,-7.84,0
49,94,Box,4.4,6.70128,0,0,-7.84,0
49,95,Box,5.5,6.70128,0,0,-7.84,0
49,96,Box,6.6,6.70128,0,0,-7.84,0
49,97,Box,7.7,6.70128,0,0,-7.84,0
49,98,Box,8.8,6.70128,0,0,-7.84,0
49,99,Box,9.9,6.70128,0,0,-7.84,0
50,0,Box,0,-3.32667,0,0,-7.9968,0
50,1,Box,1.1,-3.32667,0,0,-7.9968,0
50,2,Box,2.2,-3.32667,0,0,-7.9968,0
50,3,Box,3.3,-3.32667,0,0,-7.9968,0
50,4,Box,4.4,-3.32667,0,0,-7.9968,0
50,5,Box,5.5,-3.32667,0,0,-7.9968,0
50,6,Box,6.6,-3.32667,0,0,-7.9968,0
50,7,Box,7.7,-3.32667,0,0,-7.9968,0
50,8,Box,8.8,-3.32667,0,0,-7.9968,0
50,9,Box,9.9,-3.32667,0,0,-7.9968,0
50,10,Box,0,-2.22667,0,0,-7.9968,0
50,11,Box,1.1,-2.22667,0,0,-7.9968,0
50,12,Box,2.2,-2.22667,0,0,-7.9968,0
50,13,Box,3.3,-2.22667,0,0,-7.9968,0
50,14,Box,4.4,-2.22667,0,0,-7.9968,0
50,15,Box,5.5,-2.22667,0,0,-7.9968,0
50,16,Box,6.6,-2.22667,0,0,-7.9968,0
50,17,Box,7.7,-2.22667,0,0,-7.9968,0
50,18,Box,8.8,-2.22667,0,0,-7.9968,0
50,19,Box,9.9,-2.22667,0,0,-7.9968,0
50,20,Box,0,-1.12667,0,0,-7.9968,0
50,21,Box,1.1,-1.12667,0,0,-7.9968,0
50,22,Box,2.2,-1.12667,0,0,-7.9968,0
50,23,Box,3.3,-1.12667,0,0,-7.9968,0
50,24,Box,4.4,-1.12667,0,0,-7.9968,0
50,25,Box,5.5,-1.12667,0,0,-7.9968,0
50,26,Box,6.6,-1.12667,0,0,-7.9968,0
50,27,Box,7.7,-1.12667,0,0,-7.9968,0
50,28,Box,8.8,-1.12667,0,0,-7.9968,0
50,29,Box,9.9,-1.12667,0,0,-7.9968,0
50,30,Box,0,-0.0266675,0,0,-7.9968,0
50,31,Box,1.1,-0.0266675,0,0,-7.9968,0
50,32,Box,2.2,-0.0266675,0,0,-7.9968,0
50,33,Box,3.3,-0.0266675,0,0,-7.9968,0
50,34,Box,4.4,-0.0266675,0,0,-7.9968,0
50,35,Box,5.5,-0.0266675,0,0,-7.9968,0
50,36,Box,6.6,-0.0266675,0,0,-7.9968,0
50,37,Box,7.7,-0.0266675,0,0,-7.9968,0
50,38,Box,8.8,-0.0266675,0,0,-7.9968,0
50,39,Box,9.9,-0.0266675,0,0,-7.9968,0
50,40,Box,0,1.07333,0,0,-7.9968,0
50,41,Box,1.1,1.07333,0,0,-7.9968,0
50,42,Box,2.2,1.07333,0,0,-7.9968,0
50,43,Box,3.3,1.07333,0,0,-7.9968,0
50,44,Box,4.4,1.07333,0,0,-7.9968,0
50,45,Box,5.5,1.07333,0,0,-7.9968,0
50,46,Box,6.6,1.07333,0,0,-7.9968,0
50,47,Box,7.7,1.07333,0,0,-7.9968,0
50,48,Box,8.8,1.07333,0,0,-7.9968,0
50,49,Box,9.9,1.07333,0,0,-7.9968,0
50,50,Box,0,2.17333,0,0,-7.9968,0
50,51,Box,1.1,2.17333,0,0,-7.9968,0
50,52,Box,2.2,2.17333,0,0,-7.9968,0
50,53,Box,3.3,2.17333,0,0,-7.9968,0
50,54,Box,4.4,2.17333,0,0,-7.9968,0
50,55,Box,5.5,2.17333,0,0,-7.9968,0
50,56,Box,6.6,2.17333,0,0,-7.9968,0
50,57,Box,7.7,2.17333,0,0,-7.9968,0
50,58,Box,8.8,2.17333,0,0,-7.9968,0
50,59,Box,9.9,2.17333,0,0,-7.9968,0
50,60,Box,0,3.27333,0,0,-7.9968,0
50,61,Box,1.1,3.27333,0,0,-7.9968,0
50,62,Box,2.2,3.27333,0,0,-7.9968,0
50,63,Box,3.3,3.27333,0,0,-7.9968,0
50,64,Box,4.4,3.27333,0,0,-7.9968,0
50,65,Box,5.5,3.27333,0,0,-7.9968,0
50,66,Box,6.6,3.27333,0,0,-7.9968,0
50,67,Box,7.7,3.27333,0,0,-7.9968,0
50,68,Box,8.8,3.27333,0,0,-7.9968,0
50,69,Box,9.9,3.27333,0,0,-7.9968,0
50,70,Box,0,4.37333,0,0,-7.9968,0
50,71,Box,1.1,4.37333,0,0,-7.9968,0
50,72,Box,2.2,4.37333,0,0,-7.9968,0
50,73,Box,3.3,4.37333,0,0,-7.9968,0
50,74,Box,4.4,4.37333,0,0,-7.9968,0
50,75,Box,5.5,4.37333,0,0,-7.9968,0
50,76,Box,6.6,4.37333,0,0,-7.9968,0
50,77,Box,7.7,4.37333,0,0,-7.9968,0
50,78,Box,8.8,4.37333,0,0,-7.9968,0
50,79,Box,9.9,4.37333,0,0,-7.9968,0
50,80,Box,0,5.47333,0,0,-7.9968,0
50,81,Box,1.1,5.47333,0,0,-7.9968,0
50,82,Box,2.2,5.47333,0,0,-7.9968,0
50,83,Box,3.3,5.47333,0,0,-7.9968,0
50,84,Box,4.4,5.47333,0,0,-7.9968,0
50,85,Box,5.5,5.47333,0,0,-7.9968,0
50,86,Box,6.6,5.47333,0,0,-7.9968,0
50,87,Box,7.7,5.47333,0,0,-7.9968,0
50,88,Box,8.8,5.47333,0,0,-7.9968,0
50,89,Box,9.9,5.47333,0,0,-7.9968,0
50,90,Box,0,6.57333,0,0,-7.9968,0
50,91,Box,1.1,6.57333,0,0,-7.9968,0
50,92,Box,2.2,6.57333,0,0,-7.9968,0
50,93,Box,3.3,6.57333,0,0,-7.9968,0
50,94,Box,4.4,6.57333,0,0,-7.9968,0
50,95,Box,5.5,6.57333,0,0,-7.9968,0
50,96,Box,6.6,6.57333,0,0,-7.9968,0
50,97,Box,7.7,6.57333,0,0,-7.9968,0
50,98,Box,8.8,6.57333,0,0,-7.9968,0
50,99,Box,9.9,6.57333,0,0,-7.9968,0
50,100,Circle,-14.04,5.49749,0,60,-0.1568,0
51,0,Box,0,-3.45713,0,0,-8.15359,0
51,1,Box,1.1,-3.45713,0,0,-8.15359,0
51,2,Box,2.2,-3.45713,0,0,-8.15359,0
51,3,Box,3.3,-3.45713,0,0,-8.15359,0
51,4,Box,4.4,-3.45713,0,0,-8.15359,0
51,5,Box,5.5,-3.45713,0,0,-8.15359,0
51,6,Box,6.6,-3.45713,0,0,-8.15359,0
51,7,Box,7.7,-3.45713,0,0,-8.15359,0
51,8,Box,8.8,-3.45713,0,0,-8.15359,0
51,9,Box,9.9,-3.45713,0,0,-8.15359,0
51,10,Box,0,-2.35713,0,0,-8.15359,0
51,11,Box,1.1,-2.35713,0,0,-8.15359,0
51,12,Box,2.2,-2.35713,0,0,-8.15359,0
51,13,Box,3.3,-2.35713,0,0,-8.15359,0
51,14,Box,4.4,-2.35713,0,0,-8.15359,0
51,15,Box,5.5,-2.35713,0,0,-8.15359,0
51,16,Box,6.6,-2.35713,0,0,-8.15359,0
51,17,Box,7.7,-2.35713,0,0,-8.15359,0
51,18,Box,8.8,-2.35713,0,0,-8.15359,0
51,19,Box,9.9,-2.35713,0,0,-8.15359,0
51,20,Box,0,-1.25713,0,0,-8.15359,0
51,21,Box,1.1,-1.25713,0,0,-8.15359,0
51,22,Box,2.2,-1.25713,0,0,-8.15359,0
51,23,Box,3.3,-1.25713,0,0,-8.15359,0
51,24,Box,4.4,-1.25713,0,0,-8.15359,0
51,25,Box,5.5,-1.25713,0,0,-8.15359,0
51,26,Box,6.6,-1.25713,0,0,-8.15359,0
51,27,Box,7.7,-1.25713,0,0,-8.15359,0
51,28,Box,8.8,-1.25713,0,0,-8.15359,0
51,29,Box,9.9,-1.25713,0,0,-8.15359,0
51,30,Box,0,-0.157125,0,0,-8.15359,0
51,31,Box,1.1,-0.157125,0,0,-8.15359,0
51,32,Box,2.2,-0.157125,0,0,-8.15359,0
51,33,Box,3.3,-0.157125,0,0,-8.15359,0
51,34,Box,4.4,-0.157125,0,0,-8.15359,0
51,35,Box,5.5,-0.157125,0,0,-8.15359,0
51,36,Box,6.6,-0.157125,0,0,-8.15359,0
51,37,Box,7.7,-0.157125,0,0,-8.15359,0
51,38,Box,8.8,-0.157125,0,0,-8.15359,0
51,39,Box,9.9,-0.157125,0,0,-8.15359,0
51,40,Box,0,0.942875,0,0,-8.15359,0
51,41,Box,1.1,0.942875,0,0,-8.15359,0
51,42,Box,2.2,0.942875,0,0,-8.15359,0
51,43,Box,3.3,0.942875,0,0,-8.15359,0
51,44,Box,4.4,0.942875,0,0,-8.15359,0
51,45,Box,5.5,0.942875,0,0,-8.15359,0
51,46,Box,6.6,0.942875,0,0,-8.15359,0
51,47,Box,7.7,0.942875,0,0,-8.15359,0
51,48,Box,8.8,0.942875,0,0,-8.15359,0
51,49,Box,9.9,0.942875,0,0,-8.15359,0
51,50,Box,0,2.04287,0,0,-8.15359,0
51,51,Box,1.1,2.04287,0,0,-8.15359,0
51,52,Box,2.2,2.04287,0,0,-8.15359,0
51,53,Box,3.3,2.04287,0,0,-8.15359,0
51,54,Box,4.4,2.04287,0,0,-8.15359,0
51,55,Box,5.5,2.04287,0,0,-8.15359,0
51,56,Box,6.6,2.04287,0,0,-8.15359,0
51,57,Box,7.7,2.04287,0,0,-8.15359,0
51,58,Box,8.8,2.04287,0,0,-8.15359,0
51,59,Box,9.9,2.04287,0,0,-8.15359,0
51,60,Box,0,3.14288,0,0,-8.15359,0
51,61,Box,1.1,3.14288,0,0,-8.15359,0
51,62,Box,2.2,3.14288,0,0,-8.15359,0
51,63,Box,3.3,3.14288,0,0,-8.15359,0
51,64,Box,4.4,3.14288,0,0,-8.15359,0
51,65,Box,5.5,3.14288,0,0,-8.15359,0
51,66,Box,6.6,3.14288,0,0,-8.15359,0
51,67,Box,7.7,3.14288,0,0,-8.15359,0
51,68,Box,8.8,3.14288,0,0,-8.15359,0
51,69,Box,9.9,3.14288,0,0,-8.15359,0
51,70,Box,0,4.24288,0,0,-8.15359,0
51,71,Box,1.1,4.24288,0,0,-8.15359,0
51,72,Box,2.2,4.24288,0,0,-8.15359,0
51,73,Box,3.3,4.24288,0,0,-8.15359,0
51,74,Box,4.4,4.24288,0,0,-8.15359,0
51,75,Box,5.5,4.24288,0,0,-8.15359,0
51,76,Box,6.6,4.24288,0,0,-8.15359,0
51,77,Box,7.7,4.24288,0,0,-8.15359,0
51,78,Box,8.8,4.24288,0,0,-8.15359,0
51,79,Box,9.9,4.24288,0,0,-8.15359,0
51,80,Box,0,5.34288,0,0,-8.15359,0
51,81,Box,1.1,5.34288,0,0,-8.15359,0
51,82,Box,2.2,5.34288,0,0,-8.15359,0
51,83,Box,3.3,5.34288,0,0,-8.15359,0
51,84,Box,4.4,5.34288,0,0,-8.15359,0
51,85,Box,5.5,5.34288,0,0,-8.15359,0
51,86,Box,6.6,5.34288,0,0,-8.15359,0
51,87,Box,7.7,5.34288,0,0,-8.15359,0
51,88,Box,8.8,5.34288,0,0,-8.15359,0
51,89,Box,9.9,5.34288,0,0,-8.15359,0
51,90,Box,0,6.44288,0,0,-8.15359,0
51,91,Box,1.1,6.44288,0,0,-8.15359,0
51,92,Box,2.2,6.44288,0,0,-8.15359,0
51,93,Box,3.3,6.44288,0,0,-8.15359,0
51,94,Box,4.4,6.44288,0,0,-8.15359,0
51,95,Box,5.5,6.44288,0,0,-8.15359,0
51,96,Box,6.6,6.44288,0,0,-8.15359,0
51,97,Box,7.7,6.44288,0,0,-8.15359,0
51,98,Box,8.8,6.44288,0,0,-8.15359,0
51,99,Box,9.9,6.44288,0,0,-8.15359,0
51,100,Circle,-13.08,5.49247,0,60,-0.3136,0
52,0,Box,0,-3.59009,0,0,-8.3104,0
52,1,Box,1.1,-3.59009,0,0,-8.3104,0
52,2,Box,2.2,-3.59009,0,0,-8.3104,0
52,3,Box,3.3,-3.59009,0,0,-8.3104,0
52,4,Box,4.4,-3.59009,0,0,-8.3104,0
52,5,Box,5.5,-3.59009,0,0,-8.3104,0
52,6,Box,6.6,-3.59009,0,0,-8.3104,0
52,7,Box,7.7,-3.59009,0,0,-8.3104,0
52,8,Box,8.8,-3.59009,0,0,-8.3104,0
52,9,Box,9.9,-3.59009,0,0,-8.3104,0
52,10,Box,0,-2.49009,0,0,-8.3104,0
52,11,Box,1.1,-2.49009,0,0,-8.3104,0
52,12,Box,2.2,-2.49009,0,0,-8.3104,0
52,13,Box,3.3,-2.49009,0,0,-8.3104,0
52,14,Box,4.4,-2.49009,0,0,-8.3104,0
52,15,Box,5.5,-2.49009,0,0,-8.3104,0
52,16,Box,6.6,-2.49009,0,0,-8.3104,0
52,17,Box,7.7,-2.49009,0,0,-8.3104,0
52,18,Box,8.8,-2.49009,0,0,-8.3104,0
52,19,Box,9.9,-2.49009,0,0,-8.3104,0
52,20,Box,0,-1.39009,0,0,-8.3104,0
52,21,Box,1.1,-1.39009,0,0,-8.3104,0
52,22,Box,2.2,-1.39009,0,0,-8.3104,0
52,23,Box,3.3,-1.39009,0,0,-8.3104,0
52,24,Box,4.4,-1.39009,0,0,-8.3104,0
52,25,Box,5.5,-1.39009,0,0,-8.3104,0
52,26,Box,6.6,-1.39009,0,0,-8.3104,0
52,27,Box,7.7,-1.39009,0,0,-8.3104,0
52,28,Box,8.8,-1.39009,0,0,-8.3104,0
52,29,Box,9.9,-1.39009,0,0,-8.3104,0
52,30,Box,0,-0.290091,0,0,-8.3104,0
52,31,Box,1.1,-0.290091,0,0,-8.3104,0
52,32,Box,2.2,-0.290091,0,0,-8.3104,0
52,33,Box,3.3,-0.290091,0,0,-8.3104,0
52,34,Box,4.4,-0.290091,0,0,-8.3104,0
52,35,Box,5.5,-0.290091,0,0,-8.3104,0
52,36,Box,6.6,-0.290091,0,0,-8.3104,0
52,37,Box,7.7,-0.290091,0,0,-8.3104,0
52,38,Box,8.8,-0.290091,0,0,-8.3104,0
52,39,Box,9.9,-0.290091,0,0,-8.3104,0
52,40,Box,0,0.809909,0,0,-8.3104,0
52,41,Box,1.1,0.809909,0,0,-8.3104,0
52,42,Box,2.2,0.809909,0,0,-8.3104,0
52,43,Box,3.3,0.809909,0,0,-8.3104,0
52,44,Box,4.4,0.809909,0,0,-8.3104,0
52,45,Box,5.5,0.809909,0,0,-8.3104,0
52,46,Box,6.6,0.809909,0,0,-8.3104,0
52,47,Box,7.7,0.809909,0,0,-8.3104,0
52,48,Box,8.8,0.809909,0,0,-8.3104,0
52,49,Box,9.9,0.809909,0,0,-8.3104,0
52,50,Box,0,1.90991,0,0,-8.3104,0
52,51,Box,1.1,1.90991,0,0,-8.3104,0
52,52,Box,2.2,1.90991,0,0,-8.3104,0
52,53,Box,3.3,1.90991,0,0,-8.3104,0
52,54,Box,4.4,1.90991,0,0,-8.3104,0
52,55,Box,5.5,1.90991,0,0,-8.3104,0
52,56,Box,6.6,1.90991,0,0,-8.3104,0
52,57,Box,7.7,1.90991,0,0,-8.3104,0
52,58,Box,8.8,1.90991,0,0,-8.3104,0
52,59,Box,9.9,1.90991,0,0,-8.3104,0
52,60,Box,0,3.00991,0,0,-8.3104,0
52,61,Box,1.1,3.00991,0,0,-8.3104,0
52,62,Box,2.2,3.00991,0,0,-8.3104,0
52,63,Box,3.3,3.00991,0,0,-8.3104,0
52,64,Box,4.4,3.00991,0,0,-8.3104,0
52,65,Box,5.5,3.00991,0,0,-8.3104,0
52,66,Box,6.6,3.00991,0,0,-8.3104,0
52,67,Box,7.7,3.00991,0,0,-8.3104,0
52,68,Box,8.8,3.00991,0,0,-8.3104,0
52,69,Box,9.9,3.00991,0,0,-8.3104,0
52,70,Box,0,4.10991,0,0,-8.3104,0
52,71,Box,1.1,4.10991,0,0,-8.3104,0
52,72,Box,2.2,4.10991,0,0,-8.3104,0
52,73,Box,3.3,4.10991,0,0,-8.3104,0
52,74,Box,4.4,4.10991,0,0,-8.3104,0
52,75,Box,5.5,4.10991,0,0,-8.3104,0
52,76,Box,6.6,4.10991,0,0,-8.3104,0
52,77,Box,7.7,4.10991,0,0,-8.3104,0
52,78,Box,8.8,4.10991,0,0,-8.3104,0
52,79,Box,9.9,4.10991,0,0,-8.3104,0
52,80,Box,0,5.20991,0,0,-8.3104,0
52,81,Box,1.1,5.20991,0,0,-8.3104,0
52,82,Box,2.2,5.20991,0,0,-8.3104,0
52,83,Box,3.3,5.20991,0,0,-8.3104,0
52,84,Box,4.4,5.20991,0,0,-8.3104,0
52,85,Box,5.5,5.20991,0,0,-8.3104,0
52,86,Box,6.6,5.20991,0,0,-8.3104,0
52,87,Box,7.7,5.20991,0,0,-8.3104,0
52,88,Box,8.8,5.20991,0,0,-8.3104,0
52,89,Box,9.9,5.20991,0,0,-8.3104,0
52,90,Box,0,6.30991,0,0,-8.3104,0
52,91,Box,1.1,6.30991,0,0,-8.3104,0
52,92,Box,2.2,6.30991,0,0,-8.3104,0
52,93,Box,3.3,6.30991,0,0,-8.3104,0
52,94,Box,4.4,6.30991,0,0,-8.3104,0
52,95,Box,5.5,6.30991,0,0,-8.3104,0
52,96,Box,6.6,6.30991,0,0,-8.3104,0
52,97,Box,7.7,6.30991,0,0,-8.3104,0
52,98,Box,8.8,6.30991,0,0,-8.3104,0
52,99,Box,9.9,6.30991,0,0,-8.3104,0
52,100,Circle,-12.12,5.48495,0,60,-0.4704,0
53,0,Box,0,-3.72557,0,0,-8.4672,0
53,1,Box,1.1,-3.72557,0,0,-8.4672,0
53,2,Box,2.2,-3.72557,0,0,-8.4672,0
53,3,Box,3.3,-3.72557,0,0,-8.4672,0
53,4,Box,4.4,-3.72557,0,0,-8.4672,0
53,5,Box,5.5,-3.72557,0,0,-8.4672,0
53,6,Box,6.6,-3.72557,0,0,-8.4672,0
53,7,Box,7.7,-3.72557,0,0,-8.4672,0
53,8,Box,8.8,-3.72557,0,0,-8.4672,0
53,9,Box,9.9,-3.72557,0,0,-8.4672,0
53,10,Box,0,-2.62557,0,0,-8.4672,0
53,11,Box,1.1,-2.62557,0,0,-8.4672,0
53,12,Box,2.2,-2.62557,0,0,-8.4672,0
53,13,Box,3.3,-2.62557,0,0,-8.4672,0
53,14,Box,4.4,-2.62557,0,0,-8.4672,0
53,15,Box,5.5,-2.62557,0,0,-8.4672,0
53,16,Box,6.6,-2.62557,0,0,-8.4672,0
53,17,Box,7.7,-2.62557,0,0,-8.4672,0
53,18,Box,8.8,-2.62557,0,0,-8.4672,0
53,19,Box,9.9,-2.62557,0,0,-8.4672,0
53,20,Box,0,-1.52557,0,0,-8.4672,0
53,21,Box,1.1,-1.52557,0,0,-8.4672,0
53,22,Box,2.2,-1.52557,0,0,-8.4672,0
53,23,Box,3.3,-1.52557,0,0,-8.4672,0
53,24,Box,4.4,-1.52557,0,0,-8.4672,0
53,25,Box,5.5,-1.52557,0,0,-8.4672,0
53,26,Box,6.6,-1.52557,0,0,-8.4672,0
53,27,Box,7.7,-1.52557,0,0,-8.4672,0
53,28,Box,8.8,-1.52557,0,0,-8.4672,0
53,29,Box,9.9,-1.52557,0,0,-8.4672,0
53,30,Box,0,-0.425566,0,0,-8.4672,0
53,31,Box,1.1,-0.425566,0,0,-8.4672,0
53,32,Box,2.2,-0.425566,0,0,-8.4672,0
53,33,Box,3.3,-0.425566,0,0,-8.4672,0
53,34,Box,4.4,-0.425566,0,0,-8.4672,0
53,35,Box,5.5,-0.425566,0,0,-8.4672,0
53,36,Box,6.6,-0.425566,0,0,-8.4672,0
53,37,Box,7.7,-0.425566,0,0,-8.4672,0
53,38,Box,8.8,-0.425566,0,0,-8.4672,0
53,39,Box,9.9,-0.425566,0,0,-8.4672,0
53,40,Box,0,0.674433,0,0,-8.4672,0
53,41,Box,1.1,0.674433,0,0,-8.4672,0
53,42,Box,2.2,0.674433,0,0,-8.4672,0
53,43,Box,3.3,0.674433,0,0,-8.4672,0
53,44,Box,4.4,0.674433,0,0,-8.4672,0
53,45,Box,5.5,0.674433,0,0,-8.4672,0
53,46,Box,6.6,0.674433,0,0,-8.4672,0
53,47,Box,7.7,0.674433,0,0,-8.4672,0
53,48,Box,8.8,0.674433,0,0,-8.4672,0
53,49,Box,9.9,0.674433,0,0,-8.4672,0
53,50,Box,0,1.77443,0,0,-8.4672,0
53,51,Box,1.1,1.77443,0,0,-8.4672,0
53,52,Box,2.2,1.77443,0,0,-8.4672,0
53,53,Box,3.3,1.77443,0,0,-8.4672,0
53,54,Box,4.4,1.77443,0,0,-8.4672,0
53,55,Box,5.5,1.77443,0,0,-8.4672,0
53,56,Box,6.6,1.77443,0,0,-8.4672,0
53,57,Box,7.7,1.77443,0,0,-8.4672,0
53,58,Box,8.8,1.77443,0,0,-8.4672,0
53,59,Box,9.9,1.77443,0,0,-8.4672,0
53,60,Box,0,2.87443,0,0,-8.4672,0
53,61,Box,1.1,2.87443,0,0,-8.4672,0
53,62,Box,2.2,2.87443,0,0,-8.4672,0
53,63,Box,3.3,2.87443,0,0,-8.4672,0
53,64,Box,4.4,2.87443,0,0,-8.4672,0
53,65,Box,5.5,2.87443,0,0,-8.4672,0
53,66,Box,6.6,2.87443,0,0,-8.4672,0
53,67,Box,7.7,2.87443,0,0,-8.4672,0
53,68,Box,8.8,2.87443,0,0,-8.4672,0
53,69,Box,9.9,2.87443,0,0,-8.4672,0
53,70,Box,0,3.97443,0,0,-8.4672,0
53,71,Box,1.1,3.97443,0,0,-8.4672,0
53,72,Box,2.2,3.97443,0,0,-8.4672,0
53,73,Box,3.3,3.97443,0,0,-8.4672,0
53,74,Box,4.4,3.97443,0,0,-8.4672,0
53,75,Box,5.5,3.97443,0,0,-8.4672,0
53,76,Box,6.6,3.97443,0,0,-8.4672,0
53,77,Box,7.7,3.97443,0,0,-8.4672,0
53,78,Box,8.8,3.97443,0,0,-8.4672,0
53,79,Box,9.9,3.97443,0,0,-8.4672,0
53,80,Box,0,5.07443,0,0,-8.4672,0
53,81,Box,1.1,5.07443,0,0,-8.4672,0
53,82,Box,2.2,5.07443,0,0,-8.4672,0
53,83,Box,3.3,5.07443,0,0,-8.4672,0
53,84,Box,4.4,5.07443,0,0,-8.4672,0
53,85,Box,5.5,5.07443,0,0,-8.4672,0
53,86,Box,6.6,5.07443,0,0,-8.4672,0
53,87,Box,7.7,5.07443,0,0,-8.4672,0
53,88,Box,8.8,5.07443,0,0,-8.4672,0
53,89,Box,9.9,5.07443,0,0,-8.4672,0
53,90,Box,0,6.17443,0,0,-8.4672,0
53,91,Box,1.1,6.17443,0,0,-8.4672,0
53,92,Box,2.2,6.17443,0,0,-8.4672,0
53,93,Box,3.3,6.17443,0,0,-8.4672,0
53,94,Box,4.4,6.17443,0,0,-8.4672,0
53,95,Box,5.5,6.17443,0,0,-8.4672,0
53,96,Box,6.6,6.17443,0,0,-8.4672,0
53,97,Box,7.7,6.17443,0,0,-8.4672,0
53,98,Box,8.8,6.17443,0,0,-8.4672,0
53,99,Box,9.9,6.17443,0,0,-8.4672,0
53,100,Circle,-11.16,5.47491,0,60,-0.6272,0
54,0,Box,0,-3.86355,0,0,-8.624,0
54,1,Box,1.1,-3.86355,0,0,-8.624,0
54,2,Box,2.2,-3.86355,0,0,-8.624,0
54,3,Box,3.3,-3.86355,0,0,-8.624,0
54,4,Box,4.4,-3.86355,0,0,-8.624,0
54,5,Box,5.5,-3.86355,0,0,-8.624,0
54,6,Box,6.6,-3.86355,0,0,-8.624,0
54,7,Box,7.7,-3.86355,0,0,-8.624,0
54,8,Box,8.8,-3.86355,0,0,-8.624,0
54,9,Box,9.9,-3.86355,0,0,-8.624,0
54,10,Box,0,-2.76355,0,0,-8.624,0
54,11,Box,1.1,-2.76355,0,0,-8.624,0
54,12,Box,2.2,-2.76355,0,0,-8.624,0
54,13,Box,3.3,-2.76355,0,0,-8.624,0
54,14,Box,4.4,-2.76355,0,0,-8.624,0
54,15,Box,5.5,-2.76355,0,0,-8.624,0
54,16,Box,6.6,-2.76355,0,0,-8.624,0
54,17,Box,7.7,-2.76355,0,0,-8.624,0
54,18,Box,8.8,-2.76355,0,0,-8.624,0
54,19,Box,9.9,-2.76355,0,0,-8.624,0
54,20,Box,0,-1.66355,0,0,-8.624,0
54,21,Box,1.1,-1.66355,0,0,-8.624,0
54,22,Box,2.2,-1.66355,0,0,-8.624,0
54,23,Box,3.3,-1.66355,0,0,-8.624,0
54,24,Box,4.4,-1.66355,0,0,-8.624,0
54,25,Box,5.5,-1.66355,0,0,-8.624,0
54,26,Box,6.6,-1.66355,0,0,-8.624,0
54,27,Box,7.7,-1.66355,0,0,-8.624,0
54,28,Box,8.8,-1.66355,0,0,-8.624,0
54,29,Box,9.9,-1.66355,0,0,-8.624,0
54,30,Box,0,-0.56355,0,0,-8.624,0
54,31,Box,1.1,-0.56355,0,0,-8.624,0
54,32,Box,2.2,-0.56355,0,0,-8.624,0
54,33,Box,3.3,-0.56355,0,0,-8.624,0
54,34,Box,4.4,-0.56355,0,0,-8.624,0
54,35,Box,5.5,-0.56355,0,0,-8.624,0
54,36,Box,6.6,-0.56355,0,0,-8.624,0
54,37,Box,7.7,-0.56355,0,0,-8.624,0
54,38,Box,8.8,-0.56355,0,0,-8.624,0
54,39,Box,9.9,-0.56355,0,0,-8.624,0
54,40,Box,0,0.53645,0,0,-8.624,0
54,41,Box,1.1,0.53645,0,0,-8.624,0
54,42,Box,2.2,0.53645,0,0,-8.624,0
54,43,Box,3.3,0.53645,0,0,-8.624,0
54,44,Box,4.4,0.53645,0,0,-8.624,0
54,45,Box,5.5,0.53645,0,0,-8.624,0
54,46,Box,6.6,0.53645,0,0,-8.624,0
54,47,Box,7.7,0.53645,0,0,-8.624,0
54,48,Box,8.8,0.53645,0,0,-8.624,0
54,49,Box,9.9,0.53645,0,0,-8.624,0
54,50,Box,0,1.63645,0,0,-8.624,0
54,51,Box,1.1,1.63645,0,0,-8.624,0
54,52,Box,2.2,1.63645,0,0,-8.624,0
54,53,Box,3.3,1.63645,0,0,-8.624,0
54,54,Box,4.4,1.63645,0,0,-8.624,0
54,55,Box,5.5,1.63645,0,0,-8.624,0
54,56,Box,6.6,1.63645,0,0,-8.624,0
54,57,Box,7.7,1.63645,0,0,-8.624,0
54,58,Box,8.8,1.63645,0,0,-8.624,0
54,59,Box,9.9,1.63645,0,0,-8.624,0
54,60,Box,0,2.73645,0,0,-8.624,0
54,61,Box,1.1,2.73645,0,0,-8.624,0
54,62,Box,2.2,2.73645,0,0,-8.624,0
54,63,Box,3.3,2.73645,0,0,-8.624,0
54,64,Box,4.4,2.73645,0,0,-8.624,0
54,65,Box,5.5,2.73645,0,0,-8.624,0
54,66,Box,6.6,2.73645,0,0,-8.624,0
54,67,Box,7.7,2.73645,0,0,-8.624,0
54,68,Box,8.8,2.73645,0,0,-8.624,0
54,69,Box,9.9,2.73645,0,0,-8.624,0
54,70,Box,0,3.83645,0,0,-8.624,0
54,71,Box,1.1,3.83645,0,0,-8.624,0
54,72,Box,2.2,3.83645,0,0,-8.624,0
54,73,Box,3.3,3.83645,0,0,-8.624,0
54,74,Box,4.4,3.83645,0,0,-8.624,0
54,75,Box,5.5,3.83645,0,0,-8.624,0
54,76,Box,6.6,3.83645,0,0,-8.624,0
54,77,Box,7.7,3.83645,0,0,-8.624,0
54,78,Box,8.8,3.83645,0,0,-8.624,0
54,79,Box,9.9,3.83645,0,0,-8.624,0
54,80,Box,0,4.93645,0,0,-8.624,0
54,81,Box,1.1,4.93645,0,0,-8.624,0
54,82,Box,2.2,4.93645,0,0,-8.624,0
54,83,Box,3.3,4.93645,0,0,-8.624,0
54,84,Box,4.4,4.93645,0,0,-8.624,0
54,85,Box,5.5,4.93645,0,0,-8.624,0
54,86,Box,6.6,4.93645,0,0,-8.624,0
54,87,Box,7.7,4.93645,0,0,-8.624,0
54,88,Box,8.8,4.93645,0,0,-8.624,0
54,89,Box,9.9,4.93645,0,0,-8.624,0
54,90,Box,0,6.03645,0,0,-8.624,0
54,91,Box,1.1,6.03645,0,0,-8.624,0
54,92,Box,2.2,6.03645,0,0,-8.624,0
54,93,Box,3.3,6.03645,0,0,-8.624,0
54,94,Box,4.4,6.03645,0,0,-8.624,0
54,95,Box,5.5,6.03645,0,0,-8.624,0
54,96,Box,6.6,6.03645,0,0,-8.624,0
54,97,Box,7.7,6.03645,0,0,-8.624,0
54,98,Box,8.8,6.03645,0,0,-8.624,0
54,99,Box,9.9,6.03645,0,0,-8.624,0
54,100,Circle,-10.2,5.46237,0,60,-0.784,0
55,0,Box,0,-4.00404,0,0,-8.7808,0
55,1,Box,1.1,-4.00404,0,0,-8.7808,0
55,2,Box,2.2,-4.00404,0,0,-8.7808,0
55,3,Box,3.3,-4.00404,0,0,-8.7808,0
55,4,Box,4.4,-4.00404,0,0,-8.7808,0
55,5,Box,5.5,-4.00404,0,0,-8.7808,0
55,6,Box,6.6,-4.00404,0,0,-8.7808,0
55,7,Box,7.7,-4.00404,0,0,-8.7808,0
55,8,Box,8.8,-4.00404,0,0,-8.7808,0
55,9,Box,9.9,-4.00404,0,0,-8.7808,0
55,10,Box,0,-2.90404,0,0,-8.7808,0
55,11,Box,1.1,-2.90404,0,0,-8.7808,0
55,12,Box,2.2,-2.90404,0,0,-8.7808,0
55,13,Box,3.3,-2.90404,0,0,-8.7808,0
55,14,Box,4.4,-2.90404,0,0,-8.7808,0
55,15,Box,5.5,-2.90404,0,0,-8.7808,0
55,16,Box,6.6,-2.90404,0,0,-8.7808,0
55,17,Box,7.7,-2.90404,0,0,-8.7808,0
55,18,Box,8.8,-2.90404,0,0,-8.7808,0
55,19,Box,9.9,-2.90404,0,0,-8.7808,0
55,20,Box,0,-1.80404,0,0,-8.7808,0
55,21,Box,1.1,-1.80404,0,0,-8.7808,0
55,22,Box,2.2,-1.80404,0,0,-8.7808,0
55,23,Box,3.3,-1.80404,0,0,-8.7808,0
55,24,Box,4.4,-1.80404,0,0,-8.7808,0
55,25,Box,5.5,-1.80404,0,0,-8.7808,0
55,26,Box,6.6,-1.80404,0,0,-8.7808,0
55,27,Box,7.7,-1.80404,0,0,-8.7808,0
55,28,Box,8.8,-1.80404,0,0,-8.7808,0
55,29,Box,9.9,-1.80404,0,0,-8.7808,0
55,30,Box,0,-0.704043,0,0,-8.7808,0
55,31,Box,1.1,-0.704043,0,0,-8.7808,0
55,32,Box,2.2,-0.704043,0,0,-8.7808,0
55,33,Box,3.3,-0.704043,0,0,-8.7808,0
55,34,Box,4.4,-0.704043,0,0,-8.7808,0
55,35,Box,5.5,-0.704043,0,0,-8.7808,0
55,36,Box,6.6,-0.704043,0,0,-8.7808,0
55,37,Box,7.7,-0.704043,0,0,-8.7808,0
55,38,Box,8.8,-0.704043,0,0,-8.7808,0
55,39,Box,9.9,-0.704043,0,0,-8.7808,0
55,40,Box,0,0.395957,0,0,-8.7808,0
55,41,Box,1.1,0.395957,0,0,-8.7808,0
55,42,Box,2.2,0.395957,0,0,-8.7808,0
55,43,Box,3.3,0.395957,0,0,-8.7808,0
55,44,Box,4.4,0.395957,0,0,-8.7808,0
55,45,Box,5.5,0.395957,0,0,-8.7808,0
55,46,Box,6.6,0.395957,0,0,-8.7808,0
55,47,Box,7.7,0.395957,0,0,-8.7808,0
55,48,Box,8.8,0.395957,0,0,-8.7808,0
55,49,Box,9.9,0.395957,0,0,-8.7808,0
55,50,Box,0,1.49596,0,0,-8.7808,0
55,51,Box,1.1,1.49596,0,0,-8.7808,0
55,52,Box,2.2,1.49596,0,0,-8.7808,0
55,53,Box,3.3,1.49596,0,0,-8.7808,0
55,54,Box,4.4,1.49596,0,0,-8.7808,0
55,55,Box,5.5,1.49596,0,0,-8.7808,0
55,56,Box,6.6,1.49596,0,0,-8.7808,0
55,57,Box,7.7,1.49596,0,0,-8.7808,0
55,58,Box,8.8,1.49596,0,0,-8.7808,0
55,59,Box,9.9,1.49596,0,0,-8.7808,0
55,60,Box,0,2.59596,0,0,-8.7808,0
55,61,Box,1.1,2.59596,0,0,-8.7808,0
55,62,Box,2.2,2.59596,0,0,-8.7808,0
55,63,Box,3.3,2.59596,0,0,-8.7808,0
55,64,Box,4.4,2.59596,0,0,-8.7808,0
55,65,Box,5.5,2.59596,0,0,-8.7808,0
55,66,Box,6.6,2.59596,0,0,-8.7808,0
55,67,Box,7.7,2.59596,0,0,-8.7808,0
55,68,Box,8.8,2.59596,0,0,-8.7808,0
55,69,Box,9.9,2.59596,0,0,-8.7808,0
55,70,Box,0,3.69596,0,0,-8.7808,0
55,71,Box,1.1,3.69596,0,0,-8.7808,0
55,72,Box,2.2,3.69596,0,0,-8.7808,0
55,73,Box,3.3,3.69596,0,0,-8.7808,0
55,74,Box,4.4,3.69596,0,0,-8.7808,0
55,75,Box,5.5,3.69596,0,0,-8.7808,0
55,76,Box,6.6,3.69596,0,0,-8.7808,0
55,77,Box,7.7,3.69596,0,0,-8.7808,0
55,78,Box,8.8,3.69596,0,0,-8.7808,0
55,79,Box,9.9,3.69596,0,0,-8.7808,0
55,80,Box,0,4.79596,0,0,-8.7808,0
55,81,Box,1.1,4.79596,0,0,-8.7808,0
55,82,Box,2.2,4.79596,0,0,-8.7808,0
55,83,Box,3.3,4.79596,0,0,-8.7808,0
55,84,Box,4.4,4.79596,0,0,-8.7808,0
55,85,Box,5.5,4.79596,0,0,-8.7808,0
55,86,Box,6.6,4.79596,0,0,-8.7808,0
55,87,Box,7.7,4.79596,0,0,-8.7808,0
55,88,Box,8.8,4.79596,0,0,-8.7808,0
55,89,Box,9.9,4.79596,0,0,-8.7808,0
55,90,Box,0,5.89596,0,0,-8.7808,0
55,91,Box,1.1,5.89596,0,0,-8.7808,0
55,92,Box,2.2,5.89596,0,0,-8.7808,0
55,93,Box,3.3,5.89596,0,0,-8.7808,0
55,94,Box,4.4,5.89596,0,0,-8.7808,0
55,95,Box,5.5,5.89596,0,0,-8.7808,0
55,96,Box,6.6,5.89596,0,0,-8.7808,0
55,97,Box,7.7,5.89596,0,0,-8.7808,0
55,98,Box,8.8,5.89596,0,0,-8.7808,0
55,99,Box,9.9,5.89596,0,0,-8.7808,0
55,100,Circle,-9.24,5.44732,0,60,-0.9408,0
56,0,Box,0,-4.14705,0,0,-8.9376,0
56,1,Box,1.1,-4.14705,0,0,-8.9376,0
56,2,Box,2.2,-4.14705,0,0,-8.9376,0
56,3,Box,3.3,-4.14705,0,0,-8.9376,0
56,4,Box,4.4,-4.14705,0,0,-8.9376,0
56,5,Box,5.5,-4.14705,0,0,-8.9376,0
56,6,Box,6.6,-4.14705,0,0,-8.9376,0
56,7,Box,7.7,-4.14705,0,0,-8.9376,0
56,8,Box,8.8,-4.14705,0,0,-8.9376,0
56,9,Box,9.9,-4.14705,0,0,-8.9376,0
56,10,Box,0,-3.04705,0,0,-8.9376,0
56,11,Box,1.1,-3.04705,0,0,-8.9376,0
56,12,Box,2.2,-3.04705,0,0,-8.9376,0
56,13,Box,3.3,-3.04705,0,0,-8.9376,0
56,14,Box,4.4,-3.04705,0,0,-8.9376,0
56,15,Box,5.5,-3.04705,0,0,-8.9376,0
56,16,Box,6.6,-3.04705,0,0,-8.9376,0
56,17,Box,7.7,-3.04705,0,0,-8.9376,0
56,18,Box,8.8,-3.04705,0,0,-8.9376,0
56,19,Box,9.9,-3.04705,0,0,-8.9376,0
56,20,Box,0,-1.94705,0,0,-8.9376,0
56,21,Box,1.1,-1.94705,0,0,-8.9376,0
56,22,Box,2.2,-1.94705,0,0,-8.9376,0
56,23,Box,3.3,-1.94705,0,0,-8.9376,0
56,24,Box,4.4,-1.94705,0,0,-8.9376,0
56,25,Box,5.5,-1.94705,0,0,-8.9376,0
56,26,Box,6.6,-1.94705,0,0,-8.9376,0
56,27,Box,7.7,-1.94705,0,0,-8.9376,0
56,28,Box,8.8,-1.94705,0,0,-8.9376,0
56,29,Box,9.9,-1.94705,0,0,-8.9376,0
56,30,Box,0,-0.847045,0,0,-8.9376,0
56,31,Box,1.1,-0.847045,0,0,-8.9376,0
56,32,Box,2.2,-0.847045,0,0,-8.9376,0
56,33,Box,3.3,-0.847045,0,0,-8.9376,0
56,34,Box,4.4,-0.847045,0,0,-8.9376,0
56,35,Box,5.5,-0.847045,0,0,-8.9376,0
56,36,Box,6.6,-0.847045,0,0,-8.9376,0
56,37,Box,7.7,-0.847045,0,0,-8.9376,0
56,38,Box,8.8,-0.847045,0,0,-8.9376,0
56,39,Box,9.9,-0.847045,0,0,-8.9376,0
56,40,Box,0,0.252955,0,0,-8.9376,0
56,41,Box,1.1,0.252955,0,0,-8.9376,0
56,42,Box,2.2,0.252955,0,0,-8.9376,0
56,43,Box,3.3,0.252955,0,0,-8.9376,0
56,44,Box,4.4,0.252955,0,0,-8.9376,0
56,45,Box,5.5,0.252955,0,0,-8.9376,0
56,46,Box,6.6,0.252955,0,0,-8.9376,0
56,47,Box,7.7,0.252955,0,0,-8.9376,0
56,48,Box,8.8,0.252955,0,0,-8.9376,0
56,49,Box,9.9,0.252955,0,0,-8.9376,0
56,50,Box,0,1.35296,0,0,-8.9376,0
56,51,Box,1.1,1.35296,0,0,-8.9376,0
56,52,Box,2.2,1.35296,0,0,-8.9376,0
56,53,Box,3.3,1.35296,0,0,-8.9376,0
56,54,Box,4.4,1.35296,0,0,-8.9376,0
56,55,Box,5.5,1.35296,0,0,-8.9376,0
56,56,Box,6.6,1.35296,0,0,-8.9376,0
56,57,Box,7.7,1.35296,0,0,-8.9376,0
56,58,Box,8.8,1.35296,0,0,-8.9376,0
56,59,Box,9.9,1.35296,0,0,-8.9376,0
56,60,Box,0,2.45296,0,0,-8.9376,0
56,61,Box,1.1,2.45296,0,0,-8.9376,0
56,62,Box,2.2,2.45296,0,0,-8.9376,0
56,63,Box,3.3,2.45296,0,0,-8.9376,0
56,64,Box,4.4,2.45296,0,0,-8.9376,0
56,65,Box,5.5,2.45296,0,0,-8.9376,0
56,66,Box,6.6,2.45296,0,0,-8.9376,0
56,67,Box,7.7,2.45296,0,0,-8.9376,0
56,68,Box,8.8,2.45296,0,0,-8.9376,0
56,69,Box,9.9,2.45296,0,0,-8.9376,0
56,70,Box,0,3.55296,0,0,-8.9376,0
56,71,Box,1.1,3.55296,0,0,-8.9376,0
56,72,Box,2.2,3.55296,0,0,-8.9376,0
56,73,Box,3.3,3.55296,0,0,-8.9376,0
56,74,Box,4.4,3.55296,0,0,-8.9376,0
56,75,Box,5.5,3.55296,0,0,-8.9376,0
56,76,Box,6.6,3.55296,0,0,-8.9376,0
56,77,Box,7.7,3.55296,0,0,-8.9376,0
56,78,Box,8.8,3.55296,0,0,-8.9376,0
56,79,Box,9.9,3.55296,0,0,-8.9376,0
56,80,Box,0,4.65296,0,0,-8.9376,0
56,81,Box,1.1,4.65296,0,0,-8.9376,0
56,82,Box,2.2,4.65296,0,0,-8.9376,0
56,83,Box,3.3,4.65296,0,0,-8.9376,0
56,84,Box,4.4,4.65296,0,0,-8.9376,0
56,85,Box,5.5,4.65296,0,0,-8.9376,0
56,86,Box,6.6,4.65296,0,0,-8.9376,0
56,87,Box,7.7,4.65296,0,0,-8.9376,0
56,88,Box,8.8,4.65296,0,0,-8.9376,0
56,89,Box,9.9,4.65296,0,0,-8.9376,0
56,90,Box,0,5.75296,0,0,-8.9376,0
56,91,Box,1.1,5.75296,0,0,-8.9376,0
56,92,Box,2.2,5.75296,0,0,-8.9376,0
56,93,Box,3.3,5.75296,0,0,-8.9376,0
56,94,Box,4.4,5.75296,0,0,-8.9376,0
56,95,Box,5.5,5.75296,0,0,-8.9376,0
56,96,Box,6.6,5.75296,0,0,-8.9376,0
56,97,Box,7.7,5.75296,0,0,-8.9376,0
56,98,Box,8.8,5.75296,0,0,-8.9376,0
56,99,Box,9.9,5.75296,0,0,-8.9376,0
56,100,Circle,-8.28,5.42975,0,60,-1.0976,0
57,0,Box,0,-4.29256,0,0,-9.0944,0
57,1,Box,1.1,-4.29256,0,0,-9.0944,0
57,2,Box,2.2,-4.29256,0,0,-9.0944,0
57,3,Box,3.3,-4.29256,0,0,-9.0944,0
57,4,Box,4.4,-4.29256,0,0,-9.0944,0
57,5,Box,5.5,-4.29256,0,0,-9.0944,0
57,6,Box,6.6,-4.29256,0,0,-9.0944,0
57,7,Box,7.7,-4.29256,0,0,-9.0944,0
57,8,Box,8.8,-4.29256,0,0,-9.0944,0
57,9,Box,9.9,-4.29256,0,0,-9.0944,0
57,10,Box,0,-3.19256,0,0,-9.0944,0
57,11,Box,1.1,-3.19256,0,0,-9.0944,0
57,12,Box,2.2,-3.19256,0,0,-9.0944,0
57,13,Box,3.3,-3.19256,0,0,-9.0944,0
57,14,Box,4.4,-3.19256,0,0,-9.0944,0
57,15,Box,5.5,-3.19256,0,0,-9.0944,0
57,16,Box,6.6,-3.19256,0,0,-9.0944,0
57,17,Box,7.7,-3.19256,0,0,-9.0944,0
57,18,Box,8.8,-3.19256,0,0,-9.0944,0
57,19,Box,9.9,-3.19256,0,0,-9.0944,0
57,20,Box,0,-2.09256,0,0,-9.0944,0
57,21,Box,1.1,-2.09256,0,0,-9.0944,0
57,22,Box,2.2,-2.09256,0,0,-9.0944,0
57,23,Box,3.3,-2.09256,0,0,-9.0944,0
57,24,Box,4.4,-2.09256,0,0,-9.0944,0
57,25,Box,5.5,-2.09256,0,0,-9.0944,0
57,26,Box,6.6,-2.09256,0,0,-9.0944,0
57,27,Box,7.7,-2.09256,0,0,-9.0944,0
57,28,Box,8.8,-2.09256,0,0,-9.0944,0
57,29,Box,9.9,-2.09256,0,0,-9.0944,0
57,30,Box,0,-0.992555,0,0,-9.0944,0
57,31,Box,1.1,-0.992555,0,0,-9.0944,0
57,32,Box,2.2,-0.992555,0,0,-9.0944,0
57,33,Box,3.3,-0.992555,0,0,-9.0944,0
57,34,Box,4.4,-0.992555,0,0,-9.0944,0
57,35,Box,5.5,-0.992555,0,0,-9.0944,0
57,36,Box,6.6,-0.992555,0,0,-9.0944,0
57,37,Box,7.7,-0.992555,0,0,-9.0944,0
57,38,Box,8.8,-0.992555,0,0,-9.0944,0
57,39,Box,9.9,-0.992555,0,0,-9.0944,0
57,40,Box,0,0.107445,0,0,-9.0944,0
57,41,Box,1.1,0.107445,0,0,-9.0944,0
57,42,Box,2.2,0.107445,0,0,-9.0944,0
57,43,Box,3.3,0.107445,0,0,-9.0944,0
57,44,Box,4.4,0.107445,0,0,-9.0944,0
57,45,Box,5.5,0.107445,0,0,-9.0944,0
57,46,Box,6.6,0.107445,0,0,-9.0944,0
57,47,Box,7.7,0.107445,0,0,-9.0944,0
57,48,Box,8.8,0.107445,0,0,-9.0944,0
57,49,Box,9.9,0.107445,0,0,-9.0944,0
57,50,Box,0,1.20744,0,0,-9.0944,0
57,51,Box,1.1,1.20744,0,0,-9.0944,0
57,52,Box,2.2,1.20744,0,0,-9.0944,0
57,53,Box,3.3,1.20744,0,0,-9.0944,0
57,54,Box,4.4,1.20744,0,0,-9.0944,0
57,55,Box,5.5,1.20744,0,0,-9.0944,0
57,56,Box,6.6,1.20744,0,0,-9.0944,0
57,57,Box,7.7,1.20744,0,0,-9.0944,0
57,58,Box,8.8,1.20744,0,0,-9.0944,0
57,59,Box,9.9,1.20744,0,0,-9.0944,0
57,60,Box,0,2.30745,0,0,-9.0944,0
57,61,Box,1.1,2.30745,0,0,-9.0944,0
57,62,Box,2.2,2.30745,0,0,-9.0944,0
57,63,Box,3.3,2.30745,0,0,-9.0944,0
57,64,Box,4.4,2.30745,0,0,-9.0944,0
57,65,Box,5.5,2.30745,0,0,-9.0944,0
57,66,Box,6.6,2.30745,0,0,-9.0944,0
57,67,Box,7.7,2.30745,0,0,-9.0944,0
57,68,Box,8.8,2.30745,0,0,-9.0944,0
57,69,Box,9.9,2.30745,0,0,-9.0944,0
57,70,Box,0,3.40744,0,0,-9.0944,0
57,71,Box,1.1,3.40744,0,0,-9.0944,0
57,72,Box,2.2,3.40744,0,0,-9.0944,0
57,73,Box,3.3,3.40744,0,0,-9.0944,0
57,74,Box,4.4,3.40744,0,0,-9.0944,0
57,75,Box,5.5,3.40744,0,0,-9.0944,0
57,76,Box,6.6,3.40744,0,0,-9.0944,0
57,77,Box,7.7,3.40744,0,0,-9.0944,0
57,78,Box,8.8,3.40744,0,0,-9.0944,0
57,79,Box,9.9,3.40744,0,0,-9.0944,0
57,80,Box,0,4.50744,0,0,-9.0944,0
57,81,Box,1.1,4.50744,0,0,-9.0944,0
57,82,Box,2.2,4.50744,0,0,-9.0944,0
57,83,Box,3.3,4.50744,0,0,-9.0944,0
57,84,Box,4.4,4.50744,0,0,-9.0944,0
57,85,Box,5.5,4.50744,0,0,-9.0944,0
57,86,Box,6.6,4.50744,0,0,-9.0944,0
57,87,Box,7.7,4.50744,0,0,-9.0944,0
57,88,Box,8.8,4.50744,0,0,-9.0944,0
57,89,Box,9.9,4.50744,0,0,-9.0944,0
57,90,Box,0,5.60745,0,0,-9.0944,0
57,91,Box,1.1,5.60745,0,0,-9.0944,0
57,92,Box,2.2,5.60745,0,0,-9.0944,0
57,93,Box,3.3,5.60745,0,0,-9.0944,0
57,94,Box,4.4,5.60745,0,0,-9.0944,0
57,95,Box,5.5,5.60745,0,0,-9.0944,0
57,96,Box,6.6,5.60745,0,0,-9.0944,0
57,97,Box,7.7,5.60745,0,0,-9.0944,0
57,98,Box,8.8,5.60745,0,0,-9.0944,0
57,99,Box,9.9,5.60745,0,0,-9.0944,0
57,100,Circle,-7.32,5.40968,0,60,-1.2544,0
58,0,Box,0,-4.44058,0,0,-9.2512,0
58,1,Box,1.1,-4.44058,0,0,-9.2512,0
58,2,Box,2.2,-4.44058,0,0,-9.2512,0
58,3,Box,3.3,-4.44058,0,0,-9.2512,0
58,4,Box,4.4,-4.44058,0,0,-9.2512,0
58,5,Box,5.5,-4.44058,0,0,-9.2512,0
58,6,Box,6.6,-4.44058,0,0,-9.2512,0
58,7,Box,7.7,-4.44058,0,0,-9.2512,0
58,8,Box,8.8,-4.44058,0,0,-9.2512,0
58,9,Box,9.9,-4.44058,0,0,-9.2512,0
58,10,Box,0,-3.34057,0,0,-9.2512,0
58,11,Box,1.1,-3.34057,0,0,-9.2512,0
58,12,Box,2.2,-3.34057,0,0,-9.2512,0
58,13,Box,3.3,-3.34057,0,0,-9.2512,0
58,14,Box,4.4,-3.34057,0,0,-9.2512,0
58,15,Box,5.5,-3.34057,0,0,-9.2512,0
58,16,Box,6.6,-3.34057,0,0,-9.2512,0
58,17,Box,7.7,-3.34057,0,0,-9.2512,0
58,18,Box,8.8,-3.34057,0,0,-9.2512,0
58,19,Box,9.9,-3.34057,0,0,-9.2512,0
58,20,Box,0,-2.24057,0,0,-9.2512,0
58,21,Box,1.1,-2.24057,0,0,-9.2512,0
58,22,Box,2.2,-2.24057,0,0,-9.2512,0
58,23,Box,3.3,-2.24057,0,0,-9.2512,0
58,24,Box,4.4,-2.24057,0,0,-9.2512,0
58,25,Box,5.5,-2.24057,0,0,-9.2512,0
58,26,Box,6.6,-2.24057,0,0,-9.2512,0
58,27,Box,7.7,-2.24057,0,0,-9.2512,0
58,28,Box,8.8,-2.24057,0,0,-9.2512,0
58,29,Box,9.9,-2.24057,0,0,-9.2512,0
58,30,Box,0,-1.14057,0,0,-9.2512,0
58,31,Box,1.1,-1.14057,0,0,-9.2512,0
58,32,Box,2.2,-1.14057,0,0,-9.2512,0
58,33,Box,3.3,-1.14057,0,0,-9.2512,0
58,34,Box,4.4,-1.14057,0,0,-9.2512,0
58,35,Box,5.5,-1.14057,0,0,-9.2512,0
58,36,Box,6.6,-1.14057,0,0,-9.2512,0
58,37,Box,7.7,-1.14057,0,0,-9.2512,0
58,38,Box,8.8,-1.14057,0,0,-9.2512,0
58,39,Box,9.9,-1.14057,0,0,-9.2512,0
58,40,Box,0,-0.0405742,0,0,-9.2512,0
58,41,Box,1.1,-0.0405742,0,0,-9.2512,0
58,42,Box,2.2,-0.0405742,0,0,-9.2512,0
58,43,Box,3.3,-0.0405742,0,0,-9.2512,0
58,44,Box,4.4,-0.0405742,0,0,-9.2512,0
58,45,Box,5.5,-0.0405742,0,0,-9.2512,0
58,46,Box,6.6,-0.0405742,0,0,-9.2512,0
58,47,Box,7.7,-0.0405742,0,0,-9.2512,0
58,48,Box,8.8,-0.0405742,0,0,-9.2512,0
58,49,Box,9.9,-0.0405742,0,0,-9.2512,0
58,50,Box,0,1.05943,0,0,-9.2512,0
58,51,Box,1.1,1.05943,0,0,-9.2512,0
58,52,Box,2.2,1.05943,0,0,-9.2512,0
58,53,Box,3.3,1.05943,0,0,-9.2512,0
58,54,Box,4.4,1.05943,0,0,-9.2512,0
58,55,Box,5.5,1.05943,0,0,-9.2512,0
58,56,Box,6.6,1.05943,0,0,-9.2512,0
58,57,Box,7.7,1.05943,0,0,-9.2512,0
58,58,Box,8.8,1.05943,0,0,-9.2512,0
58,59,Box,9.9,1.05943,0,0,-9.2512,0
58,60,Box,0,2.15943,0,0,-9.2512,0
58,61,Box,1.1,2.15943,0,0,-9.2512,0
58,62,Box,2.2,2.15943,0,0,-9.2512,0
58,63,Box,3.3,2.15943,0,0,-9.2512,0
58,64,Box,4.4,2.15943,0,0,-9.2512,0
58,65,Box,5.5,2.15943,0,0,-9.2512,0
58,66,Box,6.6,2.15943,0,0,-9.2512,0
58,67,Box,7.7,2.15943,0,0,-9.2512,0
58,68,Box,8.8,2.15943,0,0,-9.2512,0
58,69,Box,9.9,2.15943,0,0,-9.2512,0
58,70,Box,0,3.25943,0,0,-9.2512,0
58,71,Box,1.1,3.25943,0,0,-9.2512,0
58,72,Box,2.2,3.25943,0,0,-9.2512,0
58,73,Box,3.3,3.25943,0,0,-9.2512,0
58,74,Box,4.4,3.25943,0,0,-9.2512,0
58,75,Box,5.5,3.25943,0,0,-9.2512,0
58,76,Box,6.6,3.25943,0,0,-9.2512,0
58,77,Box,7.7,3.25943,0,0,-9.2512,0
58,78,Box,8.8,3.25943,0,0,-9.2512,0
58,79,Box,9.9,3.25943,0,0,-9.2512,0
58,80,Box,0,4.35943,0,0,-9.2512,0
58,81,Box,1.1,4.35943,0,0,-9.2512,0
58,82,Box,2.2,4.35943,0,0,-9.2512,0
58,83,Box,3.3,4.35943,0,0,-9.2512,0
58,84,Box,4.4,4.35943,0,0,-9.2512,0
58,85,Box,5.5,4.35943,0,0,-9.2512,0
58,86,Box,6.6,4.35943,0,0,-9.2512,0
58,87,Box,7.7,4.35943,0,0,-9.2512,0
58,88,Box,8.8,4.35943,0,0,-9.2512,0
58,89,Box,9.9,4.35943,0,0,-9.2512,0
58,90,Box,0,5.45943,0,0,-9.2512,0
58,91,Box,1.1,5.45943,0,0,-9.2512,0
58,92,Box,2.2,5.45943,0,0,-9.2512,0
58,93,Box,3.3,5.45943,0,0,-9.2512,0
58,94,Box,4.4,5.45943,0,0,-9.2512,0
58,95,Box,5.5,5.45943,0,0,-9.2512,0
58,96,Box,6.6,5.45943,0,0,-9.2512,0
58,97,Box,7.7,5.45943,0,0,-9.2512,0
58,98,Box,8.8,5.45943,0,0,-9.2512,0
58,99,Box,9.9,5.45943,0,0,-9.2512,0
58,100,Circle,-6.36,5.3871,0,60,-1.4112,0
59,0,Box,0,-4.5911,0,0,-9.408,0
59,1,Box,1.1,-4.5911,0,0,-9.408,0
59,2,Box,2.2,-4.5911,0,0,-9.408,0
59,3,Box,3.3,-4.5911,0,0,-9.408,0
59,4,Box,4.4,-4.5911,0,0,-9.408,0
59,5,Box,5.5,-4.5911,0,0,-9.408,0
59,6,Box,6.6,-4.5911,0,0,-9.408,0
59,7,Box,7.7,-4.5911,0,0,-9.408,0
59,8,Box,8.8,-4.5911,0,0,-9.408,0
59,9,Box,9.9,-4.5911,0,0,-9.408,0
59,10,Box,0,-3.4911,0,0,-9.408,0
59,11,Box,1.1,-3.4911,0,0,-9.408,0
59,12,Box,2.2,-3.4911,0,0,-9.408,0
59,13,Box,3.3,-3.4911,0,0,-9.408,0
59,14,Box,4.4,-3.4911,0,0,-9.408,0
59,15,Box,5.5,-3.4911,0,0,-9.408,0
59,16,Box,6.6,-3.4911,0,0,-9.408,0
59,17,Box,7.7,-3.4911,0,0,-9.408,0
59,18,Box,8.8,-3.4911,0,0,-9.408,0
59,19,Box,9.9,-3.4911,0,0,-9.408,0
59,20,Box,0,-2.3911,0,0,-9.408,0
59,21,Box,1.1,-2.3911,0,0,-9.408,0
59,22,Box,2.2,-2.3911,0,0,-9.408,0
59,23,Box,3.3,-2.3911,0,0,-9.408,0
59,24,Box,4.4,-2.3911,0,0,-9.408,0
59,25,Box,5.5,-2.3911,0,0,-9.408,0
59,26,Box,6.6,-2.3911,0,0,-9.408,0
59,27,Box,7.7,-2.3911,0,0,-9.408,0
59,28,Box,8.8,-2.3911,0,0,-9.408,0
59,29,Box,9.9,-2.3911,0,0,-9.408,0
59,30,Box,0,-1.2911,0,0,-9.408,0
59,31,Box,1.1,-1.2911,0,0,-9.408,0
59,32,Box,2.2,-1.2911,0,0,-9.408,0
59,33,Box,3.3,-1.2911,0,0,-9.408,0
59,34,Box,4.4,-1.2911,0,0,-9.408,0
59,35,Box,5.5,-1.2911,0,0,-9.408,0
59,36,Box,6.6,-1.2911,0,0,-9.408,0
59,37,Box,7.7,-1.2911,0,0,-9.408,0
59,38,Box,8.8,-1.2911,0,0,-9.408,0
59,39,Box,9.9,-1.2911,0,0,-9.408,0
59,40,Box,0,-0.191102,0,0,-9.408,0
59,41,Box,1.1,-0.191102,0,0,-9.408,0
59,42,Box,2.2,-0.191102,0,0,-9.408,0
59,43,Box,3.3,-0.191102,0,0,-9.408,0
59,44,Box,4.4,-0.191102,0,0,-9.408,0
59,45,Box,5.5,-0.191102,0,0,-9.408,0
59,46,Box,6.6,-0.191102,0,0,-9.408,0
59,47,Box,7.7,-0.191102,0,0,-9.408,0
59,48,Box,8.8,-0.191102,0,0,-9.408,0
59,49,Box,9.9,-0.191102,0,0,-9.408,0
59,50,Box,0,0.908898,0,0,-9.408,0
59,51,Box,1.1,0.908898,0,0,-9.408,0
59,52,Box,2.2,0.908898,0,0,-9.408,0
59,53,Box,3.3,0.908898,0,0,-9.408,0
59,54,Box,4.4,0.908898,0,0,-9.408,0
59,55,Box,5.5,0.908898,0,0,-9.408,0
59,56,Box,6.6,0.908898,0,0,-9.408,0
59,57,Box,7.7,0.908898,0,0,-9.408,0
59,58,Box,8.8,0.908898,0,0,-9.408,0
59,59,Box,9.9,0.908898,0,0,-9.408,0
59,60,Box,0,2.0089,0,0,-9.408,0
59,61,Box,1.1,2.0089,0,0,-9.408,0
59,62,Box,2.2,2.0089,0,0,-9.408,0
59,63,Box,3.3,2.0089,0,0,-9.408,0
59,64,Box,4.4,2.0089,0,0,-9.408,0
59,65,Box,5.5,2.0089,0,0,-9.408,0
59,66,Box,6.6,2.0089,0,0,-9.408,0
59,67,Box,7.7,2.0089,0,0,-9.408,0
59,68,Box,8.8,2.0089,0,0,-9.408,0
59,69,Box,9.9,2.0089,0,0,-9.408,0
59,70,Box,0,3.1089,0,0,-9.408,0
59,71,Box,1.1,3.1089,0,0,-9.408,0
59,72,Box,2.2,3.1089,0,0,-9.408,0
59,73,Box,3.3,3.1089,0,0,-9.408,0
59,74,Box,4.4,3.1089,0,0,-9.408,0
59,75,Box,5.5,3.1089,0,0,-9.408,0
59,76,Box,6.6,3.1089,0,0,-9.408,0
59,77,Box,7.7,3.1089,0,0,-9.408,0
59,78,Box,8.8,3.1089,0,0,-9.408,0
59,79,Box,9.9,3.1089,0,0,-9.408,0
59,80,Box,0,4.2089,0,0,-9.408,0
59,81,Box,1.1,4.2089,0,0,-9.408,0
59,82,Box,2.2,4.2089,0,0,-9.408,0
59,83,Box,3.3,4.2089,0,0,-9.408,0
59,84,Box,4.4,4.2089,0,0,-9.408,0
59,85,Box,5.5,4.2089,0,0,-9.408,0
59,86,Box,6.6,4.2089,0,0,-9.408,0
59,87,Box,7.7,4.2089,0,0,-9.408,0
59,88,Box,8.8,4.2089,0,0,-9.408,0
59,89,Box,9.9,4.2089,0,0,-9.408,0
59,90,Box,0,5.3089,0,0,-9.408,0
59,91,Box,1.1,5.3089,0,0,-9.408,0
59,92,Box,2.2,5.3089,0,0,-9.408,0
59,93,Box,3.3,5.3089,0,0,-9.408,0
59,94,Box,4.4,5.3089,0,0,-9.408,0
59,95,Box,5.5,5.3089,0,0,-9.408,0
59,96,Box,6.6,5.3089,0,0,-9.408,0
59,97,Box,7.7,5.3089,0,0,-9.408,0
59,98,Box,8.8,5.3089,0,0,-9.408,0
59,99,Box,9.9,5.3089,0,0,-9.408,0
59,100,Circle,-5.4,5.36202,0,60,-1.568,0
60,0,Box,0,-4.74414,0,0,-9.5648,0
60,1,Box,1.1,-4.74414,0,0,-9.5648,0
60,2,Box,2.2,-4.74414,0,0,-9.5648,0
60,3,Box,3.3,-4.74414,0,0,-9.5648,0
60,4,Box,4.4,-4.74414,0,0,-9.5648,0
60,5,Box,5.5,-4.74414,0,0,-9.5648,0
60,6,Box,6.6,-4.74414,0,0,-9.5648,0
60,7,Box,7.7,-4.74414,0,0,-9.5648,0
60,8,Box,8.8,-4.74414,0,0,-9.5648,0
60,9,Box,9.9,-4.74414,0,0,-9.5648,0
60,10,Box,0,-3.64414,0,0,-9.5648,0
60,11,Box,1.1,-3.64414,0,0,-9.5648,0
60,12,Box,2.2,-3.64414,0,0,-9.5648,0
60,13,Box,3.3,-3.64414,0,0,-9.5648,0
60,14,Box,4.4,-3.64414,0,0,-9.5648,0
60,15,Box,5.5,-3.64414,0,0,-9.5648,0
60,16,Box,6.6,-3.64414,0,0,-9.5648,0
60,17,Box,7.7,-3.64414,0,0,-9.5648,0
60,18,Box,8.8,-3.64414,0,0,-9.5648,0
60,19,Box,9.9,-3.64414,0,0,-9.5648,0
60,20,Box,0,-2.54414,0,0,-9.5648,0
60,21,Box,1.1,-2.54414,0,0,-9.5648,0
60,22,Box,2.2,-2.54414,0,0,-9.5648,0
60,23,Box,3.3,-2.54414,0,0,-9.5648,0
60,24,Box,4.4,-2.54414,0,0,-9.5648,0
60,25,Box,5.5,-2.54414,0,0,-9.5648,0
60,26,Box,6.6,-2.54414,0,0,-9.5648,0
60,27,Box,7.7,-2.54414,0,0,-9.5648,0
60,28,Box,8.8,-2.54414,0,0,-9.5648,0
60,29,Box,9.9,-2.54414,0,0,-9.5648,0
60,30,Box,0,-1.44414,0,0,-9.5648,0
60,31,Box,1.1,-1.44414,0,0,-9.5648,0
60,32,Box,2.2,-1.44414,0,0,-9.5648,0
60,33,Box,3.3,-1.44414,0,0,-9.5648,0
60,34,Box,4.4,-1.44414,0,0,-9.5648,0
60,35,Box,5.5,-1.44414,0,0,-9.5648,0
60,36,Box,6.6,-1.44414,0,0,-9.5648,0
60,37,Box,7.7,-1.44414,0,0,-9.5648,0
60,38,Box,8.8,-1.44414,0,0,-9.5648,0
60,39,Box,9.9,-1.44414,0,0,-9.5648,0
60,40,Box,0,-0.344139,0,0,-9.5648,0
60,41,Box,1.1,-0.344139,0,0,-9.5648,0
60,42,Box,2.2,-0.344139,0,0,-9.5648,0
60,43,Box,3.3,-0.344139,0,0,-9.5648,0
60,44,Box,4.4,-0.344139,0,0,-9.5648,0
60,45,Box,5.5,-0.344139,0,0,-9.5648,0
60,46,Box,6.6,-0.344139,0,0,-9.5648,0
60,47,Box,7.7,-0.344139,0,0,-9.5648,0
60,48,Box,8.8,-0.344139,0,0,-9.5648,0
60,49,Box,9.9,-0.344139,0,0,-9.5648,0
60,50,Box,0,0.755861,0,0,-9.5648,0
60,51,Box,1.1,0.755861,0,0,-9.5648,0
60,52,Box,2.2,0.755861,0,0,-9.5648,0
60,53,Box,3.3,0.755861,0,0,-9.5648,0
60,54,Box,4.4,0.755861,0,0,-9.5648,0
60,55,Box,5.5,0.755861,0,0,-9.5648,0
60,56,Box,6.6,0.755861,0,0,-9.5648,0
60,57,Box,7.7,0.755861,0,0,-9.5648,0
60,58,Box,8.8,0.755861,0,0,-9.5648,0
60,59,Box,9.9,0.755861,0,0,-9.5648,0
60,60,Box,0,1.85586,0,0,-9.5648,0
60,61,Box,1.1,1.85586,0,0,-9.5648,0
60,62,Box,2.2,1.85586,0,0,-9.5648,0
60,63,Box,3.3,1.85586,0,0,-9.5648,0
60,64,Box,4.4,1.85586,0,0,-9.5648,0
60,65,Box,5.5,1.85586,0,0,-9.5648,0
60,66,Box,6.6,1.85586,0,0,-9.5648,0
60,67,Box,7.7,1.85586,0,0,-9.5648,0
60,68,Box,8.8,1.85586,0,0,-9.5648,0
60,69,Box,9.9,1.85586,0,0,-9.5648,0
60,70,Box,0,2.95586,0,0,-9.5648,0
60,71,Box,1.1,2.95586,0,0,-9.5648,0
60,72,Box,2.2,2.95586,0,0,-9.5648,0
60,73,Box,3.3,2.95586,0,0,-9.5648,0
60,74,Box,4.4,2.95586,0,0,-9.5648,0
60,75,Box,5.5,2.95586,0,0,-9.5648,0
60,76,Box,6.6,2.95586,0,0,-9.5648,0
60,77,Box,7.7,2.95586,0,0,-9.5648,0
60,78,Box,8.8,2.95586,0,0,-9.5648,0
60,79,Box,9.9,2.95586,0,0,-9.5648,0
60,80,Box,0,4.05586,0,0,-9.5648,0
60,81,Box,1.1,4.05586,0,0,-9.5648,0
60,82,Box,2.2,4.05586,0,0,-9.5648,0
60,83,Box,3.3,4.05586,0,0,-9.5648,0
60,84,Box,4.4,4.05586,0,0,-9.5648,0
60,85,Box,5.5,4.05586,0,0,-9.5648,0
60,86,Box,6.6,4.05586,0,0,-9.5648,0
60,87,Box,7.7,4.05586,0,0,-9.5648,0
60,88,Box,8.8,4.05586,0,0,-9.5648,0
60,89,Box,9.9,4.05586,0,0,-9.5648,0
60,90,Box,0,5.15586,0,0,-9.5648,0
60,91,Box,1.1,5.15586,0,0,-9.5648,0
60,92,Box,2.2,5.15586,0,0,-9.5648,0
60,93,Box,3.3,5.15586,0,0,-9.5648,0
60,94,Box,4.4,5.15586,0,0,-9.5648,0
60,95,Box,5.5,5.15586,0,0,-9.5648,0
60,96,Box,6.6,5.15586,0,0,-9.5648,0
60,97,Box,7.7,5.15586,0,0,-9.5648,0
60,98,Box,8.8,5.15586,0,0,-9.5648,0
60,99,Box,9.9,5.15586,0,0,-9.5648,0
60,100,Circle,-4.44,5.33442,0,60,-1.7248,0
61,0,Box,0,-4.89969,0,0,-9.7216,0
61,1,Box,1.1,-4.89969,0,0,-9.7216,0
61,2,Box,2.2,-4.89969,0,0,-9.7216,0
61,3,Box,3.3,-4.89969,0,0,-9.7216,0
61,4,Box,4.4,-4.89969,0,0,-9.7216,0
61,5,Box,5.5,-4.89969,0,0,-9.7216,0
61,6,Box,6.6,-4.89969,0,0,-9.7216,0
61,7,Box,7.7,-4.89969,0,0,-9.7216,0
61,8,Box,8.8,-4.89969,0,0,-9.7216,0
61,9,Box,9.9,-4.89969,0,0,-9.7216,0
61,10,Box,0,-3.79969,0,0,-9.7216,0
61,11,Box,1.1,-3.79969,0,0,-9.7216,0
61,12,Box,2.2,-3.79969,0,0,-9.7216,0
61,13,Box,3.3,-3.79969,0,0,-9.7216,0
61,14,Box,4.4,-3.79969,0,0,-9.7216,0
61,15,Box,5.5,-3.79969,0,0,-9.7216,0
61,16,Box,6.6,-3.79969,0,0,-9.7216,0
61,17,Box,7.7,-3.79969,0,0,-9.7216,0
61,18,Box,8.8,-3.79969,0,0,-9.7216,0
61,19,Box,9.9,-3.79969,0,0,-9.7216,0
61,20,Box,0,-2.69969,0,0,-9.7216,0
61,21,Box,1.1,-2.69969,0,0,-9.7216,0
61,22,Box,2.2,-2.69969,0,0,-9.7216,0
61,23,Box,3.3,-2.69969,0,0,-9.7216,0
61,24,Box,4.4,-2.69969,0,0,-9.7216,0
61,25,Box,5.5,-2.69969,0,0,-9.7216,0
61,26,Box,6.6,-2.69969,0,0,-9.7216,0
61,27,Box,7.7,-2.69969,0,0,-9.7216,0
61,28,Box,8.8,-2.69969,0,0,-9.7216,0
61,29,Box,9.9,-2.69969,0,0,-9.7216,0
61,30,Box,0,-1.59968,0,0,-9.7216,0
61,31,Box,1.1,-1.59968,0,0,-9.7216,0
61,32,Box,2.2,-1.59968,0,0,-9.7216,0
61,33,Box,3.3,-1.59968,0,0,-9.7216,0
61,34,Box,4.4,-1.59968,0,0,-9.7216,0
61,35,Box,5.5,-1.59968,0,0,-9.7216,0
61,36,Box,6.6,-1.59968,0,0,-9.7216,0
61,37,Box,7.7,-1.59968,0,0,-9.7216,0
61,38,Box,8.8,-1.59968,0,0,-9.7216,0
61,39,Box,9.9,-1.59968,0,0,-9.7216,0
61,40,Box,0,-0.499685,0,0,-9.7216,0
61,41,Box,1.1,-0.499685,0,0,-9.7216,0
61,42,Box,2.2,-0.499685,0,0,-9.7216,0
61,43,Box,3.3,-0.499685,0,0,-9.7216,0
61,44,Box,4.4,-0.499685,0,0,-9.7216,0
61,45,Box,5.5,-0.499685,0,0,-9.7216,0
61,46,Box,6.6,-0.499685,0,0,-9.7216,0
61,47,Box,7.7,-0.499685,0,0,-9.7216,0
61,48,Box,8.8,-0.499685,0,0,-9.7216,0
61,49,Box,9.9,-0.499685,0,0,-9.7216,0
61,50,Box,0,0.600315,0,0,-9.7216,0
61,51,Box,1.1,0.600315,0,0,-9.7216,0
61,52,Box,2.2,0.600315,0,0,-9.7216,0
61,53,Box,3.3,0.600315,0,0,-9.7216,0
61,54,Box,4.4,0.600315,0,0,-9.7216,0
61,55,Box,5.5,0.600315,0,0,-9.7216,0
61,56,Box,6.6,0.600315,0,0,-9.7216,0
61,57,Box,7.7,0.600315,0,0,-9.7216,0
61,58,Box,8.8,0.600315,0,0,-9.7216,0
61,59,Box,9.9,0.600315,0,0,-9.7216,0
61,60,Box,0,1.70032,0,0,-9.7216,0
61,61,Box,1.1,1.70032,0,0,-9.7216,0
61,62,Box,2.2,1.70032,0,0,-9.7216,0
61,63,Box,3.3,1.70032,0,0,-9.7216,0
61,64,Box,4.4,1.70032,0,0,-9.7216,0
61,65,Box,5.5,1.70032,0,0,-9.7216,0
61,66,Box,6.6,1.70032,0,0,-9.7216,0
61,67,Box,7.7,1.70032,0,0,-9.7216,0
61,68,Box,8.8,1.70032,0,0,-9.7216,0
61,69,Box,9.9,1.70032,0,0,-9.7216,0
61,70,Box,0,2.80032,0,0,-9.7216,0
61,71,Box,1.1,2.80032,0,0,-9.7216,0
61,72,Box,2.2,2.80032,0,0,-9.7216,0
61,73,Box,3.3,2.80032,0,0,-9.7216,0
61,74,Box,4.4,2.80032,0,0,-9.7216,0
61,75,Box,5.5,2.80032,0,0,-9.7216,0
61,76,Box,6.6,2.80032,0,0,-9.7216,0
61,77,Box,7.7,2.80032,0,0,-9.7216,0
61,78,Box,8.8,2.80032,0,0,-9.7216,0
61,79,Box,9.9,2.80032,0,0,-9.7216,0
61,80,Box,0,3.90032,0,0,-9.7216,0
61,81,Box,1.1,3.90032,0,0,-9.7216,0
61,82,Box,2.2,3.90032,0,0,-9.7216,0
61,83,Box,3.3,3.90032,0,0,-9.7216,0
61,84,Box,4.4,3.90032,0,0,-9.7216,0
61,85,Box,5.5,3.90032,0,0,-9.7216,0
61,86,Box,6.6,3.90032,0,0,-9.7216,0
61,87,Box,7.7,3.90032,0,0,-9.7216,0
61,88,Box,8.8,3.90032,0,0,-9.7216,0
61,89,Box,9.9,3.90032,0,0,-9.7216,0
61,90,Box,0,5.00032,0,0,-9.7216,0
61,91,Box,1.1,5.00032,0,0,-9.7216,0
61,92,Box,2.2,5.00032,0,0,-9.7216,0
61,93,Box,3.3,5.00032,0,0,-9.7216,0
61,94,Box,4.4,5.00032,0,0,-9.7216,0
61,95,Box,5.5,5.00032,0,0,-9.7216,0
61,96,Box,6.6,5.00032,0,0,-9.7216,0
61,97,Box,7.7,5.00032,0,0,-9.7216,0
61,98,Box,8.8,5.00032,0,0,-9.7216,0
61,99,Box,9.9,5.00032,0,0,-9.7216,0
61,100,Circle,-3.48,5.30431,0,60,-1.8816,0
62,0,Box,0,-5.05774,0,0,-9.8784,0
62,1,Box,1.1,-5.05774,0,0,-9.8784,0
62,2,Box,2.2,-5.05774,0,0,-9.8784,0
62,3,Box,3.3,-5.05774,0,0,-9.8784,0
62,4,Box,4.4,-5.05774,0,0,-9.8784,0
62,5,Box,5.5,-5.05774,0,0,-9.8784,0
62,6,Box,6.6,-5.05774,0,0,-9.8784,0
62,7,Box,7.7,-5.05774,0,0,-9.8784,0
62,8,Box,8.8,-5.05774,0,0,-9.8784,0
62,9,Box,9.9,-5.05774,0,0,-9.8784,0
62,10,Box,0,-3.95774,0,0,-9.8784,0
62,11,Box,1.1,-3.95774,0,0,-9.8784,0
62,12,Box,2.2,-3.95774,0,0,-9.8784,0
62,13,Box,3.3,-3.95774,0,0,-9.8784,0
62,14,Box,4.4,-3.95774,0,0,-9.8784,0
62,15,Box,5.5,-3.95774,0,0,-9.8784,0
62,16,Box,6.6,-3.95774,0,0,-9.8784,0
62,17,Box,7.7,-3.95774,0,0,-9.8784,0
62,18,Box,8.8,-3.95774,0,0,-9.8784,0
62,19,Box,9.9,-3.95774,0,0,-9.8784,0
62,20,Box,0,-2.85774,0,0,-9.8784,0
62,21,Box,1.1,-2.85774,0,0,-9.8784,0
62,22,Box,2.2,-2.85774,0,0,-9.8784,0
62,23,Box,3.3,-2.85774,0,0,-9.8784,0
62,24,Box,4.4,-2.85774,0,0,-9.8784,0
62,25,Box,5.5,-2.85774,0,0,-9.8784,0
62,26,Box,6.6,-2.85774,0,0,-9.8784,0
62,27,Box,7.7,-2.85774,0,0,-9.8784,0
62,28,Box,8.8,-2.85774,0,0,-9.8784,0
62,29,Box,9.9,-2.85774,0,0,-9.8784,0
62,30,Box,0,-1.75774,0,0,-9.8784,0
62,31,Box,1.1,-1.75774,0,0,-9.8784,0
62,32,Box,2.2,-1.75774,0,0,-9.8784,0
62,33,Box,3.3,-1.75774,0,0,-9.8784,0
62,34,Box,4.4,-1.75774,0,0,-9.8784,0
62,35,Box,5.5,-1.75774,0,0,-9.8784,0
62,36,Box,6.6,-1.75774,0,0,-9.8784,0
62,37,Box,7.7,-1.75774,0,0,-9.8784,0
62,38,Box,8.8,-1.75774,0,0,-9.8784,0
62,39,Box,9.9,-1.75774,0,0,-9.8784,0
62,40,Box,0,-0.657739,0,0,-9.8784,0
62,41,Box,1.1,-0.657739,0,0,-9.8784,0
62,42,Box,2.2,-0.657739,0,0,-9.8784,0
62,43,Box,3.3,-0.657739,0,0,-9.8784,0
62,44,Box,4.4,-0.657739,0,0,-9.8784,0
62,45,Box,5.5,-0.657739,0,0,-9.8784,0
62,46,Box,6.6,-0.657739,0,0,-9.8784,0
62,47,Box,7.7,-0.657739,0,0,-9.8784,0
62,48,Box,8.8,-0.657739,0,0,-9.8784,0
62,49,Box,9.9,-0.657739,0,0,-9.8784,0
62,50,Box,0,0.442261,0,0,-9.8784,0
62,51,Box,1.1,0.442261,0,0,-9.8784,0
62,52,Box,2.2,0.442261,0,0,-9.8784,0
62,53,Box,3.3,0.442261,0,0,-9.8784,0
62,54,Box,4.4,0.442261,0,0,-9.8784,0
62,55,Box,5.5,0.442261,0,0,-9.8784,0
62,56,Box,6.6,0.442261,0,0,-9.8784,0
62,57,Box,7.7,0.442261,0,0,-9.8784,0
62,58,Box,8.8,0.442261,0,0,-9.8784,0
62,59,Box,9.9,0.442261,0,0,-9.8784,0
62,60,Box,0,1.54226,0,0,-9.8784,0
62,61,Box,1.1,1.54226,0,0,-9.8784,0
62,62,Box,2.2,1.54226,0,0,-9.8784,0
62,63,Box,3.3,1.54226,0,0,-9.8784,0
62,64,Box,4.4,1.54226,0,0,-9.8784,0
62,65,Box,5.5,1.54226,0,0,-9.8784,0
62,66,Box,6.6,1.54226,0,0,-9.8784,0
62,67,Box,7.7,1.54226,0,0,-9.8784,0
62,68,Box,8.8,1.54226,0,0,-9.8784,0
62,69,Box,9.9,1.54226,0,0,-9.8784,0
62,70,Box,0,2.64226,0,0,-9.8784,0
62,71,Box,1.1,2.64226,0,0,-9.8784,0
62,72,Box,2.2,2.64226,0,0,-9.8784,0
62,73,Box,3.3,2.64226,0,0,-9.8784,0
62,74,Box,4.4,2.64226,0,0,-9.8784,0
62,75,Box,5.5,2.64226,0,0,-9.8784,0
62,76,Box,6.6,2.64226,0,0,-9.8784,0
62,77,Box,7.7,2.64226,0,0,-9.8784,0
62,78,Box,8.8,2.64226,0,0,-9.8784,0
62,79,Box,9.9,2.64226,0,0,-9.8784,0
62,80,Box,0,3.74226,0,0,-9.8784,0
62,81,Box,1.1,3.74226,0,0,-9.8784,0
62,82,Box,2.2,3.74226,0,0,-9.8784,0
62,83,Box,3.3,3.74226,0,0,-9.8784,0
62,84,Box,4.4,3.74226,0,0,-9.8784,0
62,85,Box,5.5,3.74226,0,0,-9.8784,0
62,86,Box,6.6,3.74226,0,0,-9.8784,0
62,87,Box,7.7,3.74226,0,0,-9.8784,0
62,88,Box,8.8,3.74226,0,0,-9.8784,0
62,89,Box,9.9,3.74226,0,0,-9.8784,0
62,90,Box,0,4.84226,0,0,-9.8784,0
62,91,Box,1.1,4.84226,0,0,-9.8784,0
62,92,Box,2.2,4.84226,0,0,-9.8784,0
62,93,Box,3.3,4.84226,0,0,-9.8784,0
62,94,Box,4.4,4.84226,0,0,-9.8784,0
62,95,Box,5.5,4.84226,0,0,-9.8784,0
62,96,Box,6.6,4.84226,0,0,-9.8784,0
62,97,Box,7.7,4.84226,0,0,-9.8784,0
62,98,Box,8.8,4.84226,0,0,-9.8784,0
62,99,Box,9.9,4.84226,0,0,-9.8784,0
62,100,Circle,-2.52,5.2717,0,60,-2.0384,0
63,0,Box,0,-5.2183,0,0,-10.0352,0
63,1,Box,1.1,-5.2183,0,0,-10.0352,0
63,2,Box,2.2,-5.2183,0,0,-10.0352,0
63,3,Box,3.3,-5.2183,0,0,-10.0352,0
63,4,Box,4.4,-5.2183,0,0,-10.0352,0
63,5,Box,5.5,-5.2183,0,0,-10.0352,0
63,6,Box,6.6,-5.2183,0,0,-10.0352,0
63,7,Box,7.7,-5.2183,0,0,-10.0352,0
63,8,Box,8.8,-5.2183,0,0,-10.0352,0
63,9,Box,9.9,-5.2183,0,0,-10.0352,0
63,10,Box,0,-4.1183,0,0,-10.0352,0
63,11,Box,1.1,-4.1183,0,0,-10.0352,0
63,12,Box,2.2,-4.1183,0,0,-10.0352,0
63,13,Box,3.3,-4.1183,0,0,-10.0352,0
63,14,Box,4.4,-4.1183,0,0,-10.0352,0
63,15,Box,5.5,-4.1183,0,0,-10.0352,0
63,16,Box,6.6,-4.1183,0,0,-10.0352,0
63,17,Box,7.7,-4.1183,0,0,-10.0352,0
63,18,Box,8.8,-4.1183,0,0,-10.0352,0
63,19,Box,9.9,-4.1183,0,0,-10.0352,0
63,20,Box,0,-3.0183,0,0,-10.0352,0
63,21,Box,1.1,-3.0183,0,0,-10.0352,0
63,22,Box,2.2,-3.0183,0,0,-10.0352,0
63,23,Box,3.3,-3.0183,0,0,-10.0352,0
63,24,Box,4.4,-3.0183,0,0,-10.0352,0
63,25,Box,5.5,-3.0183,0,0,-10.0352,0
63,26,Box,6.6,-3.0183,0,0,-10.0352,0
63,27,Box,7.7,-3.0183,0,0,-10.0352,0
63,28,Box,8.8,-3.0183,0,0,-10.0352,0
63,29,Box,9.9,-3.0183,0,0,-10.0352,0
63,30,Box,0,-1.9183,0,0,-10.0352,0
63,31,Box,1.1,-1.9183,0,0,-10.0352,0
63,32,Box,2.2,-1.9183,0,0,-10.0352,0
63,33,Box,3.3,-1.9183,0,0,-10.0352,0
63,34,Box,4.4,-1.9183,0,0,-10.0352,0
63,35,Box,5.5,-1.9183,0,0,-10.0352,0
63,36,Box,6.6,-1.9183,0,0,-10.0352,0
63,37,Box,7.7,-1.9183,0,0,-10.0352,0
63,38,Box,8.8,-1.9183,0,0,-10.0352,0
63,39,Box,9.9,-1.9183,0,0,-10.0352,0
63,40,Box,0,-0.818302,0,0,-10.0352,0
63,41,Box,1.1,-0.818302,0,0,-10.0352,0
63,42,Box,2.2,-0.818302,0,0,-10.0352,0
63,43,Box,3.3,-0.818302,0,0,-10.0352,0
63,44,Box,4.4,-0.818302,0,0,-10.0352,0
63,45,Box,5.5,-0.818302,0,0,-10.0352,0
63,46,Box,6.6,-0.818302,0,0,-10.0352,0
63,47,Box,7.7,-0.818302,0,0,-10.0352,0
63,48,Box,8.8,-0.818302,0,0,-10.0352,0
63,49,Box,9.9,-0.818302,0,0,-10.0352,0
63,50,Box,0,0.281698,0,0,-10.0352,0
63,51,Box,1.1,0.281698,0,0,-10.0352,0
63,52,Box,2.2,0.281698,0,0,-10.0352,0
63,53,Box,3.3,0.281698,0,0,-10.0352,0
63,54,Box,4.4,0.281698,0,0,-10.0352,0
63,55,Box,5.5,0.281698,0,0,-10.0352,0
63,56,Box,6.6,0.281698,0,0,-10.0352,0
63,57,Box,7.7,0.281698,0,0,-10.0352,0
63,58,Box,8.8,0.281698,0,0,-10.0352,0
63,59,Box,9.9,0.281698,0,0,-10.0352,0
63,60,Box,0,1.3817,0,0,-10.0352,0
63,61,Box,1.1,1.3817,0,0,-10.0352,0
63,62,Box,2.2,1.3817,0,0,-10.0352,0
63,63,Box,3.3,1.3817,0,0,-10.0352,0
63,64,Box,4.4,1.3817,0,0,-10.0352,0
63,65,Box,5.5,1.3817,0,0,-10.0352,0
63,66,Box,6.6,1.3817,0,0,-10.0352,0
63,67,Box,7.7,1.3817,0,0,-10.0352,0
63,68,Box,8.8,1.3817,0,0,-10.0352,0
63,69,Box,9.9,1.3817,0,0,-10.0352,0
63,70,Box,0,2.4817,0,0,-10.0352,0
63,71,Box,1.1,2.4817,0,0,-10.0352,0
63,72,Box,2.2,2.4817,0,0,-10.0352,0
63,73,Box,3.3,2.4817,0,0,-10.0352,0
63,74,Box,4.4,2.4817,0,0,-10.0352,0
63,75,Box,5.5,2.4817,0,0,-10.0352,0
63,76,Box,6.6,2.4817,0,0,-10.0352,0
63,77,Box,7.7,2.4817,0,0,-10.0352,0
63,78,Box,8.8,2.4817,0,0,-10.0352,0
63,79,Box,9.9,2.4817,0,0,-10.0352,0
63,80,Box,0,3.5817,0,0,-10.0352,0
63,81,Box,1.1,3.5817,0,0,-10.0352,0
63,82,Box,2.2,3.5817,0,0,-10.0352,0
63,83,Box,3.3,3.5817,0,0,-10.0352,0
63,84,Box,4.4,3.5817,0,0,-10.0352,0
63,85,Box,5.5,3.5817,0,0,-10.0352,0
63,86,Box,6.6,3.5817,0,0,-10.0352,0
63,87,Box,7.7,3.5817,0,0,-10.0352,0
63,88,Box,8.8,3.5817,0,0,-10.0352,0
63,89,Box,9.9,3.5817,0,0,-10.0352,0
63,90,Box,0,4.6817,0,0,-10.0352,0
63,91,Box,1.1,4.6817,0,0,-10.0352,0
63,92,Box,2.2,4.6817,0,0,-10.0352,0
63,93,Box,3.3,4.6817,0,0,-10.0352,0
63,94,Box,4.4,4.6817,0,0,-10.0352,0
63,95,Box,5.5,4.6817,0,0,-10.0352,0
63,96,Box,6.6,4.6817,0,0,-10.0352,0
63,97,Box,7.7,4.6817,0,0,-10.0352,0
63,98,Box,8.8,4.6817,0,0,-10.0352,0
63,99,Box,9.9,4.6817,0,0,-10.0352,0
63,100,Circle,-1.56,5.23658,0,60,-2.1952,0
64,0,Box,0,-5.38137,0,0,-10.192,0
64,1,Box,1.1,-5.38137,0,0,-10.192,0
64,2,Box,2.2,-5.38137,0,0,-10.192,0
64,3,Box,3.3,-5.38137,0,0,-10.192,0
64,4,Box,4.4,-5.38137,0,0,-10.192,0
64,5,Box,5.5,-5.38137,0,0,-10.192,0
64,6,Box,6.6,-5.38137,0,0,-10.192,0
64,7,Box,7.7,-5.38137,0,0,-10.192,0
64,8,Box,8.8,-5.38137,0,0,-10.192,0
64,9,Box,9.9,-5.38137,0,0,-10.192,0
64,10,Box,0,-4.28137,0,0,-10.192,0
64,11,Box,1.1,-4.28137,0,0,-10.192,0
64,12,Box,2.2,-4.28137,0,0,-10.192,0
64,13,Box,3.3,-4.28137,0,0,-10.192,0
64,14,Box,4.4,-4.28137,0,0,-10.192,0
64,15,Box,5.5,-4.28137,0,0,-10.192,0
64,16,Box,6.6,-4.28137,0,0,-10.192,0
64,17,Box,7.7,-4.28137,0,0,-10.192,0
64,18,Box,8.8,-4.28137,0,0,-10.192,0
64,19,Box,9.9,-4.28137,0,0,-10.192,0
64,20,Box,0,-3.18137,0,0,-10.192,0
64,21,Box,1.1,-3.18137,0,0,-10.192,0
64,22,Box,2.2,-3.18137,0,0,-10.192,0
64,23,Box,3.3,-3.18137,0,0,-10.192,0
64,24,Box,4.4,-3.18137,0,0,-10.192,0
64,25,Box,5.5,-3.18137,0,0,-10.192,0
64,26,Box,6.6,-3.18137,0,0,-10.192,0
64,27,Box,7.7,-3.18137,0,0,-10.192,0
64,28,Box,8.8,-3.18137,0,0,-10.192,0
64,29,Box,9.9,-3.18137,0,0,-10.192,0
64,30,Box,0,-2.08137,0,0,-10.192,0
64,31,Box,1.1,-2.08137,0,0,-10.192,0
64,32,Box,2.2,-2.08137,0,0,-10.192,0
64,33,Box,3.3,-2.08137,0,0,-10.192,0
64,34,Box,4.4,-2.08137,0,0,-10.192,0
64,35,Box,5.5,-2.08137,0,0,-10.192,0
64,36,Box,6.6,-2.08137,0,0,-10.192,0
64,37,Box,7.7,-2.08137,0,0,-10.192,0
64,38,Box,8.8,-2.08137,0,0,-10.192,0
64,39,Box,9.9,-2.08137,0,0,-10.192,0
64,40,Box,0,-0.981374,0,0,-10.192,0
64,41,Box,1.1,-0.981374,0,0,-10.192,0
64,42,Box,2.2,-0.981374,0,0,-10.192,0
64,43,Box,3.3,-0.981374,0,0,-10.192,0
64,44,Box,4.4,-0.981374,0,0,-10.192,0
64,45,Box,5.5,-0.981374,0,0,-10.192,0
64,46,Box,6.6,-0.981374,0,0,-10.192,0
64,47,Box,7.7,-0.981374,0,0,-10.192,0
64,48,Box,8.8,-0.981374,0,0,-10.192,0
64,49,Box,9.9,-0.981374,0,0,-10.192,0
64,50,Box,0,0.118626,0,0,-10.192,0
64,51,Box,1.1,0.118626,0,0,-10.192,0
64,52,Box,2.2,0.118626,0,0,-10.192,0
64,53,Box,3.3,0.118626,0,0,-10.192,0
64,54,Box,4.4,0.118626,0,0,-10.192,0
64,55,Box,5.5,0.118626,0,0,-10.192,0
64,56,Box,6.6,0.118626,0,0,-10.192,0
64,57,Box,7.7,0.118626,0,0,-10.192,0
64,58,Box,8.8,0.118626,0,0,-10.192,0
64,59,Box,9.9,0.118626,0,0,-10.192,0
64,60,Box,0,1.21863,0,0,-10.192,0
64,61,Box,1.1,1.21863,0,0,-10.192,0
64,62,Box,2.2,1.21863,0,0,-10.192,0
64,63,Box,3.3,1.21863,0,0,-10.192,0
64,64,Box,4.4,1.21863,0,0,-10.192,0
64,65,Box,5.5,1.21863,0,0,-10.192,0
64,66,Box,6.6,1.21863,0,0,-10.192,0
64,67,Box,7.7,1.21863,0,0,-10.192,0
64,68,Box,8.8,1.21863,0,0,-10.192,0
64,69,Box,9.9,1.21863,0,0,-10.192,0
64,70,Box,0,2.31863,0,0,-10.192,0
64,71,Box,1.1,2.31863,0,0,-10.192,0
64,72,Box,2.2,2.31863,0,0,-10.192,0
64,73,Box,3.3,2.31863,0,0,-10.192,0
64,74,Box,4.4,2.31863,0,0,-10.192,0
64,75,Box,5.5,2.31863,0,0,-10.192,0
64,76,Box,6.6,2.31863,0,0,-10.192,0
64,77,Box,7.7,2.31863,0,0,-10.192,0
64,78,Box,8.8,2.31863,0,0,-10.192,0
64,79,Box,9.9,2.31863,0,0,-10.192,0
64,80,Box,0,3.41863,0,0,-10.192,0
64,81,Box,1.1,3.41863,0,0,-10.192,0
64,82,Box,2.2,3.41863,0,0,-10.192,0
64,83,Box,3.3,3.41863,0,0,-10.192,0
64,84,Box,4.4,3.41863,0,0,-10.192,0
64,85,Box,5.5,3.41863,0,0,-10.192,0
64,86,Box,6.6,3.41863,0,0,-10.192,0
64,87,Box,7.7,3.41863,0,0,-10.192,0
64,88,Box,8.8,3.41863,0,0,-10.192,0
64,89,Box,9.9,3.41863,0,0,-10.192,0
64,90,Box,-0.0350497,4.58183,0,0,-10.192,0
64,91,Box,1.1,4.51863,0,0,-10.192,0
64,92,Box,2.2,4.51863,0,0,-10.192,0
64,93,Box,3.3,4.51863,0,0,-10.192,0
64,94,Box,4.4,4.51863,0,0,-10.192,0
64,95,Box,5.5,4.51863,0,0,-10.192,0
64,96,Box,6.6,4.51863,0,0,-10.192,0
64,97,Box,7.7,4.51863,0,0,-10.192,0
64,98,Box,8.8,4.51863,0,0,-10.192,0
64,99,Box,9.9,4.51863,0,0,-10.192,0
64,100,Circle,-0.555373,5.11847,0,60,-2.352,0
65,0,Box,0,-5.54696,0,0,-10.3488,0
65,1,Box,1.1,-5.54696,0,0,-10.3488,0
65,2,Box,2.2,-5.54696,0,0,-10.3488,0
65,3,Box,3.3,-5.54696,0,0,-10.3488,0
65,4,Box,4.4,-5.54696,0,0,-10.3488,0
65,5,Box,5.5,-5.54696,0,0,-10.3488,0
65,6,Box,6.6,-5.54696,0,0,-10.3488,0
65,7,Box,7.7,-5.54696,0,0,-10.3488,0
65,8,Box,8.8,-5.54696,0,0,-10.3488,0
65,9,Box,9.9,-5.54696,0,0,-10.3488,0
65,10,Box,0,-4.44696,0,0,-10.3488,0
65,11,Box,1.1,-4.44696,0,0,-10.3488,0
65,12,Box,2.2,-4.44696,0,0,-10.3488,0
65,13,Box,3.3,-4.44696,0,0,-10.3488,0
65,14,Box,4.4,-4.44696,0,0,-10.3488,0
65,15,Box,5.5,-4.44696,0,0,-10.3488,0
65,16,Box,6.6,-4.44696,0,0,-10.3488,0
65,17,Box,7.7,-4.44696,0,0,-10.3488,0
65,18,Box,8.8,-4.44696,0,0,-10.3488,0
65,19,Box,9.9,-4.44696,0,0,-10.3488,0
65,20,Box,0,-3.34696,0,0,-10.3488,0
65,21,Box,1.1,-3.34696,0,0,-10.3488,0
65,22,Box,2.2,-3.34696,0,0,-10.3488,0
65,23,Box,3.3,-3.34696,0,0,-10.3488,0
65,24,Box,4.4,-3.34696,0,0,-10.3488,0
65,25,Box,5.5,-3.34696,0,0,-10.3488,0
65,26,Box,6.6,-3.34696,0,0,-10.3488,0
65,27,Box,7.7,-3.34696,0,0,-10.3488,0
65,28,Box,8.8,-3.34696,0,0,-10.3488,0
65,29,Box,9.9,-3.34696,0,0,-10.3488,0
65,30,Box,0,-2.24695,0,0,-10.3488,0
65,31,Box,1.1,-2.24695,0,0,-10.3488,0
65,32,Box,2.2,-2.24695,0,0,-10.3488,0
65,33,Box,3.3,-2.24695,0,0,-10.3488,0
65,34,Box,4.4,-2.24695,0,0,-10.3488,0
65,35,Box,5.5,-2.24695,0,0,-10.3488,0
65,36,Box,6.6,-2.24695,0,0,-10.3488,0
65,37,Box,7.7,-2.24695,0,0,-10.3488,0
65,38,Box,8.8,-2.24695,0,0,-10.3488,0
65,39,Box,9.9,-2.24695,0,0,-10.3488,0
65,40,Box,0,-1.14695,0,0,-10.3488,0
65,41,Box,1.1,-1.14695,0,0,-10.3488,0
65,42,Box,2.2,-1.14695,0,0,-10.3488,0
65,43,Box,3.3,-1.14695,0,0,-10.3488,0
65,44,Box,4.4,-1.14695,0,0,-10.3488,0
65,45,Box,5.5,-1.14695,0,0,-10.3488,0
65,46,Box,6.6,-1.14695,0,0,-10.3488,0
65,47,Box,7.7,-1.14695,0,0,-10.3488,0
65,48,Box,8.8,-1.14695,0,0,-10.3488,0
65,49,Box,9.9,-1.14695,0,0,-10.3488,0
65,50,Box,0,-0.0469551,0,0,-10.3488,0
65,51,Box,1.1,-0.0469551,0,0,-10.3488,0
65,52,Box,2.2,-0.0469551,0,0,-10.3488,0
65,53,Box,3.3,-0.0469551,0,0,-10.3488,0
65,54,Box,4.4,-0.0469551,0,0,-10.3488,0
65,55,Box,5.5,-0.0469551,0,0,-10.3488,0
65,56,Box,6.6,-0.0469551,0,0,-10.3488,0
65,57,Box,7.7,-0.0469551,0,0,-10.3488,0
65,58,Box,8.8,-0.0469551,0,0,-10.3488,0
65,59,Box,9.9,-0.0469551,0,0,-10.3488,0
65,60,Box,0,1.05305,0,0,-10.3488,0
65,61,Box,1.1,1.05305,0,0,-10.3488,0
65,62,Box,2.2,1.05305,0,0,-10.3488,0
65,63,Box,3.3,1.05305,0,0,-10.3488,0
65,64,Box,4.4,1.05305,0,0,-10.3488,0
65,65,Box,5.5,1.05305,0,0,-10.3488,0
65,66,Box,6.6,1.05305,0,0,-10.3488,0
65,67,Box,7.7,1.05305,0,0,-10.3488,0
65,68,Box,8.8,1.05305,0,0,-10.3488,0
65,69,Box,9.9,1.05305,0,0,-10.3488,0
65,70,Box,0,2.15305,0,0,-10.3488,0
65,71,Box,1.1,2.15305,0,0,-10.3488,0
65,72,Box,2.2,2.15305,0,0,-10.3488,0
65,73,Box,3.3,2.15305,0,0,-10.3488,0
65,74,Box,4.4,2.15305,0,0,-10.3488,0
65,75,Box,5.5,2.15305,0,0,-10.3488,0
65,76,Box,6.6,2.15305,0,0,-10.3488,0
65,77,Box,7.7,2.15305,0,0,-10.3488,0
65,78,Box,8.8,2.15305,0,0,-10.3488,0
65,79,Box,9.9,2.15305,0,0,-10.3488,0
65,80,Box,0,3.25305,0,0,-10.3488,0
65,81,Box,1.1,3.25305,0,0,-10.3488,0
65,82,Box,2.2,3.25305,0,0,-10.3488,0
65,83,Box,3.3,3.25305,0,0,-10.3488,0
65,84,Box,4.4,3.25305,0,0,-10.3488,0
65,85,Box,5.5,3.25305,0,0,-10.3488,0
65,86,Box,6.6,3.25305,0,0,-10.3488,0
65,87,Box,7.7,3.25305,0,0,-10.3488,0
65,88,Box,8.8,3.25305,0,0,-10.3488,0
65,89,Box,9.9,3.25305,0,0,-10.3488,0
65,90,Box,-0.0350497,4.50016,0,0.685088,-6.92336,6.98126
65,91,Box,1.06856,4.3893,0,0,-10.3488,0
65,92,Box,2.2,4.35305,0,0,-10.3488,0
65,93,Box,3.3,4.35305,0,0,-10.3488,0
65,94,Box,4.4,4.35305,0,0,-10.3488,0
65,95,Box,5.5,4.35305,0,0,-10.3488,0
65,96,Box,6.6,4.35305,0,0,-10.3488,0
65,97,Box,7.7,4.35305,0,0,-10.3488,0
65,98,Box,8.8,4.35305,0,0,-10.3488,0
65,99,Box,9.9,4.35305,0,0,-10.3488,0
65,100,Circle,0.444654,4.92534,0,59.1277,-6.87021,-1.13108
66,0,Box,0,-5.71504,0,0,-10.5056,0
66,1,Box,1.1,-5.71504,0,0,-10.5056,0
66,2,Box,2.2,-5.71504,0,0,-10.5056,0
66,3,Box,3.3,-5.71504,0,0,-10.5056,0
66,4,Box,4.4,-5.71504,0,0,-10.5056,0
66,5,Box,5.5,-5.71504,0,0,-10.5056,0
66,6,Box,6.6,-5.71504,0,0,-10.5056,0
66,7,Box,7.7,-5.71504,0,0,-10.5056,0
66,8,Box,8.8,-5.71504,0,0,-10.5056,0
66,9,Box,9.9,-5.71504,0,0,-10.5056,0
66,10,Box,0,-4.61505,0,0,-10.5056,0
66,11,Box,1.1,-4.61505,0,0,-10.5056,0
66,12,Box,2.2,-4.61505,0,0,-10.5056,0
66,13,Box,3.3,-4.61505,0,0,-10.5056,0
66,14,Box,4.4,-4.61505,0,0,-10.5056,0
66,15,Box,5.5,-4.61505,0,0,-10.5056,0
66,16,Box,6.6,-4.61505,0,0,-10.5056,0
66,17,Box,7.7,-4.61505,0,0,-10.5056,0
66,18,Box,8.8,-4.61505,0,0,-10.5056,0
66,19,Box,9.9,-4.61505,0,0,-10.5056,0
66,20,Box,0,-3.51504,0,0,-10.5056,0
66,21,Box,1.1,-3.51504,0,0,-10.5056,0
66,22,Box,2.2,-3.51504,0,0,-10.5056,0
66,23,Box,3.3,-3.51504,0,0,-10.5056,0
66,24,Box,4.4,-3.51504,0,0,-10.5056,0
66,25,Box,5.5,-3.51504,0,0,-10.5056,0
66,26,Box,6.6,-3.51504,0,0,-10.5056,0
66,27,Box,7.7,-3.51504,0,0,-10.5056,0
66,28,Box,8.8,-3.51504,0,0,-10.5056,0
66,29,Box,9.9,-3.51504,0,0,-10.5056,0
66,30,Box,0,-2.41504,0,0,-10.5056,0
66,31,Box,1.1,-2.41504,0,0,-10.5056,0
66,32,Box,2.2,-2.41504,0,0,-10.5056,0
66,33,Box,3.3,-2.41504,0,0,-10.5056,0
66,34,Box,4.4,-2.41504,0,0,-10.5056,0
66,35,Box,5.5,-2.41504,0,0,-10.5056,0
66,36,Box,6.6,-2.41504,0,0,-10.5056,0
66,37,Box,7.7,-2.41504,0,0,-10.5056,0
66,38,Box,8.8,-2.41504,0,0,-10.5056,0
66,39,Box,9.9,-2.41504,0,0,-10.5056,0
66,40,Box,0,-1.31504,0,0,-10.5056,0
66,41,Box,1.1,-1.31504,0,0,-10.5056,0
66,42,Box,2.2,-1.31504,0,0,-10.5056,0
66,43,Box,3.3,-1.31504,0,0,-10.5056,0
66,44,Box,4.4,-1.31504,0,0,-10.5056,0
66,45,Box,5.5,-1.31504,0,0,-10.5056,0
66,46,Box,6.6,-1.31504,0,0,-10.5056,0
66,47,Box,7.7,-1.31504,0,0,-10.5056,0
66,48,Box,8.8,-1.31504,0,0,-10.5056,0
66,49,Box,9.9,-1.31504,0,0,-10.5056,0
66,50,Box,0,-0.215045,0,0,-10.5056,0
66,51,Box,1.1,-0.215045,0,0,-10.5056,0
66,52,Box,2.2,-0.215045,0,0,-10.5056,0
66,53,Box,3.3,-0.215045,0,0,-10.5056,0
66,54,Box,4.4,-0.215045,0,0,-10.5056,0
66,55,Box,5.5,-0.215045,0,0,-10.5056,0
66,56,Box,6.6,-0.215045,0,0,-10.5056,0
66,57,Box,7.7,-0.215045,0,0,-10.5056,0
66,58,Box,8.8,-0.215045,0,0,-10.5056,0
66,59,Box,9.9,-0.215045,0,0,-10.5056,0
66,60,Box,0,0.884956,0,0,-10.5056,0
66,61,Box,1.1,0.884956,0,0,-10.5056,0
66,62,Box,2.2,0.884956,0,0,-10.5056,0
66,63,Box,3.3,0.884956,0,0,-10.5056,0
66,64,Box,4.4,0.884956,0,0,-10.5056,0
66,65,Box,5.5,0.884956,0,0,-10.5056,0
66,66,Box,6.6,0.884956,0,0,-10.5056,0
66,67,Box,7.7,0.884956,0,0,-10.5056,0
66,68,Box,8.8,0.884956,0,0,-10.5056,0
66,69,Box,9.9,0.884956,0,0,-10.5056,0
66,70,Box,0,1.98496,0,0,-10.5056,0
66,71,Box,1.1,1.98496,0,0,-10.5056,0
66,72,Box,2.2,1.98496,0,0,-10.5056,0
66,73,Box,3.3,1.98496,0,0,-10.5056,0
66,74,Box,4.4,1.98496,0,0,-10.5056,0
66,75,Box,5.5,1.98496,0,0,-10.5056,0
66,76,Box,6.6,1.98496,0,0,-10.5056,0
66,77,Box,7.7,1.98496,0,0,-10.5056,0
66,78,Box,8.8,1.98496,0,0,-10.5056,0
66,79,Box,9.9,1.98496,0,0,-10.5056,0
66,80,Box,0,3.08496,0,0,-10.5056,0
66,81,Box,1.1,3.08496,0,0,-10.5056,0
66,82,Box,2.2,3.08496,0,0,-10.5056,0
66,83,Box,3.3,3.08496,0,0,-10.5056,0
66,84,Box,4.4,3.08496,0,0,-10.5056,0
66,85,Box,5.5,3.08496,0,0,-10.5056,0
66,86,Box,6.6,3.08496,0,0,-10.5056,0
66,87,Box,7.7,3.08496,0,0,-10.5056,0
66,88,Box,8.8,3.08496,0,0,-10.5056,0
66,89,Box,9.9,3.08496,0,0,-10.5056,0
66,90,Box,-0.0240883,4.38687,0.1117,0.685088,-7.08016,6.98126
66,91,Box,1.06856,4.32369,0,0.360368,-8.70376,2.40151
66,92,Box,2.16457,4.19961,0,0,-10.5056,0
66,93,Box,3.3,4.18496,0,0,-10.5056,0
66,94,Box,4.4,4.18496,0,0,-10.5056,0
66,95,Box,5.5,4.18496,0,0,-10.5056,0
66,96,Box,6.6,4.18496,0,0,-10.5056,0
66,97,Box,7.7,4.18496,0,0,-10.5056,0
66,98,Box,8.8,4.18496,0,0,-10.5056,0
66,99,Box,9.9,4.18496,0,0,-10.5056,0
66,100,Circle,1.43581,4.66375,-0.0180973,58.6689,-9.32118,-1.46769
67,0,Box,0,-5.88564,0,0,-10.6624,0
67,1,Box,1.1,-5.88564,0,0,-10.6624,0
67,2,Box,2.2,-5.88564,0,0,-10.6624,0
67,3,Box,3.3,-5.88564,0,0,-10.6624,0
67,4,Box,4.4,-5.88564,0,0,-10.6624,0
67,5,Box,5.5,-5.88564,0,0,-10.6624,0
67,6,Box,6.6,-5.88564,0,0,-10.6624,0
67,7,Box,7.7,-5.88564,0,0,-10.6624,0
67,8,Box,8.8,-5.88564,0,0,-10.6624,0
67,9,Box,9.9,-5.88564,0,0,-10.6624,0
67,10,Box,0,-4.78564,0,0,-10.6624,0
67,11,Box,1.1,-4.78564,0,0,-10.6624,0
67,12,Box,2.2,-4.78564,0,0,-10.6624,0
67,13,Box,3.3,-4.78564,0,0,-10.6624,0
67,14,Box,4.4,-4.78564,0,0,-10.6624,0
67,15,Box,5.5,-4.78564,0,0,-10.6624,0
67,16,Box,6.6,-4.78564,0,0,-10.6624,0
67,17,Box,7.7,-4.78564,0,0,-10.6624,0
67,18,Box,8.8,-4.78564,0,0,-10.6624,0
67,19,Box,9.9,-4.78564,0,0,-10.6624,0
67,20,Box,0,-3.68564,0,0,-10.6624,0
67,21,Box,1.1,-3.68564,0,0,-10.6624,0
67,22,Box,2.2,-3.68564,0,0,-10.6624,0
67,23,Box,3.3,-3.68564,0,0,-10.6624,0
67,24,Box,4.4,-3.68564,0,0,-10.6624,0
67,25,Box,5.5,-3.68564,0,0,-10.6624,0
67,26,Box,6.6,-3.68564,0,0,-10.6624,0
67,27,Box,7.7,-3.68564,0,0,-10.6624,0
67,28,Box,8.8,-3.68564,0,0,-10.6624,0
67,29,Box,9.9,-3.68564,0,0,-10.6624,0
67,30,Box,0,-2.58564,0,0,-10.6624,0
67,31,Box,1.1,-2.58564,0,0,-10.6624,0
67,32,Box,2.2,-2.58564,0,0,-10.6624,0
67,33,Box,3.3,-2.58564,0,0,-10.6624,0
67,34,Box,4.4,-2.58564,0,0,-10.6624,0
67,35,Box,5.5,-2.58564,0,0,-10.6624,0
67,36,Box,6.6,-2.58564,0,0,-10.6624,0
67,37,Box,7.7,-2.58564,0,0,-10.6624,0
67,38,Box,8.8,-2.58564,0,0,-10.6624,0
67,39,Box,9.9,-2.58564,0,0,-10.6624,0
67,40,Box,0,-1.48564,0,0,-10.6624,0
67,41,Box,1.1,-1.48564,0,0,-10.6624,0
67,42,Box,2.2,-1.48564,0,0,-10.6624,0
67,43,Box,3.3,-1.48564,0,0,-10.6624,0
67,44,Box,4.4,-1.48564,0,0,-10.6624,0
67,45,Box,5.5,-1.48564,0,0,-10.6624,0
67,46,Box,6.6,-1.48564,0,0,-10.6624,0
67,47,Box,7.7,-1.48564,0,0,-10.6624,0
67,48,Box,8.8,-1.48564,0,0,-10.6624,0
67,49,Box,9.9,-1.48564,0,0,-10.6624,0
67,50,Box,0,-0.385643,0,0,-10.6624,0
67,51,Box,1.1,-0.385643,0,0,-10.6624,0
67,52,Box,2.2,-0.385643,0,0,-10.6624,0
67,53,Box,3.3,-0.385643,0,0,-10.6624,0
67,54,Box,4.4,-0.385643,0,0,-10.6624,0
67,55,Box,5.5,-0.385643,0,0,-10.6624,0
67,56,Box,6.6,-0.385643,0,0,-10.6624,0
67,57,Box,7.7,-0.385643,0,0,-10.6624,0
67,58,Box,8.8,-0.385643,0,0,-10.6624,0
67,59,Box,9.9,-0.385643,0,0,-10.6624,0
67,60,Box,0,0.714357,0,0,-10.6624,0
67,61,Box,1.1,0.714357,0,0,-10.6624,0
67,62,Box,2.2,0.714357,0,0,-10.6624,0
67,63,Box,3.3,0.714357,0,0,-10.6624,0
67,64,Box,4.4,0.714357,0,0,-10.6624,0
67,65,Box,5.5,0.714357,0,0,-10.6624,0
67,66,Box,6.6,0.714357,0,0,-10.6624,0
67,67,Box,7.7,0.714357,0,0,-10.6624,0
67,68,Box,8.8,0.714357,0,0,-10.6624,0
67,69,Box,9.9,0.714357,0,0,-10.6624,0
67,70,Box,0,1.81436,0,0,-10.6624,0
67,71,Box,1.1,1.81436,0,0,-10.6624,0
67,72,Box,2.2,1.81436,0,0,-10.6624,0
67,73,Box,3.3,1.81436,0,0,-10.6624,0
67,74,Box,4.4,1.81436,0,0,-10.6624,0
67,75,Box,5.5,1.81436,0,0,-10.6624,0
67,76,Box,6.6,1.81436,0,0,-10.6624,0
67,77,Box,7.7,1.81436,0,0,-10.6624,0
67,78,Box,8.8,1.81436,0,0,-10.6624,0
67,79,Box,9.9,1.81436,0,0,-10.6624,0
67,80,Box,0,2.91436,0,0,-10.6624,0
67,81,Box,1.1,2.91436,0,0,-10.6624,0
67,82,Box,2.2,2.91436,0,0,-10.6624,0
67,83,Box,3.3,2.91436,0,0,-10.6624,0
67,84,Box,4.4,2.91436,0,0,-10.6624,0
67,85,Box,5.5,2.91436,0,0,-10.6624,0
67,86,Box,6.6,2.91436,0,0,-10.6624,0
67,87,Box,7.7,2.91436,0,0,-10.6624,0
67,88,Box,8.8,2.91436,0,0,-10.6624,0
67,89,Box,9.9,2.91436,0,0,-10.6624,0
67,90,Box,-0.0131269,4.27108,0.2234,-0.425079,-7.50372,3.51368
67,91,Box,1.07433,4.18193,0.0384242,1.47054,-8.5938,3.53466
67,92,Box,2.16457,3.89786,0,0,-10.6624,0
67,93,Box,3.28561,4.01436,0,0,-10.6624,0
67,94,Box,4.4,4.01436,0,0,-10.6624,0
67,95,Box,5.5,4.01436,0,0,-10.6624,0
67,96,Box,6.6,4.01436,0,0,-10.6624,0
67,97,Box,7.7,4.01436,0,0,-10.6624,0
67,98,Box,8.8,4.01436,0,0,-10.6624,0
67,99,Box,9.9,4.01436,0,0,-10.6624,0
67,100,Circle,2.39283,4.6791,-0.0415802,58.6689,-9.47798,-1.46769
68,0,Box,0,-6.05875,0,0,-10.8192,0
68,1,Box,1.1,-6.05875,0,0,-10.8192,0
68,2,Box,2.2,-6.05875,0,0,-10.8192,0
68,3,Box,3.3,-6.05875,0,0,-10.8192,0
68,4,Box,4.4,-6.05875,0,0,-10.8192,0
68,5,Box,5.5,-6.05875,0,0,-10.8192,0
68,6,Box,6.6,-6.05875,0,0,-10.8192,0
68,7,Box,7.7,-6.05875,0,0,-10.8192,0
68,8,Box,8.8,-6.05875,0,0,-10.8192,0
68,9,Box,9.9,-6.05875,0,0,-10.8192,0
68,10,Box,0,-4.95875,0,0,-10.8192,0
68,11,Box,1.1,-4.95875,0,0,-10.8192,0
68,12,Box,2.2,-4.95875,0,0,-10.8192,0
68,13,Box,3.3,-4.95875,0,0,-10.8192,0
68,14,Box,4.4,-4.95875,0,0,-10.8192,0
68,15,Box,5.5,-4.95875,0,0,-10.8192,0
68,16,Box,6.6,-4.95875,0,0,-10.8192,0
68,17,Box,7.7,-4.95875,0,0,-10.8192,0
68,18,Box,8.8,-4.95875,0,0,-10.8192,0
68,19,Box,9.9,-4.95875,0,0,-10.8192,0
68,20,Box,0,-3.85875,0,0,-10.8192,0
68,21,Box,1.1,-3.85875,0,0,-10.8192,0
68,22,Box,2.2,-3.85875,0,0,-10.8192,0
68,23,Box,3.3,-3.85875,0,0,-10.8192,0
68,24,Box,4.4,-3.85875,0,0,-10.8192,0
68,25,Box,5.5,-3.85875,0,0,-10.8192,0
68,26,Box,6.6,-3.85875,0,0,-10.8192,0
68,27,Box,7.7,-3.85875,0,0,-10.8192,0
68,28,Box,8.8,-3.85875,0,0,-10.8192,0
68,29,Box,9.9,-3.85875,0,0,-10.8192,0
68,30,Box,0,-2.75875,0,0,-10.8192,0
68,31,Box,1.1,-2.75875,0,0,-10.8192,0
68,32,Box,2.2,-2.75875,0,0,-10.8192,0
68,33,Box,3.3,-2.75875,0,0,-10.8192,0
68,34,Box,4.4,-2.75875,0,0,-10.8192,0
68,35,Box,5.5,-2.75875,0,0,-10.8192,0
68,36,Box,6.6,-2.75875,0,0,-10.8192,0
68,37,Box,7.7,-2.75875,0,0,-10.8192,0
68,38,Box,8.8,-2.75875,0,0,-10.8192,0
68,39,Box,9.9,-2.75875,0,0,-10.8192,0
68,40,Box,0,-1.65875,0,0,-10.8192,0
68,41,Box,1.1,-1.65875,0,0,-10.8192,0
68,42,Box,2.2,-1.65875,0,0,-10.8192,0
68,43,Box,3.3,-1.65875,0,0,-10.8192,0
68,44,Box,4.4,-1.65875,0,0,-10.8192,0
68,45,Box,5.5,-1.65875,0,0,-10.8192,0
68,46,Box,6.6,-1.65875,0,0,-10.8192,0
68,47,Box,7.7,-1.65875,0,0,-10.8192,0
68,48,Box,8.8,-1.65875,0,0,-10.8192,0
68,49,Box,9.9,-1.65875,0,0,-10.8192,0
68,50,Box,0,-0.55875,0,0,-10.8192,0
68,51,Box,1.1,-0.55875,0,0,-10.8192,0
68,52,Box,2.2,-0.55875,0,0,-10.8192,0
68,53,Box,3.3,-0.55875,0,0,-10.8192,0
68,54,Box,4.4,-0.55875,0,0,-10.8192,0
68,55,Box,5.5,-0.55875,0,0,-10.8192,0
68,56,Box,6.6,-0.55875,0,0,-10.8192,0
68,57,Box,7.7,-0.55875,0,0,-10.8192,0
68,58,Box,8.8,-0.55875,0,0,-10.8192,0
68,59,Box,9.9,-0.55875,0,0,-10.8192,0
68,60,Box,0,0.54125,0,0,-10.8192,0
68,61,Box,1.1,0.54125,0,0,-10.8192,0
68,62,Box,2.2,0.54125,0,0,-10.8192,0
68,63,Box,3.3,0.54125,0,0,-10.8192,0
68,64,Box,4.4,0.54125,0,0,-10.8192,0
68,65,Box,5.5,0.54125,0,0,-10.8192,0
68,66,Box,6.6,0.54125,0,0,-10.8192,0
68,67,Box,7.7,0.54125,0,0,-10.8192,0
68,68,Box,8.8,0.54125,0,0,-10.8192,0
68,69,Box,9.9,0.54125,0,0,-10.8192,0
68,70,Box,0,1.64125,0,0,-10.8192,0
68,71,Box,1.1,1.64125,0,0,-10.8192,0
68,72,Box,2.2,1.64125,0,0,-10.8192,0
68,73,Box,3.3,1.64125,0,0,-10.8192,0
68,74,Box,4.4,1.64125,0,0,-10.8192,0
68,75,Box,5.5,1.64125,0,0,-10.8192,0
68,76,Box,6.6,1.64125,0,0,-10.8192,0
68,77,Box,7.7,1.64125,0,0,-10.8192,0
68,78,Box,8.8,1.64125,0,0,-10.8192,0
68,79,Box,9.9,1.64125,0,0,-10.8192,0
68,80,Box,0,2.74125,0,0,-10.8192,0
68,81,Box,1.1,2.74125,0,0,-10.8192,0
68,82,Box,2.2,2.74125,0,0,-10.8192,0
68,83,Box,3.3,2.74125,0,0,-10.8192,0
68,84,Box,4.4,2.74125,0,0,-10.8192,0
68,85,Box,5.5,2.74125,0,0,-10.8192,0
68,86,Box,6.6,2.74125,0,0,-10.8192,0
68,87,Box,7.7,2.74125,0,0,-10.8192,0
68,88,Box,8.8,2.74125,0,0,-10.8192,0
68,89,Box,9.9,2.74125,0,0,-10.8192,0
68,90,Box,-0.0199281,4.14852,0.279619,-0.425079,-7.66052,3.51368
68,91,Box,1.09786,4.04192,0.0949787,1.47054,-8.7506,3.53466
68,92,Box,2.16457,3.72475,0,0,-10.8192,0
68,93,Box,3.28561,3.84125,0,0,-10.8192,0
68,94,Box,4.4,3.84125,0,0,-10.8192,0
68,95,Box,5.5,3.84125,0,0,-10.8192,0
68,96,Box,6.6,3.84125,0,0,-10.8192,0
68,97,Box,7.7,3.84125,0,0,-10.8192,0
68,98,Box,8.8,3.84125,0,0,-10.8192,0
68,99,Box,9.9,3.84125,0,0,-10.8192,0
68,100,Circle,3.33154,4.52494,-0.0650632,58.6689,-9.63478,-1.46769
69,0,Box,0,-6.23437,0,0,-10.976,0
69,1,Box,1.1,-6.23437,0,0,-10.976,0
69,2,Box,2.2,-6.23437,0,0,-10.976,0
69,3,Box,3.3,-6.23437,0,0,-10.976,0
69,4,Box,4.4,-6.23437,0,0,-10.976,0
69,5,Box,5.5,-6.23437,0,0,-10.976,0
69,6,Box,6.6,-6.23437,0,0,-10.976,0
69,7,Box,7.7,-6.23437,0,0,-10.976,0
69,8,Box,8.8,-6.23437,0,0,-10.976,0
69,9,Box,9.9,-6.23437,0,0,-10.976,0
69,10,Box,0,-5.13437,0,0,-10.976,0
69,11,Box,1.1,-5.13437,0,0,-10.976,0
69,12,Box,2.2,-5.13437,0,0,-10.976,0
69,13,Box,3.3,-5.13437,0,0,-10.976,0
69,14,Box,4.4,-5.13437,0,0,-10.976,0
69,15,Box,5.5,-5.13437,0,0,-10.976,0
69,16,Box,6.6,-5.13437,0,0,-10.976,0
69,17,Box,7.7,-5.13437,0,0,-10.976,0
69,18,Box,8.8,-5.13437,0,0,-10.976,0
69,19,Box,9.9,-5.13437,0,0,-10.976,0
69,20,Box,0,-4.03437,0,0,-10.976,0
69,21,Box,1.1,-4.03437,0,0,-10.976,0
69,22,Box,2.2,-4.03437,0,0,-10.976,0
69,23,Box,3.3,-4.03437,0,0,-10.976,0
69,24,Box,4.4,-4.03437,0,0,-10.976,0
69,25,Box,5.5,-4.03437,0,0,-10.976,0
69,26,Box,6.6,-4.03437,0,0,-10.976,0
69,27,Box,7.7,-4.03437,0,0,-10.976,0
69,28,Box,8.8,-4.03437,0,0,-10.976,0
69,29,Box,9.9,-4.03437,0,0,-10.976,0
69,30,Box,0,-2.93437,0,0,-10.976,0
69,31,Box,1.1,-2.93437,0,0,-10.976,0
69,32,Box,2.2,-2.93437,0,0,-10.976,0
69,33,Box,3.3,-2.93437,0,0,-10.976,0
69,34,Box,4.4,-2.93437,0,0,-10.976,0
69,35,Box,5.5,-2.93437,0,0,-10.976,0
69,36,Box,6.6,-2.93437,0,0,-10.976,0
69,37,Box,7.7,-2.93437,0,0,-10.976,0
69,38,Box,8.8,-2.93437,0,0,-10.976,0
69,39,Box,9.9,-2.93437,0,0,-10.976,0
69,40,Box,0,-1.83437,0,0,-10.976,0
69,41,Box,1.1,-1.83437,0,0,-10.976,0
69,42,Box,2.2,-1.83437,0,0,-10.976,0
69,43,Box,3.3,-1.83437,0,0,-10.976,0
69,44,Box,4.4,-1.83437,0,0,-10.976,0
69,45,Box,5.5,-1.83437,0,0,-10.976,0
69,46,Box,6.6,-1.83437,0,0,-10.976,0
69,47,Box,7.7,-1.83437,0,0,-10.976,0
69,48,Box,8.8,-1.83437,0,0,-10.976,0
69,49,Box,9.9,-1.83437,0,0,-10.976,0
69,50,Box,0,-0.734366,0,0,-10.976,0
69,51,Box,1.1,-0.734366,0,0,-10.976,0
69,52,Box,2.2,-0.734366,0,0,-10.976,0
69,53,Box,3.3,-0.734366,0,0,-10.976,0
69,54,Box,4.4,-0.734366,0,0,-10.976,0
69,55,Box,5.5,-0.734366,0,0,-10.976,0
69,56,Box,6.6,-0.734366,0,0,-10.976,0
69,57,Box,7.7,-0.734366,0,0,-10.976,0
69,58,Box,8.8,-0.734366,0,0,-10.976,0
69,59,Box,9.9,-0.734366,0,0,-10.976,0
69,60,Box,0,0.365634,0,0,-10.976,0
69,61,Box,1.1,0.365634,0,0,-10.976,0
69,62,Box,2.2,0.365634,0,0,-10.976,0
69,63,Box,3.3,0.365634,0,0,-10.976,0
69,64,Box,4.4,0.365634,0,0,-10.976,0
69,65,Box,5.5,0.365634,0,0,-10.976,0
69,66,Box,6.6,0.365634,0,0,-10.976,0
69,67,Box,7.7,0.365634,0,0,-10.976,0
69,68,Box,8.8,0.365634,0,0,-10.976,0
69,69,Box,9.9,0.365634,0,0,-10.976,0
69,70,Box,0,1.46563,0,0,-10.976,0
69,71,Box,1.1,1.46563,0,0,-10.976,0
69,72,Box,2.2,1.46563,0,0,-10.976,0
69,73,Box,3.3,1.46563,0,0,-10.976,0
69,74,Box,4.4,1.46563,0,0,-10.976,0
69,75,Box,5.5,1.46563,0,0,-10.976,0
69,76,Box,6.6,1.46563,0,0,-10.976,0
69,77,Box,7.7,1.46563,0,0,-10.976,0
69,78,Box,8.8,1.46563,0,0,-10.976,0
69,79,Box,9.9,1.46563,0,0,-10.976,0
69,80,Box,0,2.56563,0,0,-10.976,0
69,81,Box,1.1,2.56563,0,0,-10.976,0
69,82,Box,2.2,2.56563,0,0,-10.976,0
69,83,Box,3.3,2.56563,0,0,-10.976,0
69,84,Box,4.4,2.56563,0,0,-10.976,0
69,85,Box,5.5,2.56563,0,0,-10.976,0
69,86,Box,6.6,2.56563,0,0,-10.976,0
69,87,Box,7.7,2.56563,0,0,-10.976,0
69,88,Box,8.8,2.56563,0,0,-10.976,0
69,89,Box,9.9,2.56563,0,0,-10.976,0
69,90,Box,-0.0267294,4.02344,0.335838,-0.425079,-7.81732,3.51368
69,91,Box,1.11942,3.8994,0.151533,0.0336819,-9.19477,-1.05819
69,92,Box,2.16654,3.54914,0,1.43685,-10.6886,-0.225478
69,93,Box,3.28561,3.66563,0,0,-10.976,0
69,94,Box,4.4,3.73884,0,0.149657,-10.2277,-1.03156
69,95,Box,5.5,3.66563,0,0,-10.976,0
69,96,Box,6.6,3.66563,0,0,-10.976,0
69,97,Box,7.7,3.66563,0,0,-10.976,0
69,98,Box,8.8,3.66563,0,0,-10.976,0
69,99,Box,9.9,3.66563,0,0,-10.976,0
69,100,Circle,4.27024,4.27507,-0.0885462,58.4783,-10.7443,-1.77659
70,0,Box,0,-6.41249,0,0,-11.1328,0
70,1,Box,1.1,-6.41249,0,0,-11.1328,0
70,2,Box,2.2,-6.41249,0,0,-11.1328,0
70,3,Box,3.3,-6.41249,0,0,-11.1328,0
70,4,Box,4.4,-6.41249,0,0,-11.1328,0
70,5,Box,5.5,-6.41249,0,0,-11.1328,0
70,6,Box,6.6,-6.41249,0,0,-11.1328,0
70,7,Box,7.7,-6.41249,0,0,-11.1328,0
70,8,Box,8.8,-6.41249,0,0,-11.1328,0
70,9,Box,9.9,-6.41249,0,0,-11.1328,0
70,10,Box,0,-5.31249,0,0,-11.1328,0
70,11,Box,1.1,-5.31249,0,0,-11.1328,0
70,12,Box,2.2,-5.31249,0,0,-11.1328,0
70,13,Box,3.3,-5.31249,0,0,-11.1328,0
70,14,Box,4.4,-5.31249,0,0,-11.1328,0
70,15,Box,5.5,-5.31249,0,0,-11.1328,0
70,16,Box,6.6,-5.31249,0,0,-11.1328,0
70,17,Box,7.7,-5.31249,0,0,-11.1328,0
70,18,Box,8.8,-5.31249,0,0,-11.1328,0
70,19,Box,9.9,-5.31249,0,0,-11.1328,0
70,20,Box,0,-4.21249,0,0,-11.1328,0
70,21,Box,1.1,-4.21249,0,0,-11.1328,0
70,22,Box,2.2,-4.21249,0,0,-11.1328,0
70,23,Box,3.3,-4.21249,0,0,-11.1328,0
70,24,Box,4.4,-4.21249,0,0,-11.1328,0
70,25,Box,5.5,-4.21249,0,0,-11.1328,0
70,26,Box,6.6,-4.21249,0,0,-11.1328,0
70,27,Box,7.7,-4.21249,0,0,-11.1328,0
70,28,Box,8.8,-4.21249,0,0,-11.1328,0
70,29,Box,9.9,-4.21249,0,0,-11.1328,0
70,30,Box,0,-3.11249,0,0,-11.1328,0
70,31,Box,1.1,-3.11249,0,0,-11.1328,0
70,32,Box,2.2,-3.11249,0,0,-11.1328,0
70,33,Box,3.3,-3.11249,0,0,-11.1328,0
70,34,Box,4.4,-3.11249,0,0,-11.1328,0
70,35,Box,5.5,-3.11249,0,0,-11.1328,0
70,36,Box,6.6,-3.11249,0,0,-11.1328,0
70,37,Box,7.7,-3.11249,0,0,-11.1328,0
70,38,Box,8.8,-3.11249,0,0,-11.1328,0
70,39,Box,9.9,-3.11249,0,0,-11.1328,0
70,40,Box,0,-2.01249,0,0,-11.1328,0
70,41,Box,1.1,-2.01249,0,0,-11.1328,0
70,42,Box,2.2,-2.01249,0,0,-11.1328,0
70,43,Box,3.3,-2.01249,0,0,-11.1328,0
70,44,Box,4.4,-2.01249,0,0,-11.1328,0
70,45,Box,5.5,-2.01249,0,0,-11.1328,0
70,46,Box,6.6,-2.01249,0,0,-11.1328,0
70,47,Box,7.7,-2.01249,0,0,-11.1328,0
70,48,Box,8.8,-2.01249,0,0,-11.1328,0
70,49,Box,9.9,-2.01249,0,0,-11.1328,0
70,50,Box,0,-0.912491,0,0,-11.1328,0
70,51,Box,1.1,-0.912491,0,0,-11.1328,0
70,52,Box,2.2,-0.912491,0,0,-11.1328,0
70,53,Box,3.3,-0.912491,0,0,-11.1328,0
70,54,Box,4.4,-0.912491,0,0,-11.1328,0
70,55,Box,5.5,-0.912491,0,0,-11.1328,0
70,56,Box,6.6,-0.912491,0,0,-11.1328,0
70,57,Box,7.7,-0.912491,0,0,-11.1328,0
70,58,Box,8.8,-0.912491,0,0,-11.1328,0
70,59,Box,9.9,-0.912491,0,0,-11.1328,0
70,60,Box,0,0.187509,0,0,-11.1328,0
70,61,Box,1.1,0.187509,0,0,-11.1328,0
70,62,Box,2.2,0.187509,0,0,-11.1328,0
70,63,Box,3.3,0.187509,0,0,-11.1328,0
70,64,Box,4.4,0.187509,0,0,-11.1328,0
70,65,Box,5.5,0.187509,0,0,-11.1328,0
70,66,Box,6.6,0.187509,0,0,-11.1328,0
70,67,Box,7.7,0.187509,0,0,-11.1328,0
70,68,Box,8.8,0.187509,0,0,-11.1328,0
70,69,Box,9.9,0.187509,0,0,-11.1328,0
70,70,Box,0,1.28751,0,0,-11.1328,0
70,71,Box,1.1,1.28751,0,0,-11.1328,0
70,72,Box,2.2,1.28751,0,0,-11.1328,0
70,73,Box,3.3,1.28751,0,0,-11.1328,0
70,74,Box,4.4,1.28751,0,0,-11.1328,0
70,75,Box,5.5,1.28751,0,0,-11.1328,0
70,76,Box,6.6,1.28751,0,0,-11.1328,0
70,77,Box,7.7,1.28751,0,0,-11.1328,0
70,78,Box,8.8,1.28751,0,0,-11.1328,0
70,79,Box,9.9,1.28751,0,0,-11.1328,0
70,80,Box,0,2.38751,0,0,-11.1328,0
70,81,Box,1.1,2.38751,0,0,-11.1328,0
70,82,Box,2.2,2.38751,0,0,-11.1328,0
70,83,Box,3.3,2.38751,0,0,-11.1328,0
70,84,Box,4.4,2.38751,0,0,-11.1328,0
70,85,Box,5.5,2.38751,0,0,-11.1328,0
70,86,Box,6.6,2.38751,0,0,-11.1328,0
70,87,Box,7.7,2.38751,0,0,-11.1328,0
70,88,Box,8.8,2.38751,0,0,-11.1328,0
70,89,Box,9.9,2.38751,0,0,-11.1328,0
70,90,Box,-0.0335307,3.89585,0.392057,-0.425079,-7.97412,3.51368
70,91,Box,1.11996,3.74977,0.134602,0.0336819,-9.35157,-1.05819
70,92,Box,2.18953,3.37561,-0.00360765,1.43685,-10.8454,-0.225478
70,93,Box,3.28561,3.48751,0,0,-11.1328,0
70,94,Box,4.4502,3.57856,-0.016505,24.9374,-2.18016,-49.1415
70,95,Box,5.5,3.58434,0,0,-11.1328,0
70,96,Box,6.6,3.48751,0,0,-11.1328,0
70,97,Box,7.7,3.48751,0,0,-11.1328,0
70,98,Box,8.8,3.48751,0,0,-11.1328,0
70,99,Box,9.9,3.48751,0,0,-11.1328,0
70,100,Circle,5.14503,3.96988,-0.116972,26.9175,-21.3472,13.7422
71,0,Box,0,-6.59312,0,0,-11.2896,0
71,1,Box,1.1,-6.59312,0,0,-11.2896,0
71,2,Box,2.2,-6.59312,0,0,-11.2896,0
71,3,Box,3.3,-6.59312,0,0,-11.2896,0
71,4,Box,4.4,-6.59312,0,0,-11.2896,0
71,5,Box,5.5,-6.59312,0,0,-11.2896,0
71,6,Box,6.6,-6.59312,0,0,-11.2896,0
71,7,Box,7.7,-6.59312,0,0,-11.2896,0
71,8,Box,8.8,-6.59312,0,0,-11.2896,0
71,9,Box,9.9,-6.59312,0,0,-11.2896,0
71,10,Box,0,-5.49312,0,0,-11.2896,0
71,11,Box,1.1,-5.49312,0,0,-11.2896,0
71,12,Box,2.2,-5.49312,0,0,-11.2896,0
71,13,Box,3.3,-5.49312,0,0,-11.2896,0
71,14,Box,4.4,-5.49312,0,0,-11.2896,0
71,15,Box,5.5,-5.49312,0,0,-11.2896,0
71,16,Box,6.6,-5.49312,0,0,-11.2896,0
71,17,Box,7.7,-5.49312,0,0,-11.2896,0
71,18,Box,8.8,-5.49312,0,0,-11.2896,0
71,19,Box,9.9,-5.49312,0,0,-11.2896,0
71,20,Box,0,-4.39313,0,0,-11.2896,0
71,21,Box,1.1,-4.39313,0,0,-11.2896,0
71,22,Box,2.2,-4.39313,0,0,-11.2896,0
71,23,Box,3.3,-4.39313,0,0,-11.2896,0
71,24,Box,4.4,-4.39313,0,0,-11.2896,0
71,25,Box,5.5,-4.39313,0,0,-11.2896,0
71,26,Box,6.6,-4.39313,0,0,-11.2896,0
71,27,Box,7.7,-4.39313,0,0,-11.2896,0
71,28,Box,8.8,-4.39313,0,0,-11.2896,0
71,29,Box,9.9,-4.39313,0,0,-11.2896,0
71,30,Box,0,-3.29312,0,0,-11.2896,0
71,31,Box,1.1,-3.29312,0,0,-11.2896,0
71,32,Box,2.2,-3.29312,0,0,-11.2896,0
71,33,Box,3.3,-3.29312,0,0,-11.2896,0
71,34,Box,4.4,-3.29312,0,0,-11.2896,0
71,35,Box,5.5,-3.29312,0,0,-11.2896,0
71,36,Box,6.6,-3.29312,0,0,-11.2896,0
71,37,Box,7.7,-3.29312,0,0,-11.2896,0
71,38,Box,8.8,-3.29312,0,0,-11.2896,0
71,39,Box,9.9,-3.29312,0,0,-11.2896,0
71,40,Box,0,-2.19312,0,0,-11.2896,0
71,41,Box,1.1,-2.19312,0,0,-11.2896,0
71,42,Box,2.2,-2.19312,0,0,-11.2896,0
71,43,Box,3.3,-2.19312,0,0,-11.2896,0
71,44,Box,4.4,-2.19312,0,0,-11.2896,0
71,45,Box,5.5,-2.19312,0,0,-11.2896,0
71,46,Box,6.6,-2.19312,0,0,-11.2896,0
71,47,Box,7.7,-2.19312,0,0,-11.2896,0
71,48,Box,8.8,-2.19312,0,0,-11.2896,0
71,49,Box,9.9,-2.19312,0,0,-11.2896,0
71,50,Box,0,-1.09312,0,0,-11.2896,0
71,51,Box,1.1,-1.09312,0,0,-11.2896,0
71,52,Box,2.2,-1.09312,0,0,-11.2896,0
71,53,Box,3.3,-1.09312,0,0,-11.2896,0
71,54,Box,4.4,-1.09312,0,0,-11.2896,0
71,55,Box,5.5,-1.09312,0,0,-11.2896,0
71,56,Box,6.6,-1.09312,0,0,-11.2896,0
71,57,Box,7.7,-1.09312,0,0,-11.2896,0
71,58,Box,8.8,-1.09312,0,0,-11.2896,0
71,59,Box,9.9,-1.09312,0,0,-11.2896,0
71,60,Box,0,0.00687571,0,0,-11.2896,0
71,61,Box,1.1,0.00687571,0,0,-11.2896,0
71,62,Box,2.2,0.00687571,0,0,-11.2896,0
71,63,Box,3.3,0.00687571,0,0,-11.2896,0
71,64,Box,4.4,0.00687571,0,0,-11.2896,0
71,65,Box,5.5,0.00687571,0,0,-11.2896,0
71,66,Box,6.6,0.00687571,0,0,-11.2896,0
71,67,Box,7.7,0.00687571,0,0,-11.2896,0
71,68,Box,8.8,0.00687571,0,0,-11.2896,0
71,69,Box,9.9,0.00687571,0,0,-11.2896,0
71,70,Box,0,1.10688,0,0,-11.2896,0
71,71,Box,1.1,1.10688,0,0,-11.2896,0
71,72,Box,2.2,1.10688,0,0,-11.2896,0
71,73,Box,3.3,1.10688,0,0,-11.2896,0
71,74,Box,4.4,1.10688,0,0,-11.2896,0
71,75,Box,5.5,1.10688,0,0,-11.2896,0
71,76,Box,6.6,1.10688,0,0,-11.2896,0
71,77,Box,7.7,1.10688,0,0,-11.2896,0
71,78,Box,8.8,1.10688,0,0,-11.2896,0
71,79,Box,9.9,1.10688,0,0,-11.2896,0
71,80,Box,0,2.20688,0,0,-11.2896,0
71,81,Box,1.1,2.20688,0,0,-11.2896,0
71,82,Box,2.2,2.20688,0,0,-11.2896,0
71,83,Box,3.3,2.20688,0,0,-11.2896,0
71,84,Box,4.4,2.20688,0,0,-11.2896,0
71,85,Box,5.5,2.20688,0,0,-11.2896,0
71,86,Box,6.6,2.20688,0,0,-11.2896,0
71,87,Box,7.7,2.20688,0,0,-11.2896,0
71,88,Box,8.8,2.20688,0,0,-11.2896,0
71,89,Box,9.9,2.20688,0,0,-11.2896,0
71,90,Box,-0.0403319,3.76576,0.448276,-0.879204,-8.27893,2.28378
71,91,Box,1.12049,3.59764,0.117671,0.487807,-9.36036,-1.31725
71,92,Box,2.21252,3.19957,-0.00721531,1.43685,-11.0022,-0.225478
71,93,Box,3.28561,3.30688,0,0,-11.2896,0
71,94,Box,4.76401,3.61426,-0.80277,15.8267,2.03097,-21.0805
71,95,Box,5.66086,3.20367,0,15.8876,-20.2555,-28.6347
71,96,Box,6.6,3.30688,0,0,-11.2896,0
71,97,Box,7.7,3.30688,0,0,-11.2896,0
71,98,Box,8.8,3.30688,0,0,-11.2896,0
71,99,Box,9.9,3.30688,0,0,-11.2896,0
71,100,Circle,5.47935,3.78745,0.102904,18.289,-15.6497,12.0366
72,0,Box,0,-6.77627,0,0,-11.4464,0
72,1,Box,1.1,-6.77627,0,0,-11.4464,0
72,2,Box,2.2,-6.77627,0,0,-11.4464,0
72,3,Box,3.3,-6.77627,0,0,-11.4464,0
72,4,Box,4.4,-6.77627,0,0,-11.4464,0
72,5,Box,5.5,-6.77627,0,0,-11.4464,0
72,6,Box,6.6,-6.77627,0,0,-11.4464,0
72,7,Box,7.7,-6.77627,0,0,-11.4464,0
72,8,Box,8.8,-6.77627,0,0,-11.4464,0
72,9,Box,9.9,-6.77627,0,0,-11.4464,0
72,10,Box,0,-5.67627,0,0,-11.4464,0
72,11,Box,1.1,-5.67627,0,0,-11.4464,0
72,12,Box,2.2,-5.67627,0,0,-11.4464,0
72,13,Box,3.3,-5.67627,0,0,-11.4464,0
72,14,Box,4.4,-5.67627,0,0,-11.4464,0
72,15,Box,5.5,-5.67627,0,0,-11.4464,0
72,16,Box,6.6,-5.67627,0,0,-11.4464,0
72,17,Box,7.7,-5.67627,0,0,-11.4464,0
72,18,Box,8.8,-5.67627,0,0,-11.4464,0
72,19,Box,9.9,-5.67627,0,0,-11.4464,0
72,20,Box,0,-4.57627,0,0,-11.4464,0
72,21,Box,1.1,-4.57627,0,0,-11.4464,0
72,22,Box,2.2,-4.57627,0,0,-11.4464,0
72,23,Box,3.3,-4.57627,0,0,-11.4464,0
72,24,Box,4.4,-4.57627,0,0,-11.4464,0
72,25,Box,5.5,-4.57627,0,0,-11.4464,0
72,26,Box,6.6,-4.57627,0,0,-11.4464,0
72,27,Box,7.7,-4.57627,0,0,-11.4464,0
72,28,Box,8.8,-4.57627,0,0,-11.4464,0
72,29,Box,9.9,-4.57627,0,0,-11.4464,0
72,30,Box,0,-3.47627,0,0,-11.4464,0
72,31,Box,1.1,-3.47627,0,0,-11.4464,0
72,32,Box,2.2,-3.47627,0,0,-11.4464,0
72,33,Box,3.3,-3.47627,0,0,-11.4464,0
72,34,Box,4.4,-3.47627,0,0,-11.4464,0
72,35,Box,5.5,-3.47627,0,0,-11.4464,0
72,36,Box,6.6,-3.47627,0,0,-11.4464,0
72,37,Box,7.7,-3.47627,0,0,-11.4464,0
72,38,Box,8.8,-3.47627,0,0,-11.4464,0
72,39,Box,9.9,-3.47627,0,0,-11.4464,0
72,40,Box,0,-2.37627,0,0,-11.4464,0
72,41,Box,1.1,-2.37627,0,0,-11.4464,0
72,42,Box,2.2,-2.37627,0,0,-11.4464,0
72,43,Box,3.3,-2.37627,0,0,-11.4464,0
72,44,Box,4.4,-2.37627,0,0,-11.4464,0
72,45,Box,5.5,-2.37627,0,0,-11.4464,0
72,46,Box,6.6,-2.37627,0,0,-11.4464,0
72,47,Box,7.7,-2.37627,0,0,-11.4464,0
72,48,Box,8.8,-2.37627,0,0,-11.4464,0
72,49,Box,9.9,-2.37627,0,0,-11.4464,0
72,50,Box,0,-1.27627,0,0,-11.4464,0
72,51,Box,1.1,-1.27627,0,0,-11.4464,0
72,52,Box,2.2,-1.27627,0,0,-11.4464,0
72,53,Box,3.3,-1.27627,0,0,-11.4464,0
72,54,Box,4.4,-1.27627,0,0,-11.4464,0
72,55,Box,5.5,-1.27627,0,0,-11.4464,0
72,56,Box,6.6,-1.27627,0,0,-11.4464,0
72,57,Box,7.7,-1.27627,0,0,-11.4464,0
72,58,Box,8.8,-1.27627,0,0,-11.4464,0
72,59,Box,9.9,-1.27627,0,0,-11.4464,0
72,60,Box,0,-0.176267,0,0,-11.4464,0
72,61,Box,1.1,-0.176267,0,0,-11.4464,0
72,62,Box,2.2,-0.176267,0,0,-11.4464,0
72,63,Box,3.3,-0.176267,0,0,-11.4464,0
72,64,Box,4.4,-0.176267,0,0,-11.4464,0
72,65,Box,5.5,-0.176267,0,0,-11.4464,0
72,66,Box,6.6,-0.176267,0,0,-11.4464,0
72,67,Box,7.7,-0.176267,0,0,-11.4464,0
72,68,Box,8.8,-0.176267,0,0,-11.4464,0
72,69,Box,9.9,-0.176267,0,0,-11.4464,0
72,70,Box,0,0.923733,0,0,-11.4464,0
72,71,Box,1.1,0.923733,0,0,-11.4464,0
72,72,Box,2.2,0.923733,0,0,-11.4464,0
72,73,Box,3.3,0.923733,0,0,-11.4464,0
72,74,Box,4.4,0.923733,0,0,-11.4464,0
72,75,Box,5.5,0.923733,0,0,-11.4464,0
72,76,Box,6.6,0.923733,0,0,-11.4464,0
72,77,Box,7.7,0.923733,0,0,-11.4464,0
72,78,Box,8.8,0.923733,0,0,-11.4464,0
72,79,Box,9.9,0.923733,0,0,-11.4464,0
72,80,Box,0,2.02373,0,0,-11.4464,0
72,81,Box,1.1,2.02373,0,0,-11.4464,0
72,82,Box,2.2,2.02373,0,0,-11.4464,0
72,83,Box,3.3,2.02373,0,0,-11.4464,0
72,84,Box,4.4,2.02373,0,0,-11.4464,0
72,85,Box,5.47337,1.96974,0,0,-11.4464,0
72,86,Box,6.64247,2.00279,0,0,-11.4464,0
72,87,Box,7.7,2.02373,0,0,-11.4464,0
72,88,Box,8.8,2.02373,0,0,-11.4464,0
72,89,Box,9.9,2.02373,0,0,-11.4464,0
72,90,Box,-0.0543992,3.63079,0.484816,-0.879204,-8.43573,2.28378
72,91,Box,1.1283,3.44536,0.0965953,0.487807,-9.51716,-1.31725
72,92,Box,2.23551,3.02103,-0.010823,1.43685,-11.159,-0.225478
72,93,Box,3.28561,3.12373,0,0,-11.4464,0
72,94,Box,5.00681,3.64939,-1.14006,15.8267,1.87417,-21.0805
72,95,Box,5.82321,3.05424,-0.458156,12.0413,-21.1816,-30.7896
72,96,Box,6.73939,3.12373,0,3.84636,-10.6771,4.68591
72,97,Box,7.7,3.12373,0,0,-11.4464,0
72,98,Box,8.8,3.12373,0,0,-11.4464,0
72,99,Box,9.9,3.12373,0,0,-11.4464,0
72,100,Circle,5.70455,3.39783,0.29549,18.289,-15.8065,12.0366
73,0,Box,0,-6.96192,0,0,-11.6032,0
73,1,Box,1.1,-6.96192,0,0,-11.6032,0
73,2,Box,2.2,-6.96192,0,0,-11.6032,0
73,3,Box,3.3,-6.96192,0,0,-11.6032,0
73,4,Box,4.4,-6.96192,0,0,-11.6032,0
73,5,Box,5.5,-6.96192,0,0,-11.6032,0
73,6,Box,6.6,-6.96192,0,0,-11.6032,0
73,7,Box,7.7,-6.96192,0,0,-11.6032,0
73,8,Box,8.8,-6.96192,0,0,-11.6032,0
73,9,Box,9.9,-6.96192,0,0,-11.6032,0
73,10,Box,0,-5.86192,0,0,-11.6032,0
73,11,Box,1.1,-5.86192,0,0,-11.6032,0
73,12,Box,2.2,-5.86192,0,0,-11.6032,0
73,13,Box,3.3,-5.86192,0,0,-11.6032,0
73,14,Box,4.4,-5.86192,0,0,-11.6032,0
73,15,Box,5.5,-5.86192,0,0,-11.6032,0
73,16,Box,6.6,-5.86192,0,0,-11.6032,0
73,17,Box,7.7,-5.86192,0,0,-11.6032,0
73,18,Box,8.8,-5.86192,0,0,-11.6032,0
73,19,Box,9.9,-5.86192,0,0,-11.6032,0
73,20,Box,0,-4.76192,0,0,-11.6032,0
73,21,Box,1.1,-4.76192,0,0,-11.6032,0
73,22,Box,2.2,-4.76192,0,0,-11.6032,0
73,23,Box,3.3,-4.76192,0,0,-11.6032,0
73,24,Box,4.4,-4.76192,0,0,-11.6032,0
73,25,Box,5.5,-4.76192,0,0,-11.6032,0
73,26,Box,6.6,-4.76192,0,0,-11.6032,0
73,27,Box,7.7,-4.76192,0,0,-11.6032,0
73,28,Box,8.8,-4.76192,0,0,-11.6032,0
73,29,Box,9.9,-4.76192,0,0,-11.6032,0
73,30,Box,0,-3.66192,0,0,-11.6032,0
73,31,Box,1.1,-3.66192,0,0,-11.6032,0
73,32,Box,2.2,-3.66192,0,0,-11.6032,0
73,33,Box,3.3,-3.66192,0,0,-11.6032,0
73,34,Box,4.4,-3.66192,0,0,-11.6032,0
73,35,Box,5.5,-3.66192,0,0,-11.6032,0
73,36,Box,6.6,-3.66192,0,0,-11.6032,0
73,37,Box,7.7,-3.66192,0,0,-11.6032,0
73,38,Box,8.8,-3.66192,0,0,-11.6032,0
73,39,Box,9.9,-3.66192,0,0,-11.6032,0
73,40,Box,0,-2.56192,0,0,-11.6032,0
73,41,Box,1.1,-2.56192,0,0,-11.6032,0
73,42,Box,2.2,-2.56192,0,0,-11.6032,0
73,43,Box,3.3,-2.56192,0,0,-11.6032,0
73,44,Box,4.4,-2.56192,0,0,-11.6032,0
73,45,Box,5.5,-2.56192,0,0,-11.6032,0
73,46,Box,6.6,-2.56192,0,0,-11.6032,0
73,47,Box,7.7,-2.56192,0,0,-11.6032,0
73,48,Box,8.8,-2.56192,0,0,-11.6032,0
73,49,Box,9.9,-2.56192,0,0,-11.6032,0
73,50,Box,0,-1.46192,0,0,-11.6032,0
73,51,Box,1.1,-1.46192,0,0,-11.6032,0
73,52,Box,2.2,-1.46192,0,0,-11.6032,0
73,53,Box,3.3,-1.46192,0,0,-11.6032,0
73,54,Box,4.4,-1.46192,0,0,-11.6032,0
73,55,Box,5.5,-1.46192,0,0,-11.6032,0
73,56,Box,6.6,-1.46192,0,0,-11.6032,0
73,57,Box,7.7,-1.46192,0,0,-11.6032,0
73,58,Box,8.8,-1.46192,0,0,-11.6032,0
73,59,Box,9.9,-1.46192,0,0,-11.6032,0
73,60,Box,0,-0.361918,0,0,-11.6032,0
73,61,Box,1.1,-0.361918,0,0,-11.6032,0
73,62,Box,2.2,-0.361918,0,0,-11.6032,0
73,63,Box,3.3,-0.361918,0,0,-11.6032,0
73,64,Box,4.4,-0.361918,0,0,-11.6032,0
73,65,Box,5.5,-0.361918,0,0,-11.6032,0
73,66,Box,6.6,-0.361918,0,0,-11.6032,0
73,67,Box,7.7,-0.361918,0,0,-11.6032,0
73,68,Box,8.8,-0.361918,0,0,-11.6032,0
73,69,Box,9.9,-0.361918,0,0,-11.6032,0
73,70,Box,0,0.738082,0,0,-11.6032,0
73,71,Box,1.1,0.738082,0,0,-11.6032,0
73,72,Box,2.2,0.738082,0,0,-11.6032,0
73,73,Box,3.3,0.738082,0,0,-11.6032,0
73,74,Box,4.4,0.738082,0,0,-11.6032,0
73,75,Box,5.5,0.738082,0,0,-11.6032,0
73,76,Box,6.6,0.738082,0,0,-11.6032,0
73,77,Box,7.7,0.738082,0,0,-11.6032,0
73,78,Box,8.8,0.738082,0,0,-11.6032,0
73,79,Box,9.9,0.738082,0,0,-11.6032,0
73,80,Box,0,1.83808,0,0,-11.6032,0
73,81,Box,1.1,1.83808,0,0,-11.6032,0
73,82,Box,2.2,1.83808,0,0,-11.6032,0
73,83,Box,3.3,1.83808,0,0,-11.6032,0
73,84,Box,4.4,1.83808,0,0,-11.6032,0
73,85,Box,5.42544,1.74987,0,-4.20278,-14.2327,-4.71988
73,86,Box,6.65718,1.79653,0,0.626703,-12.9968,6.06083
73,87,Box,7.7,1.83808,0,0,-11.6032,0
73,88,Box,8.8,1.83808,0,0,-11.6032,0
73,89,Box,9.9,1.83808,0,0,-11.6032,0
73,90,Box,-0.0684665,3.49331,0.521357,-0.879204,-8.59253,2.28378
73,91,Box,1.1361,3.29058,0.0755194,0.487807,-9.67396,-1.31725
73,92,Box,2.2585,2.83998,-0.0144306,1.43685,-11.3158,-0.225478
73,93,Box,3.28561,2.93808,0,0,-11.6032,0
73,94,Box,5.26003,3.67687,-1.47735,15.8267,1.71737,-21.0805
73,95,Box,5.93956,2.75942,-0.950789,6.1354,-18.2535,-4.84923
73,96,Box,6.8246,2.9548,0.0749746,8.37168,-10.1027,-11.1472
73,97,Box,7.7351,2.93808,0,4.95661,-11.3962,12.8974
73,98,Box,8.8,2.93808,0,0,-11.6032,0
73,99,Box,9.9,2.93808,0,0,-11.6032,0
73,100,Circle,6.06182,3.14727,0.488075,18.289,-15.9633,12.0366
74,0,Box,0,-7.15008,0,0,-11.76,0
74,1,Box,1.1,-7.15008,0,0,-11.76,0
74,2,Box,2.2,-7.15008,0,0,-11.76,0
74,3,Box,3.3,-7.15008,0,0,-11.76,0
74,4,Box,4.4,-7.15008,0,0,-11.76,0
74,5,Box,5.5,-7.15008,0,0,-11.76,0
74,6,Box,6.6,-7.15008,0,0,-11.76,0
74,7,Box,7.7,-7.15008,0,0,-11.76,0
74,8,Box,8.8,-7.15008,0,0,-11.76,0
74,9,Box,9.9,-7.15008,0,0,-11.76,0
74,10,Box,0,-6.05008,0,0,-11.76,0
74,11,Box,1.1,-6.05008,0,0,-11.76,0
74,12,Box,2.2,-6.05008,0,0,-11.76,0
74,13,Box,3.3,-6.05008,0,0,-11.76,0
74,14,Box,4.4,-6.05008,0,0,-11.76,0
74,15,Box,5.5,-6.05008,0,0,-11.76,0
74,16,Box,6.6,-6.05008,0,0,-11.76,0
74,17,Box,7.7,-6.05008,0,0,-11.76,0
74,18,Box,8.8,-6.05008,0,0,-11.76,0
74,19,Box,9.9,-6.05008,0,0,-11.76,0
74,20,Box,0,-4.95008,0,0,-11.76,0
74,21,Box,1.1,-4.95008,0,0,-11.76,0
74,22,Box,2.2,-4.95008,0,0,-11.76,0
74,23,Box,3.3,-4.95008,0,0,-11.76,0
74,24,Box,4.4,-4.95008,0,0,-11.76,0
74,25,Box,5.5,-4.95008,0,0,-11.76,0
74,26,Box,6.6,-4.95008,0,0,-11.76,0
74,27,Box,7.7,-4.95008,0,0,-11.76,0
74,28,Box,8.8,-4.95008,0,0,-11.76,0
74,29,Box,9.9,-4.95008,0,0,-11.76,0
74,30,Box,0,-3.85008,0,0,-11.76,0
74,31,Box,1.1,-3.85008,0,0,-11.76,0
74,32,Box,2.2,-3.85008,0,0,-11.76,0
74,33,Box,3.3,-3.85008,0,0,-11.76,0
74,34,Box,4.4,-3.85008,0,0,-11.76,0
74,35,Box,5.5,-3.85008,0,0,-11.76,0
74,36,Box,6.6,-3.85008,0,0,-11.76,0
74,37,Box,7.7,-3.85008,0,0,-11.76,0
74,38,Box,8.8,-3.85008,0,0,-11.76,0
74,39,Box,9.9,-3.85008,0,0,-11.76,0
74,40,Box,0,-2.75008,0,0,-11.76,0
74,41,Box,1.1,-2.75008,0,0,-11.76,0
74,42,Box,2.2,-2.75008,0,0,-11.76,0
74,43,Box,3.3,-2.75008,0,0,-11.76,0
74,44,Box,4.4,-2.75008,0,0,-11.76,0
74,45,Box,5.5,-2.75008,0,0,-11.76,0
74,46,Box,6.6,-2.75008,0,0,-11.76,0
74,47,Box,7.7,-2.75008,0,0,-11.76,0
74,48,Box,8.8,-2.75008,0,0,-11.76,0
74,49,Box,9.9,-2.75008,0,0,-11.76,0
74,50,Box,0,-1.65008,0,0,-11.76,0
74,51,Box,1.1,-1.65008,0,0,-11.76,0
74,52,Box,2.2,-1.65008,0,0,-11.76,0
74,53,Box,3.3,-1.65008,0,0,-11.76,0
74,54,Box,4.4,-1.65008,0,0,-11.76,0
74,55,Box,5.5,-1.65008,0,0,-11.76,0
74,56,Box,6.6,-1.65008,0,0,-11.76,0
74,57,Box,7.7,-1.65008,0,0,-11.76,0
74,58,Box,8.8,-1.65008,0,0,-11.76,0
74,59,Box,9.9,-1.65008,0,0,-11.76,0
74,60,Box,0,-0.550078,0,0,-11.76,0
74,61,Box,1.1,-0.550078,0,0,-11.76,0
74,62,Box,2.2,-0.550078,0,0,-11.76,0
74,63,Box,3.3,-0.550078,0,0,-11.76,0
74,64,Box,4.4,-0.550078,0,0,-11.76,0
74,65,Box,5.5,-0.550078,0,0,-11.76,0
74,66,Box,6.6,-0.550078,0,0,-11.76,0
74,67,Box,7.7,-0.550078,0,0,-11.76,0
74,68,Box,8.8,-0.550078,0,0,-11.76,0
74,69,Box,9.9,-0.550078,0,0,-11.76,0
74,70,Box,0,0.549922,0,0,-11.76,0
74,71,Box,1.1,0.549922,0,0,-11.76,0
74,72,Box,2.2,0.549922,0,0,-11.76,0
74,73,Box,3.3,0.549922,0,0,-11.76,0
74,74,Box,4.4,0.549922,0,0,-11.76,0
74,75,Box,5.5,0.535948,0,-0.371009,-13.615,-2.58631
74,76,Box,6.6,0.549922,0,0,-11.76,0
74,77,Box,7.7,0.549922,0,0,-11.76,0
74,78,Box,8.8,0.549922,0,0,-11.76,0
74,79,Box,9.9,0.549922,0,0,-11.76,0
74,80,Box,0,1.64992,0,0,-11.76,0
74,81,Box,1.1,1.64992,0,0,-11.76,0
74,82,Box,2.2,1.64992,0,0,-11.76,0
74,83,Box,3.3,1.64992,0,0,-11.76,0
74,84,Box,4.38474,1.65108,0,-1.11321,-11.8964,-3.7487
74,85,Box,5.34589,1.51584,-0.075518,-2.71855,-12.3981,3.69795
74,86,Box,6.66721,1.58607,0.0969733,0.626703,-13.1536,6.06083
74,87,Box,7.7,1.64992,0,0,-11.76,0
74,88,Box,8.8,1.64992,0,0,-11.76,0
74,89,Box,9.9,1.64992,0,0,-11.76,0
74,90,Box,-0.0825337,3.35332,0.557897,-0.879204,-8.74933,2.28378
74,91,Box,1.14391,3.13329,0.0544434,0.487807,-9.83076,-1.31725
74,92,Box,2.28149,2.65641,-0.0180383,1.43685,-11.4726,-0.225478
74,93,Box,3.28561,2.74992,0,0,-11.76,0
74,94,Box,5.51326,3.70184,-1.81464,15.8267,1.56057,-21.0805
74,95,Box,6.06529,2.48148,-1.02838,6.1354,-18.4103,-4.84923
74,96,Box,6.88292,2.7985,-0.103381,3.29899,-10.5174,-0.9174
74,97,Box,7.86416,2.74539,0.206358,6.01947,-11.0389,-8.19482
74,98,Box,8.82587,2.74992,0,4.00984,-12.0162,9.83522
74,99,Box,9.9,2.74992,0,0,-11.76,0
74,100,Circle,6.35444,2.88935,0.680661,18.289,-16.1201,12.0366
75,0,Box,0,-7.34075,0,0,-11.9168,0
75,1,Box,1.1,-7.34075,0,0,-11.9168,0
75,2,Box,2.2,-7.34075,0,0,-11.9168,0
75,3,Box,3.3,-7.34075,0,0,-11.9168,0
75,4,Box,4.4,-7.34075,0,0,-11.9168,0
75,5,Box,5.5,-7.34075,0,0,-11.9168,0
75,6,Box,6.6,-7.34075,0,0,-11.9168,0
75,7,Box,7.7,-7.34075,0,0,-11.9168,0
75,8,Box,8.8,-7.34075,0,0,-11.9168,0
75,9,Box,9.9,-7.34075,0,0,-11.9168,0
75,10,Box,0,-6.24075,0,0,-11.9168,0
75,11,Box,1.1,-6.24075,0,0,-11.9168,0
75,12,Box,2.2,-6.24075,0,0,-11.9168,0
75,13,Box,3.3,-6.24075,0,0,-11.9168,0
75,14,Box,4.4,-6.24075,0,0,-11.9168,0
75,15,Box,5.5,-6.24075,0,0,-11.9168,0
75,16,Box,6.6,-6.24075,0,0,-11.9168,0
75,17,Box,7.7,-6.24075,0,0,-11.9168,0
75,18,Box,8.8,-6.24075,0,0,-11.9168,0
75,19,Box,9.9,-6.24075,0,0,-11.9168,0
75,20,Box,0,-5.14075,0,0,-11.9168,0
75,21,Box,1.1,-5.14075,0,0,-11.9168,0
75,22,Box,2.2,-5.14075,0,0,-11.9168,0
75,23,Box,3.3,-5.14075,0,0,-11.9168,0
75,24,Box,4.4,-5.14075,0,0,-11.9168,0
75,25,Box,5.5,-5.14075,0,0,-11.9168,0
75,26,Box,6.6,-5.14075,0,0,-11.9168,0
75,27,Box,7.7,-5.14075,0,0,-11.9168,0
75,28,Box,8.8,-5.14075,0,0,-11.9168,0
75,29,Box,9.9,-5.14075,0,0,-11.9168,0
75,30,Box,0,-4.04075,0,0,-11.9168,0
75,31,Box,1.1,-4.04075,0,0,-11.9168,0
75,32,Box,2.2,-4.04075,0,0,-11.9168,0
75,33,Box,3.3,-4.04075,0,0,-11.9168,0
75,34,Box,4.4,-4.04075,0,0,-11.9168,0
75,35,Box,5.5,-4.04075,0,0,-11.9168,0
75,36,Box,6.6,-4.04075,0,0,-11.9168,0
75,37,Box,7.7,-4.04075,0,0,-11.9168,0
75,38,Box,8.8,-4.04075,0,0,-11.9168,0
75,39,Box,9.9,-4.04075,0,0,-11.9168,0
75,40,Box,0,-2.94075,0,0,-11.9168,0
75,41,Box,1.1,-2.94075,0,0,-11.9168,0
75,42,Box,2.2,-2.94075,0,0,-11.9168,0
75,43,Box,3.3,-2.94075,0,0,-11.9168,0
75,44,Box,4.4,-2.94075,0,0,-11.9168,0
75,45,Box,5.5,-2.94075,0,0,-11.9168,0
75,46,Box,6.6,-2.94075,0,0,-11.9168,0
75,47,Box,7.7,-2.94075,0,0,-11.9168,0
75,48,Box,8.8,-2.94075,0,0,-11.9168,0
75,49,Box,9.9,-2.94075,0,0,-11.9168,0
75,50,Box,0,-1.84075,0,0,-11.9168,0
75,51,Box,1.1,-1.84075,0,0,-11.9168,0
75,52,Box,2.2,-1.84075,0,0,-11.9168,0
75,53,Box,3.3,-1.84075,0,0,-11.9168,0
75,54,Box,4.4,-1.84075,0,0,-11.9168,0
75,55,Box,5.5,-1.84075,0,0,-11.9168,0
75,56,Box,6.6,-1.84075,0,0,-11.9168,0
75,57,Box,7.7,-1.84075,0,0,-11.9168,0
75,58,Box,8.8,-1.84075,0,0,-11.9168,0
75,59,Box,9.9,-1.84075,0,0,-11.9168,0
75,60,Box,0,-0.740747,0,0,-11.9168,0
75,61,Box,1.1,-0.740747,0,0,-11.9168,0
75,62,Box,2.2,-0.740747,0,0,-11.9168,0
75,63,Box,3.3,-0.740747,0,0,-11.9168,0
75,64,Box,4.4,-0.740747,0,0,-11.9168,0
75,65,Box,5.5,-0.740747,0,0,-11.9168,0
75,66,Box,6.6,-0.740747,0,0,-11.9168,0
75,67,Box,7.7,-0.740747,0,0,-11.9168,0
75,68,Box,8.8,-0.740747,0,0,-11.9168,0
75,69,Box,9.9,-0.740747,0,0,-11.9168,0
75,70,Box,0,0.359253,0,0,-11.9168,0
75,71,Box,1.1,0.359253,0,0,-11.9168,0
75,72,Box,2.2,0.359253,0,0,-11.9168,0
75,73,Box,3.3,0.359253,0,0,-11.9168,0
75,74,Box,4.4,0.359253,0,0,-11.9168,0
75,75,Box,5.49406,0.315598,-0.041381,-0.371009,-13.7718,-2.58631
75,76,Box,6.6,0.343312,0,0.421589,-14.0247,2.92981
75,77,Box,7.7,0.359253,0,0,-11.9168,0
75,78,Box,8.8,0.359253,0,0,-11.9168,0
75,79,Box,9.9,0.359253,0,0,-11.9168,0
75,80,Box,0,1.45925,0,0,-11.9168,0
75,81,Box,1.1,1.45925,0,0,-11.9168,0
75,82,Box,2.2,1.45925,0,0,-11.9168,0
75,83,Box,3.3,1.45925,0,0,-11.9168,0
75,84,Box,4.36693,1.45823,-0.0599792,-1.11321,-12.0532,-3.7487
75,85,Box,5.30239,1.31497,-0.0163508,-2.71855,-12.5549,3.69795
75,86,Box,6.6828,1.3515,0.193947,-0.0996967,-12.8715,2.44896
75,87,Box,7.71327,1.45925,0,0.722529,-11.7723,1.70481
75,88,Box,8.8,1.45925,0,0,-11.9168,0
75,89,Box,9.9,1.45925,0,0,-11.9168,0
75,90,Box,-0.096601,3.21082,0.594438,-0.879204,-8.90613,2.28378
75,91,Box,1.15171,2.97349,0.0333675,0.487807,-9.98756,-1.31725
75,92,Box,2.30161,2.47034,-0.0216459,0.908921,-11.7045,1.09376
75,93,Box,3.28848,2.55925,0,0.527932,-11.8418,-1.47929
75,94,Box,5.76649,3.7243,-2.15192,15.8267,1.40377,-21.0805
75,95,Box,6.22684,2.26318,-1.10596,11.2412,-14.1379,-13.6589
75,96,Box,7.1174,2.60616,-0.118059,9.05765,-12.5535,2.29568
75,97,Box,7.93258,2.56415,0.0752404,2.51279,-11.6367,-0.632584
75,98,Box,8.90526,2.55726,0.157364,4.82508,-11.5506,-6.50611
75,99,Box,9.91266,2.55925,0,2.69143,-12.0983,7.25214
75,100,Circle,6.31104,2.60387,0.873246,3.92409,-17.5824,12.198
76,0,Box,0,-7.53393,0,0,-12.0736,0
76,1,Box,1.1,-7.53393,0,0,-12.0736,0
76,2,Box,2.2,-7.53393,0,0,-12.0736,0
76,3,Box,3.3,-7.53393,0,0,-12.0736,0
76,4,Box,4.4,-7.53393,0,0,-12.0736,0
76,5,Box,5.5,-7.53393,0,0,-12.0736,0
76,6,Box,6.6,-7.53393,0,0,-12.0736,0
76,7,Box,7.7,-7.53393,0,0,-12.0736,0
76,8,Box,8.8,-7.53393,0,0,-12.0736,0
76,9,Box,9.9,-7.53393,0,0,-12.0736,0
76,10,Box,0,-6.43393,0,0,-12.0736,0
76,11,Box,1.1,-6.43393,0,0,-12.0736,0
76,12,Box,2.2,-6.43393,0,0,-12.0736,0
76,13,Box,3.3,-6.43393,0,0,-12.0736,0
76,14,Box,4.4,-6.43393,0,0,-12.0736,0
76,15,Box,5.5,-6.43393,0,0,-12.0736,0
76,16,Box,6.6,-6.43393,0,0,-12.0736,0
76,17,Box,7.7,-6.43393,0,0,-12.0736,0
76,18,Box,8.8,-6.43393,0,0,-12.0736,0
76,19,Box,9.9,-6.43393,0,0,-12.0736,0
76,20,Box,0,-5.33393,0,0,-12.0736,0
76,21,Box,1.1,-5.33393,0,0,-12.0736,0
76,22,Box,2.2,-5.33393,0,0,-12.0736,0
76,23,Box,3.3,-5.33393,0,0,-12.0736,0
76,24,Box,4.4,-5.33393,0,0,-12.0736,0
76,25,Box,5.5,-5.33393,0,0,-12.0736,0
76,26,Box,6.6,-5.33393,0,0,-12.0736,0
76,27,Box,7.7,-5.33393,0,0,-12.0736,0
76,28,Box,8.8,-5.33393,0,0,-12.0736,0
76,29,Box,9.9,-5.33393,0,0,-12.0736,0
76,30,Box,0,-4.23392,0,0,-12.0736,0
76,31,Box,1.1,-4.23392,0,0,-12.0736,0
76,32,Box,2.2,-4.23392,0,0,-12.0736,0
76,33,Box,3.3,-4.23392,0,0,-12.0736,0
76,34,Box,4.4,-4.23392,0,0,-12.0736,0
76,35,Box,5.5,-4.23392,0,0,-12.0736,0
76,36,Box,6.6,-4.23392,0,0,-12.0736,0
76,37,Box,7.7,-4.23392,0,0,-12.0736,0
76,38,Box,8.8,-4.23392,0,0,-12.0736,0
76,39,Box,9.9,-4.23392,0,0,-12.0736,0
76,40,Box,0,-3.13392,0,0,-12.0736,0
76,41,Box,1.1,-3.13392,0,0,-12.0736,0
76,42,Box,2.2,-3.13392,0,0,-12.0736,0
76,43,Box,3.3,-3.13392,0,0,-12.0736,0
76,44,Box,4.4,-3.13392,0,0,-12.0736,0
76,45,Box,5.5,-3.13392,0,0,-12.0736,0
76,46,Box,6.6,-3.13392,0,0,-12.0736,0
76,47,Box,7.7,-3.13392,0,0,-12.0736,0
76,48,Box,8.8,-3.13392,0,0,-12.0736,0
76,49,Box,9.9,-3.13392,0,0,-12.0736,0
76,50,Box,0,-2.03392,0,0,-12.0736,0
76,51,Box,1.1,-2.03392,0,0,-12.0736,0
76,52,Box,2.2,-2.03392,0,0,-12.0736,0
76,53,Box,3.3,-2.03392,0,0,-12.0736,0
76,54,Box,4.4,-2.03392,0,0,-12.0736,0
76,55,Box,5.5,-2.03392,0,0,-12.0736,0
76,56,Box,6.6,-2.03392,0,0,-12.0736,0
76,57,Box,7.7,-2.03392,0,0,-12.0736,0
76,58,Box,8.8,-2.03392,0,0,-12.0736,0
76,59,Box,9.9,-2.03392,0,0,-12.0736,0
76,60,Box,0,-0.933924,0,0,-12.0736,0
76,61,Box,1.1,-0.933924,0,0,-12.0736,0
76,62,Box,2.2,-0.933924,0,0,-12.0736,0
76,63,Box,3.3,-0.933924,0,0,-12.0736,0
76,64,Box,4.4,-0.933924,0,0,-12.0736,0
76,65,Box,5.5,-0.933924,0,-0.205128,-13.0992,-2.13953
76,66,Box,6.6,-0.933924,0,0,-12.0736,0
76,67,Box,7.7,-0.933924,0,0,-12.0736,0
76,68,Box,8.8,-0.933924,0,0,-12.0736,0
76,69,Box,9.9,-0.933924,0,0,-12.0736,0
76,70,Box,0,0.166075,0,0,-12.0736,0
76,71,Box,1.1,0.166075,0,0,-12.0736,0
76,72,Box,2.2,0.166075,0,0,-12.0736,0
76,73,Box,3.3,0.166075,0,0,-12.0736,0
76,74,Box,4.4,0.149443,0,-0.17019,-12.9246,-1.51048
76,75,Box,5.48827,0.0894519,-0.082762,-0.165881,-12.903,0.889858
76,76,Box,6.60734,0.103844,0.046877,0.421589,-14.1815,2.92981
76,77,Box,7.7,0.166075,0,0,-12.0736,0
76,78,Box,8.8,0.166075,0,0,-12.0736,0
76,79,Box,9.9,0.166075,0,0,-12.0736,0
76,80,Box,0,1.26608,0,0,-12.0736,0
76,81,Box,1.1,1.26608,0,0,-12.0736,0
76,82,Box,2.2,1.26608,0,0,-12.0736,0
76,83,Box,3.3,1.26608,0,-0.958335,-11.8819,-1.96193
76,84,Box,4.30948,1.26764,-0.119958,-1.46418,-12.1814,2.4828
76,85,Box,5.29839,1.12672,0.0428163,-1.23906,-12.081,-1.27909
76,86,Box,6.67715,1.13937,0.23313,-0.0996967,-13.0283,2.44896
76,87,Box,7.73232,1.26859,0.027277,0.722529,-11.9291,1.70481
76,88,Box,8.8,1.26608,0,0,-12.0736,0
76,89,Box,9.9,1.26608,0,0,-12.0736,0
76,90,Box,-0.110668,3.06581,0.630978,-0.879204,-9.06293,2.28378
76,91,Box,1.15952,2.81118,0.0122915,0.487807,-10.1444,-1.31725
76,92,Box,2.31337,2.28058,-0.00414571,0.382873,-11.8785,-0.2214
76,93,Box,3.29971,2.36726,-0.0236686,1.05398,-11.9813,0.00815806
76,94,Box,6.01971,3.74425,-2.48921,15.8267,1.24697,-21.0805
76,95,Box,6.39075,1.85834,-1.32451,10.1613,-15.9045,-14.2103
76,96,Box,7.1915,2.42743,-0.0813285,5.86672,-11.4836,6.89777
76,97,Box,8.07363,2.36724,0.0651191,4.32578,-12.3123,-4.05161
76,98,Box,8.97082,2.36932,0.0532658,1.97777,-11.9113,0.361611
76,99,Box,9.96737,2.36379,0.116034,5.53874,-12.0512,-0.921775
76,100,Circle,6.35077,2.5438,1.06841,7.0535,-16.5908,10.4872
77,0,Box,0,-7.72961,0,0,-12.2304,0
77,1,Box,1.1,-7.72961,0,0,-12.2304,0
77,2,Box,2.2,-7.72961,0,0,-12.2304,0
77,3,Box,3.3,-7.72961,0,0,-12.2304,0
77,4,Box,4.4,-7.72961,0,0,-12.2304,0
77,5,Box,5.5,-7.72961,0,0,-12.2304,0
77,6,Box,6.6,-7.72961,0,0,-12.2304,0
77,7,Box,7.7,-7.72961,0,0,-12.2304,0
77,8,Box,8.8,-7.72961,0,0,-12.2304,0
77,9,Box,9.9,-7.72961,0,0,-12.2304,0
77,10,Box,0,-6.62961,0,0,-12.2304,0
77,11,Box,1.1,-6.62961,0,0,-12.2304,0
77,12,Box,2.2,-6.62961,0,0,-12.2304,0
77,13,Box,3.3,-6.62961,0,0,-12.2304,0
77,14,Box,4.4,-6.62961,0,0,-12.2304,0
77,15,Box,5.5,-6.62961,0,0,-12.2304,0
77,16,Box,6.6,-6.62961,0,0,-12.2304,0
77,17,Box,7.7,-6.62961,0,0,-12.2304,0
77,18,Box,8.8,-6.62961,0,0,-12.2304,0
77,19,Box,9.9,-6.62961,0,0,-12.2304,0
77,20,Box,0,-5.52961,0,0,-12.2304,0
77,21,Box,1.1,-5.52961,0,0,-12.2304,0
77,22,Box,2.2,-5.52961,0,0,-12.2304,0
77,23,Box,3.3,-5.52961,0,0,-12.2304,0
77,24,Box,4.4,-5.52961,0,0,-12.2304,0
77,25,Box,5.5,-5.52961,0,0,-12.2304,0
77,26,Box,6.6,-5.52961,0,0,-12.2304,0
77,27,Box,7.7,-5.52961,0,0,-12.2304,0
77,28,Box,8.8,-5.52961,0,0,-12.2304,0
77,29,Box,9.9,-5.52961,0,0,-12.2304,0
77,30,Box,0,-4.42961,0,0,-12.2304,0
77,31,Box,1.1,-4.42961,0,0,-12.2304,0
77,32,Box,2.2,-4.42961,0,0,-12.2304,0
77,33,Box,3.3,-4.42961,0,0,-12.2304,0
77,34,Box,4.4,-4.42961,0,0,-12.2304,0
77,35,Box,5.5,-4.42961,0,0,-12.2304,0
77,36,Box,6.6,-4.42961,0,0,-12.2304,0
77,37,Box,7.7,-4.42961,0,0,-12.2304,0
77,38,Box,8.8,-4.42961,0,0,-12.2304,0
77,39,Box,9.9,-4.42961,0,0,-12.2304,0
77,40,Box,0,-3.32961,0,0,-12.2304,0
77,41,Box,1.1,-3.32961,0,0,-12.2304,0
77,42,Box,2.2,-3.32961,0,0,-12.2304,0
77,43,Box,3.3,-3.32961,0,0,-12.2304,0
77,44,Box,4.4,-3.32961,0,0,-12.2304,0
77,45,Box,5.5,-3.32961,0,0,-12.2304,0
77,46,Box,6.6,-3.32961,0,0,-12.2304,0
77,47,Box,7.7,-3.32961,0,0,-12.2304,0
77,48,Box,8.8,-3.32961,0,0,-12.2304,0
77,49,Box,9.9,-3.32961,0,0,-12.2304,0
77,50,Box,0,-2.22961,0,0,-12.2304,0
77,51,Box,1.1,-2.22961,0,0,-12.2304,0
77,52,Box,2.2,-2.22961,0,0,-12.2304,0
77,53,Box,3.3,-2.22961,0,0,-12.2304,0
77,54,Box,4.4,-2.22961,0,0,-12.2304,0
77,55,Box,5.5,-2.22961,0,0,-12.2304,0
77,56,Box,6.6,-2.22961,0,0,-12.2304,0
77,57,Box,7.7,-2.22961,0,0,-12.2304,0
77,58,Box,8.8,-2.22961,0,0,-12.2304,0
77,59,Box,9.9,-2.22961,0,0,-12.2304,0
77,60,Box,0,-1.12961,0,0,-12.2304,0
77,61,Box,1.1,-1.12961,0,0,-12.2304,0
77,62,Box,2.2,-1.12961,0,0,-12.2304,0
77,63,Box,3.3,-1.12961,0,0,-12.2304,0
77,64,Box,4.4,-1.12961,0,0,-12.2304,0
77,65,Box,5.49672,-1.14602,-0.0342324,-0.205128,-13.256,-2.13953
77,66,Box,6.6,-1.12961,0,0,-12.2304,0
77,67,Box,7.7,-1.12961,0,0,-12.2304,0
77,68,Box,8.8,-1.12961,0,0,-12.2304,0
77,69,Box,9.9,-1.12961,0,0,-12.2304,0
77,70,Box,0,-0.0296112,0,0,-12.2304,0
77,71,Box,1.1,-0.0296112,0,0,-12.2304,0
77,72,Box,2.2,-0.0296112,0,0,-12.2304,0
77,73,Box,3.3,-0.0296112,0,0,-12.2304,0
77,74,Box,4.39728,-0.0598585,-0.0241677,-0.17019,-13.0814,-1.51048
77,75,Box,5.48561,-0.119505,-0.0685243,-0.165881,-13.0598,0.889858
77,76,Box,6.61408,-0.125569,0.093754,0.421589,-14.3383,2.92981
77,77,Box,7.7,-0.0296112,0,0,-12.2304,0
77,78,Box,8.8,-0.0296112,0,0,-12.2304,0
77,79,Box,9.9,-0.0296112,0,0,-12.2304,0
77,80,Box,0,1.07039,0,0,-12.2304,0
77,81,Box,1.1,1.07039,0,0,-12.2304,0
77,82,Box,2.2,1.07039,0,0,-12.2304,0
77,83,Box,3.28467,1.07346,-0.0313909,-0.958335,-12.0387,-1.96193
77,84,Box,4.27766,1.07091,-0.0802335,-1.46418,-12.3382,2.4828
77,85,Box,5.28697,0.930241,0.0223508,-1.23906,-12.2378,-1.27909
77,86,Box,6.67556,0.928414,0.272313,-0.0996967,-13.1851,2.44896
77,87,Box,7.74388,1.07522,0.054554,0.722529,-12.0859,1.70481
77,88,Box,8.8,1.07039,0,0,-12.2304,0
77,89,Box,9.9,1.07039,0,0,-12.2304,0
77,90,Box,-0.124736,2.9183,0.667519,-0.879204,-9.21973,2.28378
77,91,Box,1.16732,2.64636,-0.00878441,0.487807,-10.3012,-1.31725
77,92,Box,2.3195,2.08801,-0.00768812,0.382873,-12.0353,-0.2214
77,93,Box,3.31657,2.17305,-0.0235381,1.05398,-12.1381,0.00815806
77,94,Box,6.27294,3.7617,-2.8265,15.8267,1.09017,-21.0805
77,95,Box,6.55333,1.60136,-1.55187,10.1613,-16.0613,-14.2103
77,96,Box,7.24436,2.24117,0.0290358,3.64685,-12.0002,-0.676162
77,97,Box,8.1392,2.16773,0.000293277,5.13778,-12.0215,4.90568
77,98,Box,9.04713,2.17624,0.0590516,3.38563,-12.1559,-3.32686
77,99,Box,10.056,2.16846,0.101286,5.53874,-12.208,-0.921775
77,100,Circle,6.46362,2.27584,1.23621,7.0535,-16.7476,10.4872
78,0,Box,0,-7.92781,0,0,-12.3872,0
78,1,Box,1.1,-7.92781,0,0,-12.3872,0
78,2,Box,2.2,-7.92781,0,0,-12.3872,0
78,3,Box,3.3,-7.92781,0,0,-12.3872,0
78,4,Box,4.4,-7.92781,0,0,-12.3872,0
78,5,Box,5.5,-7.92781,0,0,-12.3872,0
78,6,Box,6.6,-7.92781,0,0,-12.3872,0
78,7,Box,7.7,-7.92781,0,0,-12.3872,0
78,8,Box,8.8,-7.92781,0,0,-12.3872,0
78,9,Box,9.9,-7.92781,0,0,-12.3872,0
78,10,Box,0,-6.82781,0,0,-12.3872,0
78,11,Box,1.1,-6.82781,0,0,-12.3872,0
78,12,Box,2.2,-6.82781,0,0,-12.3872,0
78,13,Box,3.3,-6.82781,0,0,-12.3872,0
78,14,Box,4.4,-6.82781,0,0,-12.3872,0
78,15,Box,5.5,-6.82781,0,0,-12.3872,0
78,16,Box,6.6,-6.82781,0,0,-12.3872,0
78,17,Box,7.7,-6.82781,0,0,-12.3872,0
78,18,Box,8.8,-6.82781,0,0,-12.3872,0
78,19,Box,9.9,-6.82781,0,0,-12.3872,0
78,20,Box,0,-5.72781,0,0,-12.3872,0
78,21,Box,1.1,-5.72781,0,0,-12.3872,0
78,22,Box,2.2,-5.72781,0,0,-12.3872,0
78,23,Box,3.3,-5.72781,0,0,-12.3872,0
78,24,Box,4.4,-5.72781,0,0,-12.3872,0
78,25,Box,5.5,-5.72781,0,0,-12.3872,0
78,26,Box,6.6,-5.72781,0,0,-12.3872,0
78,27,Box,7.7,-5.72781,0,0,-12.3872,0
78,28,Box,8.8,-5.72781,0,0,-12.3872,0
78,29,Box,9.9,-5.72781,0,0,-12.3872,0
78,30,Box,0,-4.62781,0,0,-12.3872,0
78,31,Box,1.1,-4.62781,0,0,-12.3872,0
78,32,Box,2.2,-4.62781,0,0,-12.3872,0
78,33,Box,3.3,-4.62781,0,0,-12.3872,0
78,34,Box,4.4,-4.62781,0,0,-12.3872,0
78,35,Box,5.5,-4.62781,0,0,-12.3872,0
78,36,Box,6.6,-4.62781,0,0,-12.3872,0
78,37,Box,7.7,-4.62781,0,0,-12.3872,0
78,38,Box,8.8,-4.62781,0,0,-12.3872,0
78,39,Box,9.9,-4.62781,0,0,-12.3872,0
78,40,Box,0,-3.52781,0,0,-12.3872,0
78,41,Box,1.1,-3.52781,0,0,-12.3872,0
78,42,Box,2.2,-3.52781,0,0,-12.3872,0
78,43,Box,3.3,-3.52781,0,0,-12.3872,0
78,44,Box,4.4,-3.52781,0,0,-12.3872,0
78,45,Box,5.5,-3.52781,0,0,-12.3872,0
78,46,Box,6.6,-3.52781,0,0,-12.3872,0
78,47,Box,7.7,-3.52781,0,0,-12.3872,0
78,48,Box,8.8,-3.52781,0,0,-12.3872,0
78,49,Box,9.9,-3.52781,0,0,-12.3872,0
78,50,Box,0,-2.42781,0,0,-12.3872,0
78,51,Box,1.1,-2.42781,0,0,-12.3872,0
78,52,Box,2.2,-2.42781,0,0,-12.3872,0
78,53,Box,3.3,-2.42781,0,0,-12.3872,0
78,54,Box,4.4,-2.42781,0,0,-12.3872,0
78,55,Box,5.5,-2.42781,0,0,-12.3872,0
78,56,Box,6.6,-2.42781,0,0,-12.3872,0
78,57,Box,7.7,-2.42781,0,0,-12.3872,0
78,58,Box,8.8,-2.42781,0,0,-12.3872,0
78,59,Box,9.9,-2.42781,0,0,-12.3872,0
78,60,Box,0,-1.32781,0,0,-12.3872,0
78,61,Box,1.1,-1.32781,0,0,-12.3872,0
78,62,Box,2.2,-1.32781,0,0,-12.3872,0
78,63,Box,3.3,-1.32781,0,0,-12.3872,0
78,64,Box,4.4,-1.32781,0,0,-12.3872,0
78,65,Box,5.49344,-1.36063,-0.0684649,-0.205128,-13.4128,-2.13953
78,66,Box,6.6,-1.32781,0,0,-12.3872,0
78,67,Box,7.7,-1.32781,0,0,-12.3872,0
78,68,Box,8.8,-1.32781,0,0,-12.3872,0
78,69,Box,9.9,-1.32781,0,0,-12.3872,0
78,70,Box,0,-0.227806,0,0,-12.3872,0
78,71,Box,1.1,-0.227806,0,0,-12.3872,0
78,72,Box,2.2,-0.227806,0,0,-12.3872,0
78,73,Box,3.3,-0.227806,0,0,-12.3872,0
78,74,Box,4.39455,-0.271669,-0.0483353,-0.17019,-13.2382,-1.51048
78,75,Box,5.48296,-0.330971,-0.0542865,-0.165881,-13.2166,0.889858
78,76,Box,6.62097,-0.358483,0.140631,0.421589,-14.4951,2.92981
78,77,Box,7.7,-0.227806,0,0,-12.3872,0
78,78,Box,8.8,-0.227806,0,0,-12.3872,0
78,79,Box,9.9,-0.227806,0,0,-12.3872,0
78,80,Box,0,0.872193,0,0,-12.3872,0
78,81,Box,1.1,0.872193,0,0,-12.3872,0
78,82,Box,2.2,0.872193,0,0,-12.3872,0
78,83,Box,3.26933,0.878327,-0.0627818,-0.866989,-12.2199,-2.17535
78,84,Box,4.25423,0.870989,-0.0405086,-1.46418,-12.495,2.4828
78,85,Box,5.26714,0.731927,0.00188533,-1.23906,-12.3946,-1.27909
78,86,Box,6.64028,0.557353,0.311496,-0.0996967,-13.3419,2.44896
78,87,Box,7.75545,0.879334,0.081831,6.90346,-14.8986,-6.66799
78,88,Box,8.8,0.872193,0,0,-12.3872,0
78,89,Box,9.9,0.872193,0,0,-12.3872,0
78,90,Box,-0.138803,2.76827,0.704059,-0.879204,-9.37653,2.28378
78,91,Box,1.17513,2.47903,-0.0298603,0.487807,-10.458,-1.31725
78,92,Box,2.32562,1.89294,-0.0112305,0.291526,-12.1678,-0.426371
78,93,Box,3.33343,1.97634,-0.0234076,1.05398,-12.2949,0.00815806
78,94,Box,6.52617,3.77663,-3.16379,15.8267,0.933372,-21.0805
78,95,Box,6.75242,1.5145,-1.77924,3.98036,-13.5623,-6.42557
78,96,Box,7.31938,2.1255,0.0182172,3.64685,-12.157,-0.676162
78,97,Box,8.18084,1.97264,0.0787842,3.31323,-12.3341,-0.622981
78,98,Box,9.14186,1.97948,0.00582185,5.21018,-12.1568,1.44887
78,99,Box,10.1446,1.97063,0.0865375,5.53874,-12.3648,-0.921775
78,100,Circle,6.55147,1.8871,1.404,7.0535,-16.9044,10.4872
79,0,Box,0,-8.12851,0,0,-12.544,0
79,1,Box,1.1,-8.12851,0,0,-12.544,0
79,2,Box,2.2,-8.12851,0,0,-12.544,0
79,3,Box,3.3,-8.12851,0,0,-12.544,0
79,4,Box,4.4,-8.12851,0,0,-12.544,0
79,5,Box,5.5,-8.12851,0,0,-12.544,0
79,6,Box,6.6,-8.12851,0,0,-12.544,0
79,7,Box,7.7,-8.12851,0,0,-12.544,0
79,8,Box,8.8,-8.12851,0,0,-12.544,0
79,9,Box,9.9,-8.12851,0,0,-12.544,0
79,10,Box,0,-7.02851,0,0,-12.544,0
79,11,Box,1.1,-7.02851,0,0,-12.544,0
79,12,Box,2.2,-7.02851,0,0,-12.544,0
79,13,Box,3.3,-7.02851,0,0,-12.544,0
79,14,Box,4.4,-7.02851,0,0,-12.544,0
79,15,Box,5.5,-7.02851,0,0,-12.544,0
79,16,Box,6.6,-7.02851,0,0,-12.544,0
79,17,Box,7.7,-7.02851,0,0,-12.544,0
79,18,Box,8.8,-7.02851,0,0,-12.544,0
79,19,Box,9.9,-7.02851,0,0,-12.544,0
79,20,Box,0,-5.92851,0,0,-12.544,0
79,21,Box,1.1,-5.92851,0,0,-12.544,0
79,22,Box,2.2,-5.92851,0,0,-12.544,0
79,23,Box,3.3,-5.92851,0,0,-12.544,0
79,24,Box,4.4,-5.92851,0,0,-12.544,0
79,25,Box,5.5,-5.92851,0,0,-12.544,0
79,26,Box,6.6,-5.92851,0,0,-12.544,0
79,27,Box,7.7,-5.92851,0,0,-12.544,0
79,28,Box,8.8,-5.92851,0,0,-12.544,0
79,29,Box,9.9,-5.92851,0,0,-12.544,0
79,30,Box,0,-4.82851,0,0,-12.544,0
79,31,Box,1.1,-4.82851,0,0,-12.544,0
79,32,Box,2.2,-4.82851,0,0,-12.544,0
79,33,Box,3.3,-4.82851,0,0,-12.544,0
79,34,Box,4.4,-4.82851,0,0,-12.544,0
79,35,Box,5.5,-4.82851,0,0,-12.544,0
79,36,Box,6.6,-4.82851,0,0,-12.544,0
79,37,Box,7.7,-4.82851,0,0,-12.544,0
79,38,Box,8.8,-4.82851,0,0,-12.544,0
79,39,Box,9.9,-4.82851,0,0,-12.544,0
79,40,Box,0,-3.72851,0,0,-12.544,0
79,41,Box,1.1,-3.72851,0,0,-12.544,0
79,42,Box,2.2,-3.72851,0,0,-12.544,0
79,43,Box,3.3,-3.72851,0,0,-12.544,0
79,44,Box,4.4,-3.72851,0,0,-12.544,0
79,45,Box,5.5,-3.72851,0,0,-12.544,0
79,46,Box,6.6,-3.72851,0,0,-12.544,0
79,47,Box,7.7,-3.72851,0,0,-12.544,0
79,48,Box,8.8,-3.72851,0,0,-12.544,0
79,49,Box,9.9,-3.72851,0,0,-12.544,0
79,50,Box,0,-2.62851,0,0,-12.544,0
79,51,Box,1.1,-2.62851,0,0,-12.544,0
79,52,Box,2.2,-2.62851,0,0,-12.544,0
79,53,Box,3.3,-2.62851,0,0,-12.544,0
79,54,Box,4.4,-2.62851,0,0,-12.544,0
79,55,Box,5.5,-2.62851,0,0,-12.544,0
79,56,Box,6.6,-2.62851,0,0,-12.544,0
79,57,Box,7.7,-2.62851,0,0,-12.544,0
79,58,Box,8.8,-2.62851,0,0,-12.544,0
79,59,Box,9.9,-2.62851,0,0,-12.544,0
79,60,Box,0,-1.52851,0,0,-12.544,0
79,61,Box,1.1,-1.52851,0,0,-12.544,0
79,62,Box,2.2,-1.52851,0,0,-12.544,0
79,63,Box,3.3,-1.52851,0,0,-12.544,0
79,64,Box,4.4,-1.52851,0,0,-12.544,0
79,65,Box,5.49015,-1.57774,-0.102697,-0.205128,-13.5696,-2.13953
79,66,Box,6.6,-1.56716,0,0.260304,-13.8455,2.34343
79,67,Box,7.7,-1.52851,0,0,-12.544,0
79,68,Box,8.8,-1.52851,0,0,-12.544,0
79,69,Box,9.9,-1.52851,0,0,-12.544,0
79,70,Box,0,-0.42851,0,0,-12.544,0
79,71,Box,1.1,-0.42851,0,0,-12.544,0
79,72,Box,2.2,-0.42851,0,0,-12.544,0
79,73,Box,3.3,-0.42851,0,0,-12.544,0
79,74,Box,4.39183,-0.485988,-0.072503,-0.17019,-13.395,-1.51048
79,75,Box,5.48031,-0.544945,-0.0400488,-0.165881,-13.3734,0.889858
79,76,Box,6.63547,-0.595146,0.187508,0.310208,-13.9433,-0.332739
79,77,Box,7.70347,-0.438008,0,0.0317847,-12.5961,0.251554
79,78,Box,8.8,-0.42851,0,0,-12.544,0
79,79,Box,9.9,-0.42851,0,0,-12.544,0
79,80,Box,0,0.671489,0,0,-12.544,0
79,81,Box,1.1,0.671489,0,0,-12.544,0
79,82,Box,2.2,0.671489,0,0,-12.544,0
79,83,Box,3.24027,0.680312,-0.0975874,-1.18057,-12.6416,-1.33992
79,84,Box,4.24599,0.668549,-0.000783764,-0.554859,-12.5679,-0.246367
79,85,Box,5.24732,0.531105,-0.0185802,-1.23906,-12.5514,-1.27909
79,86,Box,6.62745,0.391757,0.35068,-0.280405,-12.8537,0.749763
79,87,Box,7.84845,0.638448,-0.0248568,3.6381,-14.4023,4.8889
79,88,Box,8.81745,0.671489,0,3.26536,-13.1971,-7.24933
79,89,Box,9.9,0.671489,0,0,-12.544,0
79,90,Box,-0.15287,2.61574,0.740599,-0.879204,-9.53333,2.28378
79,91,Box,1.18293,2.3092,-0.0509363,0.487807,-10.6148,-1.31725
79,92,Box,2.33029,1.69574,-0.0180525,-0.304218,-12.1436,-1.71242
79,93,Box,3.3503,1.77711,-0.0232771,1.05398,-12.4517,0.00815806
79,94,Box,6.77939,3.78906,-3.50108,15.8267,0.776572,-21.0805
79,95,Box,6.75769,1.11341,-1.88205,3.72901,-15.9171,-3.94249
79,96,Box,7.30798,1.92796,0.00739864,3.64685,-12.3138,-0.676162
79,97,Box,8.23385,1.77279,0.0688165,3.31323,-12.4909,-0.622981
79,98,Box,9.22522,1.78246,0.0290037,5.21018,-12.3136,1.44887
79,99,Box,10.2332,1.77028,0.071789,5.53874,-12.5216,-0.921775
79,100,Circle,6.82751,1.84597,1.5718,7.37352,-14.2626,10.4872
80,0,Box,0,-8.33172,0,0,-12.7008,0
80,1,Box,1.1,-8.33172,0,0,-12.7008,0
80,2,Box,2.2,-8.33172,0,0,-12.7008,0
80,3,Box,3.3,-8.33172,0,0,-12.7008,0
80,4,Box,4.4,-8.33172,0,0,-12.7008,0
80,5,Box,5.5,-8.33172,0,0,-12.7008,0
80,6,Box,6.6,-8.33172,0,0,-12.7008,0
80,7,Box,7.7,-8.33172,0,0,-12.7008,0
80,8,Box,8.8,-8.33172,0,0,-12.7008,0
80,9,Box,9.9,-8.33172,0,0,-12.7008,0
80,10,Box,0,-7.23172,0,0,-12.7008,0
80,11,Box,1.1,-7.23172,0,0,-12.7008,0
80,12,Box,2.2,-7.23172,0,0,-12.7008,0
80,13,Box,3.3,-7.23172,0,0,-12.7008,0
80,14,Box,4.4,-7.23172,0,0,-12.7008,0
80,15,Box,5.5,-7.23172,0,0,-12.7008,0
80,16,Box,6.6,-7.23172,0,0,-12.7008,0
80,17,Box,7.7,-7.23172,0,0,-12.7008,0
80,18,Box,8.8,-7.23172,0,0,-12.7008,0
80,19,Box,9.9,-7.23172,0,0,-12.7008,0
80,20,Box,0,-6.13172,0,0,-12.7008,0
80,21,Box,1.1,-6.13172,0,0,-12.7008,0
80,22,Box,2.2,-6.13172,0,0,-12.7008,0
80,23,Box,3.3,-6.13172,0,0,-12.7008,0
80,24,Box,4.4,-6.13172,0,0,-12.7008,0
80,25,Box,5.5,-6.13172,0,0,-12.7008,0
80,26,Box,6.6,-6.13172,0,0,-12.7008,0
80,27,Box,7.7,-6.13172,0,0,-12.7008,0
80,28,Box,8.8,-6.13172,0,0,-12.7008,0
80,29,Box,9.9,-6.13172,0,0,-12.7008,0
80,30,Box,0,-5.03172,0,0,-12.7008,0
80,31,Box,1.1,-5.03172,0,0,-12.7008,0
80,32,Box,2.2,-5.03172,0,0,-12.7008,0
80,33,Box,3.3,-5.03172,0,0,-12.7008,0
80,34,Box,4.4,-5.03172,0,0,-12.7008,0
80,35,Box,5.5,-5.03172,0,0,-12.7008,0
80,36,Box,6.6,-5.03172,0,0,-12.7008,0
80,37,Box,7.7,-5.03172,0,0,-12.7008,0
80,38,Box,8.8,-5.03172,0,0,-12.7008,0
80,39,Box,9.9,-5.03172,0,0,-12.7008,0
80,40,Box,0,-3.93172,0,0,-12.7008,0
80,41,Box,1.1,-3.93172,0,0,-12.7008,0
80,42,Box,2.2,-3.93172,0,0,-12.7008,0
80,43,Box,3.3,-3.93172,0,0,-12.7008,0
80,44,Box,4.4,-3.93172,0,0,-12.7008,0
80,45,Box,5.5,-3.93172,0,0,-12.7008,0
80,46,Box,6.6,-3.93172,0,0,-12.7008,0
80,47,Box,7.7,-3.93172,0,0,-12.7008,0
80,48,Box,8.8,-3.93172,0,0,-12.7008,0
80,49,Box,9.9,-3.93172,0,0,-12.7008,0
80,50,Box,0,-2.83172,0,0,-12.7008,0
80,51,Box,1.1,-2.83172,0,0,-12.7008,0
80,52,Box,2.2,-2.83172,0,0,-12.7008,0
80,53,Box,3.3,-2.83172,0,0,-12.7008,0
80,54,Box,4.4,-2.83172,0,0,-12.7008,0
80,55,Box,5.5,-2.83172,0,0,-12.7008,0
80,56,Box,6.6,-2.83172,0,0,-12.7008,0
80,57,Box,7.7,-2.83172,0,0,-12.7008,0
80,58,Box,8.8,-2.83172,0,0,-12.7008,0
80,59,Box,9.9,-2.83172,0,0,-12.7008,0
80,60,Box,0,-1.73172,0,0,-12.7008,0
80,61,Box,1.1,-1.73172,0,0,-12.7008,0
80,62,Box,2.2,-1.73172,0,0,-12.7008,0
80,63,Box,3.3,-1.73172,0,0,-12.7008,0
80,64,Box,4.4,-1.73172,0,0,-12.7008,0
80,65,Box,5.48687,-1.79736,-0.13693,-0.205128,-13.7264,-2.13953
80,66,Box,6.60417,-1.7912,0.0374949,0.260304,-14.0023,2.34343
80,67,Box,7.7,-1.73172,0,0,-12.7008,0
80,68,Box,8.8,-1.73172,0,0,-12.7008,0
80,69,Box,9.9,-1.73172,0,0,-12.7008,0
80,70,Box,0,-0.631723,0,0,-12.7008,0
80,71,Box,1.1,-0.631723,0,0,-12.7008,0
80,72,Box,2.2,-0.631723,0,0,-12.7008,0
80,73,Box,3.3,-0.631723,0,0,-12.7008,0
80,74,Box,4.38911,-0.702816,-0.0966707,-0.17019,-13.5518,-1.51048
80,75,Box,5.47765,-0.761429,-0.0258111,-0.165881,-13.5302,0.889858
80,76,Box,6.64428,-0.841623,0.182184,0.309601,-14.14,-0.257804
80,77,Box,7.70398,-0.642053,0.00402487,0.0317847,-12.7529,0.251554
80,78,Box,8.8,-0.631723,0,0,-12.7008,0
80,79,Box,9.9,-0.631723,0,0,-12.7008,0
80,80,Box,0,0.468277,0,0,-12.7008,0
80,81,Box,1.1,0.468277,0,0,-12.7008,0
80,82,Box,2.2,0.468277,0,0,-12.7008,0
80,83,Box,3.22138,0.475539,-0.119026,-1.18057,-12.7984,-1.33992
80,84,Box,4.23655,0.464976,-0.00472563,-0.92184,-12.6363,-1.08849
80,85,Box,5.22806,0.327752,-0.0390457,-0.872078,-12.7966,-0.213592
80,86,Box,6.56546,0.0678837,0.362676,-0.743419,-13.9744,0.635888
80,87,Box,7.8789,0.40402,0.0533656,1.64568,-14.2701,0.977392
80,88,Box,8.8962,0.45931,-0.115989,3.24345,-13.4425,4.92719
80,89,Box,9.90126,0.468277,0,2.01433,-12.9012,-4.60468
80,90,Box,-0.166937,2.4607,0.77714,-0.879204,-9.69013,2.28378
80,91,Box,1.19074,2.13685,-0.0720122,0.487807,-10.7716,-1.31725
80,92,Box,2.32542,1.49894,-0.0454512,-0.304218,-12.3004,-1.71242
80,93,Box,3.36716,1.57537,-0.0231465,1.05398,-12.6085,0.00815806
80,94,Box,7.03262,3.79897,-3.83837,15.8267,0.619772,-21.0805
80,95,Box,6.85843,0.960783,-1.94513,4.19264,-15.0702,-3.19532
80,96,Box,7.49988,1.76004,-0.00341995,5.45011,-12.848,3.50132
80,97,Box,8.31359,1.57033,0.0588488,3.98418,-12.7071,-2.32556
80,98,Box,9.30858,1.58293,0.0521856,5.21018,-12.4704,1.44887
80,99,Box,10.3218,1.56743,0.0570406,5.53874,-12.6784,-0.921775
80,100,Circle,6.75745,1.61591,1.73959,4.22326,-13.8633,10.4872
81,0,Box,0,-8.53745,0,0,-12.8576,0
81,1,Box,1.1,-8.53745,0,0,-12.8576,0
81,2,Box,2.2,-8.53745,0,0,-12.8576,0
81,3,Box,3.3,-8.53745,0,0,-12.8576,0
81,4,Box,4.4,-8.53745,0,0,-12.8576,0
81,5,Box,5.5,-8.53745,0,0,-12.8576,0
81,6,Box,6.6,-8.53745,0,0,-12.8576,0
81,7,Box,7.7,-8.53745,0,0,-12.8576,0
81,8,Box,8.8,-8.53745,0,0,-12.8576,0
81,9,Box,9.9,-8.53745,0,0,-12.8576,0
81,10,Box,0,-7.43745,0,0,-12.8576,0
81,11,Box,1.1,-7.43745,0,0,-12.8576,0
81,12,Box,2.2,-7.43745,0,0,-12.8576,0
81,13,Box,3.3,-7.43745,0,0,-12.8576,0
81,14,Box,4.4,-7.43745,0,0,-12.8576,0
81,15,Box,5.5,-7.43745,0,0,-12.8576,0
81,16,Box,6.6,-7.43745,0,0,-12.8576,0
81,17,Box,7.7,-7.43745,0,0,-12.8576,0
81,18,Box,8.8,-7.43745,0,0,-12.8576,0
81,19,Box,9.9,-7.43745,0,0,-12.8576,0
81,20,Box,0,-6.33745,0,0,-12.8576,0
81,21,Box,1.1,-6.33745,0,0,-12.8576,0
81,22,Box,2.2,-6.33745,0,0,-12.8576,0
81,23,Box,3.3,-6.33745,0,0,-12.8576,0
81,24,Box,4.4,-6.33745,0,0,-12.8576,0
81,25,Box,5.5,-6.33745,0,0,-12.8576,0
81,26,Box,6.6,-6.33745,0,0,-12.8576,0
81,27,Box,7.7,-6.33745,0,0,-12.8576,0
81,28,Box,8.8,-6.33745,0,0,-12.8576,0
81,29,Box,9.9,-6.33745,0,0,-12.8576,0
81,30,Box,0,-5.23745,0,0,-12.8576,0
81,31,Box,1.1,-5.23745,0,0,-12.8576,0
81,32,Box,2.2,-5.23745,0,0,-12.8576,0
81,33,Box,3.3,-5.23745,0,0,-12.8576,0
81,34,Box,4.4,-5.23745,0,0,-12.8576,0
81,35,Box,5.5,-5.23745,0,0,-12.8576,0
81,36,Box,6.6,-5.23745,0,0,-12.8576,0
81,37,Box,7.7,-5.23745,0,0,-12.8576,0
81,38,Box,8.8,-5.23745,0,0,-12.8576,0
81,39,Box,9.9,-5.23745,0,0,-12.8576,0
81,40,Box,0,-4.13744,0,0,-12.8576,0
81,41,Box,1.1,-4.13744,0,0,-12.8576,0
81,42,Box,2.2,-4.13744,0,0,-12.8576,0
81,43,Box,3.3,-4.13744,0,0,-12.8576,0
81,44,Box,4.4,-4.13744,0,0,-12.8576,0
81,45,Box,5.5,-4.13744,0,0,-12.8576,0
81,46,Box,6.6,-4.13744,0,0,-12.8576,0
81,47,Box,7.7,-4.13744,0,0,-12.8576,0
81,48,Box,8.8,-4.13744,0,0,-12.8576,0
81,49,Box,9.9,-4.13744,0,0,-12.8576,0
81,50,Box,0,-3.03744,0,0,-12.8576,0
81,51,Box,1.1,-3.03744,0,0,-12.8576,0
81,52,Box,2.2,-3.03744,0,0,-12.8576,0
81,53,Box,3.3,-3.03744,0,0,-12.8576,0
81,54,Box,4.4,-3.03744,0,0,-12.8576,0
81,55,Box,5.5,-3.03744,0,0,-12.8576,0
81,56,Box,6.6,-3.03744,0,0.158597,-13.6506,1.69418
81,57,Box,7.7,-3.03744,0,0,-12.8576,0
81,58,Box,8.8,-3.03744,0,0,-12.8576,0
81,59,Box,9.9,-3.03744,0,0,-12.8576,0
81,60,Box,0,-1.93744,0,0,-12.8576,0
81,61,Box,1.1,-1.93744,0,0,-12.8576,0
81,62,Box,2.2,-1.93744,0,0,-12.8576,0
81,63,Box,3.3,-1.93744,0,0,-12.8576,0
81,64,Box,4.4,-1.93744,0,0,-12.8576,0
81,65,Box,5.48359,-2.0195,-0.171162,-0.205128,-13.8832,-2.13953
81,66,Box,6.61029,-2.04382,0.0749898,0.0558138,-13.7392,0.551976
81,67,Box,7.7,-1.93744,0,0,-12.8576,0
81,68,Box,8.8,-1.93744,0,0,-12.8576,0
81,69,Box,9.9,-1.93744,0,0,-12.8576,0
81,70,Box,0,-0.837445,0,0,-12.8576,0
81,71,Box,1.1,-0.837445,0,0,-12.8576,0
81,72,Box,2.2,-0.837445,0,0,-12.8576,0
81,73,Box,3.3,-0.837445,0,0,-12.8576,0
81,74,Box,4.38638,-0.922153,-0.120838,-0.17019,-13.7086,-1.51048
81,75,Box,5.475,-0.980421,-0.0115734,-0.165881,-13.687,0.889858
81,76,Box,6.64727,-1.0443,0.178059,0.355494,-13.9237,-1.00116
81,77,Box,7.70449,-0.848608,0.00804974,0.0317847,-12.9097,0.251554
81,78,Box,8.8,-0.837445,0,0,-12.8576,0
81,79,Box,9.9,-0.837445,0,0,-12.8576,0
81,80,Box,0,0.262555,0,0,-12.8576,0
81,81,Box,1.1,0.262555,0,0,-12.8576,0
81,82,Box,2.2,0.262555,0,0,-12.8576,0
81,83,Box,3.20249,0.268256,-0.140465,-1.18057,-12.9552,-1.33992
81,84,Box,4.2218,0.260287,-0.0221415,-0.92184,-12.7931,-1.08849
81,85,Box,5.2141,0.120497,-0.0424632,-0.872078,-12.9534,-0.213592
81,86,Box,6.52432,-0.22276,0.37285,-0.743419,-14.1312,0.635888
81,87,Box,7.9163,0.168174,0.0690039,1.64568,-14.4269,0.977392
81,88,Box,8.94809,0.241722,-0.0371543,3.24345,-13.5993,4.92719
81,89,Box,9.93349,0.259349,-0.0736749,2.01433,-13.058,-4.60468
81,90,Box,-0.181005,2.30314,0.81368,-0.879204,-9.84693,2.28378
81,91,Box,1.19854,1.962,-0.0930882,0.487807,-10.9284,-1.31725
81,92,Box,2.32055,1.29962,-0.0728499,-0.304218,-12.4572,-1.71242
81,93,Box,3.38402,1.37113,-0.023016,1.05398,-12.7653,0.00815806
81,94,Box,7.28585,3.80638,-4.17566,15.8267,0.462972,-21.0805
81,95,Box,6.97312,0.851662,-1.99625,4.19264,-15.227,-3.19532
81,96,Box,7.48375,1.58062,0.0526012,3.9739,-12.9041,-0.370848
81,97,Box,8.44009,1.36587,0.0216399,5.46039,-12.9646,0.363624
81,98,Box,9.39195,1.38089,0.0753675,5.21018,-12.6272,1.44887
81,99,Box,10.4105,1.36206,0.0422922,5.53874,-12.8352,-0.921775
81,100,Circle,6.83921,1.27067,1.90739,4.22326,-14.0201,10.4872
82,0,Box,0,-8.74568,0,0,-13.0144,0
82,1,Box,1.1,-8.74568,0,0,-13.0144,0
82,2,Box,2.2,-8.74568,0,0,-13.0144,0
82,3,Box,3.3,-8.74568,0,0,-13.0144,0
82,4,Box,4.4,-8.74568,0,0,-13.0144,0
82,5,Box,5.5,-8.74568,0,0,-13.0144,0
82,6,Box,6.6,-8.74568,0,0,-13.0144,0
82,7,Box,7.7,-8.74568,0,0,-13.0144,0
82,8,Box,8.8,-8.74568,0,0,-13.0144,0
82,9,Box,9.9,-8.74568,0,0,-13.0144,0
82,10,Box,0,-7.64568,0,0,-13.0144,0
82,11,Box,1.1,-7.64568,0,0,-13.0144,0
82,12,Box,2.2,-7.64568,0,0,-13.0144,0
82,13,Box,3.3,-7.64568,0,0,-13.0144,0
82,14,Box,4.4,-7.64568,0,0,-13.0144,0
82,15,Box,5.5,-7.64568,0,0,-13.0144,0
82,16,Box,6.6,-7.64568,0,0,-13.0144,0
82,17,Box,7.7,-7.64568,0,0,-13.0144,0
82,18,Box,8.8,-7.64568,0,0,-13.0144,0
82,19,Box,9.9,-7.64568,0,0,-13.0144,0
82,20,Box,0,-6.54568,0,0,-13.0144,0
82,21,Box,1.1,-6.54568,0,0,-13.0144,0
82,22,Box,2.2,-6.54568,0,0,-13.0144,0
82,23,Box,3.3,-6.54568,0,0,-13.0144,0
82,24,Box,4.4,-6.54568,0,0,-13.0144,0
82,25,Box,5.5,-6.54568,0,0,-13.0144,0
82,26,Box,6.6,-6.54568,0,0,-13.0144,0
82,27,Box,7.7,-6.54568,0,0,-13.0144,0
82,28,Box,8.8,-6.54568,0,0,-13.0144,0
82,29,Box,9.9,-6.54568,0,0,-13.0144,0
82,30,Box,0,-5.44568,0,0,-13.0144,0
82,31,Box,1.1,-5.44568,0,0,-13.0144,0
82,32,Box,2.2,-5.44568,0,0,-13.0144,0
82,33,Box,3.3,-5.44568,0,0,-13.0144,0
82,34,Box,4.4,-5.44568,0,0,-13.0144,0
82,35,Box,5.5,-5.44568,0,0,-13.0144,0
82,36,Box,6.6,-5.44568,0,0,-13.0144,0
82,37,Box,7.7,-5.44568,0,0,-13.0144,0
82,38,Box,8.8,-5.44568,0,0,-13.0144,0
82,39,Box,9.9,-5.44568,0,0,-13.0144,0
82,40,Box,0,-4.34568,0,0,-13.0144,0
82,41,Box,1.1,-4.34568,0,0,-13.0144,0
82,42,Box,2.2,-4.34568,0,0,-13.0144,0
82,43,Box,3.3,-4.34568,0,0,-13.0144,0
82,44,Box,4.4,-4.34568,0,0,-13.0144,0
82,45,Box,5.5,-4.34568,0,0,-13.0144,0
82,46,Box,6.6,-4.34568,0,0,-13.0144,0
82,47,Box,7.7,-4.34568,0,0,-13.0144,0
82,48,Box,8.8,-4.34568,0,0,-13.0144,0
82,49,Box,9.9,-4.34568,0,0,-13.0144,0
82,50,Box,0,-3.24568,0,0,-13.0144,0
82,51,Box,1.1,-3.24568,0,0,-13.0144,0
82,52,Box,2.2,-3.24568,0,0,-13.0144,0
82,53,Box,3.3,-3.24568,0,0,-13.0144,0
82,54,Box,4.4,-3.24568,0,0,-13.0144,0
82,55,Box,5.5,-3.26665,0,-0.149867,-13.7637,-1.28499
82,56,Box,6.60267,-3.26314,0.0271069,0.158597,-13.8074,1.69418
82,57,Box,7.7,-3.24568,0,0,-13.0144,0
82,58,Box,8.8,-3.24568,0,0,-13.0144,0
82,59,Box,9.9,-3.24568,0,0,-13.0144,0
82,60,Box,0,-2.14568,0,0,-13.0144,0
82,61,Box,1.1,-2.14568,0,0,-13.0144,0
82,62,Box,2.2,-2.14568,0,0,-13.0144,0
82,63,Box,3.3,-2.14568,0,0,-13.0144,0
82,64,Box,4.4,-2.15927,0,-0.11096,-13.564,-1.0561
82,65,Box,5.48033,-2.23224,-0.205395,-0.0827805,-13.5322,0.927613
82,66,Box,6.61175,-2.26974,0.0838214,0.0709471,-13.9484,0.630234
82,67,Box,7.70212,-2.14568,0,0.0424834,-13.0229,-0.0939859
82,68,Box,8.8,-2.14568,0,0,-13.0144,0
82,69,Box,9.9,-2.14568,0,0,-13.0144,0
82,70,Box,0,-1.04568,0,0,-13.0144,0
82,71,Box,1.1,-1.04568,0,0,-13.0144,0
82,72,Box,2.2,-1.04568,0,0,-13.0144,0
82,73,Box,3.3,-1.04568,0,0,-13.0144,0
82,74,Box,4.38366,-1.1304,-0.145006,-0.0603083,-13.3159,0.256098
82,75,Box,5.47232,-1.19284,0.00266438,-0.137282,-13.6021,0.288963
82,76,Box,6.6621,-1.33443,0.162041,0.28845,-14.2862,-0.581925
82,77,Box,7.70509,-1.06528,0.0120746,0.204937,-13.881,0.84882
82,78,Box,8.8,-1.04568,0,0,-13.0144,0
82,79,Box,9.9,-1.04568,0,0,-13.0144,0
82,80,Box,0,0.0543244,0,0,-13.0144,0
82,81,Box,1.1,0.0543244,0,0,-13.0144,0
82,82,Box,2.17886,0.0543244,0,-0.646117,-12.9338,-1.3864
82,83,Box,3.20042,0.0586359,-0.161903,-0.534453,-13.1926,0.538294
82,84,Box,4.21137,0.0529177,-0.0395573,-0.92184,-12.9499,-1.08849
82,85,Box,5.20015,-0.0892663,-0.0458806,-0.872078,-13.1102,-0.213592
82,86,Box,6.49992,-0.379208,0.383024,-0.733991,-14.0215,0.22985
82,87,Box,7.9585,-0.0657953,0.0846421,1.67869,-13.9339,-0.693232
82,88,Box,8.9703,0.020387,0.0416806,1.32416,-13.7267,0.449779
82,89,Box,9.99541,0.0491502,-0.14735,3.93363,-13.2441,0.345428
82,90,Box,-0.195072,2.14308,0.850221,-0.879204,-10.0037,2.28378
82,91,Box,1.20635,1.78463,-0.114164,0.487807,-11.0852,-1.31725
82,92,Box,2.31569,1.0978,-0.100249,-0.304218,-12.614,-1.71242
82,93,Box,3.40089,1.16437,-0.0228855,1.05398,-12.9221,0.00815806
82,94,Box,7.53907,3.81128,-4.51294,15.8267,0.306172,-21.0805
82,95,Box,7.02479,0.614809,-2.04738,3.98647,-15.2191,-4.25237
82,96,Box,7.54263,1.37152,0.0466676,3.9739,-13.0609,-0.370848
82,97,Box,8.5123,1.15551,0.0274579,5.2157,-13.1773,0.917201
82,98,Box,9.49516,1.17689,0.0985494,5.25175,-12.75,-0.0115168
82,99,Box,10.4991,1.15419,0.0275438,5.74186,-12.9701,-0.465199
82,100,Circle,6.90678,1.04384,2.07518,4.22326,-14.1769,10.4872
83,0,Box,0,-8.95641,0,0,-13.1712,0
83,1,Box,1.1,-8.95641,0,0,-13.1712,0
83,2,Box,2.2,-8.95641,0,0,-13.1712,0
83,3,Box,3.3,-8.95641,0,0,-13.1712,0
83,4,Box,4.4,-8.95641,0,0,-13.1712,0
83,5,Box,5.5,-8.95641,0,0,-13.1712,0
83,6,Box,6.6,-8.95641,0,0,-13.1712,0
83,7,Box,7.7,-8.95641,0,0,-13.1712,0
83,8,Box,8.8,-8.95641,0,0,-13.1712,0
83,9,Box,9.9,-8.95641,0,0,-13.1712,0
83,10,Box,0,-7.85642,0,0,-13.1712,0
83,11,Box,1.1,-7.85642,0,0,-13.1712,0
83,12,Box,2.2,-7.85642,0,0,-13.1712,0
83,13,Box,3.3,-7.85642,0,0,-13.1712,0
83,14,Box,4.4,-7.85642,0,0,-13.1712,0
83,15,Box,5.5,-7.85642,0,0,-13.1712,0
83,16,Box,6.6,-7.85642,0,0,-13.1712,0
83,17,Box,7.7,-7.85642,0,0,-13.1712,0
83,18,Box,8.8,-7.85642,0,0,-13.1712,0
83,19,Box,9.9,-7.85642,0,0,-13.1712,0
83,20,Box,0,-6.75642,0,0,-13.1712,0
83,21,Box,1.1,-6.75642,0,0,-13.1712,0
83,22,Box,2.2,-6.75642,0,0,-13.1712,0
83,23,Box,3.3,-6.75642,0,0,-13.1712,0
83,24,Box,4.4,-6.75642,0,0,-13.1712,0
83,25,Box,5.5,-6.75642,0,0,-13.1712,0
83,26,Box,6.6,-6.75642,0,0,-13.1712,0
83,27,Box,7.7,-6.75642,0,0,-13.1712,0
83,28,Box,8.8,-6.75642,0,0,-13.1712,0
83,29,Box,9.9,-6.75642,0,0,-13.1712,0
83,30,Box,0,-5.65641,0,0,-13.1712,0
83,31,Box,1.1,-5.65641,0,0,-13.1712,0
83,32,Box,2.2,-5.65641,0,0,-13.1712,0
83,33,Box,3.3,-5.65641,0,0,-13.1712,0
83,34,Box,4.4,-5.65641,0,0,-13.1712,0
83,35,Box,5.5,-5.65641,0,0,-13.1712,0
83,36,Box,6.6,-5.65641,0,0,-13.1712,0
83,37,Box,7.7,-5.65641,0,0,-13.1712,0
83,38,Box,8.8,-5.65641,0,0,-13.1712,0
83,39,Box,9.9,-5.65641,0,0,-13.1712,0
83,40,Box,0,-4.55641,0,0,-13.1712,0
83,41,Box,1.1,-4.55641,0,0,-13.1712,0
83,42,Box,2.2,-4.55641,0,0,-13.1712,0
83,43,Box,3.3,-4.55641,0,0,-13.1712,0
83,44,Box,4.4,-4.55641,0,0,-13.1712,0
83,45,Box,5.5,-4.55641,0,0,-13.1712,0
83,46,Box,6.6,-4.55641,0,0,-13.1712,0
83,47,Box,7.7,-4.55641,0,0,-13.1712,0
83,48,Box,8.8,-4.55641,0,0,-13.1712,0
83,49,Box,9.9,-4.55641,0,0,-13.1712,0
83,50,Box,0,-3.45641,0,0,-13.1712,0
83,51,Box,1.1,-3.45641,0,0,-13.1712,0
83,52,Box,2.2,-3.45641,0,0,-13.1712,0
83,53,Box,3.3,-3.45641,0,0,-13.1712,0
83,54,Box,4.4,-3.45641,0,0,-13.1712,0
83,55,Box,5.4976,-3.48938,-0.0205599,-0.149867,-13.9205,-1.28499
83,56,Box,6.60521,-3.48657,0.0542137,0.158597,-13.9642,1.69418
83,57,Box,7.7,-3.45641,0,0,-13.1712,0
83,58,Box,8.8,-3.45641,0,0,-13.1712,0
83,59,Box,9.9,-3.45641,0,0,-13.1712,0
83,60,Box,0,-2.35641,0,0,-13.1712,0
83,61,Box,1.1,-2.35641,0,0,-13.1712,0
83,62,Box,2.2,-2.35641,0,0,-13.1712,0
83,63,Box,3.3,-2.35641,0,0,-13.1712,0
83,64,Box,4.39822,-2.37881,-0.0168976,-0.11096,-13.7208,-1.0561
83,65,Box,5.47901,-2.45126,-0.190553,-0.0827805,-13.689,0.927613
83,66,Box,6.61289,-2.49542,0.0939051,0.0709471,-14.1052,0.630234
83,67,Box,7.7028,-2.35655,-0.00150377,0.0424834,-13.1797,-0.0939859
83,68,Box,8.8,-2.35641,0,0,-13.1712,0
83,69,Box,9.9,-2.35641,0,0,-13.1712,0
83,70,Box,0,-1.25641,0,0,-13.1712,0
83,71,Box,1.1,-1.25641,0,0,-13.1712,0
83,72,Box,2.2,-1.25641,0,0,-13.1712,0
83,73,Box,3.3,-1.25641,0,0,-13.1712,0
83,74,Box,4.3827,-1.34597,-0.140908,-0.0603083,-13.4727,0.256098
83,75,Box,5.47012,-1.41298,0.00728778,-0.137282,-13.7589,0.288963
83,76,Box,6.66672,-1.56552,0.15273,0.28845,-14.443,-0.581925
83,77,Box,7.70837,-1.28989,0.0256557,0.204937,-14.0378,0.84882
83,78,Box,8.8,-1.25641,0,0,-13.1712,0
83,79,Box,9.9,-1.25641,0,0,-13.1712,0
83,80,Box,0,-0.156415,0,0,-13.1712,0
83,81,Box,1.1,-0.156415,0,0,-13.1712,0
83,82,Box,2.16853,-0.155125,-0.0221824,-0.646117,-13.0906,-1.3864
83,83,Box,3.19187,-0.154954,-0.153291,-0.534453,-13.3494,0.538294
83,84,Box,4.19662,-0.156789,-0.0569731,-1.01423,-13.0826,-0.804046
83,85,Box,5.1862,-0.301539,-0.0492981,-0.77969,-13.291,-0.435652
83,86,Box,6.48818,-0.606061,0.386702,-0.733991,-14.1783,0.22985
83,87,Box,7.98536,-0.291247,0.0735504,1.67869,-14.0907,-0.693232
83,88,Box,8.99148,-0.201749,0.0488771,1.32416,-13.8835,0.449779
83,89,Box,10.0583,-0.165265,-0.141823,3.93363,-13.4009,0.345428
83,90,Box,-0.209139,1.98052,0.886761,-0.879204,-10.1605,2.28378
83,91,Box,1.21415,1.60476,-0.13524,0.487807,-11.242,-1.31725
83,92,Box,2.31082,0.893468,-0.127647,-0.304218,-12.7708,-1.71242
83,93,Box,3.41775,0.955108,-0.0227549,1.05398,-13.0789,0.00815806
83,94,Box,7.7923,3.81367,-4.85023,15.8267,0.149372,-21.0805
83,95,Box,7.23562,0.27972,-2.11541,3.98647,-15.3759,-4.25237
83,96,Box,7.51797,1.15644,0.040734,3.9739,-13.2177,-0.370848
83,97,Box,8.58869,0.941866,0.0421331,5.2157,-13.3341,0.917201
83,98,Box,9.58429,0.970644,0.0983651,5.25175,-12.9068,-0.0115168
83,99,Box,10.5929,0.944199,0.0201007,5.74186,-13.1269,-0.465199
83,100,Circle,6.89947,0.932495,2.24298,4.22326,-14.3337,10.4872
84,0,Box,0,-9.16966,0,0,-13.328,0
84,1,Box,1.1,-9.16966,0,0,-13.328,0
84,2,Box,2.2,-9.16966,0,0,-13.328,0
84,3,Box,3.3,-9.16966,0,0,-13.328,0
84,4,Box,4.4,-9.16966,0,0,-13.328,0
84,5,Box,5.5,-9.16966,0,0,-13.328,0
84,6,Box,6.6,-9.16966,0,0,-13.328,0
84,7,Box,7.7,-9.16966,0,0,-13.328,0
84,8,Box,8.8,-9.16966,0,0,-13.328,0
84,9,Box,9.9,-9.16966,0,0,-13.328,0
84,10,Box,0,-8.06966,0,0,-13.328,0
84,11,Box,1.1,-8.06966,0,0,-13.328,0
84,12,Box,2.2,-8.06966,0,0,-13.328,0
84,13,Box,3.3,-8.06966,0,0,-13.328,0
84,14,Box,4.4,-8.06966,0,0,-13.328,0
84,15,Box,5.5,-8.06966,0,0,-13.328,0
84,16,Box,6.6,-8.06966,0,0,-13.328,0
84,17,Box,7.7,-8.06966,0,0,-13.328,0
84,18,Box,8.8,-8.06966,0,0,-13.328,0
84,19,Box,9.9,-8.06966,0,0,-13.328,0
84,20,Box,0,-6.96966,0,0,-13.328,0
84,21,Box,1.1,-6.96966,0,0,-13.328,0
84,22,Box,2.2,-6.96966,0,0,-13.328,0
84,23,Box,3.3,-6.96966,0,0,-13.328,0
84,24,Box,4.4,-6.96966,0,0,-13.328,0
84,25,Box,5.5,-6.96966,0,0,-13.328,0
84,26,Box,6.6,-6.96966,0,0,-13.328,0
84,27,Box,7.7,-6.96966,0,0,-13.328,0
84,28,Box,8.8,-6.96966,0,0,-13.328,0
84,29,Box,9.9,-6.96966,0,0,-13.328,0
84,30,Box,0,-5.86966,0,0,-13.328,0
84,31,Box,1.1,-5.86966,0,0,-13.328,0
84,32,Box,2.2,-5.86966,0,0,-13.328,0
84,33,Box,3.3,-5.86966,0,0,-13.328,0
84,34,Box,4.4,-5.86966,0,0,-13.328,0
84,35,Box,5.5,-5.86966,0,0,-13.328,0
84,36,Box,6.6,-5.86966,0,0,-13.328,0
84,37,Box,7.7,-5.86966,0,0,-13.328,0
84,38,Box,8.8,-5.86966,0,0,-13.328,0
84,39,Box,9.9,-5.86966,0,0,-13.328,0
84,40,Box,0,-4.76966,0,0,-13.328,0
84,41,Box,1.1,-4.76966,0,0,-13.328,0
84,42,Box,2.2,-4.76966,0,0,-13.328,0
84,43,Box,3.3,-4.76966,0,0,-13.328,0
84,44,Box,4.4,-4.76966,0,0,-13.328,0
84,45,Box,5.5,-4.76966,0,0,-13.328,0
84,46,Box,6.6,-4.76966,0,0,-13.328,0
84,47,Box,7.7,-4.76966,0,0,-13.328,0
84,48,Box,8.8,-4.76966,0,0,-13.328,0
84,49,Box,9.9,-4.76966,0,0,-13.328,0
84,50,Box,0,-3.66966,0,0,-13.328,0
84,51,Box,1.1,-3.66966,0,0,-13.328,0
84,52,Box,2.2,-3.66966,0,0,-13.328,0
84,53,Box,3.3,-3.66966,0,0,-13.328,0
84,54,Box,4.4,-3.66966,0,0,-13.328,0
84,55,Box,5.4952,-3.71462,-0.0411197,-0.149867,-14.0773,-1.28499
84,56,Box,6.60789,-3.71432,0.0813206,0.158597,-14.121,1.69418
84,57,Box,7.7,-3.66966,0,0,-13.328,0
84,58,Box,8.8,-3.66966,0,0,-13.328,0
84,59,Box,9.9,-3.66966,0,0,-13.328,0
84,60,Box,0,-2.56966,0,0,-13.328,0
84,61,Box,1.1,-2.56966,0,0,-13.328,0
84,62,Box,2.2,-2.56966,0,0,-13.328,0
84,63,Box,3.3,-2.56966,0,0,-13.328,0
84,64,Box,4.39645,-2.60085,-0.0337952,-0.11096,-13.8776,-1.0561
84,65,Box,5.47768,-2.67279,-0.175711,-0.0827805,-13.8458,0.927613
84,66,Box,6.61655,-2.74738,0.103989,0.0709471,-14.262,0.630234
84,67,Box,7.70348,-2.56993,-0.00300755,0.0424834,-13.3365,-0.0939859
84,68,Box,8.8,-2.56966,0,0,-13.328,0
84,69,Box,9.9,-2.56966,0,0,-13.328,0
84,70,Box,0,-1.46966,0,0,-13.328,0
84,71,Box,1.1,-1.46966,0,0,-13.328,0
84,72,Box,2.2,-1.46966,0,0,-13.328,0
84,73,Box,3.3,-1.46966,0,0,-13.328,0
84,74,Box,4.38173,-1.56404,-0.136811,-0.0603083,-13.6295,0.256098
84,75,Box,5.46793,-1.63564,0.0119112,-0.137282,-13.9157,0.288963
84,76,Box,6.66866,-1.77353,0.143419,0.28845,-14.5998,-0.581925
84,77,Box,7.71165,-1.517,0.0392369,0.204937,-14.1946,0.84882
84,78,Box,8.8,-1.46966,0,0,-13.328,0
84,79,Box,9.9,-1.46966,0,0,-13.328,0
84,80,Box,0,-0.369663,0,0,-13.328,0
84,81,Box,1.1,-0.369663,0,0,-13.328,0
84,82,Box,2.15819,-0.367083,-0.0443649,-0.646117,-13.2474,-1.3864
84,83,Box,3.18331,-0.371053,-0.144678,-0.534453,-13.5062,0.538294
84,84,Box,4.1804,-0.36862,-0.0698378,-1.01423,-13.2394,-0.804046
84,85,Box,5.17372,-0.516704,-0.0562685,-0.77969,-13.4478,-0.435652
84,86,Box,6.47643,-0.835422,0.39038,-0.733991,-14.3351,0.22985
84,87,Box,8.08171,-0.568052,0.0624587,1.69024,-14.2597,-0.622391
84,88,Box,9.01267,-0.426394,0.0560736,1.32416,-14.0403,0.449779
84,89,Box,10.1213,-0.382188,-0.136296,3.93363,-13.5577,0.345428
84,90,Box,-0.223206,1.81544,0.923302,-0.879204,-10.3173,2.28378
84,91,Box,1.22196,1.42238,-0.156316,0.487807,-11.3988,-1.31725
84,92,Box,2.30595,0.686627,-0.155046,-0.304218,-12.9276,-1.71242
84,93,Box,3.43461,0.743336,-0.0226244,1.05398,-13.2357,0.00815806
84,94,Box,8.04553,3.81355,-5.18752,15.8267,-0.00742766,-21.0805
84,95,Box,7.11311,0.0621707,-2.18345,3.3073,-14.8192,-2.84777
84,96,Box,7.5343,1.00608,0.0348004,3.9739,-13.3745,-0.370848
84,97,Box,8.67214,0.726011,0.0568083,5.2157,-13.4909,0.917201
84,98,Box,9.66832,0.761626,0.0981808,5.25175,-13.0636,-0.0115168
84,99,Box,10.6848,0.731661,0.0126575,5.74186,-13.2837,-0.465199
84,100,Circle,7.17593,0.642385,2.41078,5.07329,-15.3835,10.1837
85,0,Box,0,-9.38542,0,0,-13.4848,0
85,1,Box,1.1,-9.38542,0,0,-13.4848,0
85,2,Box,2.2,-9.38542,0,0,-13.4848,0
85,3,Box,3.3,-9.38542,0,0,-13.4848,0
85,4,Box,4.4,-9.38542,0,0,-13.4848,0
85,5,Box,5.5,-9.38542,0,0,-13.4848,0
85,6,Box,6.6,-9.38542,0,0,-13.4848,0
85,7,Box,7.7,-9.38542,0,0,-13.4848,0
85,8,Box,8.8,-9.38542,0,0,-13.4848,0
85,9,Box,9.9,-9.38542,0,0,-13.4848,0
85,10,Box,0,-8.28542,0,0,-13.4848,0
85,11,Box,1.1,-8.28542,0,0,-13.4848,0
85,12,Box,2.2,-8.28542,0,0,-13.4848,0
85,13,Box,3.3,-8.28542,0,0,-13.4848,0
85,14,Box,4.4,-8.28542,0,0,-13.4848,0
85,15,Box,5.5,-8.28542,0,0,-13.4848,0
85,16,Box,6.6,-8.28542,0,0,-13.4848,0
85,17,Box,7.7,-8.28542,0,0,-13.4848,0
85,18,Box,8.8,-8.28542,0,0,-13.4848,0
85,19,Box,9.9,-8.28542,0,0,-13.4848,0
85,20,Box,0,-7.18542,0,0,-13.4848,0
85,21,Box,1.1,-7.18542,0,0,-13.4848,0
85,22,Box,2.2,-7.18542,0,0,-13.4848,0
85,23,Box,3.3,-7.18542,0,0,-13.4848,0
85,24,Box,4.4,-7.18542,0,0,-13.4848,0
85,25,Box,5.5,-7.18542,0,0,-13.4848,0
85,26,Box,6.6,-7.18542,0,0,-13.4848,0
85,27,Box,7.7,-7.18542,0,0,-13.4848,0
85,28,Box,8.8,-7.18542,0,0,-13.4848,0
85,29,Box,9.9,-7.18542,0,0,-13.4848,0
85,30,Box,0,-6.08542,0,0,-13.4848,0
85,31,Box,1.1,-6.08542,0,0,-13.4848,0
85,32,Box,2.2,-6.08542,0,0,-13.4848,0
85,33,Box,3.3,-6.08542,0,0,-13.4848,0
85,34,Box,4.4,-6.08542,0,0,-13.4848,0
85,35,Box,5.5,-6.08542,0,0,-13.4848,0
85,36,Box,6.6,-6.08542,0,0,-13.4848,0
85,37,Box,7.7,-6.08542,0,0,-13.4848,0
85,38,Box,8.8,-6.08542,0,0,-13.4848,0
85,39,Box,9.9,-6.08542,0,0,-13.4848,0
85,40,Box,0,-4.98542,0,0,-13.4848,0
85,41,Box,1.1,-4.98542,0,0,-13.4848,0
85,42,Box,2.2,-4.98542,0,0,-13.4848,0
85,43,Box,3.3,-4.98542,0,0,-13.4848,0
85,44,Box,4.4,-4.98542,0,0,-13.4848,0
85,45,Box,5.5,-4.98542,0,0,-13.4848,0
85,46,Box,6.6,-4.98542,0,0.107688,-14.0232,1.07978
85,47,Box,7.7,-4.98542,0,0,-13.4848,0
85,48,Box,8.8,-4.98542,0,0,-13.4848,0
85,49,Box,9.9,-4.98542,0,0,-13.4848,0
85,50,Box,0,-3.88542,0,0,-13.4848,0
85,51,Box,1.1,-3.88542,0,0,-13.4848,0
85,52,Box,2.2,-3.88542,0,0,-13.4848,0
85,53,Box,3.3,-3.88542,0,0,-13.4848,0
85,54,Box,4.4,-3.88542,0,0,-13.4848,0
85,55,Box,5.49281,-3.94237,-0.0616796,-0.149867,-14.2341,-1.28499
85,56,Box,6.61123,-3.9501,0.108427,0.105138,-14.0968,0.700978
85,57,Box,7.7,-3.88542,0,0,-13.4848,0
85,58,Box,8.8,-3.88542,0,0,-13.4848,0
85,59,Box,9.9,-3.88542,0,0,-13.4848,0
85,60,Box,0,-2.78542,0,0,-13.4848,0
85,61,Box,1.1,-2.78542,0,0,-13.4848,0
85,62,Box,2.2,-2.78542,0,0,-13.4848,0
85,63,Box,3.3,-2.78542,0,0,-13.4848,0
85,64,Box,4.39467,-2.8254,-0.0506928,-0.11096,-14.0344,-1.0561
85,65,Box,5.47648,-2.90413,-0.160869,-0.0827805,-14.0026,0.927613
85,66,Box,6.61805,-2.98091,0.114073,-0.00401948,-14.3097,0.113187
85,67,Box,7.70714,-2.78584,-0.00451132,0.0424834,-13.4933,-0.0939859
85,68,Box,8.8,-2.78542,0,0,-13.4848,0
85,69,Box,9.9,-2.78542,0,0,-13.4848,0
85,70,Box,0,-1.68542,0,0,-13.4848,0
85,71,Box,1.1,-1.68542,0,0,-13.4848,0
85,72,Box,2.2,-1.68542,0,0,-13.4848,0
85,73,Box,3.3,-1.68542,0,0,-13.4848,0
85,74,Box,4.38077,-1.78462,-0.132713,-0.0603083,-13.7863,0.256098
85,75,Box,5.46561,-1.8535,0.0165346,-0.137282,-14.0725,0.288963
85,76,Box,6.67435,-2.03809,0.134108,0.300171,-14.6505,-0.726648
85,77,Box,7.71578,-1.76287,0.052818,0.204937,-14.3514,0.84882
85,78,Box,8.80132,-1.71052,0,0.0596196,-13.9204,1.48558
85,79,Box,9.9,-1.68542,0,0,-13.4848,0
85,80,Box,0,-0.58542,0,0,-13.4848,0
85,81,Box,1.1,-0.58542,0,0,-13.4848,0
85,82,Box,2.14785,-0.58155,-0.0665473,-0.646117,-13.4042,-1.3864
85,83,Box,3.16864,-0.589153,-0.136065,-0.534453,-13.663,0.538294
85,84,Box,4.17029,-0.583468,-0.0827025,-1.01423,-13.3962,-0.804046
85,85,Box,5.16125,-0.734378,-0.063239,-0.77969,-13.6046,-0.435652
85,86,Box,6.45413,-1.03557,0.394057,-0.724974,-14.3496,0.0349601
85,87,Box,8.10481,-0.769258,0.0525005,1.4042,-14.0893,0.326539
85,88,Box,9.0497,-0.652544,0.06327,1.59255,-14.137,-0.325859
85,89,Box,10.1842,-0.601621,-0.130769,3.93363,-13.7145,0.345428
85,90,Box,-0.237274,1.64785,0.959842,-0.879204,-10.4741,2.28378
85,91,Box,1.22976,1.23749,-0.177392,0.487807,-11.5556,-1.31725
85,92,Box,2.30108,0.477277,-0.182445,-0.304218,-13.0844,-1.71242
85,93,Box,3.45148,0.529055,-0.0224939,1.05398,-13.3925,0.00815806
85,94,Box,8.29876,3.81092,-5.52481,15.8267,-0.164228,-21.0805
85,95,Box,7.05265,-0.294965,-2.22902,3.21288,-15.0333,-2.87733
85,96,Box,7.62171,0.983007,0.0288669,3.9739,-13.5313,-0.370848
85,97,Box,8.7556,0.507647,0.0714836,5.2157,-13.6477,0.917201
85,98,Box,9.75233,0.550098,0.0979966,5.25175,-13.2204,-0.0115168
85,99,Box,10.7767,0.516613,0.0052143,5.74186,-13.4405,-0.465199
85,100,Circle,7.35998,0.319745,2.57371,5.14007,-15.4058,10.182
86,0,Box,0,-9.60368,0,0,-13.6416,0
86,1,Box,1.1,-9.60368,0,0,-13.6416,0
86,2,Box,2.2,-9.60368,0,0,-13.6416,0
86,3,Box,3.3,-9.60368,0,0,-13.6416,0
86,4,Box,4.4,-9.60368,0,0,-13.6416,0
86,5,Box,5.5,-9.60368,0,0,-13.6416,0
86,6,Box,6.6,-9.60368,0,0,-13.6416,0
86,7,Box,7.7,-9.60368,0,0,-13.6416,0
86,8,Box,8.8,-9.60368,0,0,-13.6416,0
86,9,Box,9.9,-9.60368,0,0,-13.6416,0
86,10,Box,0,-8.50369,0,0,-13.6416,0
86,11,Box,1.1,-8.50369,0,0,-13.6416,0
86,12,Box,2.2,-8.50369,0,0,-13.6416,0
86,13,Box,3.3,-8.50369,0,0,-13.6416,0
86,14,Box,4.4,-8.50369,0,0,-13.6416,0
86,15,Box,5.5,-8.50369,0,0,-13.6416,0
86,16,Box,6.6,-8.50369,0,0,-13.6416,0
86,17,Box,7.7,-8.50369,0,0,-13.6416,0
86,18,Box,8.8,-8.50369,0,0,-13.6416,0
86,19,Box,9.9,-8.50369,0,0,-13.6416,0
86,20,Box,0,-7.40369,0,0,-13.6416,0
86,21,Box,1.1,-7.40369,0,0,-13.6416,0
86,22,Box,2.2,-7.40369,0,0,-13.6416,0
86,23,Box,3.3,-7.40369,0,0,-13.6416,0
86,24,Box,4.4,-7.40369,0,0,-13.6416,0
86,25,Box,5.5,-7.40369,0,0,-13.6416,0
86,26,Box,6.6,-7.40369,0,0,-13.6416,0
86,27,Box,7.7,-7.40369,0,0,-13.6416,0
86,28,Box,8.8,-7.40369,0,0,-13.6416,0
86,29,Box,9.9,-7.40369,0,0,-13.6416,0
86,30,Box,0,-6.30369,0,0,-13.6416,0
86,31,Box,1.1,-6.30369,0,0,-13.6416,0
86,32,Box,2.2,-6.30369,0,0,-13.6416,0
86,33,Box,3.3,-6.30369,0,0,-13.6416,0
86,34,Box,4.4,-6.30369,0,0,-13.6416,0
86,35,Box,5.5,-6.30369,0,0,-13.6416,0
86,36,Box,6.6,-6.30369,0,0,-13.6416,0
86,37,Box,7.7,-6.30369,0,0,-13.6416,0
86,38,Box,8.8,-6.30369,0,0,-13.6416,0
86,39,Box,9.9,-6.30369,0,0,-13.6416,0
86,40,Box,0,-5.20369,0,0,-13.6416,0
86,41,Box,1.1,-5.20369,0,0,-13.6416,0
86,42,Box,2.2,-5.20369,0,0,-13.6416,0
86,43,Box,3.3,-5.20369,0,0,-13.6416,0
86,44,Box,4.4,-5.20369,0,0,-13.6416,0
86,45,Box,5.5,-5.20369,0,0,-13.6416,0
86,46,Box,6.60172,-5.2123,0.0172764,0.107688,-14.18,1.07978
86,47,Box,7.7,-5.20369,0,0,-13.6416,0
86,48,Box,8.8,-5.20369,0,0,-13.6416,0
86,49,Box,9.9,-5.20369,0,0,-13.6416,0
86,50,Box,0,-4.10369,0,0,-13.6416,0
86,51,Box,1.1,-4.10369,0,0,-13.6416,0
86,52,Box,2.2,-4.10369,0,0,-13.6416,0
86,53,Box,3.3,-4.10369,0,0,-13.6416,0
86,54,Box,4.4,-4.10369,0,0,-13.6416,0
86,55,Box,5.49041,-4.17262,-0.0822395,-0.149867,-14.3909,-1.28499
86,56,Box,6.61291,-4.17816,0.119643,0.105138,-14.2536,0.700978
86,57,Box,7.7,-4.10369,0,0,-13.6416,0
86,58,Box,8.8,-4.10369,0,0,-13.6416,0
86,59,Box,9.9,-4.10369,0,0,-13.6416,0
86,60,Box,0,-3.00369,0,0,-13.6416,0
86,61,Box,1.1,-3.00369,0,0,-13.6416,0
86,62,Box,2.2,-3.00369,0,0,-13.6416,0
86,63,Box,3.3,-3.00369,0,0,-13.6416,0
86,64,Box,4.3929,-3.05246,-0.0675904,-0.11096,-14.1912,-1.0561
86,65,Box,5.47515,-3.13068,-0.146027,-0.0827805,-14.1594,0.927613
86,66,Box,6.61798,-3.21238,0.115884,-0.00401948,-14.4665,0.113187
86,67,Box,7.70782,-3.00424,-0.0060151,0.0424834,-13.6501,-0.0939859
86,68,Box,8.8,-3.00369,0,0,-13.6416,0
86,69,Box,9.9,-3.00369,0,0,-13.6416,0
86,70,Box,0,-1.90369,0,0,-13.6416,0
86,71,Box,1.1,-1.90369,0,0,-13.6416,0
86,72,Box,2.2,-1.90369,0,0,-13.6416,0
86,73,Box,3.3,-1.90369,0,0,-13.6416,0
86,74,Box,4.3798,-2.00771,-0.128616,-0.0603083,-13.9431,0.256098
86,75,Box,5.46341,-2.08117,0.021158,-0.137282,-14.2293,0.288963
86,76,Box,6.67915,-2.27501,0.122482,0.300171,-14.8073,-0.726648
86,77,Box,7.71906,-1.995,0.0663991,0.204937,-14.5082,0.84882
86,78,Box,8.80227,-1.93576,0.0237693,0.0596196,-14.0772,1.48558
86,79,Box,9.9,-1.90369,0,0,-13.6416,0
86,80,Box,0,-0.803686,0,0,-13.6416,0
86,81,Box,1.1,-0.803686,0,0,-13.6416,0
86,82,Box,2.13751,-0.798526,-0.0887298,-0.646117,-13.561,-1.3864
86,83,Box,3.16009,-0.810269,-0.127453,-0.534453,-13.8198,0.538294
86,84,Box,4.15407,-0.800316,-0.0955673,-1.01423,-13.553,-0.804046
86,85,Box,5.14877,-0.954561,-0.0702094,-0.77969,-13.7614,-0.435652
86,86,Box,6.44253,-1.26767,0.394617,-0.724974,-14.5064,0.0349601
86,87,Box,8.11916,-0.997668,0.0577251,1.4042,-14.2461,0.326539
86,88,Box,9.08331,-0.880773,0.0580563,1.59255,-14.2938,-0.325859
86,89,Box,10.2472,-0.823562,-0.125242,3.93363,-13.8713,0.345428
86,90,Box,-0.251341,1.47776,0.996383,-0.879204,-10.6309,2.28378
86,91,Box,1.23757,1.0501,-0.198468,0.487807,-11.7124,-1.31725
86,92,Box,2.29622,0.265418,-0.209844,-0.304218,-13.2412,-1.71242
86,93,Box,3.46834,0.312266,-0.0223634,1.05398,-13.5493,0.00815806
86,94,Box,8.55198,3.80579,-5.8621,15.8267,-0.321028,-21.0805
86,95,Box,7.10406,-0.538007,-2.27505,3.21288,-15.1901,-2.87733
86,96,Box,7.6853,0.763997,0.0229333,3.9739,-13.6881,-0.370848
86,97,Box,8.83905,0.286774,0.0861588,5.2157,-13.8045,0.917201
86,98,Box,9.83636,0.336062,0.0978123,5.25175,-13.3772,-0.0115168
86,99,Box,10.8685,0.299057,-0.00222888,5.74186,-13.5973,-0.465199
86,100,Circle,7.44222,0.0707435,2.73663,5.14007,-15.5626,10.182
87,0,Box,0,-9.82446,0,0,-13.7984,0
87,1,Box,1.1,-9.82446,0,0,-13.7984,0
87,2,Box,2.2,-9.82446,0,0,-13.7984,0
87,3,Box,3.3,-9.82446,0,0,-13.7984,0
87,4,Box,4.4,-9.82446,0,0,-13.7984,0
87,5,Box,5.5,-9.82446,0,0,-13.7984,0
87,6,Box,6.6,-9.82446,0,0,-13.7984,0
87,7,Box,7.7,-9.82446,0,0,-13.7984,0
87,8,Box,8.8,-9.82446,0,0,-13.7984,0
87,9,Box,9.9,-9.82446,0,0,-13.7984,0
87,10,Box,0,-8.72446,0,0,-13.7984,0
87,11,Box,1.1,-8.72446,0,0,-13.7984,0
87,12,Box,2.2,-8.72446,0,0,-13.7984,0
87,13,Box,3.3,-8.72446,0,0,-13.7984,0
87,14,Box,4.4,-8.72446,0,0,-13.7984,0
87,15,Box,5.5,-8.72446,0,0,-13.7984,0
87,16,Box,6.6,-8.72446,0,0,-13.7984,0
87,17,Box,7.7,-8.72446,0,0,-13.7984,0
87,18,Box,8.8,-8.72446,0,0,-13.7984,0
87,19,Box,9.9,-8.72446,0,0,-13.7984,0
87,20,Box,0,-7.62446,0,0,-13.7984,0
87,21,Box,1.1,-7.62446,0,0,-13.7984,0
87,22,Box,2.2,-7.62446,0,0,-13.7984,0
87,23,Box,3.3,-7.62446,0,0,-13.7984,0
87,24,Box,4.4,-7.62446,0,0,-13.7984,0
87,25,Box,5.5,-7.62446,0,0,-13.7984,0
87,26,Box,6.6,-7.62446,0,0,-13.7984,0
87,27,Box,7.7,-7.62446,0,0,-13.7984,0
87,28,Box,8.8,-7.62446,0,0,-13.7984,0
87,29,Box,9.9,-7.62446,0,0,-13.7984,0
87,30,Box,0,-6.52446,0,0,-13.7984,0
87,31,Box,1.1,-6.52446,0,0,-13.7984,0
87,32,Box,2.2,-6.52446,0,0,-13.7984,0
87,33,Box,3.3,-6.52446,0,0,-13.7984,0
87,34,Box,4.4,-6.52446,0,0,-13.7984,0
87,35,Box,5.5,-6.52446,0,0,-13.7984,0
87,36,Box,6.6,-6.52446,0,0,-13.7984,0
87,37,Box,7.7,-6.52446,0,0,-13.7984,0
87,38,Box,8.8,-6.52446,0,0,-13.7984,0
87,39,Box,9.9,-6.52446,0,0,-13.7984,0
87,40,Box,0,-5.42446,0,0,-13.7984,0
87,41,Box,1.1,-5.42446,0,0,-13.7984,0
87,42,Box,2.2,-5.42446,0,0,-13.7984,0
87,43,Box,3.3,-5.42446,0,0,-13.7984,0
87,44,Box,4.4,-5.42446,0,0,-13.7984,0
87,45,Box,5.5,-5.42446,0,0,-13.7984,0
87,46,Box,6.60345,-5.44169,0.0345529,0.107688,-14.3368,1.07978
87,47,Box,7.7,-5.42446,0,0,-13.7984,0
87,48,Box,8.8,-5.42446,0,0,-13.7984,0
87,49,Box,9.9,-5.42446,0,0,-13.7984,0
87,50,Box,0,-4.32446,0,0,-13.7984,0
87,51,Box,1.1,-4.32446,0,0,-13.7984,0
87,52,Box,2.2,-4.32446,0,0,-13.7984,0
87,53,Box,3.3,-4.32446,0,0,-13.7984,0
87,54,Box,4.4,-4.32446,0,0,-13.7984,0
87,55,Box,5.48801,-4.40539,-0.102799,-0.149867,-14.5477,-1.28499
87,56,Box,6.61569,-4.41802,0.130859,0.105138,-14.4104,0.700978
87,57,Box,7.7,-4.32446,0,0,-13.7984,0
87,58,Box,8.8,-4.32446,0,0,-13.7984,0
87,59,Box,9.9,-4.32446,0,0,-13.7984,0
87,60,Box,0,-3.22446,0,0,-13.7984,0
87,61,Box,1.1,-3.22446,0,0,-13.7984,0
87,62,Box,2.2,-3.22446,0,0,-13.7984,0
87,63,Box,3.3,-3.22446,0,0,-13.7984,0
87,64,Box,4.39112,-3.28203,-0.084488,-0.11096,-14.348,-1.0561
87,65,Box,5.47383,-3.35974,-0.131186,-0.0827805,-14.3162,0.927613
87,66,Box,6.61896,-3.45629,0.117695,-0.00401948,-14.6233,0.113187
87,67,Box,7.7085,-3.22515,-0.00751887,0.0424834,-13.8069,-0.0939859
87,68,Box,8.8,-3.22446,0,0,-13.7984,0
87,69,Box,9.9,-3.22446,0,0,-13.7984,0
87,70,Box,0,-2.12446,0,0,-13.7984,0
87,71,Box,1.1,-2.12446,0,0,-13.7984,0
87,72,Box,2.2,-2.12446,0,0,-13.7984,0
87,73,Box,3.3,-2.12446,0,0,-13.7984,0
87,74,Box,4.37884,-2.23331,-0.124518,-0.0603083,-14.0999,0.256098
87,75,Box,5.46122,-2.31135,0.0257814,-0.137282,-14.3861,0.288963
87,76,Box,6.68182,-2.4952,0.110856,0.300171,-14.9641,-0.726648
87,77,Box,7.72234,-2.22964,0.0799802,0.204937,-14.665,0.84882
87,78,Box,8.80323,-2.1635,0.0475387,0.0596196,-14.234,1.48558
87,79,Box,9.9,-2.12446,0,0,-13.7984,0
87,80,Box,0,-1.02446,0,0,-13.7984,0
87,81,Box,1.1,-1.02446,0,0,-13.7984,0
87,82,Box,2.12717,-1.01801,-0.110912,-0.646117,-13.7178,-1.3864
87,83,Box,3.15154,-1.03389,-0.11884,-0.534453,-13.9766,0.538294
87,84,Box,4.13784,-1.01967,-0.108432,-1.01423,-13.7098,-0.804046
87,85,Box,5.1363,-1.17725,-0.0771798,-0.77969,-13.9182,-0.435652
87,86,Box,6.40598,-1.52905,0.395176,-0.724974,-14.6632,0.0349601
87,87,Box,8.17725,-1.26132,0.0629497,1.51261,-14.5538,1.0948
87,88,Box,9.10879,-1.11198,0.0528425,1.59255,-14.4506,-0.325859
87,89,Box,10.3101,-1.04801,-0.119716,3.93363,-14.0281,0.345428
87,90,Box,-0.265408,1.30515,1.03292,-0.879204,-10.7877,2.28378
87,91,Box,1.24537,0.86019,-0.219544,0.487807,-11.8692,-1.31725
87,92,Box,2.29135,0.051051,-0.237242,-0.304218,-13.398,-1.71242
87,93,Box,3.4852,0.0929676,-0.0222328,1.05398,-13.7061,0.00815806
87,94,Box,8.80521,3.79814,-6.19939,15.8267,-0.477828,-21.0805
87,95,Box,7.19653,-0.668076,-2.32109,3.96401,-14.5654,-4.52505
87,96,Box,7.75005,0.473686,0.0169997,3.73736,-15.1419,0.689301
87,97,Box,8.9225,0.0633927,0.100834,5.2157,-13.9613,0.917201
87,98,Box,9.92039,0.119518,0.097628,5.25175,-13.534,-0.0115168
87,99,Box,10.9604,0.0789921,-0.00967206,5.74186,-13.7541,-0.465199
87,100,Circle,7.4571,-0.163843,2.89954,4.34684,-14.871,9.21457
88,0,Box,0,-10.0477,0,0,-13.9552,0
88,1,Box,1.1,-10.0477,0,0,-13.9552,0
88,2,Box,2.2,-10.0477,0,0,-13.9552,0
88,3,Box,3.3,-10.0477,0,0,-13.9552,0
88,4,Box,4.4,-10.0477,0,0,-13.9552,0
88,5,Box,5.5,-10.0477,0,0,-13.9552,0
88,6,Box,6.6,-10.0477,0,0,-13.9552,0
88,7,Box,7.7,-10.0477,0,0,-13.9552,0
88,8,Box,8.8,-10.0477,0,0,-13.9552,0
88,9,Box,9.9,-10.0477,0,0,-13.9552,0
88,10,Box,0,-8.94774,0,0,-13.9552,0
88,11,Box,1.1,-8.94774,0,0,-13.9552,0
88,12,Box,2.2,-8.94774,0,0,-13.9552,0
88,13,Box,3.3,-8.94774,0,0,-13.9552,0
88,14,Box,4.4,-8.94774,0,0,-13.9552,0
88,15,Box,5.5,-8.94774,0,0,-13.9552,0
88,16,Box,6.6,-8.94774,0,0,-13.9552,0
88,17,Box,7.7,-8.94774,0,0,-13.9552,0
88,18,Box,8.8,-8.94774,0,0,-13.9552,0
88,19,Box,9.9,-8.94774,0,0,-13.9552,0
88,20,Box,0,-7.84774,0,0,-13.9552,0
88,21,Box,1.1,-7.84774,0,0,-13.9552,0
88,22,Box,2.2,-7.84774,0,0,-13.9552,0
88,23,Box,3.3,-7.84774,0,0,-13.9552,0
88,24,Box,4.4,-7.84774,0,0,-13.9552,0
88,25,Box,5.5,-7.84774,0,0,-13.9552,0
88,26,Box,6.6,-7.84774,0,0,-13.9552,0
88,27,Box,7.7,-7.84774,0,0,-13.9552,0
88,28,Box,8.8,-7.84774,0,0,-13.9552,0
88,29,Box,9.9,-7.84774,0,0,-13.9552,0
88,30,Box,0,-6.74774,0,0,-13.9552,0
88,31,Box,1.1,-6.74774,0,0,-13.9552,0
88,32,Box,2.2,-6.74774,0,0,-13.9552,0
88,33,Box,3.3,-6.74774,0,0,-13.9552,0
88,34,Box,4.4,-6.74774,0,0,-13.9552,0
88,35,Box,5.5,-6.74774,0,0,-13.9552,0
88,36,Box,6.6,-6.74774,0,0,-13.9552,0
88,37,Box,7.7,-6.74774,0,0,-13.9552,0
88,38,Box,8.8,-6.74774,0,0,-13.9552,0
88,39,Box,9.9,-6.74774,0,0,-13.9552,0
88,40,Box,0,-5.64774,0,0,-13.9552,0
88,41,Box,1.1,-5.64774,0,0,-13.9552,0
88,42,Box,2.2,-5.64774,0,0,-13.9552,0
88,43,Box,3.3,-5.64774,0,0,-13.9552,0
88,44,Box,4.4,-5.64774,0,0,-13.9552,0
88,45,Box,5.5,-5.65693,0,-0.0935652,-14.423,-0.927465
88,46,Box,6.60521,-5.67435,0.0518293,0.107688,-14.4936,1.07978
88,47,Box,7.7,-5.64774,0,0,-13.9552,0
88,48,Box,8.8,-5.64774,0,0,-13.9552,0
88,49,Box,9.9,-5.64774,0,0,-13.9552,0
88,50,Box,0,-4.54774,0,0,-13.9552,0
88,51,Box,1.1,-4.54774,0,0,-13.9552,0
88,52,Box,2.2,-4.54774,0,0,-13.9552,0
88,53,Box,3.3,-4.54774,0,0,-13.9552,0
88,54,Box,4.4,-4.54774,0,-0.0706212,-14.3083,-0.718334
88,55,Box,5.48561,-4.63147,-0.123359,-0.056302,-14.2367,0.248228
88,56,Box,6.61876,-4.6622,0.142074,0.105138,-14.5672,0.700978
88,57,Box,7.7,-4.54774,0,0,-13.9552,0
88,58,Box,8.8,-4.54774,0,0,-13.9552,0
88,59,Box,9.9,-4.54774,0,0,-13.9552,0
88,60,Box,0,-3.44774,0,0,-13.9552,0
88,61,Box,1.1,-3.44774,0,0,-13.9552,0
88,62,Box,2.2,-3.44774,0,0,-13.9552,0
88,63,Box,3.3,-3.44774,0,0,-13.9552,0
88,64,Box,4.38935,-3.5141,-0.101386,-0.0403391,-14.1517,0.122782
88,65,Box,5.47251,-3.59147,-0.116344,-0.0827805,-14.473,0.927613
88,66,Box,6.61883,-3.69458,0.119506,-0.00401948,-14.7801,0.113187
88,67,Box,7.7097,-3.46258,-0.00902264,0.195969,-14.5567,1.09592
88,68,Box,8.8,-3.44774,0,0,-13.9552,0
88,69,Box,9.9,-3.44774,0,0,-13.9552,0
88,70,Box,0,-2.34774,0,0,-13.9552,0
88,71,Box,1.1,-2.34774,0,0,-13.9552,0
88,72,Box,2.2,-2.34774,0,0,-13.9552,0
88,73,Box,3.3,-2.34774,0,0,-13.9552,0
88,74,Box,4.37787,-2.46142,-0.120421,-0.0603083,-14.2567,0.256098
88,75,Box,5.45902,-2.54387,0.0304048,-0.137282,-14.5429,0.288963
88,76,Box,6.69568,-2.74994,0.0992292,0.258049,-15.1121,-0.810923
88,77,Box,7.72714,-2.47007,0.0935614,0.193282,-14.7283,0.557869
88,78,Box,8.80519,-2.4063,0.071308,0.0596196,-14.3908,1.48558
88,79,Box,9.9,-2.34774,0,0,-13.9552,0
88,80,Box,0,-1.24774,0,0,-13.9552,0
88,81,Box,1.09247,-1.24774,0,-0.446332,-13.8659,-0.885094
88,82,Box,2.12436,-1.24,-0.133095,-0.199785,-13.9639,0.0640323
88,83,Box,3.13856,-1.25954,-0.110227,-0.914001,-14.0526,-0.20759
88,84,Box,4.12604,-1.24203,-0.121297,-0.634679,-13.9475,0.458447
88,85,Box,5.12382,-1.40245,-0.0841502,-0.77969,-14.075,-0.435652
88,86,Box,6.38331,-1.73968,0.395735,-0.724974,-14.82,0.0349601
88,87,Box,8.20468,-1.49171,0.0804665,1.67157,-14.7774,-0.0236425
88,88,Box,9.15048,-1.34439,0.0476288,1.68279,-14.618,-0.0123181
88,89,Box,10.373,-1.27497,-0.114189,3.93363,-14.1849,0.345428
88,90,Box,-0.279475,1.13004,1.06946,-0.879204,-10.9445,2.28378
88,91,Box,1.25318,0.667774,-0.24062,0.487807,-12.026,-1.31725
88,92,Box,2.28648,-0.165825,-0.264641,-0.304218,-13.5548,-1.71242
88,93,Box,3.50207,-0.12884,-0.0221023,1.05398,-13.8629,0.00815806
88,94,Box,9.05844,3.78799,-6.53668,15.8267,-0.634628,-21.0805
88,95,Box,7.23544,-0.882566,-2.39349,2.75208,-15.0351,-2.38139
88,96,Box,7.81514,0.137723,0.0280286,4.56675,-14.6144,1.01784
88,97,Box,9.00595,-0.162498,0.115509,5.09591,-14.134,0.54886
88,98,Box,10.0044,-0.0995358,0.0974438,5.37154,-13.675,0.306996
88,99,Box,11.0523,-0.143582,-0.0171152,5.74186,-13.9109,-0.465199
88,100,Circle,7.52331,-0.285035,3.04697,4.38969,-14.7772,9.16472
89,0,Box,0,-10.2735,0,0,-14.112,0
89,1,Box,1.1,-10.2735,0,0,-14.112,0
89,2,Box,2.2,-10.2735,0,0,-14.112,0
89,3,Box,3.3,-10.2735,0,0,-14.112,0
89,4,Box,4.4,-10.2735,0,0,-14.112,0
89,5,Box,5.5,-10.2735,0,0,-14.112,0
89,6,Box,6.6,-10.2735,0,0,-14.112,0
89,7,Box,7.7,-10.2735,0,0,-14.112,0
89,8,Box,8.8,-10.2735,0,0,-14.112,0
89,9,Box,9.9,-10.2735,0,0,-14.112,0
89,10,Box,0,-9.17354,0,0,-14.112,0
89,11,Box,1.1,-9.17354,0,0,-14.112,0
89,12,Box,2.2,-9.17354,0,0,-14.112,0
89,13,Box,3.3,-9.17354,0,0,-14.112,0
89,14,Box,4.4,-9.17354,0,0,-14.112,0
89,15,Box,5.5,-9.17354,0,0,-14.112,0
89,16,Box,6.6,-9.17354,0,0,-14.112,0
89,17,Box,7.7,-9.17354,0,0,-14.112,0
89,18,Box,8.8,-9.17354,0,0,-14.112,0
89,19,Box,9.9,-9.17354,0,0,-14.112,0
89,20,Box,0,-8.07354,0,0,-14.112,0
89,21,Box,1.1,-8.07354,0,0,-14.112,0
89,22,Box,2.2,-8.07354,0,0,-14.112,0
89,23,Box,3.3,-8.07354,0,0,-14.112,0
89,24,Box,4.4,-8.07354,0,0,-14.112,0
89,25,Box,5.5,-8.07354,0,0,-14.112,0
89,26,Box,6.6,-8.07354,0,0,-14.112,0
89,27,Box,7.7,-8.07354,0,0,-14.112,0
89,28,Box,8.8,-8.07354,0,0,-14.112,0
89,29,Box,9.9,-8.07354,0,0,-14.112,0
89,30,Box,0,-6.97354,0,0,-14.112,0
89,31,Box,1.1,-6.97354,0,0,-14.112,0
89,32,Box,2.2,-6.97354,0,0,-14.112,0
89,33,Box,3.3,-6.97354,0,0,-14.112,0
89,34,Box,4.4,-6.97354,0,0,-14.112,0
89,35,Box,5.5,-6.97354,0,0,-14.112,0
89,36,Box,6.6,-6.97354,0,0,-14.112,0
89,37,Box,7.7,-6.97354,0,0,-14.112,0
89,38,Box,8.8,-6.97354,0,0,-14.112,0
89,39,Box,9.9,-6.97354,0,0,-14.112,0
89,40,Box,0,-5.87354,0,0,-14.112,0
89,41,Box,1.1,-5.87354,0,0,-14.112,0
89,42,Box,2.2,-5.87354,0,0,-14.112,0
89,43,Box,3.3,-5.87354,0,0,-14.112,0
89,44,Box,4.4,-5.87354,0,0,-14.112,0
89,45,Box,5.4985,-5.89021,-0.0148394,-0.0935652,-14.5798,-0.927465
89,46,Box,6.60693,-5.90876,0.0691057,0.107688,-14.6504,1.07978
89,47,Box,7.7,-5.87354,0,0,-14.112,0
89,48,Box,8.8,-5.87354,0,0,-14.112,0
89,49,Box,9.9,-5.87354,0,0,-14.112,0
89,50,Box,0,-4.77354,0,0,-14.112,0
89,51,Box,1.1,-4.77354,0,0,-14.112,0
89,52,Box,2.2,-4.77354,0,0,-14.112,0
89,53,Box,3.3,-4.77354,0,0,-14.112,0
89,54,Box,4.39887,-4.77919,-0.0114933,-0.0706212,-14.4651,-0.718334
89,55,Box,5.48471,-4.86176,-0.119388,-0.056302,-14.3935,0.248228
89,56,Box,6.62044,-4.89779,0.15329,0.105138,-14.724,0.700978
89,57,Box,7.7,-4.77354,0,0,-14.112,0
89,58,Box,8.8,-4.77354,0,0,-14.112,0
89,59,Box,9.9,-4.77354,0,0,-14.112,0
89,60,Box,0,-3.67354,0,0,-14.112,0
89,61,Box,1.1,-3.67354,0,0,-14.112,0
89,62,Box,2.2,-3.67354,0,0,-14.112,0
89,63,Box,3.3,-3.67354,0,0,-14.112,0
89,64,Box,4.3887,-3.74304,-0.0994211,-0.0403391,-14.3085,0.122782
89,65,Box,5.47118,-3.82555,-0.101502,-0.0827805,-14.6298,0.927613
89,66,Box,6.61877,-3.93357,0.121317,-0.00401948,-14.9369,0.113187
89,67,Box,7.71283,-3.698,0.00851204,0.195969,-14.7135,1.09592
89,68,Box,8.8,-3.67354,0,0,-14.112,0
89,69,Box,9.9,-3.67354,0,0,-14.112,0
89,70,Box,0,-2.57354,0,0,-14.112,0
89,71,Box,1.1,-2.57354,0,0,-14.112,0
89,72,Box,2.2,-2.57354,0,0,-14.112,0
89,73,Box,3.3,-2.57354,0,0,-14.112,0
89,74,Box,4.3769,-2.69203,-0.116323,-0.0603083,-14.4135,0.256098
89,75,Box,5.45682,-2.77907,0.0350282,-0.137282,-14.6997,0.288963
89,76,Box,6.69981,-2.99425,0.0862544,0.258049,-15.2689,-0.810923
89,77,Box,7.73023,-2.70823,0.102487,0.193282,-14.8851,0.557869
89,78,Box,8.80615,-2.63906,0.0950773,0.0596196,-14.5476,1.48558
89,79,Box,9.9,-2.57354,0,0,-14.112,0
89,80,Box,0,-1.47354,0,0,-14.112,0
89,81,Box,1.08533,-1.47211,-0.0141615,-0.446332,-14.0227,-0.885094
89,82,Box,2.12117,-1.46593,-0.13207,-0.199785,-14.1207,0.0640323
89,83,Box,3.12393,-1.48689,-0.113549,-0.914001,-14.2094,-0.20759
89,84,Box,4.11588,-1.4677,-0.113962,-0.634679,-14.1043,0.458447
89,85,Box,5.11135,-1.63016,-0.0911207,-0.77969,-14.2318,-0.435652
89,86,Box,6.37171,-1.97931,0.396295,-0.724974,-14.9768,0.0349601
89,87,Box,8.21913,-1.73165,0.0800882,1.67157,-14.9342,-0.0236425
89,88,Box,9.1897,-1.5798,0.0474317,1.68279,-14.7748,-0.0123181
89,89,Box,10.436,-1.50444,-0.108662,3.93363,-14.3417,0.345428
89,90,Box,-0.293543,0.95242,1.106,-0.879204,-11.1013,2.28378
89,91,Box,1.26098,0.47285,-0.261696,0.487807,-12.1828,-1.31725
89,92,Box,2.28161,-0.38521,-0.29204,-0.304218,-13.7116,-1.71242
89,93,Box,3.51893,-0.353155,-0.0219718,1.05398,-14.0197,0.00815806
89,94,Box,9.31166,3.77532,-6.87397,15.8267,-0.791428,-21.0805
89,95,Box,7.27947,-1.12564,-2.43159,2.75208,-15.1919,-2.38139
89,96,Box,7.88821,-0.0986168,0.044314,4.56675,-14.7712,1.01784
89,97,Box,9.08748,-0.391151,0.124291,5.09591,-14.2908,0.54886
89,98,Box,10.0904,-0.320844,0.102356,5.37154,-13.8318,0.306996
89,99,Box,11.1441,-0.368664,-0.0245584,5.74186,-14.0677,-0.465199
89,100,Circle,7.59355,-0.52398,3.19361,4.38969,-14.934,9.16472
90,0,Box,0,-10.5018,0,0,-14.2688,0
90,1,Box,1.1,-10.5018,0,0,-14.2688,0
90,2,Box,2.2,-10.5018,0,0,-14.2688,0
90,3,Box,3.3,-10.5018,0,0,-14.2688,0
90,4,Box,4.4,-10.5018,0,0,-14.2688,0
90,5,Box,5.5,-10.5018,0,0,-14.2688,0
90,6,Box,6.6,-10.5018,0,0,-14.2688,0
90,7,Box,7.7,-10.5018,0,0,-14.2688,0
90,8,Box,8.8,-10.5018,0,0,-14.2688,0
90,9,Box,9.9,-10.5018,0,0,-14.2688,0
90,10,Box,0,-9.40184,0,0,-14.2688,0
90,11,Box,1.1,-9.40184,0,0,-14.2688,0
90,12,Box,2.2,-9.40184,0,0,-14.2688,0
90,13,Box,3.3,-9.40184,0,0,-14.2688,0
90,14,Box,4.4,-9.40184,0,0,-14.2688,0
90,15,Box,5.5,-9.40184,0,0,-14.2688,0
90,16,Box,6.6,-9.40184,0,0,-14.2688,0
90,17,Box,7.7,-9.40184,0,0,-14.2688,0
90,18,Box,8.8,-9.40184,0,0,-14.2688,0
90,19,Box,9.9,-9.40184,0,0,-14.2688,0
90,20,Box,0,-8.30184,0,0,-14.2688,0
90,21,Box,1.1,-8.30184,0,0,-14.2688,0
90,22,Box,2.2,-8.30184,0,0,-14.2688,0
90,23,Box,3.3,-8.30184,0,0,-14.2688,0
90,24,Box,4.4,-8.30184,0,0,-14.2688,0
90,25,Box,5.5,-8.30184,0,0,-14.2688,0
90,26,Box,6.6,-8.30184,0,0,-14.2688,0
90,27,Box,7.7,-8.30184,0,0,-14.2688,0
90,28,Box,8.8,-8.30184,0,0,-14.2688,0
90,29,Box,9.9,-8.30184,0,0,-14.2688,0
90,30,Box,0,-7.20184,0,0,-14.2688,0
90,31,Box,1.1,-7.20184,0,0,-14.2688,0
90,32,Box,2.2,-7.20184,0,0,-14.2688,0
90,33,Box,3.3,-7.20184,0,0,-14.2688,0
90,34,Box,4.4,-7.20184,0,0,-14.2688,0
90,35,Box,5.5,-7.20184,0,0,-14.2688,0
90,36,Box,6.6,-7.20184,0,0,-14.2688,0
90,37,Box,7.7,-7.20184,0,0,-14.2688,0
90,38,Box,8.8,-7.20184,0,0,-14.2688,0
90,39,Box,9.9,-7.20184,0,0,-14.2688,0
90,40,Box,0,-6.10184,0,0,-14.2688,0
90,41,Box,1.1,-6.10184,0,0,-14.2688,0
90,42,Box,2.2,-6.10184,0,0,-14.2688,0
90,43,Box,3.3,-6.10184,0,0,-14.2688,0
90,44,Box,4.4,-6.10184,0,0,-14.2688,0
90,45,Box,5.49701,-6.126,-0.0296789,-0.0935652,-14.7366,-0.927465
90,46,Box,6.60865,-6.14567,0.0863822,0.107688,-14.8072,1.07978
90,47,Box,7.7,-6.10184,0,0,-14.2688,0
90,48,Box,8.8,-6.10184,0,0,-14.2688,0
90,49,Box,9.9,-6.10184,0,0,-14.2688,0
90,50,Box,0,-5.00184,0,0,-14.2688,0
90,51,Box,1.1,-5.00184,0,0,-14.2688,0
90,52,Box,2.2,-5.00184,0,0,-14.2688,0
90,53,Box,3.3,-5.00184,0,0,-14.2688,0
90,54,Box,4.39774,-5.01314,-0.0229867,-0.0706212,-14.6219,-0.718334
90,55,Box,5.48381,-5.09457,-0.115416,-0.056302,-14.5503,0.248228
90,56,Box,6.62383,-5.14966,0.164506,0.105138,-14.8808,0.700978
90,57,Box,7.7,-5.00184,0,0,-14.2688,0
90,58,Box,8.8,-5.00184,0,0,-14.2688,0
90,59,Box,9.9,-5.00184,0,0,-14.2688,0
90,60,Box,0,-3.90184,0,0,-14.2688,0
90,61,Box,1.1,-3.90184,0,0,-14.2688,0
90,62,Box,2.2,-3.90184,0,0,-14.2688,0
90,63,Box,3.3,-3.90184,0,0,-14.2688,0
90,64,Box,4.38806,-3.97449,-0.0974566,-0.0403391,-14.4653,0.122782
90,65,Box,5.46986,-4.06213,-0.0866601,-0.0827805,-14.7866,0.927613
90,66,Box,6.61873,-4.18493,0.123128,-0.00401948,-15.0937,0.113187
90,67,Box,7.71597,-3.93592,0.0260467,0.195969,-14.8703,1.09592
90,68,Box,8.8,-3.90184,0,0,-14.2688,0
90,69,Box,9.9,-3.90184,0,0,-14.2688,0
90,70,Box,0,-2.80184,0,0,-14.2688,0
90,71,Box,1.1,-2.80184,0,0,-14.2688,0
90,72,Box,2.2,-2.80184,0,0,-14.2688,0
90,73,Box,3.3,-2.80184,0,0,-14.2688,0
90,74,Box,4.37594,-2.92516,-0.112225,-0.0603083,-14.5703,0.256098
90,75,Box,5.45462,-3.01677,0.0396516,-0.137282,-14.8565,0.288963
90,76,Box,6.7022,-3.21741,0.0732797,0.258049,-15.4257,-0.810923
90,77,Box,7.73333,-2.9489,0.111413,0.193282,-15.0419,0.557869
90,78,Box,8.8071,-2.87433,0.118847,0.0596196,-14.7044,1.48558
90,79,Box,9.9,-2.80184,0,0,-14.2688,0
90,80,Box,0,-1.70184,0,0,-14.2688,0
90,81,Box,1.07819,-1.69898,-0.028323,-0.446332,-14.1795,-0.885094
90,82,Box,2.11797,-1.69437,-0.131046,-0.199785,-14.2775,0.0640323
90,83,Box,3.10931,-1.71675,-0.11687,-0.914001,-14.3662,-0.20759
90,84,Box,4.10573,-1.69588,-0.106626,-0.634679,-14.2611,0.458447
90,85,Box,5.09887,-1.86038,-0.0980911,-0.77969,-14.3886,-0.435652
90,86,Box,6.36011,-2.22145,0.396854,-0.724974,-15.1336,0.0349601
90,87,Box,8.24588,-1.9731,0.0797099,1.67157,-15.091,-0.0236425
90,88,Box,9.21663,-1.81871,0.0472346,1.68279,-14.9316,-0.0123181
90,89,Box,10.4989,-1.73642,-0.103135,3.93363,-14.4985,0.345428
90,90,Box,-0.30761,0.77229,1.14254,-0.879204,-11.2581,2.28378
90,91,Box,1.26879,0.275417,-0.282772,0.487807,-12.3396,-1.31725
90,92,Box,2.27675,-0.607104,-0.319438,-0.304218,-13.8684,-1.71242
90,93,Box,3.5358,-0.57998,-0.0218412,1.05398,-14.1765,0.00815806
90,94,Box,9.56489,3.76015,-7.21126,15.8267,-0.948228,-21.0805
90,95,Box,7.32351,-1.37121,-2.4697,2.75208,-15.3487,-2.38139
90,96,Box,7.96128,-0.337465,0.0605994,4.56675,-14.928,1.01784
90,97,Box,9.16902,-0.622312,0.133073,5.09591,-14.4476,0.54886
90,98,Box,10.1763,-0.544661,0.107268,5.37154,-13.9886,0.306996
90,99,Box,11.236,-0.596256,-0.0320016,5.74186,-14.2245,-0.465199
90,100,Circle,7.66378,-0.765433,3.34024,4.38969,-15.0908,9.16472
91,0,Box,0,-10.7326,0,0,-14.4256,0
91,1,Box,1.1,-10.7326,0,0,-14.4256,0
91,2,Box,2.2,-10.7326,0,0,-14.4256,0
91,3,Box,3.3,-10.7326,0,0,-14.4256,0
91,4,Box,4.4,-10.7326,0,0,-14.4256,0
91,5,Box,5.5,-10.7326,0,0,-14.4256,0
91,6,Box,6.6,-10.7326,0,0,-14.4256,0
91,7,Box,7.7,-10.7326,0,0,-14.4256,0
91,8,Box,8.8,-10.7326,0,0,-14.4256,0
91,9,Box,9.9,-10.7326,0,0,-14.4256,0
91,10,Box,0,-9.63265,0,0,-14.4256,0
91,11,Box,1.1,-9.63265,0,0,-14.4256,0
91,12,Box,2.2,-9.63265,0,0,-14.4256,0
91,13,Box,3.3,-9.63265,0,0,-14.4256,0
91,14,Box,4.4,-9.63265,0,0,-14.4256,0
91,15,Box,5.5,-9.63265,0,0,-14.4256,0
91,16,Box,6.6,-9.63265,0,0,-14.4256,0
91,17,Box,7.7,-9.63265,0,0,-14.4256,0
91,18,Box,8.8,-9.63265,0,0,-14.4256,0
91,19,Box,9.9,-9.63265,0,0,-14.4256,0
91,20,Box,0,-8.53265,0,0,-14.4256,0
91,21,Box,1.1,-8.53265,0,0,-14.4256,0
91,22,Box,2.2,-8.53265,0,0,-14.4256,0
91,23,Box,3.3,-8.53265,0,0,-14.4256,0
91,24,Box,4.4,-8.53265,0,0,-14.4256,0
91,25,Box,5.5,-8.53265,0,0,-14.4256,0
91,26,Box,6.6,-8.53265,0,0,-14.4256,0
91,27,Box,7.7,-8.53265,0,0,-14.4256,0
91,28,Box,8.8,-8.53265,0,0,-14.4256,0
91,29,Box,9.9,-8.53265,0,0,-14.4256,0
91,30,Box,0,-7.43265,0,0,-14.4256,0
91,31,Box,1.1,-7.43265,0,0,-14.4256,0
91,32,Box,2.2,-7.43265,0,0,-14.4256,0
91,33,Box,3.3,-7.43265,0,0,-14.4256,0
91,34,Box,4.4,-7.43265,0,0,-14.4256,0
91,35,Box,5.5,-7.43265,0,0,-14.4256,0
91,36,Box,6.6,-7.43265,0,0.0706779,-14.779,0.711381
91,37,Box,7.7,-7.43265,0,0,-14.4256,0
91,38,Box,8.8,-7.43265,0,0,-14.4256,0
91,39,Box,9.9,-7.43265,0,0,-14.4256,0
91,40,Box,0,-6.33265,0,0,-14.4256,0
91,41,Box,1.1,-6.33265,0,0,-14.4256,0
91,42,Box,2.2,-6.33265,0,0,-14.4256,0
91,43,Box,3.3,-6.33265,0,0,-14.4256,0
91,44,Box,4.4,-6.33265,0,0,-14.4256,0
91,45,Box,5.49551,-6.36429,-0.0445183,-0.0935652,-14.8934,-0.927465
91,46,Box,6.61121,-6.39309,0.103659,0.106258,-14.9014,0.409576
91,47,Box,7.7,-6.33265,0,0,-14.4256,0
91,48,Box,8.8,-6.33265,0,0,-14.4256,0
91,49,Box,9.9,-6.33265,0,0,-14.4256,0
91,50,Box,0,-5.23265,0,0,-14.4256,0
91,51,Box,1.1,-5.23265,0,0,-14.4256,0
91,52,Box,2.2,-5.23265,0,0,-14.4256,0
91,53,Box,3.3,-5.23265,0,0,-14.4256,0
91,54,Box,4.39661,-5.2496,-0.03448,-0.0706212,-14.7787,-0.718334
91,55,Box,5.48291,-5.32988,-0.111444,-0.056302,-14.7071,0.248228
91,56,Box,6.62655,-5.39717,0.175721,0.0220274,-14.9378,0.169569
91,57,Box,7.7,-5.23265,0,0,-14.4256,0
91,58,Box,8.8,-5.23265,0,0,-14.4256,0
91,59,Box,9.9,-5.23265,0,0,-14.4256,0
91,60,Box,0,-4.13265,0,0,-14.4256,0
91,61,Box,1.1,-4.13265,0,0,-14.4256,0
91,62,Box,2.2,-4.13265,0,0,-14.4256,0
91,63,Box,3.3,-4.13265,0,0,-14.4256,0
91,64,Box,4.38741,-4.20844,-0.0954921,-0.0403391,-14.6221,0.122782
91,65,Box,5.46854,-4.30123,-0.0718183,-0.0807287,-14.966,1.00566
91,66,Box,6.61781,-4.43083,0.124939,0.00454188,-15.0979,-0.132512
91,67,Box,7.72177,-4.18653,0.0435814,0.209269,-15.0812,1.19785
91,68,Box,8.8,-4.14028,0,0.0776555,-14.8139,0.756899
91,69,Box,9.9,-4.13265,0,0,-14.4256,0
91,70,Box,0,-3.03265,0,0,-14.4256,0
91,71,Box,1.1,-3.03265,0,0,-14.4256,0
91,72,Box,2.2,-3.03265,0,0,-14.4256,0
91,73,Box,3.3,-3.03265,0,0,-14.4256,0
91,74,Box,4.37497,-3.16079,-0.108128,-0.0603083,-14.7271,0.256098
91,75,Box,5.45243,-3.25699,0.044275,-0.415547,-15.1776,0.529497
91,76,Box,6.70961,-3.46555,0.0603049,0.26335,-15.5441,-0.882779
91,77,Box,7.73765,-3.20293,0.120339,0.197586,-15.2066,0.592833
91,78,Box,8.81012,-3.11889,0.142616,0.153732,-14.9747,0.00023685
91,79,Box,9.90001,-3.03284,0,0.0618633,-14.7172,1.06032
91,80,Box,0,-1.93265,0,0,-14.4256,0
91,81,Box,1.07105,-1.92836,-0.0424845,-0.446332,-14.3363,-0.885094
91,82,Box,2.11203,-1.92499,-0.130021,-0.447247,-14.4511,0.6471
91,83,Box,3.09742,-1.94944,-0.120191,-0.833348,-14.4551,-0.318223
91,84,Box,4.09557,-1.92656,-0.0992913,-0.654425,-14.4382,-0.349711
91,85,Box,5.0864,-2.09311,-0.105062,-0.593135,-14.5761,0.0902313
91,86,Box,6.342,-2.45058,0.397413,-0.448762,-15.1035,0.011725
91,87,Box,8.29098,-2.21832,0.0793316,1.33447,-14.8986,0.357023
91,88,Box,9.2482,-2.05956,0.0470375,1.82316,-14.6992,-0.146145
91,89,Box,10.5619,-1.9709,-0.0976082,3.93363,-14.6553,0.345428
91,90,Box,-0.321677,0.589651,1.17909,-0.879204,-11.4149,2.28378
91,91,Box,1.27659,0.0754752,-0.303848,0.487807,-12.4964,-1.31725
91,92,Box,2.27188,-0.831507,-0.346837,-0.304218,-14.0252,-1.71242
91,93,Box,3.55266,-0.809314,-0.0217107,1.05398,-14.3333,0.00815806
91,94,Box,9.81812,3.74247,-7.54854,15.8267,-1.10503,-21.0805
91,95,Box,7.40589,-1.53502,-2.5078,3.09636,-15.2026,-3.40927
91,96,Box,8.0264,-0.425121,0.0768848,4.56675,-15.0848,1.01784
91,97,Box,9.25055,-0.855983,0.141854,5.09591,-14.6044,0.54886
91,98,Box,10.2622,-0.770987,0.11218,5.37154,-14.1454,0.306996
91,99,Box,11.3279,-0.826356,-0.0394448,5.74186,-14.3813,-0.465199
91,100,Circle,7.66122,-1.26603,3.48688,3.88193,-15.4844,9.02716
92,0,Box,0,-10.966,0,0,-14.5824,0
92,1,Box,1.1,-10.966,0,0,-14.5824,0
92,2,Box,2.2,-10.966,0,0,-14.5824,0
92,3,Box,3.3,-10.966,0,0,-14.5824,0
92,4,Box,4.4,-10.966,0,0,-14.5824,0
92,5,Box,5.5,-10.966,0,0,-14.5824,0
92,6,Box,6.6,-10.966,0,0,-14.5824,0
92,7,Box,7.7,-10.966,0,0,-14.5824,0
92,8,Box,8.8,-10.966,0,0,-14.5824,0
92,9,Box,9.9,-10.966,0,0,-14.5824,0
92,10,Box,0,-9.86597,0,0,-14.5824,0
92,11,Box,1.1,-9.86597,0,0,-14.5824,0
92,12,Box,2.2,-9.86597,0,0,-14.5824,0
92,13,Box,3.3,-9.86597,0,0,-14.5824,0
92,14,Box,4.4,-9.86597,0,0,-14.5824,0
92,15,Box,5.5,-9.86597,0,0,-14.5824,0
92,16,Box,6.6,-9.86597,0,0,-14.5824,0
92,17,Box,7.7,-9.86597,0,0,-14.5824,0
92,18,Box,8.8,-9.86597,0,0,-14.5824,0
92,19,Box,9.9,-9.86597,0,0,-14.5824,0
92,20,Box,0,-8.76597,0,0,-14.5824,0
92,21,Box,1.1,-8.76597,0,0,-14.5824,0
92,22,Box,2.2,-8.76597,0,0,-14.5824,0
92,23,Box,3.3,-8.76597,0,0,-14.5824,0
92,24,Box,4.4,-8.76597,0,0,-14.5824,0
92,25,Box,5.5,-8.76597,0,0,-14.5824,0
92,26,Box,6.6,-8.76597,0,0,-14.5824,0
92,27,Box,7.7,-8.76597,0,0,-14.5824,0
92,28,Box,8.8,-8.76597,0,0,-14.5824,0
92,29,Box,9.9,-8.76597,0,0,-14.5824,0
92,30,Box,0,-7.66596,0,0,-14.5824,0
92,31,Box,1.1,-7.66596,0,0,-14.5824,0
92,32,Box,2.2,-7.66596,0,0,-14.5824,0
92,33,Box,3.3,-7.66596,0,0,-14.5824,0
92,34,Box,4.4,-7.66596,0,0,-14.5824,0
92,35,Box,5.5,-7.66596,0,0,-14.5824,0
92,36,Box,6.60113,-7.67162,0.0113821,0.0706779,-14.9358,0.711381
92,37,Box,7.7,-7.66596,0,0,-14.5824,0
92,38,Box,8.8,-7.66596,0,0,-14.5824,0
92,39,Box,9.9,-7.66596,0,0,-14.5824,0
92,40,Box,0,-6.56596,0,0,-14.5824,0
92,41,Box,1.1,-6.56596,0,0,-14.5824,0
92,42,Box,2.2,-6.56596,0,0,-14.5824,0
92,43,Box,3.3,-6.56596,0,0,-14.5824,0
92,44,Box,4.4,-6.56596,0,0,-14.5824,0
92,45,Box,5.49401,-6.6051,-0.0593577,-0.0935652,-15.0502,-0.927465
92,46,Box,6.61291,-6.63402,0.110212,0.106258,-15.0582,0.409576
92,47,Box,7.7,-6.56596,0,0,-14.5824,0
92,48,Box,8.8,-6.56596,0,0,-14.5824,0
92,49,Box,9.9,-6.56596,0,0,-14.5824,0
92,50,Box,0,-5.46596,0,0,-14.5824,0
92,51,Box,1.1,-5.46596,0,0,-14.5824,0
92,52,Box,2.2,-5.46596,0,0,-14.5824,0
92,53,Box,3.3,-5.46596,0,0,-14.5824,0
92,54,Box,4.39548,-5.48856,-0.0459734,-0.0706212,-14.9355,-0.718334
92,55,Box,5.48201,-5.5677,-0.107473,-0.056302,-14.8639,0.248228
92,56,Box,6.6269,-5.63869,0.178434,0.0220274,-15.0946,0.169569
92,57,Box,7.7,-5.46596,0,0,-14.5824,0
92,58,Box,8.8,-5.46596,0,0,-14.5824,0
92,59,Box,9.9,-5.46596,0,0,-14.5824,0
92,60,Box,0,-4.36596,0,0,-14.5824,0
92,61,Box,1.1,-4.36596,0,0,-14.5824,0
92,62,Box,2.2,-4.36596,0,0,-14.5824,0
92,63,Box,3.3,-4.36596,0,0,-14.5824,0
92,64,Box,4.38677,-4.4449,-0.0935276,-0.0403391,-14.7789,0.122782
92,65,Box,5.46724,-4.54319,-0.0557278,-0.0807287,-15.1228,1.00566
92,66,Box,6.61789,-4.67491,0.122818,0.00454188,-15.2547,-0.132512
92,67,Box,7.72512,-4.43034,0.062747,0.209269,-15.238,1.19785
92,68,Box,8.80124,-4.37981,0.0121104,0.0776555,-14.9707,0.756899
92,69,Box,9.9,-4.36596,0,0,-14.5824,0
92,70,Box,0,-3.26596,0,0,-14.5824,0
92,71,Box,1.1,-3.26596,0,0,-14.5824,0
92,72,Box,2.2,-3.26596,0,0,-14.5824,0
92,73,Box,3.3,-3.26596,0,0,-14.5824,0
92,74,Box,4.37401,-3.39894,-0.10403,-0.0603083,-14.8839,0.256098
92,75,Box,5.44578,-3.50234,0.052747,-0.415547,-15.3344,0.529497
92,76,Box,6.71383,-3.71677,0.0461804,0.26335,-15.7009,-0.882779
92,77,Box,7.74081,-3.44874,0.129824,0.197586,-15.3634,0.592833
92,78,Box,8.81258,-3.361,0.14262,0.153732,-15.1315,0.00023685
92,79,Box,9.901,-3.27082,0.0169652,0.0618633,-14.874,1.06032
92,80,Box,0,-2.16596,0,0,-14.5824,0
92,81,Box,1.06391,-2.16025,-0.056646,-0.446332,-14.4931,-0.885094
92,82,Box,2.10488,-2.15872,-0.119668,-0.447247,-14.6079,0.6471
92,83,Box,3.08409,-2.18323,-0.125283,-0.833348,-14.6119,-0.318223
92,84,Box,4.0851,-2.16008,-0.104887,-0.654425,-14.595,-0.349711
92,85,Box,5.07691,-2.32884,-0.103618,-0.593135,-14.7329,0.0902313
92,86,Box,6.33482,-2.69474,0.397601,-0.448762,-15.2603,0.011725
92,87,Box,8.30503,-2.45983,0.085044,1.33447,-15.0554,0.357023
92,88,Box,9.28468,-2.29663,0.0446992,1.82316,-14.856,-0.146145
92,89,Box,10.6248,-2.2079,-0.0920813,3.93363,-14.8121,0.345428
92,90,Box,-0.335744,0.404503,1.21563,-0.879204,-11.5717,2.28378
92,91,Box,1.2844,-0.126975,-0.324923,0.487807,-12.6532,-1.31725
92,92,Box,2.26701,-1.05842,-0.374236,-0.304218,-14.182,-1.71242
92,93,Box,3.56952,-1.04116,-0.0215802,1.05398,-14.4901,0.00815806
92,94,Box,10.0713,3.72228,-7.88583,15.8267,-1.26183,-21.0805
92,95,Box,7.45543,-1.78077,-2.56235,3.09636,-15.3594,-3.40927
92,96,Box,8.09947,-0.668987,0.0931702,4.56675,-15.2416,1.01784
92,97,Box,9.33209,-1.09216,0.150636,5.09591,-14.7612,0.54886
92,98,Box,10.3482,-0.999822,0.117091,5.37154,-14.3022,0.306996
92,99,Box,11.4198,-1.05896,-0.046888,5.74186,-14.5381,-0.465199
92,100,Circle,7.72333,-1.51629,3.63131,3.88193,-15.6412,9.02716
93,0,Box,0,-11.2018,0,0,-14.7392,0
93,1,Box,1.1,-11.2018,0,0,-14.7392,0
93,2,Box,2.2,-11.2018,0,0,-14.7392,0
93,3,Box,3.3,-11.2018,0,0,-14.7392,0
93,4,Box,4.4,-11.2018,0,0,-14.7392,0
93,5,Box,5.5,-11.2018,0,0,-14.7392,0
93,6,Box,6.6,-11.2018,0,0,-14.7392,0
93,7,Box,7.7,-11.2018,0,0,-14.7392,0
93,8,Box,8.8,-11.2018,0,0,-14.7392,0
93,9,Box,9.9,-11.2018,0,0,-14.7392,0
93,10,Box,0,-10.1018,0,0,-14.7392,0
93,11,Box,1.1,-10.1018,0,0,-14.7392,0
93,12,Box,2.2,-10.1018,0,0,-14.7392,0
93,13,Box,3.3,-10.1018,0,0,-14.7392,0
93,14,Box,4.4,-10.1018,0,0,-14.7392,0
93,15,Box,5.5,-10.1018,0,0,-14.7392,0
93,16,Box,6.6,-10.1018,0,0,-14.7392,0
93,17,Box,7.7,-10.1018,0,0,-14.7392,0
93,18,Box,8.8,-10.1018,0,0,-14.7392,0
93,19,Box,9.9,-10.1018,0,0,-14.7392,0
93,20,Box,0,-9.00179,0,0,-14.7392,0
93,21,Box,1.1,-9.00179,0,0,-14.7392,0
93,22,Box,2.2,-9.00179,0,0,-14.7392,0
93,23,Box,3.3,-9.00179,0,0,-14.7392,0
93,24,Box,4.4,-9.00179,0,0,-14.7392,0
93,25,Box,5.5,-9.00179,0,0,-14.7392,0
93,26,Box,6.6,-9.00179,0,0,-14.7392,0
93,27,Box,7.7,-9.00179,0,0,-14.7392,0
93,28,Box,8.8,-9.00179,0,0,-14.7392,0
93,29,Box,9.9,-9.00179,0,0,-14.7392,0
93,30,Box,0,-7.90179,0,0,-14.7392,0
93,31,Box,1.1,-7.90179,0,0,-14.7392,0
93,32,Box,2.2,-7.90179,0,0,-14.7392,0
93,33,Box,3.3,-7.90179,0,0,-14.7392,0
93,34,Box,4.4,-7.90179,0,0,-14.7392,0
93,35,Box,5.5,-7.90179,0,0,-14.7392,0
93,36,Box,6.60226,-7.9131,0.0227642,0.0706779,-15.0926,0.711381
93,37,Box,7.7,-7.90179,0,0,-14.7392,0
93,38,Box,8.8,-7.90179,0,0,-14.7392,0
93,39,Box,9.9,-7.90179,0,0,-14.7392,0
93,40,Box,0,-6.80179,0,0,-14.7392,0
93,41,Box,1.1,-6.80179,0,0,-14.7392,0
93,42,Box,2.2,-6.80179,0,0,-14.7392,0
93,43,Box,3.3,-6.80179,0,0,-14.7392,0
93,44,Box,4.4,-6.80179,0,0,-14.7392,0
93,45,Box,5.49251,-6.84841,-0.0741972,-0.0935652,-15.207,-0.927465
93,46,Box,6.61461,-6.87746,0.116765,0.106258,-15.215,0.409576
93,47,Box,7.7,-6.80179,0,0,-14.7392,0
93,48,Box,8.8,-6.80179,0,0,-14.7392,0
93,49,Box,9.9,-6.80179,0,0,-14.7392,0
93,50,Box,0,-5.70179,0,0,-14.7392,0
93,51,Box,1.1,-5.70179,0,0,-14.7392,0
93,52,Box,2.2,-5.70179,0,0,-14.7392,0
93,53,Box,3.3,-5.70179,0,0,-14.7392,0
93,54,Box,4.39435,-5.73004,-0.0574667,-0.0706212,-15.0923,-0.718334
93,55,Box,5.48111,-5.80804,-0.103501,-0.056302,-15.0207,0.248228
93,56,Box,6.62921,-5.89878,0.181148,0.0220036,-15.2517,0.170232
93,57,Box,7.7,-5.70179,0,0,-14.7392,0
93,58,Box,8.8,-5.70179,0,0,-14.7392,0
93,59,Box,9.9,-5.70179,0,0,-14.7392,0
93,60,Box,0,-4.60179,0,0,-14.7392,0
93,61,Box,1.1,-4.60179,0,0,-14.7392,0
93,62,Box,2.2,-4.60179,0,0,-14.7392,0
93,63,Box,3.3,-4.60179,0,0,-14.7392,0
93,64,Box,4.38612,-4.68387,-0.0915631,-0.0403391,-14.9357,0.122782
93,65,Box,5.46595,-4.78766,-0.0396373,-0.0807287,-15.2796,1.00566
93,66,Box,6.61673,-4.92791,0.120698,0.00456567,-15.4112,-0.13302
93,67,Box,7.72847,-4.67666,0.0819126,0.209269,-15.3948,1.19785
93,68,Box,8.80249,-4.62185,0.0242208,0.0776555,-15.1275,0.756899
93,69,Box,9.9,-4.60179,0,0,-14.7392,0
93,70,Box,0,-3.50179,0,0,-14.7392,0
93,71,Box,1.1,-3.50179,0,0,-14.7392,0
93,72,Box,2.2,-3.50179,0,0,-14.7392,0
93,73,Box,3.3,-3.50179,0,0,-14.7392,0
93,74,Box,4.37304,-3.63959,-0.0999327,-0.0603083,-15.0407,0.256098
93,75,Box,5.43913,-3.7502,0.0612189,-0.415547,-15.4912,0.529497
93,76,Box,6.71732,-3.948,0.032056,0.26335,-15.8577,-0.882779
93,77,Box,7.74397,-3.69706,0.13931,0.197586,-15.5202,0.592833
93,78,Box,8.81504,-3.60561,0.142624,0.153732,-15.2883,0.00023685
93,79,Box,9.90199,-3.51131,0.0339304,0.0618633,-15.0308,1.06032
93,80,Box,0,-2.40179,0,0,-14.7392,0
93,81,Box,1.05677,-2.39465,-0.0708075,-0.446332,-14.6499,-0.885094
93,82,Box,2.09772,-2.39495,-0.109314,-0.49679,-14.9212,0.378474
93,83,Box,3.07076,-2.41953,-0.130375,-0.833348,-14.7687,-0.318223
93,84,Box,4.07463,-2.39611,-0.110482,-0.654425,-14.7518,-0.349711
93,85,Box,5.06742,-2.56707,-0.102174,-0.593135,-14.8897,0.0902313
93,86,Box,6.32764,-2.94141,0.397789,-0.448762,-15.4171,0.011725
93,87,Box,8.32636,-2.70305,0.0907564,1.33447,-15.2122,0.357023
93,88,Box,9.31385,-2.53684,0.0423609,1.82316,-15.0128,-0.146145
93,89,Box,10.6877,-2.4474,-0.0865545,3.93363,-14.9689,0.345428
93,90,Box,-0.349812,0.216847,1.25217,-0.879204,-11.7285,2.28378
93,91,Box,1.2922,-0.331935,-0.345999,0.487807,-12.81,-1.31725
93,92,Box,2.26214,-1.28784,-0.401634,-0.254675,-14.1823,-1.26902
93,93,Box,3.58639,-1.27551,-0.0214497,1.05398,-14.6469,0.00815806
93,94,Box,10.3246,3.69958,-8.22312,15.8267,-1.41863,-21.0805
93,95,Box,7.36631,-2.10929,-2.6169,3.09636,-15.5162,-3.40927
93,96,Box,8.17754,-0.960933,0.109456,4.56675,-15.3984,1.01784
93,97,Box,9.41362,-1.33085,0.159418,5.09591,-14.918,0.54886
93,98,Box,10.4341,-1.23117,0.122003,5.37154,-14.459,0.306996
93,99,Box,11.5116,-1.29408,-0.0543311,5.74186,-14.6949,-0.465199
93,100,Circle,7.95564,-1.60906,3.77575,3.88193,-15.798,9.02716
94,0,Box,0,-11.4401,0,0,-14.896,0
94,1,Box,1.1,-11.4401,0,0,-14.896,0
94,2,Box,2.2,-11.4401,0,0,-14.896,0
94,3,Box,3.3,-11.4401,0,0,-14.896,0
94,4,Box,4.4,-11.4401,0,0,-14.896,0
94,5,Box,5.5,-11.4401,0,0,-14.896,0
94,6,Box,6.6,-11.4401,0,0,-14.896,0
94,7,Box,7.7,-11.4401,0,0,-14.896,0
94,8,Box,8.8,-11.4401,0,0,-14.896,0
94,9,Box,9.9,-11.4401,0,0,-14.896,0
94,10,Box,0,-10.3401,0,0,-14.896,0
94,11,Box,1.1,-10.3401,0,0,-14.896,0
94,12,Box,2.2,-10.3401,0,0,-14.896,0
94,13,Box,3.3,-10.3401,0,0,-14.896,0
94,14,Box,4.4,-10.3401,0,0,-14.896,0
94,15,Box,5.5,-10.3401,0,0,-14.896,0
94,16,Box,6.6,-10.3401,0,0,-14.896,0
94,17,Box,7.7,-10.3401,0,0,-14.896,0
94,18,Box,8.8,-10.3401,0,0,-14.896,0
94,19,Box,9.9,-10.3401,0,0,-14.896,0
94,20,Box,0,-9.24013,0,0,-14.896,0
94,21,Box,1.1,-9.24013,0,0,-14.896,0
94,22,Box,2.2,-9.24013,0,0,-14.896,0
94,23,Box,3.3,-9.24013,0,0,-14.896,0
94,24,Box,4.4,-9.24013,0,0,-14.896,0
94,25,Box,5.5,-9.24013,0,0,-14.896,0
94,26,Box,6.6,-9.24013,0,0,-14.896,0
94,27,Box,7.7,-9.24013,0,0,-14.896,0
94,28,Box,8.8,-9.24013,0,0,-14.896,0
94,29,Box,9.9,-9.24013,0,0,-14.896,0
94,30,Box,0,-8.14013,0,0,-14.896,0
94,31,Box,1.1,-8.14013,0,0,-14.896,0
94,32,Box,2.2,-8.14013,0,0,-14.896,0
94,33,Box,3.3,-8.14013,0,0,-14.896,0
94,34,Box,4.4,-8.14013,0,0,-14.896,0
94,35,Box,5.5,-8.14013,0,0,-14.896,0
94,36,Box,6.60339,-8.15709,0.0341463,0.0746942,-15.2664,0.743021
94,37,Box,7.7,-8.14013,0,0,-14.896,0
94,38,Box,8.8,-8.14013,0,0,-14.896,0
94,39,Box,9.9,-8.14013,0,0,-14.896,0
94,40,Box,0,-7.04013,0,0,-14.896,0
94,41,Box,1.1,-7.04013,0,0,-14.896,0
94,42,Box,2.2,-7.04013,0,0,-14.896,0
94,43,Box,3.3,-7.04013,0,0,-14.896,0
94,44,Box,4.4,-7.04013,0,0,-14.896,0
94,45,Box,5.49102,-7.09423,-0.0890366,-0.0935652,-15.3638,-0.927465
94,46,Box,6.61779,-7.13541,0.123318,0.113088,-15.3874,0.401794
94,47,Box,7.7,-7.04013,0,0.0500901,-15.0379,0.575876
94,48,Box,8.8,-7.04013,0,0,-14.896,0
94,49,Box,9.9,-7.04013,0,0,-14.896,0
94,50,Box,0,-5.94013,0,0,-14.896,0
94,51,Box,1.1,-5.94013,0,0,-14.896,0
94,52,Box,2.2,-5.94013,0,0,-14.896,0
94,53,Box,3.3,-5.94013,0,0,-14.896,0
94,54,Box,4.39322,-5.97403,-0.0689601,-0.0706212,-15.2491,-0.718334
94,55,Box,5.4802,-6.05115,-0.0995293,-0.0427475,-15.3581,0.877693
94,56,Box,6.62979,-6.14777,0.183871,-0.0489893,-15.3613,0.390743
94,57,Box,7.7,-5.94411,0,0.0983124,-15.3876,0.949204
94,58,Box,8.8,-5.94013,0,0,-14.896,0
94,59,Box,9.9,-5.94013,0,0,-14.896,0
94,60,Box,0,-4.84013,0,0,-14.896,0
94,61,Box,1.1,-4.84013,0,0,-14.896,0
94,62,Box,2.2,-4.84013,0,0,-14.896,0
94,63,Box,3.3,-4.84013,0,0,-14.896,0
94,64,Box,4.38547,-4.92535,-0.0895986,-0.0403391,-15.0925,0.122782
94,65,Box,5.46467,-5.03437,-0.0235468,-0.111315,-15.3884,0.667707
94,66,Box,6.61539,-5.17963,0.11857,-0.0100833,-15.5769,-0.060356
94,67,Box,7.73957,-4.931,0.101078,0.210538,-15.5467,0.494161
94,68,Box,8.80392,-4.87172,0.0363311,0.0776555,-15.2843,0.756899
94,69,Box,9.9,-4.84013,0,0,-14.896,0
94,70,Box,0,-3.74013,0,0,-14.896,0
94,71,Box,1.1,-3.74013,0,0,-14.896,0
94,72,Box,2.2,-3.74013,0,0,-14.896,0
94,73,Box,3.3,-3.74013,0,0,-14.896,0
94,74,Box,4.37208,-3.88275,-0.0958351,-0.1874,-15.2105,0.47912
94,75,Box,5.43248,-4.00056,0.0696909,-0.377991,-15.5705,0.0599685
94,76,Box,6.71909,-4.19832,0.0179315,0.114332,-15.8692,-0.565278
94,77,Box,7.74815,-3.95889,0.148795,0.373292,-15.5957,0.161373
94,78,Box,8.81906,-3.85964,0.142627,0.221999,-15.6381,-0.273881
94,79,Box,9.90298,-3.75432,0.0508956,0.0757218,-15.2422,1.03239
94,80,Box,0,-2.64013,0,0,-14.896,0
94,81,Box,1.04962,-2.63156,-0.084969,-0.446332,-14.8067,-0.885094
94,82,Box,2.0805,-2.63524,-0.103258,-0.719882,-15.0506,-0.157333
94,83,Box,3.06669,-2.6593,-0.135466,-0.610256,-14.9529,0.347152
94,84,Box,4.06416,-2.63465,-0.116077,-0.693307,-14.904,-0.247457
94,85,Box,5.05793,-2.80781,-0.10073,-0.554254,-15.0511,-0.0253883
94,86,Box,6.31581,-3.17955,0.397976,-0.342193,-15.5059,0.0153256
94,87,Box,8.36842,-2.96451,0.0964687,1.36373,-15.4915,-0.00581507
94,88,Box,9.34315,-2.77954,0.0400225,1.8093,-15.1149,-0.0156021
94,89,Box,10.7507,-2.68941,-0.0810276,3.93363,-15.1257,0.345428
94,90,Box,-0.363879,0.0266811,1.28871,-0.879204,-11.8853,2.28378
94,91,Box,1.30001,-0.539403,-0.367075,0.487807,-12.9668,-1.31725
94,92,Box,2.25807,-1.51726,-0.421939,-0.254675,-14.3391,-1.26902
94,93,Box,3.60325,-1.51237,-0.0213191,1.05398,-14.8037,0.00815806
94,94,Box,10.5778,3.67438,-8.56041,15.8267,-1.57543,-21.0805
94,95,Box,7.44276,-2.28552,-2.67144,2.89726,-14.9612,-2.70489
94,96,Box,8.26252,-1.30405,0.125741,4.56675,-15.5552,1.01784
94,97,Box,9.49516,-1.57205,0.1682,5.09591,-15.0748,0.54886
94,98,Box,10.5201,-1.46502,0.126915,5.37154,-14.6158,0.306996
94,99,Box,11.6035,-1.53171,-0.0617743,5.74186,-14.8517,-0.465199
94,100,Circle,7.93703,-1.77768,3.92018,3.88193,-15.9548,9.02716
95,0,Box,0,-11.681,0,0,-15.0528,0
95,1,Box,1.1,-11.681,0,0,-15.0528,0
95,2,Box,2.2,-11.681,0,0,-15.0528,0
95,3,Box,3.3,-11.681,0,0,-15.0528,0
95,4,Box,4.4,-11.681,0,0,-15.0528,0
95,5,Box,5.5,-11.681,0,0,-15.0528,0
95,6,Box,6.6,-11.681,0,0,-15.0528,0
95,7,Box,7.7,-11.681,0,0,-15.0528,0
95,8,Box,8.8,-11.681,0,0,-15.0528,0
95,9,Box,9.9,-11.681,0,0,-15.0528,0
95,10,Box,0,-10.581,0,0,-15.0528,0
95,11,Box,1.1,-10.581,0,0,-15.0528,0
95,12,Box,2.2,-10.581,0,0,-15.0528,0
95,13,Box,3.3,-10.581,0,0,-15.0528,0
95,14,Box,4.4,-10.581,0,0,-15.0528,0
95,15,Box,5.5,-10.581,0,0,-15.0528,0
95,16,Box,6.6,-10.581,0,0,-15.0528,0
95,17,Box,7.7,-10.581,0,0,-15.0528,0
95,18,Box,8.8,-10.581,0,0,-15.0528,0
95,19,Box,9.9,-10.581,0,0,-15.0528,0
95,20,Box,0,-9.48097,0,0,-15.0528,0
95,21,Box,1.1,-9.48097,0,0,-15.0528,0
95,22,Box,2.2,-9.48097,0,0,-15.0528,0
95,23,Box,3.3,-9.48097,0,0,-15.0528,0
95,24,Box,4.4,-9.48097,0,0,-15.0528,0
95,25,Box,5.5,-9.48097,0,0,-15.0528,0
95,26,Box,6.6,-9.48097,0,0,-15.0528,0
95,27,Box,7.7,-9.48097,0,0,-15.0528,0
95,28,Box,8.8,-9.48097,0,0,-15.0528,0
95,29,Box,9.9,-9.48097,0,0,-15.0528,0
95,30,Box,0,-8.38097,0,0,-15.0528,0
95,31,Box,1.1,-8.38097,0,0,-15.0528,0
95,32,Box,2.2,-8.38097,0,0,-15.0528,0
95,33,Box,3.3,-8.38097,0,0,-15.0528,0
95,34,Box,4.4,-8.38097,0,0,-15.0528,0
95,35,Box,5.5,-8.38097,0,0,-15.0528,0
95,36,Box,6.60459,-8.40386,0.0460346,0.0746942,-15.4232,0.743021
95,37,Box,7.7,-8.38097,0,0,-15.0528,0
95,38,Box,8.8,-8.38097,0,0,-15.0528,0
95,39,Box,9.9,-8.38097,0,0,-15.0528,0
95,40,Box,0,-7.28097,0,0,-15.0528,0
95,41,Box,1.1,-7.28097,0,0,-15.0528,0
95,42,Box,2.2,-7.28097,0,0,-15.0528,0
95,43,Box,3.3,-7.28097,0,0,-15.0528,0
95,44,Box,4.4,-7.28097,0,0,-15.0528,0
95,45,Box,5.48952,-7.34256,-0.103876,-0.0935652,-15.5206,-0.927465
95,46,Box,6.6196,-7.38411,0.129747,0.113088,-15.5442,0.401794
95,47,Box,7.7008,-7.28324,0.00921401,0.0500901,-15.1947,0.575876
95,48,Box,8.8,-7.28097,0,0,-15.0528,0
95,49,Box,9.9,-7.28097,0,0,-15.0528,0
95,50,Box,0,-6.18097,0,0,-15.0528,0
95,51,Box,1.1,-6.18097,0,0,-15.0528,0
95,52,Box,2.2,-6.18097,0,0,-15.0528,0
95,53,Box,3.3,-6.18097,0,0,-15.0528,0
95,54,Box,4.39209,-6.22052,-0.0804534,-0.0706212,-15.4059,-0.718334
95,55,Box,5.47952,-6.29939,-0.0854862,-0.0427475,-15.5149,0.877693
95,56,Box,6.62901,-6.39606,0.190123,-0.0489893,-15.5181,0.390743
95,57,Box,7.70157,-6.19282,0.0151873,0.0983124,-15.5444,0.949204
95,58,Box,8.8,-6.18097,0,0,-15.0528,0
95,59,Box,9.9,-6.18097,0,0,-15.0528,0
95,60,Box,0,-5.08097,0,0,-15.0528,0
95,61,Box,1.1,-5.08097,0,0,-15.0528,0
95,62,Box,2.2,-5.08097,0,0,-15.0528,0
95,63,Box,3.3,-5.08097,0,0,-15.0528,0
95,64,Box,4.38483,-5.16934,-0.087634,-0.0403391,-15.2493,0.122782
95,65,Box,5.46289,-5.28309,-0.0128635,-0.111315,-15.5452,0.667707
95,66,Box,6.61523,-5.43137,0.117604,-0.0100833,-15.7337,-0.060356
95,67,Box,7.74294,-5.18226,0.108985,0.210538,-15.7035,0.494161
95,68,Box,8.80516,-5.11877,0.0484415,0.0776555,-15.4411,0.756899
95,69,Box,9.9,-5.08097,0,0,-15.0528,0
95,70,Box,0,-3.98097,0,0,-15.0528,0
95,71,Box,1.1,-3.98097,0,0,-15.0528,0
95,72,Box,2.2,-3.98097,0,0,-15.0528,0
95,73,Box,3.3,-3.98097,0,0,-15.0528,0
95,74,Box,4.36908,-4.12863,-0.0881692,-0.1874,-15.3673,0.47912
95,75,Box,5.42643,-4.2522,0.0706504,-0.377991,-15.7273,0.0599685
95,76,Box,6.72092,-4.45473,0.00888704,0.114332,-16.026,-0.565278
95,77,Box,7.75413,-4.21093,0.151377,0.373292,-15.7525,0.161373
95,78,Box,8.82262,-4.11236,0.138245,0.221999,-15.7949,-0.273881
95,79,Box,9.90419,-4.0007,0.0674138,0.0779344,-15.4072,1.0264
95,80,Box,0,-2.88097,0,0,-15.0528,0
95,81,Box,1.04248,-2.87098,-0.0991305,-0.446332,-14.9635,-0.885094
95,82,Box,2.06899,-2.87856,-0.105776,-0.719882,-15.2074,-0.157333
95,83,Box,3.05693,-2.90106,-0.129912,-0.610256,-15.1097,0.347152
95,84,Box,4.05307,-2.87562,-0.120037,-0.693307,-15.0608,-0.247457
95,85,Box,5.04906,-3.05114,-0.101137,-0.554254,-15.2079,-0.0253883
95,86,Box,6.31034,-3.43015,0.398221,-0.342193,-15.6627,0.0153256
95,87,Box,8.38672,-3.21522,0.0963757,1.36373,-15.6483,-0.00581507
95,88,Box,9.37562,-3.02354,0.0397729,1.80709,-15.2636,0.00346042
95,89,Box,10.8136,-2.93393,-0.0755008,3.93363,-15.2825,0.345428
95,90,Box,-0.377946,-0.165993,1.32525,-0.879204,-12.0421,2.28378
95,91,Box,1.30781,-0.74938,-0.388151,0.487807,-13.1236,-1.31725
95,92,Box,2.25399,-1.7492,-0.442243,-0.254675,-14.4959,-1.26902
95,93,Box,3.62011,-1.75174,-0.0211886,1.05398,-14.9605,0.00815806
95,94,Box,10.831,3.64666,-8.8977,15.8267,-1.73223,-21.0805
95,95,Box,7.48912,-2.52741,-2.71472,2.89726,-15.118,-2.70489
95,96,Box,8.33559,-1.55544,0.142026,4.56675,-15.712,1.01784
95,97,Box,9.57669,-1.81575,0.176982,5.09591,-15.2316,0.54886
95,98,Box,10.606,-1.70138,0.131827,5.37154,-14.7726,0.306996
95,99,Box,11.6954,-1.77184,-0.0692175,5.74186,-15.0085,-0.465199
95,100,Circle,7.99914,-2.03547,4.06462,3.88193,-16.1116,9.02716
96,0,Box,0,-11.9243,0,0,-15.2096,0
96,1,Box,1.1,-11.9243,0,0,-15.2096,0
96,2,Box,2.2,-11.9243,0,0,-15.2096,0
96,3,Box,3.3,-11.9243,0,0,-15.2096,0
96,4,Box,4.4,-11.9243,0,0,-15.2096,0
96,5,Box,5.5,-11.9243,0,0,-15.2096,0
96,6,Box,6.6,-11.9243,0,0,-15.2096,0
96,7,Box,7.7,-11.9243,0,0,-15.2096,0
96,8,Box,8.8,-11.9243,0,0,-15.2096,0
96,9,Box,9.9,-11.9243,0,0,-15.2096,0
96,10,Box,0,-10.8243,0,0,-15.2096,0
96,11,Box,1.1,-10.8243,0,0,-15.2096,0
96,12,Box,2.2,-10.8243,0,0,-15.2096,0
96,13,Box,3.3,-10.8243,0,0,-15.2096,0
96,14,Box,4.4,-10.8243,0,0,-15.2096,0
96,15,Box,5.5,-10.8243,0,0,-15.2096,0
96,16,Box,6.6,-10.8243,0,0,-15.2096,0
96,17,Box,7.7,-10.8243,0,0,-15.2096,0
96,18,Box,8.8,-10.8243,0,0,-15.2096,0
96,19,Box,9.9,-10.8243,0,0,-15.2096,0
96,20,Box,0,-9.72433,0,0,-15.2096,0
96,21,Box,1.1,-9.72433,0,0,-15.2096,0
96,22,Box,2.2,-9.72433,0,0,-15.2096,0
96,23,Box,3.3,-9.72433,0,0,-15.2096,0
96,24,Box,4.4,-9.72433,0,0,-15.2096,0
96,25,Box,5.5,-9.72433,0,0,-15.2096,0
96,26,Box,6.6,-9.72433,0,0,-15.2096,0
96,27,Box,7.7,-9.72433,0,0,-15.2096,0
96,28,Box,8.8,-9.72433,0,0,-15.2096,0
96,29,Box,9.9,-9.72433,0,0,-15.2096,0
96,30,Box,0,-8.62433,0,0,-15.2096,0
96,31,Box,1.1,-8.62433,0,0,-15.2096,0
96,32,Box,2.2,-8.62433,0,0,-15.2096,0
96,33,Box,3.3,-8.62433,0,0,-15.2096,0
96,34,Box,4.4,-8.62433,0,0,-15.2096,0
96,35,Box,5.5,-8.62433,0,0,-15.2096,0
96,36,Box,6.60578,-8.65314,0.057923,0.0746942,-15.58,0.743021
96,37,Box,7.7,-8.62433,0,0,-15.2096,0
96,38,Box,8.8,-8.62433,0,0,-15.2096,0
96,39,Box,9.9,-8.62433,0,0,-15.2096,0
96,40,Box,0,-7.52433,0,0,-15.2096,0
96,41,Box,1.1,-7.52433,0,0,-15.2096,0
96,42,Box,2.2,-7.52433,0,0,-15.2096,0
96,43,Box,3.3,-7.52433,0,0,-15.2096,0
96,44,Box,4.4,-7.52433,0,0,-15.2096,0
96,45,Box,5.48802,-7.5934,-0.118715,-0.0935652,-15.6774,-0.927465
96,46,Box,6.62141,-7.63533,0.136176,0.113088,-15.701,0.401794
96,47,Box,7.7016,-7.52887,0.018428,0.0500901,-15.3515,0.575876
96,48,Box,8.8,-7.52433,0,0,-15.2096,0
96,49,Box,9.9,-7.52433,0,0,-15.2096,0
96,50,Box,0,-6.42433,0,0,-15.2096,0
96,51,Box,1.1,-6.42433,0,0,-15.2096,0
96,52,Box,2.2,-6.42433,0,0,-15.2096,0
96,53,Box,3.3,-6.42433,0,0,-15.2096,0
96,54,Box,4.39096,-6.46952,-0.0919467,-0.0706212,-15.5627,-0.718334
96,55,Box,5.47883,-6.55014,-0.0714431,-0.0427475,-15.6717,0.877693
96,56,Box,6.63039,-6.66533,0.196375,-0.0493225,-15.679,0.399271
96,57,Box,7.70315,-6.44403,0.0303745,0.0983124,-15.7012,0.949204
96,58,Box,8.8,-6.42433,0,0,-15.2096,0
96,59,Box,9.9,-6.42433,0,0,-15.2096,0
96,60,Box,0,-5.32433,0,0,-15.2096,0
96,61,Box,1.1,-5.32433,0,0,-15.2096,0
96,62,Box,2.2,-5.32433,0,0,-15.2096,0
96,63,Box,3.3,-5.32433,0,0,-15.2096,0
96,64,Box,4.38418,-5.41584,-0.0856695,-0.0403391,-15.4061,0.122782
96,65,Box,5.4611,-5.53432,-0.00218017,-0.111315,-15.702,0.667707
96,66,Box,6.6129,-5.68601,0.116638,-0.0106875,-15.891,-0.0574393
96,67,Box,7.74631,-5.43602,0.116891,0.210538,-15.8603,0.494161
96,68,Box,8.80641,-5.36834,0.0605519,0.0776555,-15.5979,0.756899
96,69,Box,9.9,-5.32433,0,0,-15.2096,0
96,70,Box,0,-4.22433,0,0,-15.2096,0
96,71,Box,1.1,-4.22433,0,0,-15.2096,0
96,72,Box,2.2,-4.22433,0,0,-15.2096,0
96,73,Box,3.3,-4.22433,0,0,-15.2096,0
96,74,Box,4.36608,-4.37701,-0.0805033,-0.1874,-15.5241,0.47912
96,75,Box,5.42039,-4.50635,0.0716099,-0.377991,-15.8841,0.0599685
96,76,Box,6.72275,-4.69479,-0.000157403,0.115269,-16.1781,-0.572035
96,77,Box,7.7601,-4.46548,0.153959,0.373292,-15.9093,0.161373
96,78,Box,8.82617,-4.36758,0.133863,0.221999,-15.9517,-0.273881
96,79,Box,9.90544,-4.24972,0.0838362,0.0779344,-15.564,1.0264
96,80,Box,0,-3.12433,0,0,-15.2096,0
96,81,Box,1.03534,-3.1129,-0.113292,-0.446332,-15.1203,-0.885094
96,82,Box,2.05747,-3.12439,-0.108293,-0.719882,-15.3642,-0.157333
96,83,Box,3.04716,-3.14532,-0.124357,-0.610256,-15.2665,0.347152
96,84,Box,4.04198,-3.1191,-0.123996,-0.693307,-15.2176,-0.247457
96,85,Box,5.04019,-3.29697,-0.101543,-0.554254,-15.3647,-0.0253883
96,86,Box,6.30486,-3.68326,0.398467,-0.342193,-15.8195,0.0153256
96,87,Box,8.40854,-3.4681,0.0962827,1.36373,-15.8051,-0.00581507
96,88,Box,9.40453,-3.27027,0.0398283,1.80709,-15.4204,0.00346042
96,89,Box,10.8765,-3.18096,-0.0699739,3.93363,-15.4393,0.345428
96,90,Box,-0.392013,-0.361176,1.36179,-0.879204,-12.1989,2.28378
96,91,Box,1.31562,-0.961866,-0.409227,0.487807,-13.2804,-1.31725
96,92,Box,2.24992,-1.98364,-0.462547,-0.254675,-14.6527,-1.26902
96,93,Box,3.63698,-1.99361,-0.0210581,1.05398,-15.1173,0.00815806
96,94,Box,11.0843,3.61644,-9.23499,15.8267,-1.88903,-21.0805
96,95,Box,7.53547,-2.77181,-2.758,2.89726,-15.2748,-2.70489
96,96,Box,8.38558,-1.66483,0.158312,4.54426,-15.8083,0.826026
96,97,Box,9.65822,-2.06197,0.185763,5.09591,-15.3884,0.54886
96,98,Box,10.692,-1.94025,0.136739,5.37154,-14.9294,0.306996
96,99,Box,11.7872,-2.01449,-0.0766607,5.74186,-15.1653,-0.465199
96,100,Circle,8.09062,-2.47975,4.20905,3.91056,-16.3455,9.02716
97,0,Box,0,-12.1702,0,0,-15.3664,0
97,1,Box,1.1,-12.1702,0,0,-15.3664,0
97,2,Box,2.2,-12.1702,0,0,-15.3664,0
97,3,Box,3.3,-12.1702,0,0,-15.3664,0
97,4,Box,4.4,-12.1702,0,0,-15.3664,0
97,5,Box,5.5,-12.1702,0,0,-15.3664,0
97,6,Box,6.6,-12.1702,0,0,-15.3664,0
97,7,Box,7.7,-12.1702,0,0,-15.3664,0
97,8,Box,8.8,-12.1702,0,0,-15.3664,0
97,9,Box,9.9,-12.1702,0,0,-15.3664,0
97,10,Box,0,-11.0702,0,0,-15.3664,0
97,11,Box,1.1,-11.0702,0,0,-15.3664,0
97,12,Box,2.2,-11.0702,0,0,-15.3664,0
97,13,Box,3.3,-11.0702,0,0,-15.3664,0
97,14,Box,4.4,-11.0702,0,0,-15.3664,0
97,15,Box,5.5,-11.0702,0,0,-15.3664,0
97,16,Box,6.6,-11.0702,0,0,-15.3664,0
97,17,Box,7.7,-11.0702,0,0,-15.3664,0
97,18,Box,8.8,-11.0702,0,0,-15.3664,0
97,19,Box,9.9,-11.0702,0,0,-15.3664,0
97,20,Box,0,-9.97019,0,0,-15.3664,0
97,21,Box,1.1,-9.97019,0,0,-15.3664,0
97,22,Box,2.2,-9.97019,0,0,-15.3664,0
97,23,Box,3.3,-9.97019,0,0,-15.3664,0
97,24,Box,4.4,-9.97019,0,0,-15.3664,0
97,25,Box,5.5,-9.97019,0,0,-15.3664,0
97,26,Box,6.6,-9.97019,0,0,-15.3664,0
97,27,Box,7.7,-9.97019,0,0,-15.3664,0
97,28,Box,8.8,-9.97019,0,0,-15.3664,0
97,29,Box,9.9,-9.97019,0,0,-15.3664,0
97,30,Box,0,-8.87019,0,0,-15.3664,0
97,31,Box,1.1,-8.87019,0,0,-15.3664,0
97,32,Box,2.2,-8.87019,0,0,-15.3664,0
97,33,Box,3.3,-8.87019,0,0,-15.3664,0
97,34,Box,4.4,-8.87019,0,0,-15.3664,0
97,35,Box,5.5,-8.87579,0,-0.062732,-15.6801,-0.608306
97,36,Box,6.60704,-8.90576,0.0698113,0.0787881,-15.7518,0.768545
97,37,Box,7.7,-8.87019,0,0,-15.3664,0
97,38,Box,8.8,-8.87019,0,0,-15.3664,0
97,39,Box,9.9,-8.87019,0,0,-15.3664,0
97,40,Box,0,-7.77019,0,0,-15.3664,0
97,41,Box,1.1,-7.77019,0,0,-15.3664,0
97,42,Box,2.2,-7.77019,0,0,-15.3664,0
97,43,Box,3.3,-7.77019,0,0,-15.3664,0
97,44,Box,4.4,-7.77019,0,0,-15.3664,0
97,45,Box,5.48652,-7.84114,-0.133555,-0.0308331,-15.5206,0.0914167
97,46,Box,6.62528,-7.90294,0.142604,0.115972,-15.8626,0.379247
97,47,Box,7.70257,-7.7778,0.027642,0.0500901,-15.5083,0.575876
97,48,Box,8.8,-7.77019,0,0,-15.3664,0
97,49,Box,9.9,-7.77019,0,0,-15.3664,0
97,50,Box,0,-6.67019,0,0,-15.3664,0
97,51,Box,1.1,-6.67019,0,0,-15.3664,0
97,52,Box,2.2,-6.67019,0,0,-15.3664,0
97,53,Box,3.3,-6.67019,0,0,-15.3664,0
97,54,Box,4.38983,-6.72104,-0.10344,-0.0706212,-15.7195,-0.718334
97,55,Box,5.47815,-6.8034,-0.0574,-0.0427475,-15.8285,0.877693
97,56,Box,6.62906,-6.91815,0.202763,-0.0579745,-15.8366,0.370323
97,57,Box,7.70493,-6.70245,0.0455618,0.102045,-15.873,0.974335
97,58,Box,8.8,-6.67019,0,0,-15.3664,0
97,59,Box,9.9,-6.67019,0,0,-15.3664,0
97,60,Box,0,-5.57019,0,0,-15.3664,0
97,61,Box,1.1,-5.57019,0,0,-15.3664,0
97,62,Box,2.2,-5.57019,0,0,-15.3664,0
97,63,Box,3.3,-5.57019,0,0,-15.3664,0
97,64,Box,4.38354,-5.66485,-0.083705,-0.0403391,-15.5629,0.122782
97,65,Box,5.45932,-5.78806,0.00850314,-0.111315,-15.8588,0.667707
97,66,Box,6.61085,-5.94306,0.115719,-0.011208,-16.0379,-0.0671181
97,67,Box,7.75393,-5.69819,0.124798,0.207854,-16.0052,0.447476
97,68,Box,8.80801,-5.62542,0.0726623,0.0776555,-15.7547,0.756899
97,69,Box,9.9,-5.57019,0,0,-15.3664,0
97,70,Box,0,-4.47019,0,0,-15.3664,0
97,71,Box,1.1,-4.47019,0,0,-15.3664,0
97,72,Box,2.2,-4.47019,0,0,-15.3664,0
97,73,Box,3.3,-4.47019,0,0,-15.3664,0
97,74,Box,4.36308,-4.62791,-0.0728374,-0.193209,-15.6816,0.488276
97,75,Box,5.41434,-4.763,0.0725694,-0.372182,-16.0401,0.0415168
97,76,Box,6.72565,-4.9505,-0.00930997,0.117464,-16.3245,-0.586331
97,77,Box,7.76701,-4.73546,0.156541,0.372243,-16.063,0.149932
97,78,Box,8.83131,-4.63535,0.129481,0.221999,-16.1085,-0.273881
97,79,Box,9.90669,-4.50126,0.100259,0.0948678,-15.776,0.960056
97,80,Box,-0.00338963,-3.37019,0,-0.297656,-15.3069,-0.581851
97,81,Box,1.03159,-3.35734,-0.127454,-0.148676,-15.3367,0.0869735
97,82,Box,2.04595,-3.37272,-0.11081,-0.719882,-15.521,-0.157333
97,83,Box,3.03702,-3.39205,-0.118803,-0.729383,-15.4216,0.0620076
97,84,Box,4.03126,-3.36514,-0.127955,-0.57418,-15.3761,0.0670898
97,85,Box,5.03132,-3.54532,-0.101949,-0.554254,-15.5215,-0.0253883
97,86,Box,6.29534,-3.92926,0.398712,-0.342193,-15.9763,0.0153256
97,87,Box,8.44,-3.72414,0.0961896,1.36373,-15.9619,-0.00581507
97,88,Box,9.43345,-3.51951,0.0398836,1.79016,-15.522,0.126796
97,89,Box,10.9395,-3.4305,-0.0644471,3.93363,-15.5961,0.345428
97,90,Box,-0.406081,-0.558868,1.39833,-0.879204,-12.3557,2.28378
97,91,Box,1.32342,-1.17686,-0.430303,0.487807,-13.4372,-1.31725
97,92,Box,2.24584,-2.2206,-0.482852,-0.254675,-14.8095,-1.26902
97,93,Box,3.65384,-2.238,-0.0209275,1.05398,-15.2741,0.00815806
97,94,Box,11.3375,3.5837,-9.57228,15.8267,-2.04583,-21.0805
97,95,Box,7.65496,-2.94876,-2.80128,3.16877,-15.3926,-2.97674
97,96,Box,8.46823,-1.97766,0.171528,4.54372,-15.9859,0.867733
97,97,Box,9.73976,-2.31069,0.194545,5.09591,-15.5452,0.54886
97,98,Box,10.7779,-2.18163,0.141651,5.37154,-15.0862,0.306996
97,99,Box,11.8791,-2.25964,-0.0841039,5.74186,-15.3221,-0.465199
97,100,Circle,8.02977,-2.70995,4.35348,3.56556,-16.5256,8.94497
98,0,Box,0,-12.4186,0,0,-15.5232,0
98,1,Box,1.1,-12.4186,0,0,-15.5232,0
98,2,Box,2.2,-12.4186,0,0,-15.5232,0
98,3,Box,3.3,-12.4186,0,0,-15.5232,0
98,4,Box,4.4,-12.4186,0,0,-15.5232,0
98,5,Box,5.5,-12.4186,0,0,-15.5232,0
98,6,Box,6.6,-12.4186,0,0,-15.5232,0
98,7,Box,7.7,-12.4186,0,0,-15.5232,0
98,8,Box,8.8,-12.4186,0,0,-15.5232,0
98,9,Box,9.9,-12.4186,0,0,-15.5232,0
98,10,Box,0,-11.3186,0,0,-15.5232,0
98,11,Box,1.1,-11.3186,0,0,-15.5232,0
98,12,Box,2.2,-11.3186,0,0,-15.5232,0
98,13,Box,3.3,-11.3186,0,0,-15.5232,0
98,14,Box,4.4,-11.3186,0,0,-15.5232,0
98,15,Box,5.5,-11.3186,0,0,-15.5232,0
98,16,Box,6.6,-11.3186,0,0,-15.5232,0
98,17,Box,7.7,-11.3186,0,0,-15.5232,0
98,18,Box,8.8,-11.3186,0,0,-15.5232,0
98,19,Box,9.9,-11.3186,0,0,-15.5232,0
98,20,Box,0,-10.2186,0,0,-15.5232,0
98,21,Box,1.1,-10.2186,0,0,-15.5232,0
98,22,Box,2.2,-10.2186,0,0,-15.5232,0
98,23,Box,3.3,-10.2186,0,0,-15.5232,0
98,24,Box,4.4,-10.2186,0,0,-15.5232,0
98,25,Box,5.5,-10.2186,0,0,-15.5232,0
98,26,Box,6.6,-10.2186,0,0,-15.5232,0
98,27,Box,7.7,-10.2186,0,0,-15.5232,0
98,28,Box,8.8,-10.2186,0,0,-15.5232,0
98,29,Box,9.9,-10.2186,0,0,-15.5232,0
98,30,Box,0,-9.11856,0,0,-15.5232,0
98,31,Box,1.1,-9.11856,0,0,-15.5232,0
98,32,Box,2.2,-9.11856,0,0,-15.5232,0
98,33,Box,3.3,-9.11856,0,0,-15.5232,0
98,34,Box,4.4,-9.11856,0,0,-15.5232,0
98,35,Box,5.499,-9.12918,-0.00973289,-0.062732,-15.8369,-0.608306
98,36,Box,6.6083,-9.1603,0.082108,0.0787881,-15.9086,0.768545
98,37,Box,7.7,-9.11856,0,0,-15.5232,0
98,38,Box,8.8,-9.11856,0,0,-15.5232,0
98,39,Box,9.9,-9.11856,0,0,-15.5232,0
98,40,Box,0,-8.01856,0,0,-15.5232,0
98,41,Box,1.1,-8.01856,0,0,-15.5232,0
98,42,Box,2.2,-8.01856,0,0,-15.5232,0
98,43,Box,3.3,-8.01856,0,0,-15.5232,0
98,44,Box,4.4,-8.01856,0,0,-15.5232,0
98,45,Box,5.48603,-8.09198,-0.132092,-0.0308331,-15.6774,0.0914167
98,46,Box,6.62713,-8.15925,0.148672,0.115972,-16.0194,0.379247
98,47,Box,7.70337,-8.02844,0.036856,0.0500901,-15.6651,0.575876
98,48,Box,8.8,-8.01856,0,0,-15.5232,0
98,49,Box,9.9,-8.01856,0,0,-15.5232,0
98,50,Box,0,-6.91856,0,0,-15.5232,0
98,51,Box,1.1,-6.91856,0,0,-15.5232,0
98,52,Box,2.2,-6.91856,0,0,-15.5232,0
98,53,Box,3.3,-6.91856,0,0,-15.5232,0
98,54,Box,4.3887,-6.97506,-0.114933,-0.0706212,-15.8763,-0.718334
98,55,Box,5.47747,-7.05916,-0.0433569,-0.0427475,-15.9853,0.877693
98,56,Box,6.62813,-7.17405,0.208689,-0.0579745,-15.9934,0.370323
98,57,Box,7.70657,-6.95892,0.0611512,0.102045,-16.0298,0.974335
98,58,Box,8.8,-6.91856,0,0,-15.5232,0
98,59,Box,9.9,-6.91856,0,0,-15.5232,0
98,60,Box,0,-5.81856,0,0,-15.5232,0
98,61,Box,1.1,-5.81856,0,0,-15.5232,0
98,62,Box,2.2,-5.81856,0,0,-15.5232,0
98,63,Box,3.3,-5.81856,0,0,-15.5232,0
98,64,Box,4.38289,-5.91636,-0.0817405,-0.0403391,-15.7197,0.122782
98,65,Box,5.45754,-6.04431,0.0191865,-0.111315,-16.0156,0.667707
98,66,Box,6.61067,-6.20217,0.114646,-0.011208,-16.1947,-0.0671181
98,67,Box,7.75725,-5.95678,0.131957,0.207854,-16.162,0.447476
98,68,Box,8.80926,-5.88,0.0847726,0.0776555,-15.9115,0.756899
98,69,Box,9.9,-5.81856,0,0,-15.5232,0
98,70,Box,0,-4.71856,0,0,-15.5232,0
98,71,Box,1.1,-4.71856,0,0,-15.5232,0
98,72,Box,2.2,-4.71856,0,0,-15.5232,0
98,73,Box,3.3,-4.71856,0,0,-15.5232,0
98,74,Box,4.35999,-4.88132,-0.065025,-0.193209,-15.8384,0.488276
98,75,Box,5.40838,-5.02215,0.0732336,-0.372182,-16.1969,0.0415168
98,76,Box,6.72753,-5.2142,-0.0186913,0.117464,-16.4813,-0.586331
98,77,Box,7.77297,-4.99498,0.15894,0.372243,-16.2198,0.149932
98,78,Box,8.83487,-4.89559,0.125099,0.221999,-16.2653,-0.273881
98,79,Box,9.9082,-4.75618,0.11562,0.096508,-15.9379,0.952803
98,80,Box,-0.00815213,-3.61761,-0.00930961,-0.297656,-15.4637,-0.581851
98,81,Box,1.02921,-3.60523,-0.126062,-0.148676,-15.4935,0.0869735
98,82,Box,2.03443,-3.62357,-0.113328,-0.719882,-15.6778,-0.157333
98,83,Box,3.02535,-3.6413,-0.117811,-0.729383,-15.5784,0.0620076
98,84,Box,4.02208,-3.61367,-0.126882,-0.57418,-15.5329,0.0670898
98,85,Box,5.02245,-3.79617,-0.102355,-0.554254,-15.6783,-0.0253883
98,86,Box,6.28986,-4.18739,0.398957,-0.342193,-16.1331,0.0153256
98,87,Box,8.46182,-3.98204,0.0960966,1.36373,-16.1187,-0.00581507
98,88,Box,9.46209,-3.77037,0.0419124,1.78852,-15.6737,0.137912
98,89,Box,11.0024,-3.68255,-0.0589202,3.93363,-15.7529,0.345428
98,90,Box,-0.420148,-0.759068,1.43487,-0.879204,-12.5125,2.28378
98,91,Box,1.33123,-1.39436,-0.451379,0.487807,-13.594,-1.31725
98,92,Box,2.24177,-2.46006,-0.503156,-0.254675,-14.9663,-1.26902
98,93,Box,3.6707,-2.48489,-0.020797,1.05398,-15.4309,0.00815806
98,94,Box,11.5907,3.54846,-9.90957,15.8267,-2.20263,-21.0805
98,95,Box,7.70566,-3.19755,-2.84891,3.16877,-15.5494,-2.97674
98,96,Box,8.54093,-2.23594,0.185412,4.54372,-16.1427,0.867733
98,97,Box,9.82129,-2.56192,0.203327,5.09591,-15.702,0.54886
98,98,Box,10.8639,-2.42552,0.146563,5.37154,-15.243,0.306996
98,99,Box,11.971,-2.5073,-0.091547,5.74186,-15.4789,-0.465199
98,100,Circle,8.08682,-2.97687,4.4966,3.56556,-16.6824,8.94497
99,0,Box,0,-12.6694,0,0,-15.68,0
99,1,Box,1.1,-12.6694,0,0,-15.68,0
99,2,Box,2.2,-12.6694,0,0,-15.68,0
99,3,Box,3.3,-12.6694,0,0,-15.68,0
99,4,Box,4.4,-12.6694,0,0,-15.68,0
99,5,Box,5.5,-12.6694,0,0,-15.68,0
99,6,Box,6.6,-12.6694,0,0,-15.68,0
99,7,Box,7.7,-12.6694,0,0,-15.68,0
99,8,Box,8.8,-12.6694,0,0,-15.68,0
99,9,Box,9.9,-12.6694,0,0,-15.68,0
99,10,Box,0,-11.5694,0,0,-15.68,0
99,11,Box,1.1,-11.5694,0,0,-15.68,0
99,12,Box,2.2,-11.5694,0,0,-15.68,0
99,13,Box,3.3,-11.5694,0,0,-15.68,0
99,14,Box,4.4,-11.5694,0,0,-15.68,0
99,15,Box,5.5,-11.5694,0,0,-15.68,0
99,16,Box,6.6,-11.5694,0,0,-15.68,0
99,17,Box,7.7,-11.5694,0,0,-15.68,0
99,18,Box,8.8,-11.5694,0,0,-15.68,0
99,19,Box,9.9,-11.5694,0,0,-15.68,0
99,20,Box,0,-10.4694,0,0,-15.68,0
99,21,Box,1.1,-10.4694,0,0,-15.68,0
99,22,Box,2.2,-10.4694,0,0,-15.68,0
99,23,Box,3.3,-10.4694,0,0,-15.68,0
99,24,Box,4.4,-10.4694,0,0,-15.68,0
99,25,Box,5.5,-10.4694,0,0,-15.68,0
99,26,Box,6.6,-10.4694,0,0,-15.68,0
99,27,Box,7.7,-10.4694,0,0,-15.68,0
99,28,Box,8.8,-10.4694,0,0,-15.68,0
99,29,Box,9.9,-10.4694,0,0,-15.68,0
99,30,Box,0,-9.36944,0,0,-15.68,0
99,31,Box,1.1,-9.36944,0,0,-15.68,0
99,32,Box,2.2,-9.36944,0,0,-15.68,0
99,33,Box,3.3,-9.36944,0,0,-15.68,0
99,34,Box,4.4,-9.36944,0,0,-15.68,0
99,35,Box,5.49799,-9.38508,-0.0194658,-0.062732,-15.9937,-0.608306
99,36,Box,6.60956,-9.41735,0.0944047,0.0787881,-16.0654,0.768545
99,37,Box,7.7,-9.36944,0,0,-15.68,0
99,38,Box,8.8,-9.36944,0,0,-15.68,0
99,39,Box,9.9,-9.36944,0,0,-15.68,0
99,40,Box,0,-8.26944,0,0,-15.68,0
99,41,Box,1.1,-8.26944,0,0,-15.68,0
99,42,Box,2.2,-8.26944,0,0,-15.68,0
99,43,Box,3.3,-8.26944,0,0,-15.68,0
99,44,Box,4.4,-8.26944,0,0,-15.68,0
99,45,Box,5.48554,-8.34533,-0.13063,-0.0308331,-15.8342,0.0914167
99,46,Box,6.62899,-8.41807,0.15474,0.115972,-16.1762,0.379247
99,47,Box,7.70417,-8.28159,0.0460701,0.0500901,-15.8219,0.575876
99,48,Box,8.8,-8.26944,0,0,-15.68,0
99,49,Box,9.9,-8.26944,0,0,-15.68,0
99,50,Box,0,-7.16944,0,0,-15.68,0
99,51,Box,1.1,-7.16944,0,0,-15.68,0
99,52,Box,2.2,-7.16944,0,0,-15.68,0
99,53,Box,3.3,-7.16944,0,0,-15.68,0
99,54,Box,4.38757,-7.23159,-0.126427,-0.0706212,-16.0331,-0.718334
99,55,Box,5.47678,-7.31744,-0.0293138,-0.0427475,-16.1421,0.877693
99,56,Box,6.62937,-7.4514,0.214614,-0.0582453,-16.1534,0.376744
99,57,Box,7.7082,-7.21791,0.0767405,0.102045,-16.1866,0.974335
99,58,Box,8.8,-7.16944,0,0,-15.68,0
99,59,Box,9.9,-7.16944,0,0,-15.68,0
99,60,Box,0,-6.06944,0,0,-15.68,0
99,61,Box,1.1,-6.06944,0,0,-15.68,0
99,62,Box,2.2,-6.06944,0,0,-15.68,0
99,63,Box,3.3,-6.06944,0,0,-15.68,0
99,64,Box,4.38225,-6.17039,-0.079776,-0.0403391,-15.8765,0.122782
99,65,Box,5.45576,-6.30307,0.0298698,-0.111315,-16.1724,0.667707
99,66,Box,6.60783,-6.46261,0.113572,-0.0118798,-16.3523,-0.0639195
99,67,Box,7.76058,-6.21788,0.139117,0.207854,-16.3188,0.447476
99,68,Box,8.8105,-6.13709,0.096883,0.0776555,-16.0683,0.756899
99,69,Box,9.9,-6.06944,0,0,-15.68,0
99,70,Box,0,-4.96944,0,0,-15.68,0
99,71,Box,1.1,-4.96944,0,0,-15.68,0
99,72,Box,2.2,-4.96944,0,0,-15.68,0
99,73,Box,3.3,-4.96944,0,0,-15.68,0
99,74,Box,4.3569,-5.13724,-0.0572125,-0.193209,-15.9952,0.488276
99,75,Box,5.40243,-5.28381,0.0738979,-0.372182,-16.3537,0.0415168
99,76,Box,6.7299,-5.46264,-0.0280726,0.118407,-16.634,-0.591424
99,77,Box,7.77892,-5.25701,0.161339,0.372243,-16.3766,0.149932
99,78,Box,8.83842,-5.15834,0.120717,0.221999,-16.4221,-0.273881
99,79,Box,9.90975,-5.0137,0.130864,0.096508,-16.0947,0.952803
99,80,Box,-0.0129146,-3.86754,-0.0186192,-0.297656,-15.6205,-0.581851
99,81,Box,1.02683,-3.85563,-0.12467,-0.148676,-15.6503,0.0869735
99,82,Box,2.02291,-3.87692,-0.115845,-0.719882,-15.8346,-0.157333
99,83,Box,3.01368,-3.89307,-0.116819,-0.729383,-15.7352,0.0620076
99,84,Box,4.01289,-3.8647,-0.125808,-0.57418,-15.6897,0.0670898
99,85,Box,5.01359,-4.04953,-0.102761,-0.554254,-15.8351,-0.0253883
99,86,Box,6.28439,-4.44803,0.399202,-0.342193,-16.2899,0.0153256
99,87,Box,8.48364,-4.24244,0.0960035,1.36373,-16.2755,-0.00581507
99,88,Box,9.49071,-4.02365,0.044119,1.78852,-15.8305,0.137912
99,89,Box,11.0654,-3.9371,-0.0533934,3.93363,-15.9097,0.345428
99,90,Box,-0.434215,-0.961778,1.47141,-0.879204,-12.6693,2.28378
99,91,Box,1.33903,-1.61438,-0.472455,0.487807,-13.7508,-1.31725
99,92,Box,2.23769,-2.70203,-0.52346,-0.254675,-15.1231,-1.26902
99,93,Box,3.68757,-2.7343,-0.0206665,1.05398,-15.5877,0.00815806
99,94,Box,11.8439,3.51071,-10.2469,15.8267,-2.35943,-21.0805
99,95,Box,7.75636,-3.44885,-2.89653,3.16877,-15.7062,-2.97674
99,96,Box,8.57863,-2.56814,0.199296,4.20959,-16.7362,0.711526
99,97,Box,9.90283,-2.81567,0.212109,5.09591,-15.8588,0.54886
99,98,Box,10.9498,-2.67191,0.151475,5.37154,-15.3998,0.306996
99,99,Box,12.0628,-2.75747,-0.0989902,5.74186,-15.6357,-0.465199
99,100,Circle,8.18843,-3.15537,4.63972,3.99099,-16.2832,8.74867
100,0,Box,0,-12.9228,0,0,-15.8368,0
100,1,Box,1.1,-12.9228,0,0,-15.8368,0
100,2,Box,2.2,-12.9228,0,0,-15.8368,0
100,3,Box,3.3,-12.9228,0,0,-15.8368,0
100,4,Box,4.4,-12.9228,0,0,-15.8368,0
100,5,Box,5.5,-12.9228,0,0,-15.8368,0
100,6,Box,6.6,-12.9228,0,0,-15.8368,0
100,7,Box,7.7,-12.9228,0,0,-15.8368,0
100,8,Box,8.8,-12.9228,0,0,-15.8368,0
100,9,Box,9.9,-12.9228,0,0,-15.8368,0
100,10,Box,0,-11.8228,0,0,-15.8368,0
100,11,Box,1.1,-11.8228,0,0,-15.8368,0
100,12,Box,2.2,-11.8228,0,0,-15.8368,0
100,13,Box,3.3,-11.8228,0,0,-15.8368,0
100,14,Box,4.4,-11.8228,0,0,-15.8368,0
100,15,Box,5.5,-11.8228,0,0,-15.8368,0
100,16,Box,6.6,-11.8228,0,0,-15.8368,0
100,17,Box,7.7,-11.8228,0,0,-15.8368,0
100,18,Box,8.8,-11.8228,0,0,-15.8368,0
100,19,Box,9.9,-11.8228,0,0,-15.8368,0
100,20,Box,0,-10.7228,0,0,-15.8368,0
100,21,Box,1.1,-10.7228,0,0,-15.8368,0
100,22,Box,2.2,-10.7228,0,0,-15.8368,0
100,23,Box,3.3,-10.7228,0,0,-15.8368,0
100,24,Box,4.4,-10.7228,0,0,-15.8368,0
100,25,Box,5.5,-10.7228,0,0,-15.8368,0
100,26,Box,6.6,-10.7228,0,0.0557021,-16.1153,0.558107
100,27,Box,7.7,-10.7228,0,0,-15.8368,0
100,28,Box,8.8,-10.7228,0,0,-15.8368,0
100,29,Box,9.9,-10.7228,0,0,-15.8368,0
100,30,Box,0,-9.62283,0,0,-15.8368,0
100,31,Box,1.1,-9.62283,0,0,-15.8368,0
100,32,Box,2.2,-9.62283,0,0,-15.8368,0
100,33,Box,3.3,-9.62283,0,0,-15.8368,0
100,34,Box,4.4,-9.62283,0,0,-15.8368,0
100,35,Box,5.49699,-9.64349,-0.0291987,-0.062732,-16.1505,-0.608306
100,36,Box,6.61135,-9.68186,0.106701,0.0860344,-16.216,0.325652
100,37,Box,7.7,-9.62283,0,0,-15.8368,0
100,38,Box,8.8,-9.62283,0,0,-15.8368,0
100,39,Box,9.9,-9.62283,0,0,-15.8368,0
100,40,Box,0,-8.52283,0,0,-15.8368,0
100,41,Box,1.1,-8.52283,0,0,-15.8368,0
100,42,Box,2.2,-8.52283,0,0,-15.8368,0
100,43,Box,3.3,-8.52283,0,0,-15.8368,0
100,44,Box,4.4,-8.52637,0,-0.0480832,-16.0772,-0.460599
100,45,Box,5.48499,-8.60445,-0.129167,-0.0314161,-16.1872,0.749543
100,46,Box,6.63291,-8.69045,0.160808,0.0571248,-16.3116,0.0512525
100,47,Box,7.70596,-8.54164,0.0552841,0.0500901,-15.9787,0.575876
100,48,Box,8.8,-8.52283,0,0,-15.8368,0
100,49,Box,9.9,-8.52283,0,0,-15.8368,0
100,50,Box,0,-7.42283,0,0,-15.8368,0
100,51,Box,1.1,-7.42283,0,0,-15.8368,0
100,52,Box,2.2,-7.42283,0,0,-15.8368,0
100,53,Box,3.3,-7.42283,0,0,-15.8368,0
100,54,Box,4.38644,-7.48709,-0.13792,-0.022538,-15.9495,0.0596179
100,55,Box,5.47615,-7.57496,-0.0152707,-0.0369828,-16.2304,0.63791
100,56,Box,6.62652,-7.70667,0.220642,-0.0796283,-16.2624,0.191697
100,57,Box,7.71032,-7.48465,0.0923299,0.106134,-16.3571,0.994038
100,58,Box,8.8,-7.42442,0,0.0520801,-16.0972,0.524905
100,59,Box,9.9,-7.42283,0,0,-15.8368,0
100,60,Box,0,-6.32283,0,0,-15.8368,0
100,61,Box,1.1,-6.32283,0,0,-15.8368,0
100,62,Box,2.2,-6.32283,0,0,-15.8368,0
100,63,Box,3.3,-6.32283,0,0,-15.8368,0
100,64,Box,4.3816,-6.42692,-0.0778115,-0.0403391,-16.0333,0.122782
100,65,Box,5.45398,-6.56433,0.0405531,-0.116497,-16.2015,0.248901
100,66,Box,6.60541,-6.72696,0.112549,-0.0210046,-16.4163,-0.131723
100,67,Box,7.76629,-6.48875,0.146277,0.208163,-16.4741,0.417495
100,68,Box,8.81238,-6.40096,0.108993,0.0163866,-16.1493,0.368379
100,69,Box,9.9,-6.32283,0,0.0600557,-16.1371,0.56619
100,70,Box,0,-5.22283,0,0,-15.8368,0
100,71,Box,1.1,-5.22283,0,0,-15.8368,0
100,72,Box,2.2,-5.22283,0,0,-15.8368,0
100,73,Box,3.3,-5.22283,0,0,-15.8368,0
100,74,Box,4.35381,-5.39568,-0.0494001,-0.199636,-16.153,0.497279
100,75,Box,5.39647,-5.54798,0.0745622,-0.365756,-16.5096,0.0206474
100,76,Box,6.73467,-5.72428,-0.0375353,0.130736,-16.6899,-0.63469
100,77,Box,7.78506,-5.53004,0.163738,0.383974,-16.5216,0.0799029
100,78,Box,8.84269,-5.42938,0.116335,0.231188,-16.3943,-0.729091
100,79,Box,9.91129,-5.27372,0.146109,0.0702581,-16.0457,-0.190909
100,80,Box,-0.0176771,-4.11997,-0.0279288,-0.297656,-15.7773,-0.581851
100,81,Box,1.02445,-4.10855,-0.123279,-0.365894,-15.8243,0.595987
100,82,Box,2.0114,-4.13278,-0.118362,-0.663693,-15.922,-0.203294
100,83,Box,3.00201,-4.14734,-0.115827,-0.568354,-15.9442,-0.238573
100,84,Box,4.0037,-4.11825,-0.124735,-0.57418,-15.8465,0.0670898
100,85,Box,5.00472,-4.3054,-0.103168,-0.554254,-15.9919,-0.0253883
100,86,Box,6.27557,-4.70325,0.399447,-0.344245,-16.4366,-0.00708966
100,87,Box,8.5082,-4.50336,0.0959105,1.36373,-16.4323,-0.00581507
100,88,Box,9.51932,-4.27945,0.0463256,1.75471,-15.8928,0.337665
100,89,Box,11.1283,-4.19417,-0.0478665,3.93363,-16.0665,0.345428
100,90,Box,-0.448283,-1.167,1.50795,-0.879204,-12.8261,2.28378
100,91,Box,1.34684,-1.8369,-0.493531,0.487807,-13.9076,-1.31725
100,92,Box,2.23362,-2.94651,-0.543765,-0.254675,-15.2799,-1.26902
100,93,Box,3.70443,-2.98621,-0.020536,1.05398,-15.7445,0.00815806
100,94,Box,12.0972,3.47045,-10.5841,15.8267,-2.51623,-21.0805
100,95,Box,7.67472,-3.69731,-2.94416,2.96061,-15.953,-2.4537
100,96,Box,8.76826,-2.81228,0.21068,4.41774,-16.803,0.814849
100,97,Box,9.98436,-3.07191,0.22089,5.09591,-16.0156,0.54886
100,98,Box,11.0357,-2.92082,0.156387,5.37154,-15.5566,0.306996
100,99,Box,12.1547,-3.01015,-0.106433,5.74186,-15.7925,-0.465199
100,100,Circle,8.25731,-3.41956,4.7797,3.99099,-16.44,8.74867
101,0,Box,0,-13.1787,0,0,-15.9936,0
101,1,Box,1.1,-13.1787,0,0,-15.9936,0
101,2,Box,2.2,-13.1787,0,0,-15.9936,0
101,3,Box,3.3,-13.1787,0,0,-15.9936,0
101,4,Box,4.4,-13.1787,0,0,-15.9936,0
101,5,Box,5.5,-13.1787,0,0,-15.9936,0
101,6,Box,6.6,-13.1787,0,0,-15.9936,0
101,7,Box,7.7,-13.1787,0,0,-15.9936,0
101,8,Box,8.8,-13.1787,0,0,-15.9936,0
101,9,Box,9.9,-13.1787,0,0,-15.9936,0
101,10,Box,0,-12.0787,0,0,-15.9936,0
101,11,Box,1.1,-12.0787,0,0,-15.9936,0
101,12,Box,2.2,-12.0787,0,0,-15.9936,0
101,13,Box,3.3,-12.0787,0,0,-15.9936,0
101,14,Box,4.4,-12.0787,0,0,-15.9936,0
101,15,Box,5.5,-12.0787,0,0,-15.9936,0
101,16,Box,6.6,-12.0787,0,0,-15.9936,0
101,17,Box,7.7,-12.0787,0,0,-15.9936,0
101,18,Box,8.8,-12.0787,0,0,-15.9936,0
101,19,Box,9.9,-12.0787,0,0,-15.9936,0
101,20,Box,0,-10.9787,0,0,-15.9936,0
101,21,Box,1.1,-10.9787,0,0,-15.9936,0
101,22,Box,2.2,-10.9787,0,0,-15.9936,0
101,23,Box,3.3,-10.9787,0,0,-15.9936,0
101,24,Box,4.4,-10.9787,0,0,-15.9936,0
101,25,Box,5.5,-10.9787,0,0,-15.9936,0
101,26,Box,6.60089,-10.9832,0.00892971,0.0557021,-16.2721,0.558107
101,27,Box,7.7,-10.9787,0,0,-15.9936,0
101,28,Box,8.8,-10.9787,0,0,-15.9936,0
101,29,Box,9.9,-10.9787,0,0,-15.9936,0
101,30,Box,0,-9.87873,0,0,-15.9936,0
101,31,Box,1.1,-9.87873,0,0,-15.9936,0
101,32,Box,2.2,-9.87873,0,0,-15.9936,0
101,33,Box,3.3,-9.87873,0,0,-15.9936,0
101,34,Box,4.4,-9.87873,0,0,-15.9936,0
101,35,Box,5.49599,-9.90441,-0.0389316,-0.062732,-16.3073,-0.608306
101,36,Box,6.61273,-9.94382,0.111912,0.0860344,-16.3728,0.325652
101,37,Box,7.7,-9.87873,0,0,-15.9936,0
101,38,Box,8.8,-9.87873,0,0,-15.9936,0
101,39,Box,9.9,-9.87873,0,0,-15.9936,0
101,40,Box,0,-8.77873,0,0,-15.9936,0
101,41,Box,1.1,-8.77873,0,0,-15.9936,0
101,42,Box,2.2,-8.77873,0,0,-15.9936,0
101,43,Box,3.3,-8.77873,0,0,-15.9936,0
101,44,Box,4.39923,-8.78611,-0.00736959,-0.0480832,-16.234,-0.460599
101,45,Box,5.48449,-8.86595,-0.117174,-0.0314161,-16.344,0.749543
101,46,Box,6.63383,-8.95395,0.161628,0.0571248,-16.4684,0.0512525
101,47,Box,7.70676,-8.7998,0.0644981,0.0500901,-16.1355,0.575876
101,48,Box,8.8,-8.77873,0,0,-15.9936,0
101,49,Box,9.9,-8.77873,0,0,-15.9936,0
101,50,Box,0,-7.67873,0,0,-15.9936,0
101,51,Box,1.1,-7.67873,0,0,-15.9936,0
101,52,Box,2.2,-7.67873,0,0,-15.9936,0
101,53,Box,3.3,-7.67873,0,0,-15.9936,0
101,54,Box,4.38608,-7.74479,-0.136966,-0.022538,-16.1063,0.0596179
101,55,Box,5.47556,-7.83715,-0.00506414,-0.0369828,-16.3872,0.63791
101,56,Box,6.62524,-7.96938,0.223709,-0.0796283,-16.4192,0.191697
101,57,Box,7.71201,-7.74887,0.108234,0.106134,-16.5139,0.994038
101,58,Box,8.80083,-7.68448,0.00839848,0.0520801,-16.254,0.524905
101,59,Box,9.9,-7.67873,0,0,-15.9936,0
101,60,Box,0,-6.57873,0,0,-15.9936,0
101,61,Box,1.1,-6.57873,0,0,-15.9936,0
101,62,Box,2.2,-6.57873,0,0,-15.9936,0
101,63,Box,3.3,-6.57873,0,0,-15.9936,0
101,64,Box,4.38096,-6.68596,-0.075847,-0.0403391,-16.1901,0.122782
101,65,Box,5.45212,-6.82607,0.0445355,-0.116497,-16.3583,0.248901
101,66,Box,6.60508,-6.99213,0.110441,-0.0210046,-16.5731,-0.131723
101,67,Box,7.76962,-6.75485,0.152957,0.208163,-16.6309,0.417495
101,68,Box,8.81264,-6.66186,0.114887,0.0163866,-16.3061,0.368379
101,69,Box,9.90096,-6.58353,0.00905905,0.0600557,-16.2939,0.56619
101,70,Box,0,-5.47873,0,0,-15.9936,0
101,71,Box,1.1,-5.47873,0,0,-15.9936,0
101,72,Box,2.2,-5.47873,0,0,-15.9936,0
101,73,Box,3.3,-5.47873,0,0,-15.9936,0
101,74,Box,4.35062,-5.65663,-0.0414436,-0.199636,-16.3098,0.497279
101,75,Box,5.39062,-5.81464,0.0748925,-0.365756,-16.6664,0.0206474
101,76,Box,6.73677,-5.99382,-0.0476904,0.130736,-16.8467,-0.63469
101,77,Box,7.7912,-5.7969,0.165016,0.383974,-16.6784,0.0799029
101,78,Box,8.84639,-5.69419,0.104669,0.231188,-16.5511,-0.729091
101,79,Box,9.91242,-5.53296,0.143055,0.0702581,-16.2025,-0.190909
101,80,Box,-0.0224396,-4.37492,-0.0372384,-0.297656,-15.9341,-0.581851
101,81,Box,1.0186,-4.36425,-0.113743,-0.365894,-15.9811,0.595987
101,82,Box,2.00078,-4.39004,-0.121615,-0.663693,-16.0788,-0.203294
101,83,Box,2.99292,-4.40495,-0.119644,-0.568354,-16.101,-0.238573
101,84,Box,3.99452,-4.3743,-0.123662,-0.57418,-16.0033,0.0670898
101,85,Box,4.99585,-4.56378,-0.103574,-0.554254,-16.1487,-0.0253883
101,86,Box,6.27006,-4.96874,0.399334,-0.344245,-16.5934,-0.00708966
101,87,Box,8.53002,-4.76878,0.0958174,1.36373,-16.5891,-0.00581507
101,88,Box,9.5474,-4.53624,0.0517282,1.75471,-16.0496,0.337665
101,89,Box,11.1912,-4.45374,-0.0423397,3.93363,-16.2233,0.345428
101,90,Box,-0.46235,-1.37472,1.54449,-0.879204,-12.9829,2.28378
101,91,Box,1.35464,-2.06193,-0.514607,0.487807,-14.0644,-1.31725
101,92,Box,2.22954,-3.19349,-0.564069,-0.254675,-15.4367,-1.26902
101,93,Box,3.72129,-3.24063,-0.0204054,1.05398,-15.9013,0.00815806
101,94,Box,12.3504,3.42768,-10.9214,15.8267,-2.67303,-21.0805
101,95,Box,7.72209,-3.95507,-2.98342,2.96061,-16.1098,-2.4537
101,96,Box,8.83894,-3.08364,0.223718,4.41774,-16.9598,0.814849
101,97,Box,10.0659,-3.33067,0.229672,5.09591,-16.1724,0.54886
101,98,Box,11.1217,-3.17223,0.161299,5.37154,-15.7134,0.306996
101,99,Box,12.2466,-3.26534,-0.113877,5.74186,-15.9493,-0.465199
101,100,Circle,8.32117,-3.68511,4.91968,3.99099,-16.5968,8.74867
102,0,Box,0,-13.4371,0,0,-16.1504,0
102,1,Box,1.1,-13.4371,0,0,-16.1504,0
102,2,Box,2.2,-13.4371,0,0,-16.1504,0
102,3,Box,3.3,-13.4371,0,0,-16.1504,0
102,4,Box,4.4,-13.4371,0,0,-16.1504,0
102,5,Box,5.5,-13.4371,0,0,-16.1504,0
102,6,Box,6.6,-13.4371,0,0,-16.1504,0
102,7,Box,7.7,-13.4371,0,0,-16.1504,0
102,8,Box,8.8,-13.4371,0,0,-16.1504,0
102,9,Box,9.9,-13.4371,0,0,-16.1504,0
102,10,Box,0,-12.3371,0,0,-16.1504,0
102,11,Box,1.1,-12.3371,0,0,-16.1504,0
102,12,Box,2.2,-12.3371,0,0,-16.1504,0
102,13,Box,3.3,-12.3371,0,0,-16.1504,0
102,14,Box,4.4,-12.3371,0,0,-16.1504,0
102,15,Box,5.5,-12.3371,0,0,-16.1504,0
102,16,Box,6.6,-12.3371,0,0,-16.1504,0
102,17,Box,7.7,-12.3371,0,0,-16.1504,0
102,18,Box,8.8,-12.3371,0,0,-16.1504,0
102,19,Box,9.9,-12.3371,0,0,-16.1504,0
102,20,Box,0,-11.2371,0,0,-16.1504,0
102,21,Box,1.1,-11.2371,0,0,-16.1504,0
102,22,Box,2.2,-11.2371,0,0,-16.1504,0
102,23,Box,3.3,-11.2371,0,0,-16.1504,0
102,24,Box,4.4,-11.2371,0,0,-16.1504,0
102,25,Box,5.5,-11.2371,0,0,-16.1504,0
102,26,Box,6.60178,-11.246,0.0178594,0.0557021,-16.4289,0.558107
102,27,Box,7.7,-11.2371,0,0,-16.1504,0
102,28,Box,8.8,-11.2371,0,0,-16.1504,0
102,29,Box,9.9,-11.2371,0,0,-16.1504,0
102,30,Box,0,-10.1371,0,0,-16.1504,0
102,31,Box,1.1,-10.1371,0,0,-16.1504,0
102,32,Box,2.2,-10.1371,0,0,-16.1504,0
102,33,Box,3.3,-10.1371,0,0,-16.1504,0
102,34,Box,4.4,-10.1371,0,0,-16.1504,0
102,35,Box,5.49498,-10.1678,-0.0486645,-0.062732,-16.4641,-0.608306
102,36,Box,6.6141,-10.2083,0.117122,0.0860344,-16.5296,0.325652
102,37,Box,7.7,-10.1371,0,0,-16.1504,0
102,38,Box,8.8,-10.1371,0,0,-16.1504,0
102,39,Box,9.9,-10.1371,0,0,-16.1504,0
102,40,Box,0,-9.03713,0,0,-16.1504,0
102,41,Box,1.1,-9.03713,0,0,-16.1504,0
102,42,Box,2.2,-9.03713,0,0,-16.1504,0
102,43,Box,3.3,-9.03713,0,0,-16.1504,0
102,44,Box,4.39846,-9.04836,-0.0147392,-0.0480832,-16.3908,-0.460599
102,45,Box,5.48399,-9.12996,-0.105182,-0.0314161,-16.5008,0.749543
102,46,Box,6.63474,-9.21995,0.162448,0.0571248,-16.6252,0.0512525
102,47,Box,7.70756,-9.06048,0.0737121,0.0500901,-16.2923,0.575876
102,48,Box,8.8,-9.03713,0,0,-16.1504,0
102,49,Box,9.9,-9.03713,0,0,-16.1504,0
102,50,Box,0,-7.93713,0,0,-16.1504,0
102,51,Box,1.1,-7.93713,0,0,-16.1504,0
102,52,Box,2.2,-7.93713,0,0,-16.1504,0
102,53,Box,3.3,-7.93713,0,0,-16.1504,0
102,54,Box,4.38572,-8.005,-0.136012,-0.022538,-16.2631,0.0596179
102,55,Box,5.47496,-8.10186,0.00514242,-0.0369828,-16.544,0.63791
102,56,Box,6.62606,-8.25381,0.226776,-0.0800395,-16.5807,0.200572
102,57,Box,7.71371,-8.0156,0.124139,0.106134,-16.6707,0.994038
102,58,Box,8.80167,-7.94705,0.016797,0.0520801,-16.4108,0.524905
102,59,Box,9.9,-7.93713,0,0,-16.1504,0
102,60,Box,0,-6.83713,0,0,-16.1504,0
102,61,Box,1.1,-6.83713,0,0,-16.1504,0
102,62,Box,2.2,-6.83713,0,0,-16.1504,0
102,63,Box,3.3,-6.83713,0,0,-16.1504,0
102,64,Box,4.38031,-6.94751,-0.0738825,-0.0403391,-16.3469,0.122782
102,65,Box,5.45025,-7.09031,0.0485179,-0.116497,-16.5151,0.248901
102,66,Box,6.60168,-7.2573,0.108334,-0.0219124,-16.7303,-0.128588
102,67,Box,7.77295,-7.02345,0.159637,0.208163,-16.7877,0.417495
102,68,Box,8.81291,-6.92527,0.120782,0.0163866,-16.4629,0.368379
102,69,Box,9.90192,-6.84674,0.0181181,0.0600557,-16.4507,0.56619
102,70,Box,0,-5.73713,0,0,-16.1504,0
102,71,Box,1.1,-5.73713,0,0,-16.1504,0
102,72,Box,2.2,-5.73713,0,0,-16.1504,0
102,73,Box,3.3,-5.73713,0,0,-16.1504,0
102,74,Box,4.34742,-5.9201,-0.0334872,-0.199636,-16.4666,0.497279
102,75,Box,5.38477,-6.08381,0.0752229,-0.365756,-16.8232,0.0206474
102,76,Box,6.73983,-6.24917,-0.0578454,0.132055,-16.9984,-0.639966
102,77,Box,7.79735,-6.06626,0.166295,0.383974,-16.8352,0.0799029
102,78,Box,8.85009,-5.96152,0.0930038,0.231188,-16.7079,-0.729091
102,79,Box,9.91354,-5.79471,0.14,0.0702581,-16.3593,-0.190909
102,80,Box,-0.0272021,-4.63237,-0.0465481,-0.297656,-16.0909,-0.581851
102,81,Box,1.01274,-4.62245,-0.104207,-0.365894,-16.1379,0.595987
102,82,Box,1.99016,-4.64981,-0.124868,-0.663693,-16.2356,-0.203294
102,83,Box,2.98382,-4.66508,-0.123461,-0.568354,-16.2578,-0.238573
102,84,Box,3.98533,-4.63286,-0.122588,-0.57418,-16.1601,0.0670898
102,85,Box,4.98698,-4.82467,-0.10398,-0.554254,-16.3055,-0.0253883
102,86,Box,6.26455,-5.23675,0.399221,-0.344245,-16.7502,-0.00708966
102,87,Box,8.55184,-5.03672,0.0957244,1.36373,-16.7459,-0.00581507
102,88,Box,9.57547,-4.79555,0.0571309,1.75471,-16.2064,0.337665
102,89,Box,11.2542,-4.71582,-0.0368128,3.93363,-16.3801,0.345428
102,90,Box,-0.476417,-1.58496,1.58103,-0.879204,-13.1397,2.28378
102,91,Box,1.36245,-2.28947,-0.535683,0.487807,-14.2212,-1.31725
102,92,Box,2.22547,-3.44299,-0.584373,-0.254675,-15.5935,-1.26902
102,93,Box,3.73816,-3.49756,-0.0202749,1.05398,-16.0581,0.00815806
102,94,Box,12.6036,3.38241,-11.2587,15.8267,-2.82983,-21.0805
102,95,Box,7.76946,-4.21533,-3.02268,2.96061,-16.2666,-2.4537
102,96,Box,8.82487,-3.37795,0.236755,4.1133,-17.1286,-0.18184
102,97,Box,10.1474,-3.59194,0.238454,5.09591,-16.3292,0.54886
102,98,Box,11.2076,-3.42615,0.166211,5.37154,-15.8702,0.306996
102,99,Box,12.3385,-3.52304,-0.12132,5.74186,-16.1061,-0.465199
102,100,Circle,8.49293,-3.92713,5.05966,4.37863,-16.7383,8.65757
103,0,Box,0,-13.6981,0,0,-16.3072,0
103,1,Box,1.1,-13.6981,0,0,-16.3072,0
103,2,Box,2.2,-13.6981,0,0,-16.3072,0
103,3,Box,3.3,-13.6981,0,0,-16.3072,0
103,4,Box,4.4,-13.6981,0,0,-16.3072,0
103,5,Box,5.5,-13.6981,0,0,-16.3072,0
103,6,Box,6.6,-13.6981,0,0,-16.3072,0
103,7,Box,7.7,-13.6981,0,0,-16.3072,0
103,8,Box,8.8,-13.6981,0,0,-16.3072,0
103,9,Box,9.9,-13.6981,0,0,-16.3072,0
103,10,Box,0,-12.5981,0,0,-16.3072,0
103,11,Box,1.1,-12.5981,0,0,-16.3072,0
103,12,Box,2.2,-12.5981,0,0,-16.3072,0
103,13,Box,3.3,-12.5981,0,0,-16.3072,0
103,14,Box,4.4,-12.5981,0,0,-16.3072,0
103,15,Box,5.5,-12.5981,0,0,-16.3072,0
103,16,Box,6.6,-12.5981,0,0,-16.3072,0
103,17,Box,7.7,-12.5981,0,0,-16.3072,0
103,18,Box,8.8,-12.5981,0,0,-16.3072,0
103,19,Box,9.9,-12.5981,0,0,-16.3072,0
103,20,Box,0,-11.4981,0,0,-16.3072,0
103,21,Box,1.1,-11.4981,0,0,-16.3072,0
103,22,Box,2.2,-11.4981,0,0,-16.3072,0
103,23,Box,3.3,-11.4981,0,0,-16.3072,0
103,24,Box,4.4,-11.4981,0,0,-16.3072,0
103,25,Box,5.5,-11.4981,0,0,-16.3072,0
103,26,Box,6.60267,-11.5114,0.0267891,0.0586783,-16.5988,0.58264
103,27,Box,7.7,-11.4981,0,0,-16.3072,0
103,28,Box,8.8,-11.4981,0,0,-16.3072,0
103,29,Box,9.9,-11.4981,0,0,-16.3072,0
103,30,Box,0,-10.3981,0,0,-16.3072,0
103,31,Box,1.1,-10.3981,0,0,-16.3072,0
103,32,Box,2.2,-10.3981,0,0,-16.3072,0
103,33,Box,3.3,-10.3981,0,0,-16.3072,0
103,34,Box,4.4,-10.3981,0,0,-16.3072,0
103,35,Box,5.49398,-10.4338,-0.0583973,-0.062732,-16.6209,-0.608306
103,36,Box,6.61632,-10.4821,0.122333,0.0905551,-16.696,0.316316
103,37,Box,7.7,-10.3981,0,0.0388834,-16.4526,0.552938
103,38,Box,8.8,-10.3981,0,0,-16.3072,0
103,39,Box,9.9,-10.3981,0,0,-16.3072,0
103,40,Box,0,-9.29805,0,0,-16.3072,0
103,41,Box,1.1,-9.29805,0,0,-16.3072,0
103,42,Box,2.2,-9.29805,0,0,-16.3072,0
103,43,Box,3.3,-9.29805,0,0,-16.3072,0
103,44,Box,4.39769,-9.31313,-0.0221088,-0.0480832,-16.5476,-0.460599
103,45,Box,5.4835,-9.39762,-0.0931889,-0.0314161,-16.6576,0.749543
103,46,Box,6.63756,-9.49831,0.163268,0.0368426,-16.6909,0.252894
103,47,Box,7.70972,-9.32948,0.0829261,0.0500901,-16.4491,0.575876
103,48,Box,8.8,-9.29805,0,0,-16.3072,0
103,49,Box,9.9,-9.29805,0,0,-16.3072,0
103,50,Box,0,-8.19805,0,0,-16.3072,0
103,51,Box,1.1,-8.19805,0,0,-16.3072,0
103,52,Box,2.2,-8.19805,0,0,-16.3072,0
103,53,Box,3.3,-8.19805,0,0,-16.3072,0
103,54,Box,4.38536,-8.26772,-0.135058,-0.022538,-16.4199,0.0596179
103,55,Box,5.47436,-8.36793,0.015349,-0.0369828,-16.7008,0.63791
103,56,Box,6.62216,-8.51307,0.229985,-0.114324,-16.7501,0.105224
103,57,Box,7.71628,-8.29105,0.140044,0.112181,-16.8448,1.01514
103,58,Box,8.80256,-8.21445,0.0251954,0.0876778,-16.7249,0.824639
103,59,Box,9.9,-8.19805,0,0,-16.3072,0
103,60,Box,0,-7.09805,0,0,-16.3072,0
103,61,Box,1.1,-7.09805,0,0,-16.3072,0
103,62,Box,2.2,-7.09805,0,0,-16.3072,0
103,63,Box,3.3,-7.09805,0,0,-16.3072,0
103,64,Box,4.37966,-7.21157,-0.071918,-0.156273,-16.5362,0.340586
103,65,Box,5.44839,-7.35706,0.0525003,-0.125224,-16.7431,0.423678
103,66,Box,6.59886,-7.5279,0.106276,-0.0301597,-16.858,-0.131266
103,67,Box,7.77748,-7.30076,0.166316,0.205121,-16.9352,0.365431
103,68,Box,8.8143,-7.20346,0.126676,0.000264496,-16.7557,0.667387
103,69,Box,9.90288,-7.11246,0.0271771,0.242292,-16.6388,0.199126
103,70,Box,0,-5.99805,0,0,-16.3072,0
103,71,Box,1.1,-5.99805,0,0,-16.3072,0
103,72,Box,2.2,-5.99805,0,0,-16.3072,0
103,73,Box,3.3,-5.99805,0,0,-16.3072,0
103,74,Box,4.34423,-6.18607,-0.0255307,-0.199636,-16.6234,0.497279
103,75,Box,5.37892,-6.35549,0.0755532,-0.241095,-16.8763,0.111131
103,76,Box,6.74455,-6.51711,-0.0680849,0.137848,-17.1082,-0.608154
103,77,Box,7.80475,-6.34397,0.167573,0.354964,-16.8824,0.0721402
103,78,Box,8.85375,-6.22882,0.0813384,0.169182,-17.0607,-0.00536649
103,79,Box,9.91467,-6.05897,0.136946,0.0702581,-16.5161,-0.190909
103,80,Box,-0.0319646,-4.89233,-0.0558577,-0.297656,-16.2477,-0.581851
103,81,Box,0.9993,-4.88245,-0.0946715,-0.582888,-16.317,-0.0595513
103,82,Box,1.98713,-4.91281,-0.12812,-0.452593,-16.3704,0.29793
103,83,Box,2.97473,-4.92771,-0.127278,-0.617703,-16.3959,-0.0509106
103,84,Box,3.97614,-4.89393,-0.121515,-0.518937,-16.3352,-0.0166939
103,85,Box,4.97811,-5.08806,-0.104386,-0.554254,-16.4623,-0.0253883
103,86,Box,6.25584,-5.49967,0.399107,-0.347058,-16.8933,-0.0362137
103,87,Box,8.57332,-5.3036,0.0956314,1.48409,-17.2154,-0.897467
103,88,Box,9.60355,-5.05736,0.0625335,1.75471,-16.3632,0.337665
103,89,Box,11.3171,-4.98041,-0.031286,3.93363,-16.5369,0.345428
103,90,Box,-0.490484,-1.7977,1.61757,-0.879204,-13.2965,2.28378
103,91,Box,1.37025,-2.51951,-0.556759,0.487807,-14.378,-1.31725
103,92,Box,2.22139,-3.695,-0.604678,-0.254675,-15.7503,-1.26902
103,93,Box,3.75502,-3.757,-0.0201444,1.05398,-16.2149,0.00815806
103,94,Box,12.8568,3.33462,-11.596,15.8267,-2.98663,-21.0805
103,95,Box,7.87052,-4.44662,-3.06194,3.45081,-15.7763,-2.04889
103,96,Box,8.8584,-3.51901,0.233846,4.01998,-17.0619,-0.925187
103,97,Box,10.229,-3.85572,0.247236,5.09591,-16.486,0.54886
103,98,Box,11.2936,-3.68259,0.171123,5.37154,-16.027,0.306996
103,99,Box,12.4303,-3.78325,-0.128763,5.74186,-16.2629,-0.465199
103,100,Circle,8.53244,-4.37571,5.19818,3.59242,-17.0726,8.27707
104,0,Box,0,-13.9615,0,0,-16.464,0
104,1,Box,1.1,-13.9615,0,0,-16.464,0
104,2,Box,2.2,-13.9615,0,0,-16.464,0
104,3,Box,3.3,-13.9615,0,0,-16.464,0
104,4,Box,4.4,-13.9615,0,0,-16.464,0
104,5,Box,5.5,-13.9615,0,0,-16.464,0
104,6,Box,6.6,-13.9615,0,0,-16.464,0
104,7,Box,7.7,-13.9615,0,0,-16.464,0
104,8,Box,8.8,-13.9615,0,0,-16.464,0
104,9,Box,9.9,-13.9615,0,0,-16.464,0
104,10,Box,0,-12.8615,0,0,-16.464,0
104,11,Box,1.1,-12.8615,0,0,-16.464,0
104,12,Box,2.2,-12.8615,0,0,-16.464,0
104,13,Box,3.3,-12.8615,0,0,-16.464,0
104,14,Box,4.4,-12.8615,0,0,-16.464,0
104,15,Box,5.5,-12.8615,0,0,-16.464,0
104,16,Box,6.6,-12.8615,0,0,-16.464,0
104,17,Box,7.7,-12.8615,0,0,-16.464,0
104,18,Box,8.8,-12.8615,0,0,-16.464,0
104,19,Box,9.9,-12.8615,0,0,-16.464,0
104,20,Box,0,-11.7615,0,0,-16.464,0
104,21,Box,1.1,-11.7615,0,0,-16.464,0
104,22,Box,2.2,-11.7615,0,0,-16.464,0
104,23,Box,3.3,-11.7615,0,0,-16.464,0
104,24,Box,4.4,-11.7615,0,0,-16.464,0
104,25,Box,5.5,-11.7615,0,0,-16.464,0
104,26,Box,6.60361,-11.7795,0.0361114,0.0586783,-16.7556,0.58264
104,27,Box,7.7,-11.7615,0,0,-16.464,0
104,28,Box,8.8,-11.7615,0,0,-16.464,0
104,29,Box,9.9,-11.7615,0,0,-16.464,0
104,30,Box,0,-10.6615,0,0,-16.464,0
104,31,Box,1.1,-10.6615,0,0,-16.464,0
104,32,Box,2.2,-10.6615,0,0,-16.464,0
104,33,Box,3.3,-10.6615,0,0,-16.464,0
104,34,Box,4.4,-10.6615,0,0,-16.464,0
104,35,Box,5.49297,-10.7022,-0.0681302,-0.062732,-16.7777,-0.608306
104,36,Box,6.61777,-10.7518,0.127394,0.0905551,-16.8528,0.316316
104,37,Box,7.70062,-10.6638,0.00884701,0.0388834,-16.6094,0.552938
104,38,Box,8.8,-10.6615,0,0,-16.464,0
104,39,Box,9.9,-10.6615,0,0,-16.464,0
104,40,Box,0,-9.56147,0,0,-16.464,0
104,41,Box,1.1,-9.56147,0,0,-16.464,0
104,42,Box,2.2,-9.56147,0,0,-16.464,0
104,43,Box,3.3,-9.56147,0,0,-16.464,0
104,44,Box,4.39692,-9.5804,-0.0294784,-0.0480832,-16.7044,-0.460599
104,45,Box,5.483,-9.66665,-0.0811962,-0.0314161,-16.8144,0.749543
104,46,Box,6.63815,-9.76787,0.167315,0.0368426,-16.8477,0.252894
104,47,Box,7.71053,-9.59517,0.0921401,0.0500901,-16.6059,0.575876
104,48,Box,8.8,-9.56147,0,0,-16.464,0
104,49,Box,9.9,-9.56147,0,0,-16.464,0
104,50,Box,0,-8.46147,0,0,-16.464,0
104,51,Box,1.1,-8.46147,0,0,-16.464,0
104,52,Box,2.2,-8.46147,0,0,-16.464,0
104,53,Box,3.3,-8.46147,0,0,-16.464,0
104,54,Box,4.385,-8.53294,-0.134105,-0.022538,-16.5767,0.0596179
104,55,Box,5.47376,-8.63766,0.0255555,-0.0369828,-16.8576,0.63791
104,56,Box,6.62033,-8.78358,0.231669,-0.114324,-16.9069,0.105224
104,57,Box,7.71808,-8.56307,0.156286,0.112181,-17.0016,1.01514
104,58,Box,8.80396,-8.48456,0.0383897,0.0876778,-16.8817,0.824639
104,59,Box,9.9,-8.46147,0,0,-16.464,0
104,60,Box,0,-7.36147,0,0,-16.464,0
104,61,Box,1.1,-7.36147,0,0,-16.464,0
104,62,Box,2.2,-7.36147,0,0,-16.464,0
104,63,Box,3.3,-7.36147,0,0,-16.464,0
104,64,Box,4.37716,-7.47866,-0.0664686,-0.156273,-16.693,0.340586
104,65,Box,5.44639,-7.62746,0.0592792,-0.125224,-16.8999,0.423678
104,66,Box,6.59838,-7.80014,0.104176,-0.0301597,-17.0148,-0.131266
104,67,Box,7.78077,-7.57423,0.172163,0.205121,-17.092,0.365431
104,68,Box,8.8143,-7.47406,0.137354,0.000264496,-16.9125,0.667387
104,69,Box,9.90676,-7.38119,0.0303632,0.242292,-16.7956,0.199126
104,70,Box,0,-6.26147,0,0,-16.464,0
104,71,Box,1.1,-6.26147,0,0,-16.464,0
104,72,Box,2.2,-6.26147,0,0,-16.464,0
104,73,Box,3.3,-6.26147,0,0,-16.464,0
104,74,Box,4.34103,-6.45456,-0.0175742,-0.199636,-16.7802,0.497279
104,75,Box,5.37506,-6.62802,0.0773313,-0.241095,-17.0331,0.111131
104,76,Box,6.74676,-6.79335,-0.0778153,0.137848,-17.265,-0.608154
104,77,Box,7.81043,-6.61659,0.168727,0.354964,-17.0392,0.0721402
104,78,Box,8.85646,-6.5043,0.0812525,0.169182,-17.2175,-0.00536649
104,79,Box,9.91579,-6.32573,0.133891,0.0702581,-16.6729,-0.190909
104,80,Box,-0.0367271,-5.15481,-0.0651673,-0.297656,-16.4045,-0.581851
104,81,Box,0.989974,-5.14603,-0.0956243,-0.582888,-16.4738,-0.0595513
104,82,Box,1.97989,-5.17725,-0.123354,-0.452593,-16.5272,0.29793
104,83,Box,2.96485,-5.19255,-0.128093,-0.617703,-16.5527,-0.0509106
104,84,Box,3.96784,-5.1578,-0.121782,-0.518937,-16.492,-0.0166939
104,85,Box,4.96924,-5.35397,-0.104793,-0.554254,-16.6191,-0.0253883
104,86,Box,6.25029,-5.77248,0.398528,-0.347058,-17.0501,-0.0362137
104,87,Box,8.59706,-5.58156,0.0812719,1.48409,-17.3722,-0.897467
104,88,Box,9.63162,-5.32168,0.0679361,1.75471,-16.52,0.337665
104,89,Box,11.38,-5.24751,-0.0257591,3.93363,-16.6937,0.345428
104,90,Box,-0.504552,-2.01296,1.65411,-0.879204,-13.4533,2.28378
104,91,Box,1.37805,-2.75207,-0.577835,0.487807,-14.5348,-1.31725
104,92,Box,2.21732,-3.94951,-0.624982,-0.254675,-15.9071,-1.26902
104,93,Box,3.77189,-4.01895,-0.0200138,1.05398,-16.3717,0.00815806
104,94,Box,13.1101,3.28432,-11.9333,15.8267,-3.14343,-21.0805
104,95,Box,7.92573,-4.70155,-3.09472,3.45081,-15.9331,-2.04889
104,96,Box,8.92272,-3.79451,0.219043,4.01998,-17.2187,-0.925187
104,97,Box,10.3105,-4.122,0.256017,5.09591,-16.6428,0.54886
104,98,Box,11.3795,-3.94153,0.176035,5.37154,-16.1838,0.306996
104,99,Box,12.5222,-4.04596,-0.136206,5.74186,-16.4197,-0.465199
104,100,Circle,8.58992,-4.65138,5.33061,3.59242,-17.2294,8.27707
105,0,Box,0,-14.2274,0,0,-16.6208,0
105,1,Box,1.1,-14.2274,0,0,-16.6208,0
105,2,Box,2.2,-14.2274,0,0,-16.6208,0
105,3,Box,3.3,-14.2274,0,0,-16.6208,0
105,4,Box,4.4,-14.2274,0,0,-16.6208,0
105,5,Box,5.5,-14.2274,0,0,-16.6208,0
105,6,Box,6.6,-14.2274,0,0,-16.6208,0
105,7,Box,7.7,-14.2274,0,0,-16.6208,0
105,8,Box,8.8,-14.2274,0,0,-16.6208,0
105,9,Box,9.9,-14.2274,0,0,-16.6208,0
105,10,Box,0,-13.1274,0,0,-16.6208,0
105,11,Box,1.1,-13.1274,0,0,-16.6208,0
105,12,Box,2.2,-13.1274,0,0,-16.6208,0
105,13,Box,3.3,-13.1274,0,0,-16.6208,0
105,14,Box,4.4,-13.1274,0,0,-16.6208,0
105,15,Box,5.5,-13.1274,0,0,-16.6208,0
105,16,Box,6.6,-13.1274,0,0,-16.6208,0
105,17,Box,7.7,-13.1274,0,0,-16.6208,0
105,18,Box,8.8,-13.1274,0,0,-16.6208,0
105,19,Box,9.9,-13.1274,0,0,-16.6208,0
105,20,Box,0,-12.0274,0,0,-16.6208,0
105,21,Box,1.1,-12.0274,0,0,-16.6208,0
105,22,Box,2.2,-12.0274,0,0,-16.6208,0
105,23,Box,3.3,-12.0274,0,0,-16.6208,0
105,24,Box,4.4,-12.0274,0,0,-16.6208,0
105,25,Box,5.5,-12.0274,0,0,-16.6208,0
105,26,Box,6.60455,-12.0501,0.0454336,0.0586783,-16.9124,0.58264
105,27,Box,7.7,-12.0274,0,0,-16.6208,0
105,28,Box,8.8,-12.0274,0,0,-16.6208,0
105,29,Box,9.9,-12.0274,0,0,-16.6208,0
105,30,Box,0,-10.9274,0,0,-16.6208,0
105,31,Box,1.1,-10.9274,0,0,-16.6208,0
105,32,Box,2.2,-10.9274,0,0,-16.6208,0
105,33,Box,3.3,-10.9274,0,0,-16.6208,0
105,34,Box,4.4,-10.9274,0,0,-16.6208,0
105,35,Box,5.49197,-10.9732,-0.0778631,-0.062732,-16.9345,-0.608306
105,36,Box,6.61922,-11.0239,0.132455,0.0905551,-17.0096,0.316316
105,37,Box,7.70124,-10.9321,0.017694,0.0388834,-16.7662,0.552938
105,38,Box,8.8,-10.9274,0,0,-16.6208,0
105,39,Box,9.9,-10.9274,0,0,-16.6208,0
105,40,Box,0,-9.82741,0,0,-16.6208,0
105,41,Box,1.1,-9.82741,0,0,-16.6208,0
105,42,Box,2.2,-9.82741,0,0,-16.6208,0
105,43,Box,3.3,-9.82741,0,0,-16.6208,0
105,44,Box,4.39615,-9.85018,-0.036848,-0.0480832,-16.8612,-0.460599
105,45,Box,5.4825,-9.93819,-0.0692035,-0.0314161,-16.9712,0.749543
105,46,Box,6.63874,-10.0399,0.171361,0.0368426,-17.0045,0.252894
105,47,Box,7.71133,-9.86338,0.101354,0.0500901,-16.7627,0.575876
105,48,Box,8.8,-9.82741,0,0,-16.6208,0
105,49,Box,9.9,-9.82741,0,0,-16.6208,0
105,50,Box,0,-8.72741,0,0,-16.6208,0
105,51,Box,1.1,-8.72741,0,0,-16.6208,0
105,52,Box,2.2,-8.72741,0,0,-16.6208,0
105,53,Box,3.3,-8.72741,0,0,-16.6208,0
105,54,Box,4.38464,-8.80068,-0.133151,-0.022538,-16.7335,0.0596179
105,55,Box,5.47317,-8.90989,0.0357621,-0.0369828,-17.0144,0.63791
105,56,Box,6.62041,-9.07523,0.233352,-0.114625,-17.0668,0.111135
105,57,Box,7.71987,-8.8376,0.172528,0.112181,-17.1584,1.01514
105,58,Box,8.80536,-8.75717,0.0515839,0.0876778,-17.0385,0.824639
105,59,Box,9.9,-8.72741,0,0,-16.6208,0
105,60,Box,0,-7.62741,0,0,-16.6208,0
105,61,Box,1.1,-7.62741,0,0,-16.6208,0
105,62,Box,2.2,-7.62741,0,0,-16.6208,0
105,63,Box,3.3,-7.62741,0,0,-16.6208,0
105,64,Box,4.37466,-7.74826,-0.0610192,-0.156273,-16.8498,0.340586
105,65,Box,5.44438,-7.90036,0.066058,-0.125224,-17.0567,0.423678
105,66,Box,6.59459,-8.07212,0.102076,-0.0309635,-17.1722,-0.12855
105,67,Box,7.78405,-7.85021,0.17801,0.205121,-17.2488,0.365431
105,68,Box,8.81431,-7.74716,0.148032,0.000264496,-17.0693,0.667387
105,69,Box,9.91064,-7.65243,0.0335492,0.242292,-16.9524,0.199126
105,70,Box,0,-6.52741,0,0,-16.6208,0
105,71,Box,1.1,-6.52741,0,0,-16.6208,0
105,72,Box,2.2,-6.52741,0,0,-16.6208,0
105,73,Box,3.3,-6.52741,0,0,-16.6208,0
105,74,Box,4.33784,-6.72555,-0.00961777,-0.199636,-16.937,0.497279
105,75,Box,5.3712,-6.90306,0.0791094,-0.241095,-17.1899,0.111131
105,76,Box,6.75036,-7.05622,-0.0875458,0.138953,-17.418,-0.611394
105,77,Box,7.81611,-6.89173,0.169882,0.354964,-17.196,0.0721402
105,78,Box,8.85917,-6.78229,0.0811666,0.169182,-17.3743,-0.00536649
105,79,Box,9.91691,-6.59501,0.130837,0.0702581,-16.8297,-0.190909
105,80,Box,-0.0414896,-5.41979,-0.0744769,-0.297656,-16.5613,-0.581851
105,81,Box,0.980648,-5.41212,-0.0965771,-0.582888,-16.6306,-0.0595513
105,82,Box,1.97265,-5.44419,-0.118587,-0.452593,-16.684,0.29793
105,83,Box,2.95496,-5.45991,-0.128907,-0.617703,-16.7095,-0.0509106
105,84,Box,3.95954,-5.42419,-0.122049,-0.518937,-16.6488,-0.0166939
105,85,Box,4.96038,-5.62238,-0.105199,-0.554254,-16.7759,-0.0253883
105,86,Box,6.24474,-6.04779,0.397948,-0.347058,-17.2069,-0.0362137
105,87,Box,8.6199,-5.84849,0.0669124,1.50838,-17.3439,-0.909683
105,88,Box,9.6597,-5.5885,0.0733388,1.75471,-16.6768,0.337665
105,89,Box,11.443,-5.51712,-0.0202323,3.93363,-16.8505,0.345428
105,90,Box,-0.518619,-2.23072,1.69065,-0.879204,-13.6101,2.28378
105,91,Box,1.38586,-2.98713,-0.598911,0.487807,-14.6916,-1.31725
105,92,Box,2.21325,-4.20653,-0.645286,-0.254675,-16.0639,-1.26902
105,93,Box,3.78875,-4.28341,-0.0198833,1.05398,-16.5285,0.00815806
105,94,Box,13.3633,3.23152,-12.2706,15.8267,-3.30023,-21.0805
105,95,Box,8.0636,-4.95782,-3.1275,3.49869,-16.0987,-2.08329
105,96,Box,8.99697,-4.12693,0.20424,4.017,-17.5524,-0.523807
105,97,Box,10.392,-4.3908,0.264799,5.09591,-16.7996,0.54886
105,98,Box,11.4655,-4.20298,0.180947,5.37154,-16.3406,0.306996
105,99,Box,12.6141,-4.31118,-0.143649,5.74186,-16.5765,-0.465199
105,100,Circle,8.53067,-4.87898,5.46305,3.50432,-17.3854,8.00543
106,0,Box,0,-14.4958,0,0,-16.7776,0
106,1,Box,1.1,-14.4958,0,0,-16.7776,0
106,2,Box,2.2,-14.4958,0,0,-16.7776,0
106,3,Box,3.3,-14.4958,0,0,-16.7776,0
106,4,Box,4.4,-14.4958,0,0,-16.7776,0
106,5,Box,5.5,-14.4958,0,0,-16.7776,0
106,6,Box,6.6,-14.4958,0,0,-16.7776,0
106,7,Box,7.7,-14.4958,0,0,-16.7776,0
106,8,Box,8.8,-14.4958,0,0,-16.7776,0
106,9,Box,9.9,-14.4958,0,0,-16.7776,0
106,10,Box,0,-13.3959,0,0,-16.7776,0
106,11,Box,1.1,-13.3959,0,0,-16.7776,0
106,12,Box,2.2,-13.3959,0,0,-16.7776,0
106,13,Box,3.3,-13.3959,0,0,-16.7776,0
106,14,Box,4.4,-13.3959,0,0,-16.7776,0
106,15,Box,5.5,-13.3959,0,0,-16.7776,0
106,16,Box,6.6,-13.3959,0,0,-16.7776,0
106,17,Box,7.7,-13.3959,0,0,-16.7776,0
106,18,Box,8.8,-13.3959,0,0,-16.7776,0
106,19,Box,9.9,-13.3959,0,0,-16.7776,0
106,20,Box,0,-12.2959,0,0,-16.7776,0
106,21,Box,1.1,-12.2959,0,0,-16.7776,0
106,22,Box,2.2,-12.2959,0,0,-16.7776,0
106,23,Box,3.3,-12.2959,0,0,-16.7776,0
106,24,Box,4.4,-12.2959,0,0,-16.7776,0
106,25,Box,5.5,-12.2959,0,0,-16.7776,0
106,26,Box,6.60549,-12.3232,0.0547558,0.0613987,-17.0797,0.601192
106,27,Box,7.7,-12.2959,0,0,-16.7776,0
106,28,Box,8.8,-12.2959,0,0,-16.7776,0
106,29,Box,9.9,-12.2959,0,0,-16.7776,0
106,30,Box,0,-11.1958,0,0,-16.7776,0
106,31,Box,1.1,-11.1958,0,0,-16.7776,0
106,32,Box,2.2,-11.1958,0,0,-16.7776,0
106,33,Box,3.3,-11.1958,0,0,-16.7776,0
106,34,Box,4.4,-11.1958,0,0,-16.7776,0
106,35,Box,5.49097,-11.2466,-0.087596,-0.062732,-17.0913,-0.608306
106,36,Box,6.62175,-11.3064,0.137516,0.0934097,-17.1719,0.303687
106,37,Box,7.70187,-11.2028,0.026541,0.0388834,-16.923,0.552938
106,38,Box,8.8,-11.1958,0,0,-16.7776,0
106,39,Box,9.9,-11.1958,0,0,-16.7776,0
106,40,Box,0,-10.0958,0,0,-16.7776,0
106,41,Box,1.1,-10.0958,0,0,-16.7776,0
106,42,Box,2.2,-10.0958,0,0,-16.7776,0
106,43,Box,3.3,-10.0958,0,0,-16.7776,0
106,44,Box,4.39539,-10.1225,-0.0442175,-0.0480832,-17.018,-0.460599
106,45,Box,5.48202,-10.2128,-0.0572108,-0.0310547,-17.1295,0.755172
106,46,Box,6.6412,-10.3234,0.175407,0.033867,-17.1659,0.237387
106,47,Box,7.71383,-10.142,0.110568,0.129005,-17.1676,0.947341
106,48,Box,8.8,-10.0958,0,0,-16.7776,0
106,49,Box,9.9,-10.0958,0,0,-16.7776,0
106,50,Box,0,-8.99585,0,0,-16.7776,0
106,51,Box,1.1,-8.99585,0,0,-16.7776,0
106,52,Box,2.2,-8.99585,0,0,-16.7776,0
106,53,Box,3.3,-8.99585,0,0,-16.7776,0
106,54,Box,4.38428,-9.07092,-0.132197,-0.022538,-16.8903,0.0596179
106,55,Box,5.47255,-9.18406,0.0459687,-0.0373442,-17.1698,0.630135
106,56,Box,6.61542,-9.34091,0.23513,-0.119375,-17.225,0.0969431
106,57,Box,7.72287,-9.12046,0.18877,0.0329451,-17.1972,0.455895
106,58,Box,8.80711,-9.03762,0.0647781,0.0894591,-17.2019,0.836187
106,59,Box,9.9,-8.99585,0,0,-16.7776,0
106,60,Box,0,-7.89585,0,0,-16.7776,0
106,61,Box,1.1,-7.89585,0,0,-16.7776,0
106,62,Box,2.2,-7.89585,0,0,-16.7776,0
106,63,Box,3.3,-7.89585,0,0,-16.7776,0
106,64,Box,4.37216,-8.02036,-0.0555698,-0.147482,-17.0509,0.505644
106,65,Box,5.44238,-8.17578,0.0728369,-0.107935,-17.2759,0.194297
106,66,Box,6.59145,-8.34993,0.100019,-0.0336364,-17.3229,-0.126636
106,67,Box,7.78835,-8.13516,0.183857,0.209959,-17.3067,0.0978379
106,68,Box,8.81553,-8.03668,0.15871,-0.00222105,-17.2254,0.657324
106,69,Box,9.91451,-7.92618,0.0367352,0.242292,-17.1092,0.199126
106,70,Box,0,-6.79585,0,0,-16.7776,0
106,71,Box,1.1,-6.79585,0,0,-16.7776,0
106,72,Box,2.2,-6.79585,0,0,-16.7776,0
106,73,Box,3.3,-6.79585,0,0,-16.7776,0
106,74,Box,4.33464,-6.99905,-0.0016613,-0.233047,-17.0543,0.314697
106,75,Box,5.36734,-7.18061,0.0808875,-0.233764,-17.2794,0.181946
106,76,Box,6.75322,-7.33153,-0.0973281,0.14488,-17.5643,-0.603237
106,77,Box,7.8237,-7.16664,0.171036,0.350449,-17.3215,-0.051217
106,78,Box,8.86141,-7.05711,0.0810808,0.222944,-17.7106,-0.504966
106,79,Box,9.91804,-6.86679,0.127782,0.0702581,-16.9865,-0.190909
106,80,Box,-0.0462521,-5.68728,-0.0837865,-0.297656,-16.7181,-0.581851
106,81,Box,0.971321,-5.68072,-0.0975299,-0.582888,-16.7874,-0.0595513
106,82,Box,1.96161,-5.71321,-0.11382,-0.55813,-16.8497,-0.0075087
106,83,Box,2.94887,-5.7302,-0.129722,-0.512166,-16.8575,0.192352
106,84,Box,3.95123,-5.69307,-0.122316,-0.518937,-16.8056,-0.0166939
106,85,Box,4.95151,-5.8933,-0.105605,-0.554254,-16.9326,-0.0253883
106,86,Box,6.23619,-6.31847,0.397369,-0.348161,-17.3582,-0.046954
106,87,Box,8.64341,-6.12397,0.0523575,1.45757,-17.3239,-0.478799
106,88,Box,9.68777,-5.85784,0.0787414,1.75471,-16.8336,0.337665
106,89,Box,11.5059,-5.78924,-0.0147054,3.93363,-17.0073,0.345428
106,90,Box,-0.532686,-2.45099,1.72719,-0.879204,-13.7669,2.28378
106,91,Box,1.39366,-3.22471,-0.619987,0.487807,-14.8484,-1.31725
106,92,Box,2.20917,-4.46606,-0.665591,-0.254675,-16.2207,-1.26902
106,93,Box,3.80561,-4.55037,-0.0197528,1.05398,-16.6853,0.00815806
106,94,Box,13.6165,3.17621,-12.6079,15.8267,-3.45703,-21.0805
106,95,Box,7.9827,-5.19202,-3.16084,3.19424,-16.3721,-1.55852
106,96,Box,9.06125,-4.41028,0.195859,4.31921,-17.5838,-0.273458
106,97,Box,10.4736,-4.6621,0.273581,5.09591,-16.9564,0.54886
106,98,Box,11.5514,-4.46693,0.185859,5.37154,-16.4974,0.306996
106,99,Box,12.7059,-4.57892,-0.151092,5.74186,-16.7333,-0.465199
106,100,Circle,8.75962,-5.16617,5.59113,3.50432,-17.5422,8.00543
107,0,Box,0,-14.7668,0,0,-16.9344,0
107,1,Box,1.1,-14.7668,0,0,-16.9344,0
107,2,Box,2.2,-14.7668,0,0,-16.9344,0
107,3,Box,3.3,-14.7668,0,0,-16.9344,0
107,4,Box,4.4,-14.7668,0,0,-16.9344,0
107,5,Box,5.5,-14.7668,0,0,-16.9344,0
107,6,Box,6.6,-14.7668,0,0,-16.9344,0
107,7,Box,7.7,-14.7668,0,0,-16.9344,0
107,8,Box,8.8,-14.7668,0,0,-16.9344,0
107,9,Box,9.9,-14.7668,0,0,-16.9344,0
107,10,Box,0,-13.6668,0,0,-16.9344,0
107,11,Box,1.1,-13.6668,0,0,-16.9344,0
107,12,Box,2.2,-13.6668,0,0,-16.9344,0
107,13,Box,3.3,-13.6668,0,0,-16.9344,0
107,14,Box,4.4,-13.6668,0,0,-16.9344,0
107,15,Box,5.5,-13.6668,0,0,-16.9344,0
107,16,Box,6.6,-13.6668,0,0,-16.9344,0
107,17,Box,7.7,-13.6668,0,0,-16.9344,0
107,18,Box,8.8,-13.6668,0,0,-16.9344,0
107,19,Box,9.9,-13.6668,0,0,-16.9344,0
107,20,Box,0,-12.5668,0,0,-16.9344,0
107,21,Box,1.1,-12.5668,0,0,-16.9344,0
107,22,Box,2.2,-12.5668,0,0,-16.9344,0
107,23,Box,3.3,-12.5668,0,0,-16.9344,0
107,24,Box,4.4,-12.5668,0,0,-16.9344,0
107,25,Box,5.5,-12.5668,0,0,-16.9344,0
107,26,Box,6.60647,-12.599,0.0643749,0.0613987,-17.2365,0.601192
107,27,Box,7.7,-12.5668,0,0,-16.9344,0
107,28,Box,8.8,-12.5668,0,0,-16.9344,0
107,29,Box,9.9,-12.5668,0,0,-16.9344,0
107,30,Box,0,-11.4668,0,0,-16.9344,0
107,31,Box,1.1,-11.4668,0,0,-16.9344,0
107,32,Box,2.2,-11.4668,0,0,-16.9344,0
107,33,Box,3.3,-11.4668,0,0,-16.9344,0
107,34,Box,4.4,-11.4668,0,0,-16.9344,0
107,35,Box,5.48996,-11.5226,-0.0973289,-0.062732,-17.2481,-0.608306
107,36,Box,6.62325,-11.5837,0.142375,0.0934097,-17.3287,0.303687
107,37,Box,7.70249,-11.4761,0.035388,0.0388834,-17.0798,0.552938
107,38,Box,8.8,-11.4668,0,0,-16.9344,0
107,39,Box,9.9,-11.4668,0,0,-16.9344,0
107,40,Box,0,-10.3668,0,0,-16.9344,0
107,41,Box,1.1,-10.3668,0,0,-16.9344,0
107,42,Box,2.2,-10.3668,0,0,-16.9344,0
107,43,Box,3.3,-10.3668,0,0,-16.9344,0
107,44,Box,4.39462,-10.3973,-0.0515871,-0.0480832,-17.1748,-0.460599
107,45,Box,5.48152,-10.4894,-0.0451281,-0.0310547,-17.2863,0.755172
107,46,Box,6.64174,-10.6005,0.179205,0.033867,-17.3227,0.237387
107,47,Box,7.71589,-10.4192,0.125726,0.129005,-17.3244,0.947341
107,48,Box,8.8,-10.3668,0,0,-16.9344,0
107,49,Box,9.9,-10.3668,0,0,-16.9344,0
107,50,Box,0,-9.2668,0,0,-16.9344,0
107,51,Box,1.1,-9.2668,0,0,-16.9344,0
107,52,Box,2.2,-9.2668,0,0,-16.9344,0
107,53,Box,3.3,-9.2668,0,0,-16.9344,0
107,54,Box,4.38392,-9.34368,-0.131243,-0.022538,-17.0471,0.0596179
107,55,Box,5.47196,-9.46129,0.0560508,-0.0373442,-17.3266,0.630135
107,56,Box,6.6135,-9.61902,0.236681,-0.119375,-17.3818,0.0969431
107,57,Box,7.7234,-9.39812,0.196065,0.0329451,-17.354,0.455895
107,58,Box,8.80854,-9.31536,0.0781571,0.0894591,-17.3587,0.836187
107,59,Box,9.9,-9.2668,0,0,-16.9344,0
107,60,Box,0,-8.1668,0,0,-16.9344,0
107,61,Box,1.1,-8.1668,0,0,-16.9344,0
107,62,Box,2.2,-8.1668,0,0,-16.9344,0
107,63,Box,3.3,-8.1668,0,0,-16.9344,0
107,64,Box,4.3698,-8.29569,-0.0474795,-0.147482,-17.2077,0.505644
107,65,Box,5.44065,-8.45471,0.0759456,-0.107935,-17.4327,0.194297
107,66,Box,6.59091,-8.62961,0.0979929,-0.0336364,-17.4797,-0.126636
107,67,Box,7.79171,-8.41457,0.185423,0.209959,-17.4635,0.0978379
107,68,Box,8.81549,-8.31479,0.169227,-0.00222105,-17.3822,0.657324
107,69,Box,9.91839,-8.20243,0.0399212,0.242292,-17.266,0.199126
107,70,Box,0,-7.0668,0,0,-16.9344,0
107,71,Box,1.1,-7.0668,0,0,-16.9344,0
107,72,Box,2.2,-7.0668,0,0,-16.9344,0
107,73,Box,3.3,-7.0668,0,0,-16.9344,0
107,74,Box,4.33092,-7.27443,0.00337386,-0.233047,-17.2111,0.314697
107,75,Box,5.3636,-7.45958,0.0837987,-0.233764,-17.4362,0.181946
107,76,Box,6.75554,-7.61507,-0.10698,0.14488,-17.7211,-0.603237
107,77,Box,7.82931,-7.44629,0.170216,0.350449,-17.4783,-0.051217
107,78,Box,8.86498,-7.34299,0.0730013,0.222944,-17.8674,-0.504966
107,79,Box,9.91916,-7.14109,0.124727,0.0702581,-17.1433,-0.190909
107,80,Box,-0.0510146,-5.95727,-0.0930961,-0.297656,-16.8749,-0.581851
107,81,Box,0.961995,-5.95182,-0.0984827,-0.582888,-16.9442,-0.0595513
107,82,Box,1.95268,-5.98531,-0.11394,-0.55813,-17.0065,-0.0075087
107,83,Box,2.94068,-6.00243,-0.126644,-0.512166,-17.0143,0.192352
107,84,Box,3.94293,-5.96447,-0.122583,-0.518937,-16.9624,-0.0166939
107,85,Box,4.94264,-6.16673,-0.106011,-0.554254,-17.0894,-0.0253883
107,86,Box,6.23062,-6.59871,0.396618,-0.348161,-17.515,-0.046954
107,87,Box,8.66673,-6.40366,0.0446967,1.45757,-17.4807,-0.478799
107,88,Box,9.7033,-6.12187,0.0841441,1.75471,-16.9904,0.337665
107,89,Box,11.5689,-6.06386,-0.0091786,3.93363,-17.1641,0.345428
107,90,Box,-0.546753,-2.67377,1.76373,-0.879204,-13.9237,2.28378
107,91,Box,1.40147,-3.46479,-0.641063,0.487807,-15.0052,-1.31725
107,92,Box,2.2051,-4.7281,-0.685895,-0.254675,-16.3775,-1.26902
107,93,Box,3.82248,-4.81985,-0.0196223,1.05398,-16.8421,0.00815806
107,94,Box,13.8698,3.11839,-12.9452,15.8267,-3.61383,-21.0805
107,95,Box,8.03381,-5.45648,-3.18577,3.19424,-16.5289,-1.55852
107,96,Box,9.13035,-4.69413,0.191484,4.31921,-17.7406,-0.273458
107,97,Box,10.5551,-4.93591,0.282363,5.09591,-17.1132,0.54886
107,98,Box,11.6374,-4.7334,0.19077,5.37154,-16.6542,0.306996
107,99,Box,12.7978,-4.84916,-0.158536,5.74186,-16.8901,-0.465199
107,100,Circle,8.83167,-5.4593,5.71922,3.50432,-17.699,8.00543
108,0,Box,0,-15.0403,0,0,-17.0912,0
108,1,Box,1.1,-15.0403,0,0,-17.0912,0
108,2,Box,2.2,-15.0403,0,0,-17.0912,0
108,3,Box,3.3,-15.0403,0,0,-17.0912,0
108,4,Box,4.4,-15.0403,0,0,-17.0912,0
108,5,Box,5.5,-15.0403,0,0,-17.0912,0
108,6,Box,6.6,-15.0403,0,0,-17.0912,0
108,7,Box,7.7,-15.0403,0,0,-17.0912,0
108,8,Box,8.8,-15.0403,0,0,-17.0912,0
108,9,Box,9.9,-15.0403,0,0,-17.0912,0
108,10,Box,0,-13.9403,0,0,-17.0912,0
108,11,Box,1.1,-13.9403,0,0,-17.0912,0
108,12,Box,2.2,-13.9403,0,0,-17.0912,0
108,13,Box,3.3,-13.9403,0,0,-17.0912,0
108,14,Box,4.4,-13.9403,0,0,-17.0912,0
108,15,Box,5.5,-13.9403,0,0,-17.0912,0
108,16,Box,6.6,-13.9403,0,0,-17.0912,0
108,17,Box,7.7,-13.9403,0,0,-17.0912,0
108,18,Box,8.8,-13.9403,0,0,-17.0912,0
108,19,Box,9.9,-13.9403,0,0,-17.0912,0
108,20,Box,0,-12.8403,0,0,-17.0912,0
108,21,Box,1.1,-12.8403,0,0,-17.0912,0
108,22,Box,2.2,-12.8403,0,0,-17.0912,0
108,23,Box,3.3,-12.8403,0,0,-17.0912,0
108,24,Box,4.4,-12.8403,0,0,-17.0912,0
108,25,Box,5.5,-12.8403,0,0,-17.0912,0
108,26,Box,6.60746,-12.8773,0.073994,0.0613987,-17.3933,0.601192
108,27,Box,7.7,-12.8403,0,0,-17.0912,0
108,28,Box,8.8,-12.8403,0,0,-17.0912,0
108,29,Box,9.9,-12.8403,0,0,-17.0912,0
108,30,Box,0,-11.7403,0,0,-17.0912,0
108,31,Box,1.1,-11.7403,0,0,-17.0912,0
108,32,Box,2.2,-11.7403,0,0,-17.0912,0
108,33,Box,3.3,-11.7403,0,0,-17.0912,0
108,34,Box,4.4,-11.7403,0,0,-17.0912,0
108,35,Box,5.48896,-11.8011,-0.107062,-0.062732,-17.4049,-0.608306
108,36,Box,6.62474,-11.8635,0.147234,0.0934097,-17.4855,0.303687
108,37,Box,7.70311,-11.7519,0.044235,0.0388834,-17.2366,0.552938
108,38,Box,8.8,-11.7403,0,0,-17.0912,0
108,39,Box,9.9,-11.7403,0,0,-17.0912,0
108,40,Box,0,-10.6403,0,0,-17.0912,0
108,41,Box,1.1,-10.6403,0,0,-17.0912,0
108,42,Box,2.2,-10.6403,0,0,-17.0912,0
108,43,Box,3.3,-10.6403,0,0,-17.0912,0
108,44,Box,4.39385,-10.6746,-0.0589567,-0.0480832,-17.3316,-0.460599
108,45,Box,5.48103,-10.7685,-0.0330453,-0.0310547,-17.4431,0.755172
108,46,Box,6.64228,-10.8802,0.183004,0.033867,-17.4795,0.237387
108,47,Box,7.71796,-10.6989,0.140883,0.129005,-17.4812,0.947341
108,48,Box,8.8,-10.6403,0,0,-17.0912,0
108,49,Box,9.9,-10.6403,0,0,-17.0912,0
108,50,Box,0,-9.54026,0,0,-17.0912,0
108,51,Box,1.1,-9.54026,0,0,-17.0912,0
108,52,Box,2.2,-9.54026,0,0,-17.0912,0
108,53,Box,3.3,-9.54026,0,0,-17.0912,0
108,54,Box,4.38355,-9.61894,-0.130289,-0.022538,-17.2039,0.0596179
108,55,Box,5.47136,-9.74102,0.066133,-0.0373442,-17.4834,0.630135
108,56,Box,6.61333,-9.91771,0.238233,-0.119613,-17.5409,0.101238
108,57,Box,7.72392,-9.67829,0.203359,0.0329451,-17.5108,0.455895
108,58,Box,8.80998,-9.59561,0.0915361,0.0894591,-17.5155,0.836187
108,59,Box,9.9,-9.54026,0,0,-17.0912,0
108,60,Box,0,-8.44026,0,0,-17.0912,0
108,61,Box,1.1,-8.44026,0,0,-17.0912,0
108,62,Box,2.2,-8.44026,0,0,-17.0912,0
108,63,Box,3.3,-8.44026,0,0,-17.0912,0
108,64,Box,4.36744,-8.57352,-0.0393892,-0.147482,-17.3645,0.505644
108,65,Box,5.43892,-8.73614,0.0790544,-0.107935,-17.5895,0.194297
108,66,Box,6.58685,-8.9089,0.0959667,-0.0345254,-17.6376,-0.12355
108,67,Box,7.79507,-8.6965,0.186988,0.209959,-17.6203,0.0978379
108,68,Box,8.81546,-8.59542,0.179745,-0.00222105,-17.539,0.657324
108,69,Box,9.92227,-8.4812,0.0431072,0.242292,-17.4228,0.199126
108,70,Box,0,-7.34026,0,0,-17.0912,0
108,71,Box,1.1,-7.34026,0,0,-17.0912,0
108,72,Box,2.2,-7.34026,0,0,-17.0912,0
108,73,Box,3.3,-7.34026,0,0,-17.0912,0
108,74,Box,4.32719,-7.55231,0.00840902,-0.233047,-17.3679,0.314697
108,75,Box,5.35986,-7.74107,0.0867098,-0.233764,-17.593,0.181946
108,76,Box,6.75964,-7.88593,-0.116632,0.146007,-17.8745,-0.605565
108,77,Box,7.83491,-7.72845,0.169397,0.350449,-17.6351,-0.051217
108,78,Box,8.86854,-7.63137,0.0649219,0.222944,-18.0242,-0.504966
108,79,Box,9.92029,-7.41789,0.121673,0.0702581,-17.3001,-0.190909
108,80,Box,-0.0557771,-6.22978,-0.102406,-0.297656,-17.0317,-0.581851
108,81,Box,0.952669,-6.22544,-0.0994355,-0.582888,-17.101,-0.0595513
108,82,Box,1.94375,-6.25993,-0.11406,-0.55813,-17.1633,-0.0075087
108,83,Box,2.93248,-6.27716,-0.123567,-0.512166,-17.1711,0.192352
108,84,Box,3.93463,-6.23838,-0.12285,-0.518937,-17.1192,-0.0166939
108,85,Box,4.93377,-6.44267,-0.106417,-0.554254,-17.2462,-0.0253883
108,86,Box,6.22505,-6.88146,0.395866,-0.348161,-17.6718,-0.046954
108,87,Box,8.68959,-6.67344,0.0370359,1.45757,-17.6375,-0.478799
108,88,Box,9.70496,-6.37885,0.0895467,1.75471,-17.1472,0.337665
108,89,Box,11.6318,-6.341,-0.00365175,3.93363,-17.3209,0.345428
108,90,Box,-0.560821,-2.89906,1.80027,-0.879204,-14.0805,2.28378
108,91,Box,1.40927,-3.70738,-0.662139,0.487807,-15.162,-1.31725
108,92,Box,2.20102,-4.99265,-0.706199,-0.254675,-16.5343,-1.26902
108,93,Box,3.83934,-5.09183,-0.0194917,1.05398,-16.9989,0.00815806
108,94,Box,14.123,3.05806,-13.2825,15.8267,-3.77063,-21.0805
108,95,Box,8.13169,-5.72669,-3.21071,3.41249,-16.7453,-1.73683
108,96,Box,9.21354,-5.05487,0.187108,4.31921,-17.8974,-0.273458
108,97,Box,10.6366,-5.21223,0.291144,5.09591,-17.27,0.54886
108,98,Box,11.7233,-5.00238,0.195682,5.37154,-16.811,0.306996
108,99,Box,12.8897,-5.12191,-0.165979,5.74186,-17.0469,-0.465199
108,100,Circle,8.84449,-5.68411,5.84731,3.22643,-17.7799,7.86876
109,0,Box,0,-15.3162,0,0,-17.248,0
109,1,Box,1.1,-15.3162,0,0,-17.248,0
109,2,Box,2.2,-15.3162,0,0,-17.248,0
109,3,Box,3.3,-15.3162,0,0,-17.248,0
109,4,Box,4.4,-15.3162,0,0,-17.248,0
109,5,Box,5.5,-15.3162,0,0,-17.248,0
109,6,Box,6.6,-15.3162,0,0,-17.248,0
109,7,Box,7.7,-15.3162,0,0,-17.248,0
109,8,Box,8.8,-15.3162,0,0,-17.248,0
109,9,Box,9.9,-15.3162,0,0,-17.248,0
109,10,Box,0,-14.2162,0,0,-17.248,0
109,11,Box,1.1,-14.2162,0,0,-17.248,0
109,12,Box,2.2,-14.2162,0,0,-17.248,0
109,13,Box,3.3,-14.2162,0,0,-17.248,0
109,14,Box,4.4,-14.2162,0,0,-17.248,0
109,15,Box,5.5,-14.2162,0,0,-17.248,0
109,16,Box,6.6,-14.2162,0,0,-17.248,0
109,17,Box,7.7,-14.2162,0,0,-17.248,0
109,18,Box,8.8,-14.2162,0,0,-17.248,0
109,19,Box,9.9,-14.2162,0,0,-17.248,0
109,20,Box,0,-13.1162,0,0,-17.248,0
109,21,Box,1.1,-13.1162,0,0,-17.248,0
109,22,Box,2.2,-13.1162,0,0,-17.248,0
109,23,Box,3.3,-13.1162,0,0,-17.248,0
109,24,Box,4.4,-13.1162,0,0,-17.248,0
109,25,Box,5.5,-13.1164,0,-0.0410286,-17.4531,-0.406701
109,26,Box,6.60858,-13.1598,0.0836131,0.0639958,-17.5591,0.61593
109,27,Box,7.7,-13.1162,0,0,-17.248,0
109,28,Box,8.8,-13.1162,0,0,-17.248,0
109,29,Box,9.9,-13.1162,0,0,-17.248,0
109,30,Box,0,-12.0162,0,0,-17.248,0
109,31,Box,1.1,-12.0162,0,0,-17.248,0
109,32,Box,2.2,-12.0162,0,0,-17.248,0
109,33,Box,3.3,-12.0162,0,0,-17.248,0
109,34,Box,4.4,-12.0162,0,0,-17.248,0
109,35,Box,5.48796,-12.0818,-0.116795,-0.0205043,-17.5227,0.624217
109,36,Box,6.62735,-12.1522,0.152093,0.0953303,-17.6457,0.289794
109,37,Box,7.70373,-12.0302,0.053082,0.0825682,-17.5642,0.837518
109,38,Box,8.8,-12.0162,0,0,-17.248,0
109,39,Box,9.9,-12.0162,0,0,-17.248,0
109,40,Box,0,-10.9162,0,0,-17.248,0
109,41,Box,1.1,-10.9162,0,0,-17.248,0
109,42,Box,2.2,-10.9162,0,0,-17.248,0
109,43,Box,3.3,-10.9162,0,0,-17.248,0
109,44,Box,4.39308,-10.9544,-0.0663263,-0.0480832,-17.4884,-0.460599
109,45,Box,5.48053,-11.0501,-0.0209626,-0.00922794,-17.5628,0.495413
109,46,Box,6.64465,-11.1705,0.186802,0.0291955,-17.6384,0.226936
109,47,Box,7.72002,-10.9811,0.156041,0.124636,-17.5738,0.513418
109,48,Box,8.8,-10.9162,0,0.0598546,-17.5473,0.603033
109,49,Box,9.9,-10.9162,0,0,-17.248,0
109,50,Box,0,-9.81623,0,0,-17.248,0
109,51,Box,1.1,-9.81623,0,0,-17.248,0
109,52,Box,2.2,-9.81623,0,0,-17.248,0
109,53,Box,3.3,-9.81623,0,0,-17.248,0
109,54,Box,4.38319,-9.89671,-0.129335,-0.0281423,-17.4695,0.410972
109,55,Box,5.47076,-10.0233,0.0762151,-0.0382368,-17.5899,0.369835
109,56,Box,6.60953,-10.1972,0.239852,-0.12086,-17.6967,0.0944841
109,57,Box,7.72682,-9.97339,0.210653,-0.00585767,-17.6327,0.237138
109,58,Box,8.81225,-9.88639,0.104915,0.0924919,-17.6489,0.333022
109,59,Box,9.9,-9.81623,0,0,-17.248,0
109,60,Box,0,-8.71622,0,0,-17.248,0
109,61,Box,1.1,-8.71622,0,0,-17.248,0
109,62,Box,2.2,-8.71622,0,0,-17.248,0
109,63,Box,3.3,-8.71622,0,0,-17.248,0
109,64,Box,4.36508,-8.85386,-0.0312989,-0.141239,-17.46,0.349942
109,65,Box,5.4372,-9.02008,0.0821631,-0.136702,-17.7261,0.0798391
109,66,Box,6.58345,-9.1941,0.0939899,-0.0361472,-17.7899,-0.123196
109,67,Box,7.79821,-8.9812,0.188553,0.208709,-17.731,-0.0457158
109,68,Box,8.81612,-8.89765,0.190262,-0.100197,-17.668,0.24695
109,69,Box,9.92614,-8.76247,0.0462933,0.242292,-17.5796,0.199126
109,70,Box,0,-7.61622,0,0,-17.248,0
109,71,Box,1.1,-7.61622,0,0,-17.248,0
109,72,Box,2.2,-7.61622,0,0,-17.248,0
109,73,Box,3.3,-7.61622,0,0,-17.248,0
109,74,Box,4.32346,-7.83271,0.0134442,-0.265641,-17.4841,0.203807
109,75,Box,5.35612,-8.02507,0.089621,-0.274149,-17.7374,0.0799516
109,76,Box,6.76241,-8.16859,-0.126321,0.149465,-18.0244,-0.602642
109,77,Box,7.84011,-8.00015,0.168577,0.21262,-17.7468,-0.383894
109,78,Box,8.87094,-7.90172,0.0568424,0.396597,-17.9526,-0.385508
109,79,Box,9.92141,-7.6972,0.118618,0.0702581,-17.4569,-0.190909
109,80,Box,-0.0605396,-6.5048,-0.111715,-0.478775,-17.1376,0.0662213
109,81,Box,0.943343,-6.50157,-0.100388,-0.401769,-17.3087,-0.3977
109,82,Box,1.93482,-6.53705,-0.11418,-0.55813,-17.3201,-0.0075087
109,83,Box,2.92429,-6.55441,-0.120489,-0.543709,-17.3303,0.111078
109,84,Box,3.92632,-6.5148,-0.123117,-0.487395,-17.2735,0.0574645
109,85,Box,4.9249,-6.72112,-0.106824,-0.554254,-17.403,-0.0253883
109,86,Box,6.21674,-7.16015,0.395115,-0.269622,-17.7733,-0.032212
109,87,Box,8.71531,-6.97007,0.0293751,1.45757,-17.7943,-0.478799
109,88,Box,9.73303,-6.65571,0.0949493,1.75471,-17.304,0.337665
109,89,Box,11.6947,-6.62064,0.0018751,3.93363,-17.4777,0.345428
109,90,Box,-0.574888,-3.12686,1.83681,-0.879204,-14.2373,2.28378
109,91,Box,1.41708,-3.95248,-0.683215,0.487807,-15.3188,-1.31725
109,92,Box,2.19695,-5.25971,-0.726503,-0.254675,-16.6911,-1.26902
109,93,Box,3.8562,-5.36632,-0.0193612,1.05398,-17.1557,0.00815806
109,94,Box,14.3762,2.99522,-13.6197,15.8267,-3.92743,-21.0805
109,95,Box,8.25824,-5.98531,-3.2385,3.41249,-16.9021,-1.73683
109,96,Box,9.28265,-5.34374,0.182733,4.31921,-18.0542,-0.273458
109,97,Box,10.7182,-5.49106,0.299926,5.09591,-17.4268,0.54886
109,98,Box,11.8092,-5.27386,0.200594,5.37154,-16.9678,0.306996
109,99,Box,12.9815,-5.39717,-0.173422,5.74186,-17.2037,-0.465199
109,100,Circle,8.80379,-5.96212,5.97321,3.22643,-17.9367,7.86876
110,0,Box,0,-15.5947,0,0,-17.4048,0
110,1,Box,1.1,-15.5947,0,0,-17.4048,0
110,2,Box,2.2,-15.5947,0,0,-17.4048,0
110,3,Box,3.3,-15.5947,0,0,-17.4048,0
110,4,Box,4.4,-15.5947,0,0,-17.4048,0
110,5,Box,5.5,-15.5947,0,0,-17.4048,0
110,6,Box,6.6,-15.5947,0,0,-17.4048,0
110,7,Box,7.7,-15.5947,0,0,-17.4048,0
110,8,Box,8.8,-15.5947,0,0,-17.4048,0
110,9,Box,9.9,-15.5947,0,0,-17.4048,0
110,10,Box,0,-14.4947,0,0,-17.4048,0
110,11,Box,1.1,-14.4947,0,0,-17.4048,0
110,12,Box,2.2,-14.4947,0,0,-17.4048,0
110,13,Box,3.3,-14.4947,0,0,-17.4048,0
110,14,Box,4.4,-14.4947,0,0,-17.4048,0
110,15,Box,5.5,-14.4947,0,0,-17.4048,0
110,16,Box,6.6,-14.4947,0,0,-17.4048,0
110,17,Box,7.7,-14.4947,0,0,-17.4048,0
110,18,Box,8.8,-14.4947,0,0,-17.4048,0
110,19,Box,9.9,-14.4947,0,0,-17.4048,0
110,20,Box,0,-13.3947,0,0,-17.4048,0
110,21,Box,1.1,-13.3947,0,0,-17.4048,0
110,22,Box,2.2,-13.3947,0,0,-17.4048,0
110,23,Box,3.3,-13.3947,0,0,-17.4048,0
110,24,Box,4.4,-13.3947,0,0,-17.4048,0
110,25,Box,5.49934,-13.3982,-0.00650722,-0.0410286,-17.6099,-0.406701
110,26,Box,6.6096,-13.4433,0.0934679,0.0639958,-17.7159,0.61593
110,27,Box,7.7,-13.3947,0,0,-17.4048,0
110,28,Box,8.8,-13.3947,0,0,-17.4048,0
110,29,Box,9.9,-13.3947,0,0,-17.4048,0
110,30,Box,0,-12.2947,0,0,-17.4048,0
110,31,Box,1.1,-12.2947,0,0,-17.4048,0
110,32,Box,2.2,-12.2947,0,0,-17.4048,0
110,33,Box,3.3,-12.2947,0,0,-17.4048,0
110,34,Box,4.4,-12.2947,0,0,-17.4048,0
110,35,Box,5.48763,-12.3647,-0.106807,-0.0205043,-17.6795,0.624217
110,36,Box,6.62887,-12.437,0.15673,0.0953303,-17.8025,0.289794
110,37,Box,7.70506,-12.3137,0.0664823,0.0825682,-17.721,0.837518
110,38,Box,8.8,-12.2947,0,0,-17.4048,0
110,39,Box,9.9,-12.2947,0,0,-17.4048,0
110,40,Box,0,-11.1947,0,0,-17.4048,0
110,41,Box,1.1,-11.1947,0,0,-17.4048,0
110,42,Box,2.2,-11.1947,0,0,-17.4048,0
110,43,Box,3.3,-11.1947,0,0,-17.4048,0
110,44,Box,4.39231,-11.2367,-0.0736959,-0.0480832,-17.6452,-0.460599
110,45,Box,5.48038,-11.3336,-0.013036,-0.00922794,-17.7196,0.495413
110,46,Box,6.64512,-11.4552,0.190433,0.0291955,-17.7952,0.226936
110,47,Box,7.72201,-11.2648,0.164255,0.124636,-17.7306,0.513418
110,48,Box,8.80096,-11.1995,0.00964853,0.0598546,-17.7041,0.603033
110,49,Box,9.9,-11.1947,0,0,-17.4048,0
110,50,Box,0,-10.0947,0,0,-17.4048,0
110,51,Box,1.1,-10.0947,0,0,-17.4048,0
110,52,Box,2.2,-10.0947,0,0,-17.4048,0
110,53,Box,3.3,-10.0947,0,0,-17.4048,0
110,54,Box,4.38274,-10.1787,-0.12276,-0.0281423,-17.6263,0.410972
110,55,Box,5.47015,-10.3072,0.0821325,-0.0382368,-17.7467,0.369835
110,56,Box,6.6076,-10.4829,0.241364,-0.12086,-17.8535,0.0944841
110,57,Box,7.72672,-10.258,0.214448,-0.00585767,-17.7895,0.237138
110,58,Box,8.81373,-10.1713,0.110243,0.0924919,-17.8057,0.333022
110,59,Box,9.9,-10.0947,0,0,-17.4048,0
110,60,Box,0,-8.9947,0,0,-17.4048,0
110,61,Box,1.1,-8.9947,0,0,-17.4048,0
110,62,Box,2.2,-8.9947,0,0,-17.4048,0
110,63,Box,3.3,-8.9947,0,0,-17.4048,0
110,64,Box,4.36282,-9.13573,-0.0256998,-0.141239,-17.6168,0.349942
110,65,Box,5.43501,-9.30621,0.0834405,-0.136702,-17.8829,0.0798391
110,66,Box,6.58287,-9.48125,0.0920188,-0.0361472,-17.9467,-0.123196
110,67,Box,7.80155,-9.2674,0.187822,0.208709,-17.8878,-0.0457158
110,68,Box,8.81452,-9.18284,0.194213,-0.100197,-17.8248,0.24695
110,69,Box,9.93002,-9.04625,0.0494793,0.242292,-17.7364,0.199126
110,70,Box,0,-7.8947,0,0,-17.4048,0
110,71,Box,1.1,-7.8947,0,0,-17.4048,0
110,72,Box,2.2,-7.8947,0,0,-17.4048,0
110,73,Box,3.3,-7.8947,0,0,-17.4048,0
110,74,Box,4.31921,-8.11496,0.0167051,-0.265641,-17.6409,0.203807
110,75,Box,5.35174,-8.31138,0.0909002,-0.274149,-17.8942,0.0799516
110,76,Box,6.7648,-8.45949,-0.135963,0.149465,-18.1812,-0.602642
110,77,Box,7.84351,-8.28661,0.162435,0.21262,-17.9036,-0.383894
110,78,Box,8.87729,-8.19147,0.0506743,0.396597,-18.1094,-0.385508
110,79,Box,9.92254,-7.97902,0.115564,0.0702581,-17.6137,-0.190909
110,80,Box,-0.0682,-6.78151,-0.110656,-0.478775,-17.2944,0.0662213
110,81,Box,0.936914,-6.78101,-0.106752,-0.401769,-17.4655,-0.3977
110,82,Box,1.92589,-6.81668,-0.1143,-0.55813,-17.4769,-0.0075087
110,83,Box,2.91559,-6.8342,-0.118712,-0.543709,-17.4871,0.111078
110,84,Box,3.91853,-6.79368,-0.122198,-0.487395,-17.4303,0.0574645
110,85,Box,4.91604,-7.00208,-0.10723,-0.554254,-17.5598,-0.0253883
110,86,Box,6.21242,-7.44703,0.3946,-0.269622,-17.9301,-0.032212
110,87,Box,8.73864,-7.25728,0.0217144,1.45757,-17.9511,-0.478799
110,88,Box,9.74985,-6.92766,0.100352,1.75471,-17.4608,0.337665
110,89,Box,11.7577,-6.90279,0.00740194,3.93363,-17.6345,0.345428
110,90,Box,-0.588955,-3.35716,1.87335,-0.879204,-14.3941,2.28378
110,91,Box,1.42488,-4.20009,-0.704291,0.487807,-15.4756,-1.31725
110,92,Box,2.19287,-5.52928,-0.746808,-0.254675,-16.8479,-1.26902
110,93,Box,3.87307,-5.64332,-0.0192307,1.05398,-17.3125,0.00815806
110,94,Box,14.6294,2.92987,-13.957,15.8267,-4.08423,-21.0805
110,95,Box,8.31284,-6.25825,-3.26629,3.41249,-17.0589,-1.73683
110,96,Box,9.35176,-5.63511,0.178358,4.31921,-18.211,-0.273458
110,97,Box,10.7997,-5.7724,0.308708,5.09591,-17.5836,0.54886
110,98,Box,11.8952,-5.54785,0.205506,5.37154,-17.1246,0.306996
110,99,Box,13.0734,-5.67493,-0.180865,5.74186,-17.3605,-0.465199
110,100,Circle,8.86975,-6.26107,6.09911,3.22643,-18.0935,7.86876
111,0,Box,0,-15.8757,0,0,-17.5616,0
111,1,Box,1.1,-15.8757,0,0,-17.5616,0
111,2,Box,2.2,-15.8757,0,0,-17.5616,0
111,3,Box,3.3,-15.8757,0,0,-17.5616,0
111,4,Box,4.4,-15.8757,0,0,-17.5616,0
111,5,Box,5.5,-15.8757,0,0,-17.5616,0
111,6,Box,6.6,-15.8757,0,0,-17.5616,0
111,7,Box,7.7,-15.8757,0,0,-17.5616,0
111,8,Box,8.8,-15.8757,0,0,-17.5616,0
111,9,Box,9.9,-15.8757,0,0,-17.5616,0
111,10,Box,0,-14.7757,0,0,-17.5616,0
111,11,Box,1.1,-14.7757,0,0,-17.5616,0
111,12,Box,2.2,-14.7757,0,0,-17.5616,0
111,13,Box,3.3,-14.7757,0,0,-17.5616,0
111,14,Box,4.4,-14.7757,0,0,-17.5616,0
111,15,Box,5.5,-14.7757,0,0,-17.5616,0
111,16,Box,6.6,-14.7757,0,0,-17.5616,0
111,17,Box,7.7,-14.7757,0,0,-17.5616,0
111,18,Box,8.8,-14.7757,0,0,-17.5616,0
111,19,Box,9.9,-14.7757,0,0,-17.5616,0
111,20,Box,0,-13.6757,0,0,-17.5616,0
111,21,Box,1.1,-13.6757,0,0,-17.5616,0
111,22,Box,2.2,-13.6757,0,0,-17.5616,0
111,23,Box,3.3,-13.6757,0,0,-17.5616,0
111,24,Box,4.4,-13.6757,0,0,-17.5616,0
111,25,Box,5.49869,-13.6825,-0.0130144,-0.0410286,-17.7667,-0.406701
111,26,Box,6.61063,-13.7292,0.103323,0.0639958,-17.8727,0.61593
111,27,Box,7.7,-13.6757,0,0,-17.5616,0
111,28,Box,8.8,-13.6757,0,0,-17.5616,0
111,29,Box,9.9,-13.6757,0,0,-17.5616,0
111,30,Box,0,-12.5757,0,0,-17.5616,0
111,31,Box,1.1,-12.5757,0,0,-17.5616,0
111,32,Box,2.2,-12.5757,0,0,-17.5616,0
111,33,Box,3.3,-12.5757,0,0,-17.5616,0
111,34,Box,4.4,-12.5757,0,0,-17.5616,0
111,35,Box,5.4873,-12.6501,-0.0968197,-0.0205043,-17.8363,0.624217
111,36,Box,6.6304,-12.7244,0.161366,0.0953303,-17.9593,0.289794
111,37,Box,7.70638,-12.5998,0.0798826,0.0825682,-17.8778,0.837518
111,38,Box,8.8,-12.5757,0,0,-17.5616,0
111,39,Box,9.9,-12.5757,0,0,-17.5616,0
111,40,Box,0,-11.4757,0,0,-17.5616,0
111,41,Box,1.1,-11.4757,0,0,-17.5616,0
111,42,Box,2.2,-11.4757,0,0,-17.5616,0
111,43,Box,3.3,-11.4757,0,0,-17.5616,0
111,44,Box,4.39154,-11.5215,-0.0810655,-0.0480832,-17.802,-0.460599
111,45,Box,5.48024,-11.6196,-0.00510934,-0.00922794,-17.8764,0.495413
111,46,Box,6.64558,-11.7424,0.194064,0.0291955,-17.952,0.226936
111,47,Box,7.72401,-11.551,0.17247,0.124636,-17.8874,0.513418
111,48,Box,8.80192,-11.4853,0.0192971,0.0598546,-17.8609,0.603033
111,49,Box,9.9,-11.4757,0,0,-17.5616,0
111,50,Box,0,-10.3757,0,0,-17.5616,0
111,51,Box,1.1,-10.3757,0,0,-17.5616,0
111,52,Box,2.2,-10.3757,0,0,-17.5616,0
111,53,Box,3.3,-10.3757,0,0,-17.5616,0
111,54,Box,4.38229,-10.4633,-0.116184,-0.0281423,-17.7831,0.410972
111,55,Box,5.46954,-10.5937,0.0880498,-0.0382368,-17.9035,0.369835
111,56,Box,6.60707,-10.7866,0.242876,-0.1211,-18.0125,0.098485
111,57,Box,7.72663,-10.5452,0.218242,-0.00585767,-17.9463,0.237138
111,58,Box,8.81521,-10.4587,0.115572,0.0924919,-17.9625,0.333022
111,59,Box,9.9,-10.3757,0,0,-17.5616,0
111,60,Box,0,-9.27569,0,0,-17.5616,0
111,61,Box,1.1,-9.27569,0,0,-17.5616,0
111,62,Box,2.2,-9.27569,0,0,-17.5616,0
111,63,Box,3.3,-9.27569,0,0,-17.5616,0
111,64,Box,4.36056,-9.4201,-0.0201008,-0.141239,-17.7736,0.349942
111,65,Box,5.43282,-9.59484,0.084718,-0.136702,-18.0397,0.0798391
111,66,Box,6.57876,-9.76983,0.0900477,-0.0371358,-18.1047,-0.120099
111,67,Box,7.80489,-9.55611,0.18709,0.208709,-18.0446,-0.0457158
111,68,Box,8.81291,-9.47055,0.198164,-0.100197,-17.9816,0.24695
111,69,Box,9.9339,-9.33254,0.0526653,0.242292,-17.8932,0.199126
111,70,Box,0,-8.17569,0,0,-17.5616,0
111,71,Box,1.1,-8.17569,0,0,-17.5616,0
111,72,Box,2.2,-8.17569,0,0,-17.5616,0
111,73,Box,3.3,-8.17569,0,0,-17.5616,0
111,74,Box,4.31496,-8.39973,0.019966,-0.265641,-17.7977,0.203807
111,75,Box,5.34735,-8.60019,0.0921794,-0.274149,-18.051,0.0799516
111,76,Box,6.76932,-8.73839,-0.145605,0.150694,-18.3346,-0.604303
111,77,Box,7.84691,-8.57557,0.156293,0.21262,-18.0604,-0.383894
111,78,Box,8.88363,-8.48373,0.0445061,0.396597,-18.2662,-0.385508
111,79,Box,9.92366,-8.26335,0.112509,0.0702581,-17.7705,-0.190909
111,80,Box,-0.0758604,-7.06073,-0.109596,-0.478775,-17.4512,0.0662213
111,81,Box,0.930486,-7.06297,-0.113115,-0.401769,-17.6223,-0.3977
111,82,Box,1.91696,-7.09882,-0.11442,-0.55813,-17.6337,-0.0075087
111,83,Box,2.90689,-7.11651,-0.116934,-0.543709,-17.6439,0.111078
111,84,Box,3.91073,-7.07508,-0.121278,-0.487395,-17.5871,0.0574645
111,85,Box,4.90717,-7.28555,-0.107636,-0.554254,-17.7166,-0.0253883
111,86,Box,6.20811,-7.73642,0.394084,-0.269622,-18.0869,-0.032212
111,87,Box,8.76196,-7.54701,0.0140536,1.47282,-18.0257,-0.442704
111,88,Box,9.75464,-7.19344,0.105755,1.75471,-17.6176,0.337665
111,89,Box,11.8206,-7.18746,0.0129288,3.93363,-17.7913,0.345428
111,90,Box,-0.603022,-3.58998,1.9099,-0.879204,-14.5509,2.28378
111,91,Box,1.43269,-4.45021,-0.725367,0.487807,-15.6324,-1.31725
111,92,Box,2.1888,-5.80135,-0.767112,-0.254675,-17.0047,-1.26902
111,93,Box,3.88993,-5.92283,-0.0191001,1.05398,-17.4693,0.00815806
111,94,Box,14.8827,2.86201,-14.2943,15.8267,-4.24103,-21.0805
111,95,Box,8.4795,-6.55092,-3.29408,3.63877,-17.2983,-1.97065
111,96,Box,9.33142,-5.97207,0.173982,3.90337,-18.4746,-1.45799
111,97,Box,10.8812,-6.05624,0.31749,5.09591,-17.7404,0.54886
111,98,Box,11.9811,-5.82436,0.210418,5.37154,-17.2814,0.306996
111,99,Box,13.1653,-5.95521,-0.188308,5.74186,-17.5173,-0.465199
111,100,Circle,8.92221,-6.49681,6.22501,3.44836,-18.1139,7.67328
112,0,Box,0,-16.1592,0,0,-17.7184,0
112,1,Box,1.1,-16.1592,0,0,-17.7184,0
112,2,Box,2.2,-16.1592,0,0,-17.7184,0
112,3,Box,3.3,-16.1592,0,0,-17.7184,0
112,4,Box,4.4,-16.1592,0,0,-17.7184,0
112,5,Box,5.5,-16.1592,0,0,-17.7184,0
112,6,Box,6.6,-16.1592,0,0,-17.7184,0
112,7,Box,7.7,-16.1592,0,0,-17.7184,0
112,8,Box,8.8,-16.1592,0,0,-17.7184,0
112,9,Box,9.9,-16.1592,0,0,-17.7184,0
112,10,Box,0,-15.0592,0,0,-17.7184,0
112,11,Box,1.1,-15.0592,0,0,-17.7184,0
112,12,Box,2.2,-15.0592,0,0,-17.7184,0
112,13,Box,3.3,-15.0592,0,0,-17.7184,0
112,14,Box,4.4,-15.0592,0,0,-17.7184,0
112,15,Box,5.5,-15.0592,0,0,-17.7184,0
112,16,Box,6.6,-15.0592,0,0.0445128,-17.941,0.442061
112,17,Box,7.7,-15.0592,0,0,-17.7184,0
112,18,Box,8.8,-15.0592,0,0,-17.7184,0
112,19,Box,9.9,-15.0592,0,0,-17.7184,0
112,20,Box,0,-13.9592,0,0,-17.7184,0
112,21,Box,1.1,-13.9592,0,0,-17.7184,0
112,22,Box,2.2,-13.9592,0,0,-17.7184,0
112,23,Box,3.3,-13.9592,0,0,-17.7184,0
112,24,Box,4.4,-13.9592,0,0,-17.7184,0
112,25,Box,5.49803,-13.9692,-0.0195217,-0.0410286,-17.9235,-0.406701
112,26,Box,6.61202,-14.021,0.113178,0.0681528,-18.021,0.256375
112,27,Box,7.7,-13.9592,0,0,-17.7184,0
112,28,Box,8.8,-13.9592,0,0,-17.7184,0
112,29,Box,9.9,-13.9592,0,0,-17.7184,0
112,30,Box,0,-12.8592,0,0,-17.7184,0
112,31,Box,1.1,-12.8592,0,0,-17.7184,0
112,32,Box,2.2,-12.8592,0,0,-17.7184,0
112,33,Box,3.3,-12.8592,0,0,-17.7184,0
112,34,Box,4.4,-12.8592,0,0,-17.7184,0
112,35,Box,5.48697,-12.938,-0.0868323,-0.0205043,-17.9931,0.624217
112,36,Box,6.63301,-13.0197,0.166003,0.0647882,-18.1063,0.0149401
112,37,Box,7.7077,-12.8883,0.0932829,0.0825682,-18.0346,0.837518
112,38,Box,8.8,-12.8592,0,0,-17.7184,0
112,39,Box,9.9,-12.8592,0,0,-17.7184,0
112,40,Box,0,-11.7592,0,0,-17.7184,0
112,41,Box,1.1,-11.7592,0,0,-17.7184,0
112,42,Box,2.2,-11.7592,0,0,-17.7184,0
112,43,Box,3.3,-11.7592,0,0,-17.7184,0
112,44,Box,4.39077,-11.8089,-0.0884351,-0.0480832,-17.9588,-0.460599
112,45,Box,5.48009,-11.9081,0.00281727,-0.00922794,-18.0332,0.495413
112,46,Box,6.64804,-12.0407,0.197695,0.0111191,-18.0762,0.0994981
112,47,Box,7.72664,-11.8432,0.180685,0.143509,-18.0917,0.574827
112,48,Box,8.80287,-11.7735,0.0289456,0.0603957,-18.02,0.607465
112,49,Box,9.9,-11.7592,0,0,-17.7184,0
112,50,Box,0,-10.6592,0,0,-17.7184,0
112,51,Box,1.1,-10.6592,0,0,-17.7184,0
112,52,Box,2.2,-10.6592,0,0,-17.7184,0
112,53,Box,3.3,-10.6592,0,0,-17.7184,0
112,54,Box,4.38184,-10.7503,-0.109609,-0.0281423,-17.9399,0.410972
112,55,Box,5.46893,-10.8826,0.0939672,-0.0382368,-18.0603,0.369835
112,56,Box,6.60269,-11.0715,0.244452,-0.137583,-18.1474,-0.00932339
112,57,Box,7.72825,-10.8438,0.222036,-0.0144701,-18.1196,0.243546
112,58,Box,8.81805,-10.7598,0.1209,0.0919508,-18.1169,0.325068
112,59,Box,9.9,-10.6592,0,0,-17.7184,0
112,60,Box,0,-9.55918,0,0,-17.7184,0
112,61,Box,1.1,-9.55918,0,0,-17.7184,0
112,62,Box,2.2,-9.55918,0,0,-17.7184,0
112,63,Box,3.3,-9.55918,0,0,-17.7184,0
112,64,Box,4.3583,-9.70699,-0.0145017,-0.141239,-17.9304,0.349942
112,65,Box,5.43063,-9.88599,0.0859954,-0.140546,-18.2309,-0.00182327
112,66,Box,6.57529,-10.0626,0.0881261,-0.0536007,-18.2011,-0.126728
112,67,Box,7.80745,-9.8452,0.186359,0.0505554,-18.1518,0.0671838
112,68,Box,8.81083,-9.77243,0.202115,0.0389083,-18.1788,-0.0526133
112,69,Box,9.93777,-9.62134,0.0558513,0.242292,-18.05,0.199126
112,70,Box,0,-8.45918,0,0,-17.7184,0
112,71,Box,1.1,-8.45918,0,0,-17.7184,0
112,72,Box,2.2,-8.45918,0,0,-17.7184,0
112,73,Box,3.3,-8.45918,0,-0.142737,-17.7469,0.137533
112,74,Box,4.31071,-8.687,0.0232269,-0.232591,-17.9449,-0.195326
112,75,Box,5.34296,-8.89152,0.0934586,-0.160618,-18.1544,-0.15645
112,76,Box,6.7713,-9.02868,-0.155274,0.184553,-18.4197,-0.564962
112,77,Box,7.85342,-8.85602,0.15015,0.215198,-18.2173,-0.387381
112,78,Box,8.8897,-8.77108,0.038338,0.405385,-18.3682,-0.456466
112,79,Box,9.92478,-8.55018,0.109455,0.0702581,-17.9273,-0.190909
112,80,Box,-0.0835209,-7.34245,-0.108537,-0.522144,-17.6033,-0.0359421
112,81,Box,0.923814,-7.34741,-0.119478,-0.46405,-17.7557,0.102461
112,82,Box,1.90828,-7.38349,-0.114541,-0.45248,-17.8186,-0.235054
112,83,Box,2.89819,-7.40132,-0.115157,-0.543709,-17.8007,0.111078
112,84,Box,3.90293,-7.35898,-0.120359,-0.487395,-17.7439,0.0574645
112,85,Box,4.8983,-7.57152,-0.108042,-0.554254,-17.8734,-0.0253883
112,86,Box,6.20143,-8.02262,0.393569,-0.273163,-18.2259,-0.0627954
112,87,Box,8.78505,-7.83939,0.0069703,1.47282,-18.1825,-0.442704
112,88,Box,9.78272,-7.47783,0.111157,1.75471,-17.7744,0.337665
112,89,Box,11.8835,-7.47463,0.0184556,3.93363,-17.9481,0.345428
112,90,Box,-0.617089,-3.8253,1.94644,-0.879204,-14.7077,2.28378
112,91,Box,1.44049,-4.70284,-0.746442,0.487807,-15.7892,-1.31725
112,92,Box,2.18472,-6.07594,-0.787416,-0.254675,-17.1615,-1.26902
112,93,Box,3.90679,-6.20485,-0.0189696,1.05398,-17.6261,0.00815806
112,94,Box,15.1359,2.79165,-14.6316,15.8267,-4.39783,-21.0805
112,95,Box,8.33836,-6.79484,-3.32561,3.25319,-17.5262,-1.294
112,96,Box,9.44904,-6.2618,0.150655,4.28896,-18.5602,-1.20451
112,97,Box,10.9628,-6.3426,0.326271,5.09591,-17.8972,0.54886
112,98,Box,12.0671,-6.10337,0.21533,5.37154,-17.4382,0.306996
112,99,Box,13.2571,-6.23799,-0.195752,5.74186,-17.6741,-0.465199
112,100,Circle,9.16084,-6.82328,6.34778,3.44836,-18.2707,7.67328
113,0,Box,0,-16.4452,0,0,-17.8752,0
113,1,Box,1.1,-16.4452,0,0,-17.8752,0
113,2,Box,2.2,-16.4452,0,0,-17.8752,0
113,3,Box,3.3,-16.4452,0,0,-17.8752,0
113,4,Box,4.4,-16.4452,0,0,-17.8752,0
113,5,Box,5.5,-16.4452,0,0,-17.8752,0
113,6,Box,6.6,-16.4452,0,0,-17.8752,0
113,7,Box,7.7,-16.4452,0,0,-17.8752,0
113,8,Box,8.8,-16.4452,0,0,-17.8752,0
113,9,Box,9.9,-16.4452,0,0,-17.8752,0
113,10,Box,0,-15.3452,0,0,-17.8752,0
113,11,Box,1.1,-15.3452,0,0,-17.8752,0
113,12,Box,2.2,-15.3452,0,0,-17.8752,0
113,13,Box,3.3,-15.3452,0,0,-17.8752,0
113,14,Box,4.4,-15.3452,0,0,-17.8752,0
113,15,Box,5.5,-15.3452,0,0,-17.8752,0
113,16,Box,6.60071,-15.3487,0.00707297,0.0445128,-18.0978,0.442061
113,17,Box,7.7,-15.3452,0,0,-17.8752,0
113,18,Box,8.8,-15.3452,0,0,-17.8752,0
113,19,Box,9.9,-15.3452,0,0,-17.8752,0
113,20,Box,0,-14.2452,0,0,-17.8752,0
113,21,Box,1.1,-14.2452,0,0,-17.8752,0
113,22,Box,2.2,-14.2452,0,0,-17.8752,0
113,23,Box,3.3,-14.2452,0,0,-17.8752,0
113,24,Box,4.4,-14.2452,0,0,-17.8752,0
113,25,Box,5.49737,-14.2585,-0.0260289,-0.0410286,-18.0803,-0.406701
113,26,Box,6.61311,-14.3118,0.11728,0.0681528,-18.1778,0.256375
113,27,Box,7.7,-14.2452,0,0,-17.8752,0
113,28,Box,8.8,-14.2452,0,0,-17.8752,0
113,29,Box,9.9,-14.2452,0,0,-17.8752,0
113,30,Box,0,-13.1452,0,0,-17.8752,0
113,31,Box,1.1,-13.1452,0,0,-17.8752,0
113,32,Box,2.2,-13.1452,0,0,-17.8752,0
113,33,Box,3.3,-13.1452,0,0,-17.8752,0
113,34,Box,4.4,-13.1452,0,0,-17.8752,0
113,35,Box,5.48664,-13.2284,-0.0768448,-0.0205043,-18.1499,0.624217
113,36,Box,6.63404,-13.3119,0.166242,0.0647882,-18.2631,0.0149401
113,37,Box,7.70902,-13.1794,0.106683,0.0825682,-18.1914,0.837518
113,38,Box,8.8,-13.1452,0,0,-17.8752,0
113,39,Box,9.9,-13.1452,0,0,-17.8752,0
113,40,Box,0,-12.0452,0,0,-17.8752,0
113,41,Box,1.1,-12.0452,0,0,-17.8752,0
113,42,Box,2.2,-12.0452,0,0,-17.8752,0
113,43,Box,3.3,-12.0452,0,0,-17.8752,0
113,44,Box,4.39,-12.0987,-0.0958047,-0.0480832,-18.1156,-0.460599
113,45,Box,5.47994,-12.1992,0.0107439,-0.00922794,-18.19,0.495413
113,46,Box,6.64822,-12.3324,0.199287,0.0111191,-18.233,0.0994981
113,47,Box,7.72893,-12.1352,0.189882,0.143509,-18.2485,0.574827
113,48,Box,8.80384,-12.0644,0.038665,0.0603957,-18.1768,0.607465
113,49,Box,9.9,-12.0452,0,0,-17.8752,0
113,50,Box,0,-10.9452,0,0,-17.8752,0
113,51,Box,1.1,-10.9452,0,0,-17.8752,0
113,52,Box,2.2,-10.9452,0,0,-17.8752,0
113,53,Box,3.3,-10.9452,0,0,-17.8752,0
113,54,Box,4.38139,-11.0398,-0.103033,-0.0281423,-18.0967,0.410972
113,55,Box,5.46831,-11.1741,0.0998846,-0.0382368,-18.2171,0.369835
113,56,Box,6.60049,-11.3643,0.244302,-0.137583,-18.3042,-0.00932339
113,57,Box,7.72802,-11.1362,0.225933,-0.0144701,-18.2764,0.243546
113,58,Box,8.81953,-11.0522,0.126101,0.0919508,-18.2737,0.325068
113,59,Box,9.9,-10.9452,0,0,-17.8752,0
113,60,Box,0,-9.84518,0,0,-17.8752,0
113,61,Box,1.1,-9.84518,0,0,-17.8752,0
113,62,Box,2.2,-9.84518,0,0,-17.8752,0
113,63,Box,3.3,-9.84518,0,0,-17.8752,0
113,64,Box,4.35604,-9.99639,-0.00890263,-0.141239,-18.0872,0.349942
113,65,Box,5.42839,-10.1802,0.0859662,-0.140546,-18.3877,-0.00182327
113,66,Box,6.57443,-10.3564,0.0860984,-0.0536007,-18.3579,-0.126728
113,67,Box,7.80825,-10.1381,0.187434,0.0505554,-18.3086,0.0671838
113,68,Box,8.81145,-10.0658,0.201274,0.0389083,-18.3356,-0.0526133
113,69,Box,9.94165,-9.91265,0.0590374,0.242292,-18.2068,0.199126
113,70,Box,0,-8.74518,0,0,-17.8752,0
113,71,Box,1.1,-8.74518,0,0,-17.8752,0
113,72,Box,2.2,-8.74518,0,0,-17.8752,0
113,73,Box,3.29772,-8.74564,0.00220052,-0.142737,-17.9037,0.137533
113,74,Box,4.30699,-8.97663,0.0201017,-0.232591,-18.1017,-0.195326
113,75,Box,5.34039,-9.1845,0.0909554,-0.160618,-18.3112,-0.15645
113,76,Box,6.77426,-9.32591,-0.164314,0.184553,-18.5765,-0.564962
113,77,Box,7.85687,-9.15,0.143952,0.215198,-18.3741,-0.387381
113,78,Box,8.89618,-9.06748,0.0310345,0.405385,-18.525,-0.456466
113,79,Box,9.92591,-8.83953,0.1064,0.0702581,-18.0841,-0.190909
113,80,Box,-0.0918752,-7.62661,-0.109112,-0.522144,-17.7601,-0.0359421
113,81,Box,0.916389,-7.63401,-0.117839,-0.46405,-17.9125,0.102461
113,82,Box,1.90104,-7.6711,-0.118301,-0.45248,-17.9754,-0.235054
113,83,Box,2.88949,-7.68864,-0.11338,-0.543709,-17.9575,0.111078
113,84,Box,3.89513,-7.64539,-0.11944,-0.487395,-17.9007,0.0574645
113,85,Box,4.88943,-7.86001,-0.108448,-0.554254,-18.0302,-0.0253883
113,86,Box,6.19706,-8.31674,0.392564,-0.273163,-18.3827,-0.0627954
113,87,Box,8.80861,-8.13767,-0.000112972,1.47282,-18.3393,-0.442704
113,88,Box,9.79744,-7.69526,0.11656,1.75471,-17.9312,0.337665
113,89,Box,11.9465,-7.7643,0.0239825,3.93363,-18.1049,0.345428
113,90,Box,-0.631157,-4.06313,1.98298,-0.879204,-14.8645,2.28378
113,91,Box,1.4483,-4.95797,-0.767518,0.487807,-15.946,-1.31725
113,92,Box,2.18065,-6.35303,-0.807721,-0.254675,-17.3183,-1.26902
113,93,Box,3.92366,-6.48938,-0.0188391,1.05398,-17.7829,0.00815806
113,94,Box,15.3891,2.71877,-14.9689,15.8267,-4.55463,-21.0805
113,95,Box,8.43264,-7.08169,-3.34631,3.35786,-17.7275,-1.44681
113,96,Box,9.53382,-6.68359,0.131382,4.28896,-18.717,-1.20451
113,97,Box,11.0443,-6.63146,0.335053,5.09591,-18.054,0.54886
113,98,Box,12.153,-6.38489,0.220242,5.37154,-17.595,0.306996
113,99,Box,13.349,-6.52329,-0.203195,5.74186,-17.8309,-0.465199
113,100,Circle,9.15867,-7.03967,6.47055,3.31508,-18.3708,7.60135
114,0,Box,0,-16.7337,0,0,-18.032,0
114,1,Box,1.1,-16.7337,0,0,-18.032,0
114,2,Box,2.2,-16.7337,0,0,-18.032,0
114,3,Box,3.3,-16.7337,0,0,-18.032,0
114,4,Box,4.4,-16.7337,0,0,-18.032,0
114,5,Box,5.5,-16.7337,0,0,-18.032,0
114,6,Box,6.6,-16.7337,0,0,-18.032,0
114,7,Box,7.7,-16.7337,0,0,-18.032,0
114,8,Box,8.8,-16.7337,0,0,-18.032,0
114,9,Box,9.9,-16.7337,0,0,-18.032,0
114,10,Box,0,-15.6337,0,0,-18.032,0
114,11,Box,1.1,-15.6337,0,0,-18.032,0
114,12,Box,2.2,-15.6337,0,0,-18.032,0
114,13,Box,3.3,-15.6337,0,0,-18.032,0
114,14,Box,4.4,-15.6337,0,0,-18.032,0
114,15,Box,5.5,-15.6337,0,0,-18.032,0
114,16,Box,6.60143,-15.6408,0.0141459,0.0445128,-18.2546,0.442061
114,17,Box,7.7,-15.6337,0,0,-18.032,0
114,18,Box,8.8,-15.6337,0,0,-18.032,0
114,19,Box,9.9,-15.6337,0,0,-18.032,0
114,20,Box,0,-14.5337,0,0,-18.032,0
114,21,Box,1.1,-14.5337,0,0,-18.032,0
114,22,Box,2.2,-14.5337,0,0,-18.032,0
114,23,Box,3.3,-14.5337,0,0,-18.032,0
114,24,Box,4.4,-14.5337,0,0,-18.032,0
114,25,Box,5.49672,-14.5503,-0.0325361,-0.0410286,-18.2371,-0.406701
114,26,Box,6.6142,-14.6052,0.121382,0.0681528,-18.3346,0.256375
114,27,Box,7.7,-14.5337,0,0,-18.032,0
114,28,Box,8.8,-14.5337,0,0,-18.032,0
114,29,Box,9.9,-14.5337,0,0,-18.032,0
114,30,Box,0,-13.4337,0,0,-18.032,0
114,31,Box,1.1,-13.4337,0,0,-18.032,0
114,32,Box,2.2,-13.4337,0,0,-18.032,0
114,33,Box,3.3,-13.4337,0,0,-18.032,0
114,34,Box,4.4,-13.4337,0,0,-18.032,0
114,35,Box,5.48631,-13.5213,-0.0668573,-0.0205043,-18.3067,0.624217
114,36,Box,6.63508,-13.6066,0.166481,0.0647882,-18.4199,0.0149401
114,37,Box,7.71034,-13.473,0.120083,0.0825682,-18.3482,0.837518
114,38,Box,8.8,-13.4337,0,0,-18.032,0
114,39,Box,9.9,-13.4337,0,0,-18.032,0
114,40,Box,0,-12.3337,0,0,-18.032,0
114,41,Box,1.1,-12.3337,0,0,-18.032,0
114,42,Box,2.2,-12.3337,0,0,-18.032,0
114,43,Box,3.3,-12.3337,0,0,-18.032,0
114,44,Box,4.38923,-12.3911,-0.103174,-0.0480832,-18.2724,-0.460599
114,45,Box,5.47979,-12.4927,0.0186705,-0.00922794,-18.3468,0.495413
114,46,Box,6.6484,-12.6267,0.200879,0.0111191,-18.3898,0.0994981
114,47,Box,7.73123,-12.4297,0.199079,0.143509,-18.4053,0.574827
114,48,Box,8.8048,-12.3577,0.0483845,0.0603957,-18.3336,0.607465
114,49,Box,9.9,-12.3337,0,0,-18.032,0
114,50,Box,0,-11.2337,0,0,-18.032,0
114,51,Box,1.1,-11.2337,0,0,-18.032,0
114,52,Box,2.2,-11.2337,0,0,-18.032,0
114,53,Box,3.3,-11.2337,0,0,-18.032,0
114,54,Box,4.38094,-11.3319,-0.0964574,-0.0281423,-18.2535,0.410972
114,55,Box,5.4677,-11.4681,0.105802,-0.0382368,-18.3739,0.369835
114,56,Box,6.59949,-11.674,0.244153,-0.13794,-18.4641,-0.00376374
114,57,Box,7.72779,-11.4311,0.22983,-0.0144701,-18.4332,0.243546
114,58,Box,8.821,-11.3471,0.131302,0.0919508,-18.4305,0.325068
114,59,Box,9.9,-11.2337,0,0,-18.032,0
114,60,Box,0,-10.1337,0,0,-18.032,0
114,61,Box,1.1,-10.1337,0,0,-18.032,0
114,62,Box,2.2,-10.1337,0,0,-18.032,0
114,63,Box,3.3,-10.1337,0,0,-18.032,0
114,64,Box,4.35378,-10.2883,-0.00330356,-0.141239,-18.244,0.349942
114,65,Box,5.42614,-10.4769,0.0859371,-0.140546,-18.5445,-0.00182327
114,66,Box,6.57009,-10.6514,0.0840708,-0.0545261,-18.5149,-0.12479
114,67,Box,7.80906,-10.4336,0.188509,0.0505554,-18.4654,0.0671838
114,68,Box,8.81207,-10.3617,0.200432,0.0389083,-18.4924,-0.0526133
114,69,Box,9.94553,-10.2065,0.0622234,0.242292,-18.3636,0.199126
114,70,Box,0,-9.0337,0,0,-18.032,0
114,71,Box,1.1,-9.0337,0,0,-18.032,0
114,72,Box,2.2,-9.0337,0,0,-18.032,0
114,73,Box,3.29543,-9.03461,0.00440105,-0.142737,-18.0605,0.137533
114,74,Box,4.30327,-9.26876,0.0169765,-0.232591,-18.2585,-0.195326
114,75,Box,5.33783,-9.47999,0.0884522,-0.160618,-18.468,-0.15645
114,76,Box,6.77949,-9.6126,-0.173353,0.185835,-18.73,-0.565965
114,77,Box,7.86031,-9.4465,0.137754,0.215198,-18.5309,-0.387381
114,78,Box,8.90267,-9.36639,0.0237311,0.405385,-18.6818,-0.456466
114,79,Box,9.92703,-9.13138,0.103346,0.0702581,-18.2409,-0.190909
114,80,Box,-0.100229,-7.91328,-0.109687,-0.522144,-17.9169,-0.0359421
114,81,Box,0.908964,-7.92312,-0.116199,-0.46405,-18.0693,0.102461
114,82,Box,1.8938,-7.96122,-0.122062,-0.45248,-18.1322,-0.235054
114,83,Box,2.88079,-7.97847,-0.111603,-0.543709,-18.1143,0.111078
114,84,Box,3.88733,-7.93431,-0.11852,-0.487395,-18.0575,0.0574645
114,85,Box,4.88056,-8.151,-0.108855,-0.554254,-18.187,-0.0253883
114,86,Box,6.19269,-8.61337,0.39156,-0.273163,-18.5395,-0.0627954
114,87,Box,8.83218,-8.43361,-0.00719624,1.47282,-18.4961,-0.442704
114,88,Box,9.82551,-7.98467,0.121963,1.75471,-18.088,0.337665
114,89,Box,12.0094,-8.05649,0.0295093,3.93363,-18.2617,0.345428
114,90,Box,-0.645224,-4.30348,2.01952,-0.879204,-15.0213,2.28378
114,91,Box,1.4561,-5.21562,-0.788594,0.487807,-16.1028,-1.31725
114,92,Box,2.17657,-6.63263,-0.828025,-0.254675,-17.4751,-1.26902
114,93,Box,3.94052,-6.77641,-0.0187086,1.05398,-17.9397,0.00815806
114,94,Box,15.6423,2.64339,-15.3062,15.8267,-4.71143,-21.0805
114,95,Box,8.48637,-7.36784,-3.36946,3.35786,-17.8843,-1.44681
114,96,Box,9.74736,-6.96926,0.11211,4.28896,-18.8738,-1.20451
114,97,Box,11.1258,-6.92284,0.343835,5.09591,-18.2108,0.54886
114,98,Box,12.239,-6.66891,0.225154,5.37154,-17.7518,0.306996
114,99,Box,13.4409,-6.81109,-0.210638,5.74186,-17.9877,-0.465199
114,100,Circle,9.0272,-7.35689,6.59218,3.31508,-18.5276,7.60135
115,0,Box,0,-17.0247,0,0,-18.1888,0
115,1,Box,1.1,-17.0247,0,0,-18.1888,0
115,2,Box,2.2,-17.0247,0,0,-18.1888,0
115,3,Box,3.3,-17.0247,0,0,-18.1888,0
115,4,Box,4.4,-17.0247,0,0,-18.1888,0
115,5,Box,5.5,-17.0247,0,0,-18.1888,0
115,6,Box,6.6,-17.0247,0,0,-18.1888,0
115,7,Box,7.7,-17.0247,0,0,-18.1888,0
115,8,Box,8.8,-17.0247,0,0,-18.1888,0
115,9,Box,9.9,-17.0247,0,0,-18.1888,0
115,10,Box,0,-15.9247,0,0,-18.1888,0
115,11,Box,1.1,-15.9247,0,0,-18.1888,0
115,12,Box,2.2,-15.9247,0,0,-18.1888,0
115,13,Box,3.3,-15.9247,0,0,-18.1888,0
115,14,Box,4.4,-15.9247,0,0,-18.1888,0
115,15,Box,5.5,-15.9247,0,0,-18.1888,0
115,16,Box,6.60214,-15.9354,0.0212189,0.0472583,-18.4237,0.46539
115,17,Box,7.7,-15.9247,0,0,-18.1888,0
115,18,Box,8.8,-15.9247,0,0,-18.1888,0
115,19,Box,9.9,-15.9247,0,0,-18.1888,0
115,20,Box,0,-14.8247,0,0,-18.1888,0
115,21,Box,1.1,-14.8247,0,0,-18.1888,0
115,22,Box,2.2,-14.8247,0,0,-18.1888,0
115,23,Box,3.3,-14.8247,0,0,-18.1888,0
115,24,Box,4.4,-14.8247,0,0,-18.1888,0
115,25,Box,5.49606,-14.8446,-0.0390433,-0.0410286,-18.3939,-0.406701
115,26,Box,6.6158,-14.905,0.125484,0.0736314,-18.5036,0.251658
115,27,Box,7.7,-14.8247,0,0.0505809,-18.4417,0.483496
115,28,Box,8.8,-14.8247,0,0,-18.1888,0
115,29,Box,9.9,-14.8247,0,0,-18.1888,0
115,30,Box,0,-13.7247,0,0,-18.1888,0
115,31,Box,1.1,-13.7247,0,0,-18.1888,0
115,32,Box,2.2,-13.7247,0,0,-18.1888,0
115,33,Box,3.3,-13.7247,0,0,-18.1888,0
115,34,Box,4.4,-13.7247,0,-0.0311019,-18.3443,-0.310634
115,35,Box,5.48599,-13.8167,-0.0568698,-0.0205043,-18.4635,0.624217
115,36,Box,6.63725,-13.9095,0.16672,0.0632344,-18.5918,3.16575e-05
115,37,Box,7.71166,-13.769,0.133484,0.116336,-18.4976,0.324504
115,38,Box,8.8,-13.7247,0,0,-18.1888,0
115,39,Box,9.9,-13.7247,0,0,-18.1888,0
115,40,Box,0,-12.6247,0,0,-18.1888,0
115,41,Box,1.1,-12.6247,0,0,-18.1888,0
115,42,Box,2.2,-12.6247,0,0,-18.1888,0
115,43,Box,3.3,-12.6247,0,0,-18.1888,0
115,44,Box,4.38846,-12.686,-0.110544,-0.0169813,-18.2737,0.054644
115,45,Box,5.47964,-12.7888,0.0265971,-0.00922794,-18.5036,0.495413
115,46,Box,6.65044,-12.9307,0.202471,0.00469002,-18.5545,0.101285
115,47,Box,7.73445,-12.731,0.208276,0.100633,-18.5073,0.189821
115,48,Box,8.80597,-12.6569,0.0581039,0.0637137,-18.5031,0.629887
115,49,Box,9.9,-12.6247,0,0,-18.1888,0
115,50,Box,0,-11.5247,0,0,-18.1888,0
115,51,Box,1.1,-11.5247,0,0,-18.1888,0
115,52,Box,2.2,-11.5247,0,0,-18.1888,0
115,53,Box,3.3,-11.5247,0,0,-18.1888,0
115,54,Box,4.38049,-11.6265,-0.0898819,-0.0281423,-18.4103,0.410972
115,55,Box,5.4672,-11.7658,0.111719,-0.0382368,-18.5307,0.369835
115,56,Box,6.59461,-11.9649,0.244093,-0.167955,-18.5205,0.216669
115,57,Box,7.72878,-11.7354,0.233726,-0.0318242,-18.5474,0.0863307
115,58,Box,8.82366,-11.6512,0.136503,0.0943504,-18.5911,0.307356
115,59,Box,9.9,-11.5247,0,0.0703845,-18.3451,0.191776
115,60,Box,0,-10.4247,0,0,-18.1888,0
115,61,Box,1.1,-10.4247,0,0,-18.1888,0
115,62,Box,2.2,-10.4247,0,0,-18.1888,0
115,63,Box,3.3,-10.4247,0,0,-18.1888,0
115,64,Box,4.35152,-10.5827,0.00229551,-0.141239,-18.4008,0.349942
115,65,Box,5.42378,-10.7749,0.0859079,-0.140546,-18.7013,-0.00182327
115,66,Box,6.5664,-10.9509,0.0820742,-0.0622311,-18.6587,-0.117893
115,67,Box,7.80921,-10.7316,0.189584,0.018889,-18.5851,-0.00726359
115,68,Box,8.81167,-10.6716,0.19959,0.0115563,-18.7172,-0.0971077
115,69,Box,9.9494,-10.5028,0.0654094,0.212672,-18.3723,-0.309667
115,70,Box,0,-9.32472,0,0,-18.1888,0
115,71,Box,1.1,-9.32472,0,0,-18.1888,0
115,72,Box,2.2,-9.32472,0,0,-18.1888,0
115,73,Box,3.29315,-9.32609,0.00660157,-0.142737,-18.2173,0.137533
115,74,Box,4.29954,-9.56341,0.0138513,-0.261722,-18.4216,-0.171803
115,75,Box,5.33526,-9.77798,0.085949,-0.222961,-18.6688,-0.0963981
115,76,Box,6.78182,-9.90971,-0.182408,0.193523,-18.8624,-0.521811
115,77,Box,7.86697,-9.73366,0.131556,0.222157,-18.6882,-0.395683
115,78,Box,8.90909,-9.66374,0.0164276,0.254112,-18.7552,-0.189726
115,79,Box,9.92816,-9.42575,0.100291,0.242861,-18.4145,-0.413277
115,80,Box,-0.108584,-8.20246,-0.110262,-0.522144,-18.0737,-0.0359421
115,81,Box,0.900774,-8.21465,-0.11456,-0.510329,-18.2208,-0.0150934
115,82,Box,1.88539,-8.25371,-0.125823,-0.484866,-18.2905,0.120372
115,83,Box,2.87402,-8.27102,-0.109825,-0.465045,-18.2749,-0.0917059
115,84,Box,3.87953,-8.22574,-0.117601,-0.487395,-18.2143,0.0574645
115,85,Box,4.87169,-8.4445,-0.109261,-0.554254,-18.3438,-0.0253883
115,86,Box,6.18624,-8.90746,0.390555,-0.183365,-18.6375,-0.0180499
115,87,Box,8.8554,-8.71819,-0.0142795,1.46441,-18.6142,-0.353838
115,88,Box,9.81495,-8.24257,0.127365,1.75471,-18.2448,0.337665
115,89,Box,12.0724,-8.35119,0.0350362,3.93363,-18.4185,0.345428
115,90,Box,-0.659291,-4.54633,2.05606,-0.879204,-15.1781,2.28378
115,91,Box,1.46391,-5.47577,-0.80967,0.487807,-16.2596,-1.31725
115,92,Box,2.1725,-6.91474,-0.848329,-0.254675,-17.6319,-1.26902
115,93,Box,3.95738,-7.06596,-0.018578,1.05398,-18.0965,0.00815806
115,94,Box,15.8956,2.5655,-15.6435,15.8267,-4.86823,-21.0805
115,95,Box,8.65698,-7.68274,-3.39261,3.54529,-18.0753,-1.56017
115,96,Box,9.76027,-7.27893,0.0928382,3.99009,-18.9993,-1.93337
115,97,Box,11.2074,-7.21672,0.352617,5.09591,-18.3676,0.54886
115,98,Box,12.3249,-6.95545,0.230066,5.37154,-17.9086,0.306996
115,99,Box,13.5328,-7.1014,-0.218081,5.74186,-18.1445,-0.465199
115,100,Circle,9.05163,-7.6544,6.7138,3.45697,-18.6808,7.44363
116,0,Box,0,-17.3182,0,0,-18.3456,0
116,1,Box,1.1,-17.3182,0,0,-18.3456,0
116,2,Box,2.2,-17.3182,0,0,-18.3456,0
116,3,Box,3.3,-17.3182,0,0,-18.3456,0
116,4,Box,4.4,-17.3182,0,0,-18.3456,0
116,5,Box,5.5,-17.3182,0,0,-18.3456,0
116,6,Box,6.6,-17.3182,0,0,-18.3456,0
116,7,Box,7.7,-17.3182,0,0,-18.3456,0
116,8,Box,8.8,-17.3182,0,0,-18.3456,0
116,9,Box,9.9,-17.3182,0,0,-18.3456,0
116,10,Box,0,-16.2183,0,0,-18.3456,0
116,11,Box,1.1,-16.2183,0,0,-18.3456,0
116,12,Box,2.2,-16.2183,0,0,-18.3456,0
116,13,Box,3.3,-16.2183,0,0,-18.3456,0
116,14,Box,4.4,-16.2183,0,0,-18.3456,0
116,15,Box,5.5,-16.2183,0,0,-18.3456,0
116,16,Box,6.60289,-16.2327,0.0286652,0.0472583,-18.5805,0.46539
116,17,Box,7.7,-16.2183,0,0,-18.3456,0
116,18,Box,8.8,-16.2183,0,0,-18.3456,0
116,19,Box,9.9,-16.2183,0,0,-18.3456,0
116,20,Box,0,-15.1182,0,0,-18.3456,0
116,21,Box,1.1,-15.1182,0,0,-18.3456,0
116,22,Box,2.2,-15.1182,0,0,-18.3456,0
116,23,Box,3.3,-15.1182,0,0,-18.3456,0
116,24,Box,4.4,-15.1182,0,0,-18.3456,0
116,25,Box,5.4954,-15.1414,-0.0455506,-0.0410286,-18.5507,-0.406701
116,26,Box,6.61698,-15.2036,0.12951,0.0736314,-18.6604,0.251658
116,27,Box,7.70081,-15.1223,0.00773593,0.0505809,-18.5985,0.483496
116,28,Box,8.8,-15.1182,0,0,-18.3456,0
116,29,Box,9.9,-15.1182,0,0,-18.3456,0
116,30,Box,0,-14.0182,0,0,-18.3456,0
116,31,Box,1.1,-14.0182,0,0,-18.3456,0
116,32,Box,2.2,-14.0182,0,0,-18.3456,0
116,33,Box,3.3,-14.0182,0,0,-18.3456,0
116,34,Box,4.3995,-14.0207,-0.00497014,-0.0311019,-18.5011,-0.310634
116,35,Box,5.48566,-14.1146,-0.0468824,-0.0205043,-18.6203,0.624217
116,36,Box,6.63826,-14.2095,0.166721,0.0632344,-18.7486,3.16575e-05
116,37,Box,7.71352,-14.0675,0.138676,0.116336,-18.6544,0.324504
116,38,Box,8.8,-14.0182,0,0,-18.3456,0
116,39,Box,9.9,-14.0182,0,0,-18.3456,0
116,40,Box,0,-12.9182,0,0,-18.3456,0
116,41,Box,1.1,-12.9182,0,0,-18.3456,0
116,42,Box,2.2,-12.9182,0,0,-18.3456,0
116,43,Box,3.3,-12.9182,0,0,-18.3456,0
116,44,Box,4.38819,-12.9808,-0.10967,-0.0169813,-18.4305,0.054644
116,45,Box,5.4795,-13.0874,0.0345237,-0.00922794,-18.6604,0.495413
116,46,Box,6.65052,-13.2301,0.204091,0.00469002,-18.7113,0.101285
116,47,Box,7.73606,-13.0296,0.211313,0.100633,-18.6641,0.189821
116,48,Box,8.80699,-12.9555,0.0681821,0.0637137,-18.6599,0.629887
116,49,Box,9.9,-12.9182,0,0,-18.3456,0
116,50,Box,0,-11.8182,0,0,-18.3456,0
116,51,Box,1.1,-11.8182,0,0,-18.3456,0
116,52,Box,2.2,-11.8182,0,0,-18.3456,0
116,53,Box,3.3,-11.8182,0,0,-18.3456,0
116,54,Box,4.38004,-11.9235,-0.0833063,-0.0281423,-18.5671,0.410972
116,55,Box,5.46659,-12.0648,0.117637,-0.0382368,-18.6875,0.369835
116,56,Box,6.59192,-12.2637,0.24756,-0.167955,-18.6773,0.216669
116,57,Box,7.72827,-12.0347,0.235108,-0.0318242,-18.7042,0.0863307
116,58,Box,8.82517,-11.9512,0.141421,0.0943504,-18.7479,0.307356
116,59,Box,9.90113,-11.8207,0.00306841,0.0703845,-18.5019,0.191776
116,60,Box,0,-10.7182,0,0,-18.3456,0
116,61,Box,1.1,-10.7182,0,0,-18.3456,0
116,62,Box,2.2,-10.7182,0,0,-18.3456,0
116,63,Box,3.3,-10.7182,0,0,-18.3456,0
116,64,Box,4.34926,-10.8796,0.00789458,-0.141239,-18.5576,0.349942
116,65,Box,5.42153,-11.0766,0.0858787,-0.140546,-18.8581,-0.00182327
116,66,Box,6.56541,-11.2519,0.0801879,-0.0622311,-18.8155,-0.117893
116,67,Box,7.80951,-11.0315,0.189468,0.018889,-18.7419,-0.00726359
116,68,Box,8.81185,-10.9736,0.198036,0.0115563,-18.874,-0.0971077
116,69,Box,9.95281,-10.7993,0.0604547,0.212672,-18.5291,-0.309667
116,70,Box,0,-9.61825,0,0,-18.3456,0
116,71,Box,1.1,-9.61825,0,0,-18.3456,0
116,72,Box,2.2,-9.61825,0,0,-18.3456,0
116,73,Box,3.29086,-9.62007,0.0088021,-0.142737,-18.3741,0.137533
116,74,Box,4.29536,-9.86066,0.0111024,-0.261722,-18.5784,-0.171803
116,75,Box,5.33169,-10.0792,0.0844067,-0.222961,-18.8256,-0.0963981
116,76,Box,6.78492,-10.214,-0.190757,0.193523,-19.0192,-0.521811
116,77,Box,7.87053,-10.0352,0.125225,0.222157,-18.845,-0.395683
116,78,Box,8.91315,-9.96633,0.013392,0.254112,-18.912,-0.189726
116,79,Box,9.93204,-9.72289,0.0936786,0.242861,-18.5713,-0.413277
116,80,Box,-0.116938,-8.49415,-0.110837,-0.522144,-18.2305,-0.0359421
116,81,Box,0.892609,-8.50869,-0.114801,-0.510329,-18.3776,-0.0150934
116,82,Box,1.87763,-8.54887,-0.123897,-0.484866,-18.4473,0.120372
116,83,Box,2.86658,-8.56592,-0.111293,-0.465045,-18.4317,-0.0917059
116,84,Box,3.87173,-8.51968,-0.116681,-0.487395,-18.3711,0.0574645
116,85,Box,4.86283,-8.74051,-0.109667,-0.554254,-18.5006,-0.0253883
116,86,Box,6.1833,-9.20817,0.390266,-0.183365,-18.7943,-0.0180499
116,87,Box,8.86938,-9.03467,-0.0199409,1.46441,-18.771,-0.353838
116,88,Box,9.80381,-8.51157,0.132768,1.75471,-18.4016,0.337665
116,89,Box,12.1353,-8.64839,0.040563,3.93363,-18.5753,0.345428
116,90,Box,-0.673358,-4.79168,2.0926,-0.879204,-15.3349,2.28378
116,91,Box,1.47171,-5.73843,-0.830746,0.487807,-16.4164,-1.31725
116,92,Box,2.16842,-7.19936,-0.868634,-0.254675,-17.7887,-1.26902
116,93,Box,3.97425,-7.35801,-0.0184475,1.05398,-18.2533,0.00815806
116,94,Box,16.1488,2.4851,-15.9808,15.8267,-5.02503,-21.0805
116,95,Box,8.55992,-7.91589,-3.41757,3.46082,-18.2215,-1.37766
116,96,Box,9.82293,-7.5665,0.0619043,4.05922,-19.1655,-1.88715
116,97,Box,11.2889,-7.51311,0.361399,5.09591,-18.5244,0.54886
116,98,Box,12.4109,-7.2445,0.234978,5.37154,-18.0654,0.306996
116,99,Box,13.6246,-7.39422,-0.225524,5.74186,-18.3013,-0.465199
116,100,Circle,9.3662,-8.06629,6.8329,3.47651,-18.8392,7.44363
117,0,Box,0,-17.6143,0,0,-18.5024,0
117,1,Box,1.1,-17.6143,0,0,-18.5024,0
117,2,Box,2.2,-17.6143,0,0,-18.5024,0
117,3,Box,3.3,-17.6143,0,0,-18.5024,0
117,4,Box,4.4,-17.6143,0,0,-18.5024,0
117,5,Box,5.5,-17.6143,0,0,-18.5024,0
117,6,Box,6.6,-17.6143,0,0,-18.5024,0
117,7,Box,7.7,-17.6143,0,0,-18.5024,0
117,8,Box,8.8,-17.6143,0,0,-18.5024,0
117,9,Box,9.9,-17.6143,0,0,-18.5024,0
117,10,Box,0,-16.5143,0,0,-18.5024,0
117,11,Box,1.1,-16.5143,0,0,-18.5024,0
117,12,Box,2.2,-16.5143,0,0,-18.5024,0
117,13,Box,3.3,-16.5143,0,0,-18.5024,0
117,14,Box,4.4,-16.5143,0,0,-18.5024,0
117,15,Box,5.5,-16.5143,0,0,-18.5024,0
117,16,Box,6.60365,-16.5325,0.0361114,0.0472583,-18.7373,0.46539
117,17,Box,7.7,-16.5143,0,0,-18.5024,0
117,18,Box,8.8,-16.5143,0,0,-18.5024,0
117,19,Box,9.9,-16.5143,0,0,-18.5024,0
117,20,Box,0,-15.4143,0,0,-18.5024,0
117,21,Box,1.1,-15.4143,0,0,-18.5024,0
117,22,Box,2.2,-15.4143,0,0,-18.5024,0
117,23,Box,3.3,-15.4143,0,0,-18.5024,0
117,24,Box,4.4,-15.4143,0,0,-18.5024,0
117,25,Box,5.49475,-15.4408,-0.0520578,-0.0410286,-18.7075,-0.406701
117,26,Box,6.61816,-15.5047,0.133537,0.0736314,-18.8172,0.251658
117,27,Box,7.70162,-15.4224,0.0154719,0.0505809,-18.7553,0.483496
117,28,Box,8.8,-15.4143,0,0,-18.5024,0
117,29,Box,9.9,-15.4143,0,0,-18.5024,0
117,30,Box,0,-14.3143,0,0,-18.5024,0
117,31,Box,1.1,-14.3143,0,0,-18.5024,0
117,32,Box,2.2,-14.3143,0,0,-18.5024,0
117,33,Box,3.3,-14.3143,0,0,-18.5024,0
117,34,Box,4.399,-14.3193,-0.00994028,-0.0311019,-18.6579,-0.310634
117,35,Box,5.48533,-14.4151,-0.0368949,-0.0205043,-18.7771,0.624217
117,36,Box,6.63927,-14.512,0.166721,0.0632344,-18.9054,3.16575e-05
117,37,Box,7.71538,-14.3685,0.143868,0.116336,-18.8112,0.324504
117,38,Box,8.8,-14.3143,0,0,-18.5024,0
117,39,Box,9.9,-14.3143,0,0,-18.5024,0
117,40,Box,0,-13.2143,0,0,-18.5024,0
117,41,Box,1.1,-13.2143,0,0,-18.5024,0
117,42,Box,2.2,-13.2143,0,0,-18.5024,0
117,43,Box,3.3,-13.2143,0,0,-18.5024,0
117,44,Box,4.38792,-13.2782,-0.108795,-0.0169813,-18.5873,0.054644
117,45,Box,5.47935,-13.3884,0.0424503,-0.00922794,-18.8172,0.495413
117,46,Box,6.65059,-13.532,0.205712,0.00469002,-18.8681,0.101285
117,47,Box,7.73767,-13.3308,0.214351,0.100633,-18.8209,0.189821
117,48,Box,8.80801,-13.2565,0.0782603,0.0637137,-18.8167,0.629887
117,49,Box,9.9,-13.2143,0,0,-18.5024,0
117,50,Box,0,-12.1143,0,0,-18.5024,0
117,51,Box,1.1,-12.1143,0,0,-18.5024,0
117,52,Box,2.2,-12.1143,0,0,-18.5024,0
117,53,Box,3.3,-12.1143,0,0,-18.5024,0
117,54,Box,4.37959,-12.2231,-0.0767308,-0.0281423,-18.7239,0.410972
117,55,Box,5.46598,-12.3663,0.123554,-0.0382368,-18.8443,0.369835
117,56,Box,6.59041,-12.58,0.251026,-0.168227,-18.8364,0.220599
117,57,Box,7.72776,-12.3364,0.236489,-0.0318242,-18.861,0.0863307
117,58,Box,8.82668,-12.2536,0.146339,0.0943504,-18.9047,0.307356
117,59,Box,9.90225,-12.1193,0.00613683,0.0703845,-18.6587,0.191776
117,60,Box,0,-11.0143,0,0,-18.5024,0
117,61,Box,1.1,-11.0143,0,0,-18.5024,0
117,62,Box,2.2,-11.0143,0,0,-18.5024,0
117,63,Box,3.3,-11.0143,0,0,-18.5024,0
117,64,Box,4.347,-11.1791,0.0134937,-0.141239,-18.7144,0.349942
117,65,Box,5.41928,-11.3808,0.0858495,-0.140546,-19.0149,-0.00182327
117,66,Box,6.5609,-11.5521,0.0783016,-0.0628282,-18.9721,-0.11691
117,67,Box,7.80982,-11.3338,0.189351,0.018889,-18.8987,-0.00726359
117,68,Box,8.81204,-11.2781,0.196482,0.0115563,-19.0308,-0.0971077
117,69,Box,9.95621,-11.0982,0.0555001,0.212672,-18.6859,-0.309667
117,70,Box,0,-9.91428,0,0,-18.5024,0
117,71,Box,1.1,-9.91428,0,0,-18.5024,0
117,72,Box,2.2,-9.91428,0,0,-18.5024,0
117,73,Box,3.28858,-9.91657,0.0110026,-0.142737,-18.5309,0.137533
117,74,Box,4.29117,-10.1604,0.00835357,-0.261722,-18.7352,-0.171803
117,75,Box,5.32812,-10.3829,0.0828643,-0.222961,-18.9824,-0.0963981
117,76,Box,6.79035,-10.5092,-0.199106,0.194393,-19.1739,-0.522119
117,77,Box,7.87408,-10.3392,0.118894,0.222157,-19.0018,-0.395683
117,78,Box,8.91722,-10.2714,0.0103564,0.254112,-19.0688,-0.189726
117,79,Box,9.93593,-10.0225,0.0870662,0.242861,-18.7281,-0.413277
117,80,Box,-0.125292,-8.78835,-0.111412,-0.522144,-18.3873,-0.0359421
117,81,Box,0.884443,-8.80524,-0.115043,-0.510329,-18.5344,-0.0150934
117,82,Box,1.86987,-8.84654,-0.121971,-0.484866,-18.6041,0.120372
117,83,Box,2.85914,-8.86334,-0.11276,-0.465045,-18.5885,-0.0917059
117,84,Box,3.86394,-8.81613,-0.115762,-0.487395,-18.5279,0.0574645
117,85,Box,4.85396,-9.03903,-0.110073,-0.554254,-18.6574,-0.0253883
117,86,Box,6.18037,-9.51139,0.389977,-0.183365,-18.9511,-0.0180499
117,87,Box,8.89281,-9.33751,-0.0256023,1.51217,-18.7252,0.129796
117,88,Box,9.85063,-8.96634,0.13817,1.86234,-18.867,0.81396
117,89,Box,12.1982,-8.94811,0.0460899,3.93363,-18.7321,0.345428
117,90,Box,-0.687426,-5.03955,2.12914,-0.879204,-15.4917,2.28378
117,91,Box,1.47952,-6.0036,-0.851822,0.487807,-16.5732,-1.31725
117,92,Box,2.16435,-7.48649,-0.888938,-0.254675,-17.9455,-1.26902
117,93,Box,3.99111,-7.65257,-0.018317,1.05398,-18.4101,0.00815806
117,94,Box,16.402,2.40219,-16.3181,15.8267,-5.18183,-21.0805
117,95,Box,8.65616,-8.2225,-3.43962,3.46082,-18.3783,-1.37766
117,96,Box,10.0184,-7.84159,0.0317098,4.13547,-19.335,-1.62525
117,97,Box,11.3704,-7.81201,0.37018,5.09591,-18.6812,0.54886
117,98,Box,12.4968,-7.53605,0.23989,5.37154,-18.2222,0.306996
117,99,Box,13.7165,-7.68955,-0.232967,5.74186,-18.4581,-0.465199
117,100,Circle,9.1797,-8.19665,6.95199,3.18158,-18.8448,7.24381
118,0,Box,0,-17.9128,0,0,-18.6592,0
118,1,Box,1.1,-17.9128,0,0,-18.6592,0
118,2,Box,2.2,-17.9128,0,0,-18.6592,0
118,3,Box,3.3,-17.9128,0,0,-18.6592,0
118,4,Box,4.4,-17.9128,0,0,-18.6592,0
118,5,Box,5.5,-17.9128,0,0,-18.6592,0
118,6,Box,6.6,-17.9128,0,0,-18.6592,0
118,7,Box,7.7,-17.9128,0,0,-18.6592,0
118,8,Box,8.8,-17.9128,0,0,-18.6592,0
118,9,Box,9.9,-17.9128,0,0,-18.6592,0
118,10,Box,0,-16.8128,0,0,-18.6592,0
118,11,Box,1.1,-16.8128,0,0,-18.6592,0
118,12,Box,2.2,-16.8128,0,0,-18.6592,0
118,13,Box,3.3,-16.8128,0,0,-18.6592,0
118,14,Box,4.4,-16.8128,0,0,-18.6592,0
118,15,Box,5.5,-16.8128,0,0,-18.6592,0
118,16,Box,6.60441,-16.8348,0.0435577,0.0490897,-18.9016,0.47872
118,17,Box,7.7,-16.8128,0,0,-18.6592,0
118,18,Box,8.8,-16.8128,0,0,-18.6592,0
118,19,Box,9.9,-16.8128,0,0,-18.6592,0
118,20,Box,0,-15.7128,0,0,-18.6592,0
118,21,Box,1.1,-15.7128,0,0,-18.6592,0
118,22,Box,2.2,-15.7128,0,0,-18.6592,0
118,23,Box,3.3,-15.7128,0,0,-18.6592,0
118,24,Box,4.4,-15.7128,0,0,-18.6592,0
118,25,Box,5.49409,-15.7426,-0.058565,-0.0410286,-18.8643,-0.406701
118,26,Box,6.61997,-15.8128,0.137563,0.0759766,-18.9785,0.243992
118,27,Box,7.70243,-15.725,0.0232078,0.0512206,-18.915,0.488575
118,28,Box,8.8,-15.7128,0,0,-18.6592,0
118,29,Box,9.9,-15.7128,0,0,-18.6592,0
118,30,Box,0,-14.6128,0,0,-18.6592,0
118,31,Box,1.1,-14.6128,0,0,-18.6592,0
118,32,Box,2.2,-14.6128,0,0,-18.6592,0
118,33,Box,3.3,-14.6128,0,0,-18.6592,0
118,34,Box,4.39851,-14.6203,-0.0149104,-0.0311019,-18.8147,-0.310634
118,35,Box,5.485,-14.718,-0.0269074,-0.0205043,-18.9339,0.624217
118,36,Box,6.64137,-14.8227,0.166722,0.0620319,-19.0679,-0.0109887
118,37,Box,7.71725,-14.672,0.14906,0.116679,-18.9679,0.318381
118,38,Box,8.8,-14.6128,0,0,-18.6592,0
118,39,Box,9.9,-14.6128,0,0,-18.6592,0
118,40,Box,0,-13.5128,0,0,-18.6592,0
118,41,Box,1.1,-13.5128,0,0,-18.6592,0
118,42,Box,2.2,-13.5128,0,0,-18.6592,0
118,43,Box,3.3,-13.5128,0,0,-18.6592,0
118,44,Box,4.38765,-13.5781,-0.107921,-0.0169813,-18.7441,0.054644
118,45,Box,5.4792,-13.692,0.050377,-0.00922794,-18.974,0.495413
118,46,Box,6.65252,-13.8432,0.207332,0.00191407,-19.0272,0.0997254
118,47,Box,7.74039,-13.6395,0.217388,0.0996813,-18.9766,0.183619
118,48,Box,8.80941,-13.5645,0.0883385,0.0644714,-18.9761,0.63411
118,49,Box,9.9,-13.5128,0,0,-18.6592,0
118,50,Box,0,-12.4128,0,0,-18.6592,0
118,51,Box,1.1,-12.4128,0,0,-18.6592,0
118,52,Box,2.2,-12.4128,0,0,-18.6592,0
118,53,Box,3.3,-12.4128,0,0,-18.6592,0
118,54,Box,4.37914,-12.5252,-0.0701552,-0.0281423,-18.8807,0.410972
118,55,Box,5.46583,-12.6758,0.129471,-0.0382368,-19.0011,0.369835
118,56,Box,6.58496,-12.8776,0.254556,-0.171069,-18.995,0.214054
118,57,Box,7.72812,-12.646,0.23787,-0.031862,-19.017,0.0843998
118,58,Box,8.82945,-12.5651,0.151257,0.0935927,-19.0589,0.298282
118,59,Box,9.90338,-12.4203,0.00920524,0.0703845,-18.8155,0.191776
118,60,Box,0,-11.3128,0,0,-18.6592,0
118,61,Box,1.1,-11.3128,0,0,-18.6592,0
118,62,Box,2.2,-11.3128,0,0,-18.6592,0
118,63,Box,3.3,-11.3128,0,-0.114921,-18.6829,0.2738
118,64,Box,4.34475,-11.481,0.0190927,-0.141239,-18.8712,0.349942
118,65,Box,5.41657,-11.6822,0.0858204,-0.140546,-19.1717,-0.00182327
118,66,Box,6.55694,-11.8576,0.076431,-0.0676332,-19.1245,-0.110022
118,67,Box,7.8094,-11.6396,0.189235,0.0188952,-19.0547,-0.00928323
118,68,Box,8.8107,-11.592,0.194929,0.0115563,-19.1876,-0.0971077
118,69,Box,9.95961,-11.3997,0.0505454,0.212672,-18.8427,-0.309667
118,70,Box,0,-10.2128,0,0,-18.6592,0
118,71,Box,1.1,-10.2128,0,0,-18.6592,0
118,72,Box,2.2,-10.2128,0,0,-18.6592,0
118,73,Box,3.2863,-10.2156,0.0132031,-0.179229,-18.7359,0.0572022
118,74,Box,4.28698,-10.4627,0.00560473,-0.146128,-18.8682,0.0468873
118,75,Box,5.32455,-10.6891,0.0813219,-0.213987,-19.1371,-0.14054
118,76,Box,6.7927,-10.8128,-0.20746,0.195846,-19.3178,-0.485728
118,77,Box,7.88089,-10.634,0.112563,0.229127,-19.1592,-0.402863
118,78,Box,8.92128,-10.578,0.00732079,0.254112,-19.2256,-0.189726
118,79,Box,9.93982,-10.3247,0.0804537,0.721665,-18.9924,-1.38212
118,80,Box,-0.133647,-9.08505,-0.111987,-0.522144,-18.5441,-0.0359421
118,81,Box,0.876278,-9.1043,-0.115284,-0.510329,-18.6912,-0.0150934
118,82,Box,1.86212,-9.14671,-0.120045,-0.484866,-18.7609,0.120372
118,83,Box,2.8517,-9.16326,-0.114227,-0.464071,-18.7036,0.0283094
118,84,Box,3.85614,-9.11508,-0.114842,-0.480488,-18.6842,0.0737593
118,85,Box,4.84509,-9.34006,-0.11048,-0.554254,-18.8142,-0.0253883
118,86,Box,6.17581,-9.81316,0.389688,-0.165374,-19.0992,0.00369255
118,87,Box,8.90166,-9.62522,-0.0235256,1.04698,-18.852,-0.301461
118,88,Box,9.88859,-9.23755,0.151194,1.86113,-18.9791,0.664329
118,89,Box,12.2612,-9.25033,0.0516167,3.93363,-18.8889,0.345428
118,90,Box,-0.701493,-5.28993,2.16568,-0.879204,-15.6485,2.28378
118,91,Box,1.48732,-6.27128,-0.872898,0.487807,-16.73,-1.31725
118,92,Box,2.16027,-7.77613,-0.909242,-0.254675,-18.1023,-1.26902
118,93,Box,4.00798,-7.94965,-0.0181864,1.05398,-18.5669,0.00815806
118,94,Box,16.6553,2.31677,-16.6553,15.8267,-5.33863,-21.0805
118,95,Box,8.588,-8.47812,-3.46166,3.26757,-18.4332,-1.18605
118,96,Box,10.0519,-8.15364,0.00570589,4.05225,-19.4757,-1.84586
118,97,Box,11.452,-8.11342,0.378962,5.09591,-18.838,0.54886
118,98,Box,12.5827,-7.83011,0.244802,5.37154,-18.379,0.306996
118,99,Box,13.8084,-7.98739,-0.240411,5.74186,-18.6149,-0.465199
118,100,Circle,9.43855,-8.59184,7.06789,3.5178,-19.11,7.15138
119,0,Box,0,-18.2139,0,0,-18.816,0
119,1,Box,1.1,-18.2139,0,0,-18.816,0
119,2,Box,2.2,-18.2139,0,0,-18.816,0
119,3,Box,3.3,-18.2139,0,0,-18.816,0
119,4,Box,4.4,-18.2139,0,0,-18.816,0
119,5,Box,5.5,-18.2139,0,0,-18.816,0
119,6,Box,6.6,-18.2139,0,0,-18.816,0
119,7,Box,7.7,-18.2139,0,0,-18.816,0
119,8,Box,8.8,-18.2139,0,0,-18.816,0
119,9,Box,9.9,-18.2139,0,0,-18.816,0
119,10,Box,0,-17.1139,0,0,-18.816,0
119,11,Box,1.1,-17.1139,0,0,-18.816,0
119,12,Box,2.2,-17.1139,0,0,-18.816,0
119,13,Box,3.3,-17.1139,0,0,-18.816,0
119,14,Box,4.4,-17.1139,0,0,-18.816,0
119,15,Box,5.5,-17.1139,0,0,-18.816,0
119,16,Box,6.60519,-17.1397,0.0512172,0.0490897,-19.0584,0.47872
119,17,Box,7.7,-17.1139,0,0,-18.816,0
119,18,Box,8.8,-17.1139,0,0,-18.816,0
119,19,Box,9.9,-17.1139,0,0,-18.816,0
119,20,Box,0,-16.0139,0,0,-18.816,0
119,21,Box,1.1,-16.0139,0,0,-18.816,0
119,22,Box,2.2,-16.0139,0,0,-18.816,0
119,23,Box,3.3,-16.0139,0,0,-18.816,0
119,24,Box,4.4,-16.0139,0,0,-18.816,0
119,25,Box,5.49343,-16.0469,-0.0650722,-0.0410286,-19.0211,-0.406701
119,26,Box,6.62118,-16.119,0.141467,0.0759766,-19.1353,0.243992
119,27,Box,7.70325,-16.0301,0.031025,0.0512206,-19.0718,0.488575
119,28,Box,8.8,-16.0139,0,0,-18.816,0
119,29,Box,9.9,-16.0139,0,0,-18.816,0
119,30,Box,0,-14.9139,0,0,-18.816,0
119,31,Box,1.1,-14.9139,0,0,-18.816,0
119,32,Box,2.2,-14.9139,0,0,-18.816,0
119,33,Box,3.3,-14.9139,0,0,-18.816,0
119,34,Box,4.39801,-14.9238,-0.0198806,-0.0311019,-18.9715,-0.310634
119,35,Box,5.48467,-15.0235,-0.0169199,-0.0205043,-19.0907,0.624217
119,36,Box,6.64237,-15.1303,0.166546,0.0620319,-19.2247,-0.0109887
119,37,Box,7.71911,-14.978,0.154154,0.116679,-19.1247,0.318381
119,38,Box,8.8,-14.9139,0,0,-18.816,0
119,39,Box,9.9,-14.9139,0,0,-18.816,0
119,40,Box,0,-13.8139,0,0,-18.816,0
119,41,Box,1.1,-13.8139,0,0,-18.816,0
119,42,Box,2.2,-13.8139,0,0,-18.816,0
119,43,Box,3.3,-13.8139,0,0,-18.816,0
119,44,Box,4.38738,-13.8806,-0.107047,-0.0169813,-18.9009,0.054644
119,45,Box,5.47905,-13.9981,0.0583036,-0.00922794,-19.1308,0.495413
119,46,Box,6.65255,-14.1501,0.208928,0.00191407,-19.184,0.0997254
119,47,Box,7.74199,-13.9456,0.220326,0.0996813,-19.1334,0.183619
119,48,Box,8.81044,-13.8706,0.0984843,0.0644714,-19.1329,0.63411
119,49,Box,9.9,-13.8139,0,0,-18.816,0
119,50,Box,0,-12.7139,0,0,-18.816,0
119,51,Box,1.1,-12.7139,0,0,-18.816,0
119,52,Box,2.2,-12.7139,0,0,-18.816,0
119,53,Box,3.3,-12.7139,0,0,-18.816,0
119,54,Box,4.37869,-12.8298,-0.0635797,-0.0281423,-19.0375,0.410972
119,55,Box,5.46522,-12.9823,0.135389,-0.0382368,-19.1579,0.369835
119,56,Box,6.58222,-13.184,0.257981,-0.171069,-19.1518,0.214054
119,57,Box,7.72761,-12.9528,0.239221,-0.031862,-19.1738,0.0843998
119,58,Box,8.83095,-12.8726,0.156029,0.0935927,-19.2157,0.298282
119,59,Box,9.90451,-12.7239,0.0122737,0.0703845,-18.9723,0.191776
119,60,Box,0,-11.6139,0,0,-18.816,0
119,61,Box,1.1,-11.6139,0,0,-18.816,0
119,62,Box,2.2,-11.6139,0,0,-18.816,0
119,63,Box,3.29816,-11.6143,0.00438079,-0.114921,-18.8397,0.2738
119,64,Box,4.34249,-11.7854,0.0246918,-0.141239,-19.028,0.349942
119,65,Box,5.41432,-11.9914,0.0857912,-0.140546,-19.3285,-0.00182327
119,66,Box,6.55586,-12.1661,0.0746707,-0.0676332,-19.2813,-0.110022
119,67,Box,7.80971,-11.947,0.189087,0.0188952,-19.2115,-0.00928323
119,68,Box,8.81088,-11.9015,0.193375,0.0115563,-19.3444,-0.0971077
119,69,Box,9.96302,-11.7037,0.0455907,0.212672,-18.9995,-0.309667
119,70,Box,0,-10.5139,0,0,-18.816,0
119,71,Box,1.1,-10.5139,0,0,-18.816,0
119,72,Box,2.2,-10.5139,0,0,-18.816,0
119,73,Box,3.28343,-10.5179,0.0141184,-0.179229,-18.8927,0.0572022
119,74,Box,4.28464,-10.7671,0.00635492,-0.146128,-19.025,0.0468873
119,75,Box,5.32113,-10.9978,0.0790733,-0.213987,-19.2939,-0.14054
119,76,Box,6.79583,-11.1244,-0.215232,0.195846,-19.4746,-0.485728
119,77,Box,7.88456,-10.943,0.106118,0.229127,-19.316,-0.402863
119,78,Box,8.92534,-10.8881,0.00428518,0.254112,-19.3824,-0.189726
119,79,Box,9.95136,-10.6311,0.0583398,0.721665,-19.1492,-1.38212
119,80,Box,-0.142001,-9.38427,-0.112562,-0.522144,-18.7009,-0.0359421
119,81,Box,0.868113,-9.40587,-0.115526,-0.510329,-18.848,-0.0150934
119,82,Box,1.85436,-9.4494,-0.118119,-0.484866,-18.9177,0.120372
119,83,Box,2.84427,-9.46503,-0.113774,-0.464071,-18.8604,0.0283094
119,84,Box,3.84845,-9.41654,-0.113662,-0.480488,-18.841,0.0737593
119,85,Box,4.83622,-9.64359,-0.110886,-0.554254,-18.971,-0.0253883
119,86,Box,6.17316,-10.1213,0.389748,-0.165374,-19.256,0.00369255
119,87,Box,8.91842,-9.92936,-0.028349,1.04698,-19.0088,-0.301461
119,88,Box,9.90661,-9.47169,0.161823,1.86113,-19.1359,0.664329
119,89,Box,12.3241,-9.55506,0.0571436,3.93363,-19.0457,0.345428
119,90,Box,-0.71556,-5.54281,2.20222,-0.879204,-15.8053,2.28378
119,91,Box,1.49513,-6.54147,-0.893974,0.487807,-16.8868,-1.31725
119,92,Box,2.1562,-8.06828,-0.929547,-0.254675,-18.2591,-1.26902
119,93,Box,4.02484,-8.24922,-0.0180559,1.05398,-18.7237,0.00815806
119,94,Box,16.9085,2.22885,-16.9926,15.8267,-5.49543,-21.0805
119,95,Box,8.6733,-8.7872,-3.48063,3.40946,-18.6744,-1.44511
119,96,Box,10.0194,-8.46545,-0.0238279,4.05225,-19.6325,-1.84586
119,97,Box,11.5335,-8.41733,0.387744,5.09591,-18.9948,0.54886
119,98,Box,12.6687,-8.12669,0.249714,5.37154,-18.5358,0.306996
119,99,Box,13.9002,-8.28773,-0.247854,5.74186,-18.7717,-0.465199
119,100,Circle,9.59159,-8.97996,7.18232,3.33714,-19.1594,7.03684
120,0,Box,0,-18.5175,0,0,-18.9728,0
120,1,Box,1.1,-18.5175,0,0,-18.9728,0
120,2,Box,2.2,-18.5175,0,0,-18.9728,0
120,3,Box,3.3,-18.5175,0,0,-18.9728,0
120,4,Box,4.4,-18.5175,0,0,-18.9728,0
120,5,Box,5.5,-18.5175,0,0,-18.9728,0
120,6,Box,6.6,-18.5175,0,0,-18.9728,0
120,7,Box,7.7,-18.5175,0,0,-18.9728,0
120,8,Box,8.8,-18.5175,0,0,-18.9728,0
120,9,Box,9.9,-18.5175,0,0,-18.9728,0
120,10,Box,0,-17.4175,0,0,-18.9728,0
120,11,Box,1.1,-17.4175,0,0,-18.9728,0
120,12,Box,2.2,-17.4175,0,0,-18.9728,0
120,13,Box,3.3,-17.4175,0,0,-18.9728,0
120,14,Box,4.4,-17.4175,0,0,-18.9728,0
120,15,Box,5.5,-17.4175,0,0,-18.9728,0
120,16,Box,6.60598,-17.4472,0.0588767,0.0490897,-19.2152,0.47872
120,17,Box,7.7,-17.4175,0,0,-18.9728,0
120,18,Box,8.8,-17.4175,0,0,-18.9728,0
120,19,Box,9.9,-17.4175,0,0,-18.9728,0
120,20,Box,0,-16.3175,0,0,-18.9728,0
120,21,Box,1.1,-16.3175,0,0,-18.9728,0
120,22,Box,2.2,-16.3175,0,0,-18.9728,0
120,23,Box,3.3,-16.3175,0,0,-18.9728,0
120,24,Box,4.4,-16.3175,0,0,-18.9728,0
120,25,Box,5.49278,-16.3538,-0.0715794,-0.0410286,-19.1779,-0.406701
120,26,Box,6.6224,-16.4276,0.145371,0.0759766,-19.2921,0.243992
120,27,Box,7.70407,-16.3378,0.0388422,0.0512206,-19.2286,0.488575
120,28,Box,8.8,-16.3175,0,0,-18.9728,0
120,29,Box,9.9,-16.3175,0,0,-18.9728,0
120,30,Box,0,-15.2175,0,0,-18.9728,0
120,31,Box,1.1,-15.2175,0,0,-18.9728,0
120,32,Box,2.2,-15.2175,0,0,-18.9728,0
120,33,Box,3.3,-15.2175,0,0,-18.9728,0
120,34,Box,4.39751,-15.2299,-0.0248507,-0.0311019,-19.1283,-0.310634
120,35,Box,5.48435,-15.3314,-0.00693247,-0.0205043,-19.2475,0.624217
120,36,Box,6.64336,-15.4404,0.16637,0.0620319,-19.3815,-0.0109887
120,37,Box,7.72098,-15.2865,0.159248,0.116679,-19.2815,0.318381
120,38,Box,8.8,-15.2175,0,0,-18.9728,0
120,39,Box,9.9,-15.2175,0,0,-18.9728,0
120,40,Box,0,-14.1175,0,0,-18.9728,0
120,41,Box,1.1,-14.1175,0,0,-18.9728,0
120,42,Box,2.2,-14.1175,0,0,-18.9728,0
120,43,Box,3.3,-14.1175,0,0,-18.9728,0
120,44,Box,4.3871,-14.1855,-0.106172,-0.0169813,-19.0577,0.054644
120,45,Box,5.47891,-14.3067,0.0662302,-0.00922794,-19.2876,0.495413
120,46,Box,6.65258,-14.4596,0.210524,0.00191407,-19.3408,0.0997254
120,47,Box,7.74358,-14.2542,0.223263,0.0996813,-19.2902,0.183619
120,48,Box,8.81147,-14.1792,0.10863,0.0644714,-19.2897,0.63411
120,49,Box,9.9,-14.1175,0,0,-18.9728,0
120,50,Box,0,-13.0175,0,0,-18.9728,0
120,51,Box,1.1,-13.0175,0,0,-18.9728,0
120,52,Box,2.2,-13.0175,0,0,-18.9728,0
120,53,Box,3.3,-13.0175,0,0,-18.9728,0
120,54,Box,4.37824,-13.1369,-0.0570041,-0.0281423,-19.1943,0.410972
120,55,Box,5.4646,-13.2913,0.141306,-0.0382368,-19.3147,0.369835
120,56,Box,6.58057,-13.5079,0.261406,-0.171252,-19.31,0.216484
120,57,Box,7.7271,-13.2621,0.240571,-0.031862,-19.3306,0.0843998
120,58,Box,8.83245,-13.1825,0.160802,0.0935927,-19.3725,0.298282
120,59,Box,9.90563,-13.03,0.0153421,0.0703845,-19.1291,0.191776
120,60,Box,0,-11.9175,0,0,-18.9728,0
120,61,Box,1.1,-11.9175,0,0,-18.9728,0
120,62,Box,2.2,-11.9175,0,0,-18.9728,0
120,63,Box,3.29632,-11.9182,0.00876159,-0.114921,-18.9965,0.2738
120,64,Box,4.34023,-12.0924,0.0302909,-0.141239,-19.1848,0.349942
120,65,Box,5.41207,-12.3032,0.085762,-0.140546,-19.4853,-0.00182327
120,66,Box,6.55122,-12.4731,0.0729103,-0.0679635,-19.4378,-0.109585
120,67,Box,7.81001,-12.2569,0.188938,0.0188952,-19.3683,-0.00928323
120,68,Box,8.81107,-12.2136,0.191821,0.0115563,-19.5012,-0.0971077
120,69,Box,9.96642,-12.0102,0.040636,0.212672,-19.1563,-0.309667
120,70,Box,0,-10.8175,0,0,-18.9728,0
120,71,Box,1.1,-10.8175,0,0,-18.9728,0
120,72,Box,2.2,-10.8175,0,0,-18.9728,0
120,73,Box,3.28056,-10.8226,0.0150336,-0.179229,-19.0495,0.0572022
120,74,Box,4.28231,-11.074,0.00710512,-0.146128,-19.1818,0.0468873
120,75,Box,5.31771,-11.3091,0.0768246,-0.213987,-19.4507,-0.14054
120,76,Box,6.80143,-11.4277,-0.223003,0.196359,-19.6302,-0.485748
120,77,Box,7.88823,-11.2546,0.0996718,0.229127,-19.4728,-0.402863
120,78,Box,8.92941,-11.2007,0.00124957,0.254112,-19.5392,-0.189726
120,79,Box,9.96291,-10.94,0.0362258,0.721665,-19.306,-1.38212
120,80,Box,-0.150355,-9.68599,-0.113137,-0.522144,-18.8577,-0.0359421
120,81,Box,0.859948,-9.70994,-0.115767,-0.510329,-19.0048,-0.0150934
120,82,Box,1.8466,-9.75459,-0.116194,-0.484866,-19.0745,0.120372
120,83,Box,2.83685,-9.7693,-0.113321,-0.464071,-19.0172,0.0283094
120,84,Box,3.84076,-9.7205,-0.112482,-0.480488,-18.9978,0.0737593
120,85,Box,4.82735,-9.94964,-0.111292,-0.554254,-19.1278,-0.0253883
120,86,Box,6.17052,-10.4319,0.389807,-0.165374,-19.4128,0.00369255
120,87,Box,8.93517,-10.236,-0.0331723,1.04698,-19.1656,-0.301461
120,88,Box,9.9352,-9.80269,0.172452,1.86113,-19.2927,0.664329
120,89,Box,12.387,-9.8623,0.0626704,3.93363,-19.2025,0.345428
120,90,Box,-0.729627,-5.79821,2.23876,-0.879204,-15.9621,2.28378
120,91,Box,1.50293,-6.81417,-0.91505,0.487807,-17.0436,-1.31725
120,92,Box,2.15212,-8.36293,-0.949851,-0.254675,-18.4159,-1.26902
120,93,Box,4.0417,-8.55131,-0.0179254,1.05398,-18.8805,0.00815806
120,94,Box,17.1617,2.13841,-17.3299,15.8267,-5.65223,-21.0805
120,95,Box,8.74052,-9.0933,-3.50376,3.40946,-18.8312,-1.44511
120,96,Box,10.0791,-8.87845,-0.0533618,4.01469,-19.9359,-1.56836
120,97,Box,11.615,-8.72376,0.396526,5.09591,-19.1516,0.54886
120,98,Box,12.7546,-8.42577,0.254626,5.37154,-18.6926,0.306996
120,99,Box,13.9921,-8.59059,-0.255297,5.74186,-18.9285,-0.465199
120,100,Circle,9.63694,-9.13178,7.29491,3.38496,-19.1295,7.02788
121,0,Box,0,-18.8235,0,0,-19.1296,0
121,1,Box,1.1,-18.8235,0,0,-19.1296,0
121,2,Box,2.2,-18.8235,0,0,-19.1296,0
121,3,Box,3.3,-18.8235,0,0,-19.1296,0
121,4,Box,4.4,-18.8235,0,0,-19.1296,0
121,5,Box,5.5,-18.8235,0,0,-19.1296,0
121,6,Box,6.6,-18.8235,0,0,-19.1296,0
121,7,Box,7.7,-18.8235,0,0,-19.1296,0
121,8,Box,8.8,-18.8235,0,0,-19.1296,0
121,9,Box,9.9,-18.8235,0,0,-19.1296,0
121,10,Box,0,-17.7235,0,0,-19.1296,0
121,11,Box,1.1,-17.7235,0,0,-19.1296,0
121,12,Box,2.2,-17.7235,0,0,-19.1296,0
121,13,Box,3.3,-17.7235,0,0,-19.1296,0
121,14,Box,4.4,-17.7235,0,0,-19.1296,0
121,15,Box,5.5,-17.7235,0,0,-19.1296,0
121,16,Box,6.60686,-17.7585,0.0665362,0.050618,-19.3776,0.488281
121,17,Box,7.7,-17.7235,0,0,-19.1296,0
121,18,Box,8.8,-17.7235,0,0,-19.1296,0
121,19,Box,9.9,-17.7235,0,0,-19.1296,0
121,20,Box,0,-16.6235,0,0,-19.1296,0
121,21,Box,1.1,-16.6235,0,0,-19.1296,0
121,22,Box,2.2,-16.6235,0,0,-19.1296,0
121,23,Box,3.3,-16.6235,0,0,-19.1296,0
121,24,Box,4.4,-16.6235,0,0,-19.1296,0
121,25,Box,5.49212,-16.6631,-0.0780867,-0.0364977,-19.5058,0.157601
121,26,Box,6.62426,-16.7423,0.149275,0.0771078,-19.4506,0.23519
121,27,Box,7.70489,-16.6479,0.0466594,0.0525738,-19.3908,0.497545
121,28,Box,8.8,-16.6235,0,0,-19.1296,0
121,29,Box,9.9,-16.6235,0,0,-19.1296,0
121,30,Box,0,-15.5235,0,0,-19.1296,0
121,31,Box,1.1,-15.5235,0,0,-19.1296,0
121,32,Box,2.2,-15.5235,0,0,-19.1296,0
121,33,Box,3.3,-15.5235,0,0,-19.1296,0
121,34,Box,4.39701,-15.5385,-0.0298208,-0.0311019,-19.2851,-0.310634
121,35,Box,5.48402,-15.6419,0.00305501,0.00314451,-19.3719,0.346381
121,36,Box,6.64539,-15.7587,0.166194,0.0602269,-19.5402,-0.0192914
121,37,Box,7.72285,-15.5975,0.164342,0.11733,-19.4381,0.306305
121,38,Box,8.8,-15.5243,0,0.0428144,-19.3437,0.422884
121,39,Box,9.9,-15.5235,0,0,-19.1296,0
121,40,Box,0,-14.4235,0,0,-19.1296,0
121,41,Box,1.1,-14.4235,0,0,-19.1296,0
121,42,Box,2.2,-14.4235,0,0,-19.1296,0
121,43,Box,3.3,-14.4235,0,0,-19.1296,0
121,44,Box,4.38683,-14.4929,-0.105298,-0.0169813,-19.2145,0.054644
121,45,Box,5.4788,-14.6184,0.0741568,-0.00509651,-19.4218,0.237655
121,46,Box,6.65456,-14.7783,0.212119,0.00119099,-19.4972,0.0977884
121,47,Box,7.74635,-14.5705,0.226201,0.0977835,-19.4454,0.172761
121,48,Box,8.81311,-14.4947,0.118776,0.0585294,-19.4092,0.249774
121,49,Box,9.9,-14.4235,0,0,-19.1296,0
121,50,Box,0,-13.3235,0,0,-19.1296,0
121,51,Box,1.1,-13.3235,0,0,-19.1296,0
121,52,Box,2.2,-13.3235,0,0,-19.1296,0
121,53,Box,3.3,-13.3235,0,0,-19.1296,0
121,54,Box,4.37779,-13.4465,-0.0504286,-0.0281423,-19.3511,0.410972
121,55,Box,5.46455,-13.6093,0.147224,-0.0807011,-19.446,0.160683
121,56,Box,6.57484,-13.8124,0.264869,-0.172515,-19.4668,0.211824
121,57,Box,7.72738,-13.5791,0.241921,-0.0319831,-19.4854,0.0795875
121,58,Box,8.83506,-13.5002,0.165574,0.0529734,-19.4702,0.0398765
121,59,Box,9.90676,-13.3385,0.0184105,0.0703845,-19.2859,0.191776
121,60,Box,0,-12.2235,0,0,-19.1296,0
121,61,Box,1.1,-12.2235,0,0,-19.1296,0
121,62,Box,2.2,-12.2235,0,0,-19.1296,0
121,63,Box,3.29448,-12.2247,0.0131424,-0.114921,-19.1532,0.2738
121,64,Box,4.33797,-12.4019,0.0358899,-0.141239,-19.3416,0.349942
121,65,Box,5.40922,-12.6105,0.0857329,-0.132717,-19.5723,-0.153946
121,66,Box,6.54711,-12.7859,0.071157,-0.0693521,-19.5912,-0.108474
121,67,Box,7.80938,-12.57,0.18879,0.0189099,-19.5234,-0.0137307
121,68,Box,8.80951,-12.5339,0.190268,0.00186781,-19.6069,-0.252797
121,69,Box,9.96982,-12.3192,0.0356814,0.212672,-19.3131,-0.309667
121,70,Box,0,-11.1235,0,0,-19.1296,0
121,71,Box,1.1,-11.1235,0,0,-19.1296,0
121,72,Box,2.2,-11.1235,0,0,-19.1296,0
121,73,Box,3.27769,-11.1299,0.0159488,-0.179229,-19.2063,0.0572022
121,74,Box,4.27997,-11.3834,0.00785532,-0.146128,-19.3386,0.0468873
121,75,Box,5.31428,-11.6228,0.074576,-0.211663,-19.5868,-0.0674684
121,76,Box,6.80388,-11.7381,-0.230775,0.194323,-19.781,-0.47373
121,77,Box,7.89511,-11.5573,0.093226,0.233687,-19.6301,-0.406857
121,78,Box,8.93349,-11.5078,-0.00178605,0.267548,-19.6294,-0.268043
121,79,Box,9.97446,-11.2514,0.0141118,0.721665,-19.4628,-1.38212
121,80,Box,-0.15871,-9.99022,-0.113712,-0.522144,-19.0145,-0.0359421
121,81,Box,0.851782,-10.0165,-0.116009,-0.519014,-19.1623,0.00536323
121,82,Box,1.83884,-10.0623,-0.114268,-0.476181,-19.2306,0.0932447
121,83,Box,2.82942,-10.0761,-0.112868,-0.474756,-19.1749,0.053489
121,84,Box,3.83307,-10.027,-0.111302,-0.469804,-19.1536,0.046175
121,85,Box,4.81848,-10.2582,-0.111698,-0.554254,-19.2846,-0.0253883
121,86,Box,6.16659,-10.7419,0.389866,-0.165377,-19.5696,0.00367671
121,87,Box,8.9511,-10.5372,-0.0379957,1.04698,-19.3224,-0.301461
121,88,Box,9.94901,-10.0942,0.183082,1.86113,-19.4495,0.664329
121,89,Box,12.45,-10.1721,0.0681973,3.93363,-19.3593,0.345428
121,90,Box,-0.743695,-6.05611,2.2753,-0.879204,-16.1189,2.28378
121,91,Box,1.51074,-7.08937,-0.936126,0.487807,-17.2004,-1.31725
121,92,Box,2.14805,-8.66009,-0.970155,-0.254675,-18.5727,-1.26902
121,93,Box,4.05857,-8.85591,-0.0177949,1.05398,-19.0373,0.00815806
121,94,Box,17.4149,2.04547,-17.6672,15.8267,-5.80903,-21.0805
121,95,Box,8.79507,-9.39711,-3.52688,3.40946,-18.988,-1.44511
121,96,Box,10.1473,-9.14994,-0.0784556,4.01469,-20.0927,-1.56836
121,97,Box,11.6966,-9.03269,0.405307,5.09591,-19.3084,0.54886
121,98,Box,12.8406,-8.72736,0.259537,5.37154,-18.8494,0.306996
121,99,Box,14.084,-8.89595,-0.26274,5.74186,-19.0853,-0.465199
121,100,Circle,9.70748,-9.52888,7.40735,3.38496,-19.2863,7.02788
122,0,Box,0,-19.1321,0,0,-19.2864,0
122,1,Box,1.1,-19.1321,0,0,-19.2864,0
122,2,Box,2.2,-19.1321,0,0,-19.2864,0
122,3,Box,3.3,-19.1321,0,0,-19.2864,0
122,4,Box,4.4,-19.1321,0,0,-19.2864,0
122,5,Box,5.5,-19.1321,0,0,-19.2864,0
122,6,Box,6.6,-19.1321,0,0,-19.2864,0
122,7,Box,7.7,-19.1321,0,0,-19.2864,0
122,8,Box,8.8,-19.1321,0,0,-19.2864,0
122,9,Box,9.9,-19.1321,0,0,-19.2864,0
122,10,Box,0,-18.0321,0,0,-19.2864,0
122,11,Box,1.1,-18.0321,0,0,-19.2864,0
122,12,Box,2.2,-18.0321,0,0,-19.2864,0
122,13,Box,3.3,-18.0321,0,0,-19.2864,0
122,14,Box,4.4,-18.0321,0,0,-19.2864,0
122,15,Box,5.5,-18.0321,0,0,-19.2864,0
122,16,Box,6.60767,-18.0711,0.0743487,0.050618,-19.5344,0.488281
122,17,Box,7.7,-18.0321,0,0,-19.2864,0
122,18,Box,8.8,-18.0321,0,0,-19.2864,0
122,19,Box,9.9,-18.0321,0,0,-19.2864,0
122,20,Box,0,-16.9321,0,0,-19.2864,0
122,21,Box,1.1,-16.9321,0,0,-19.2864,0
122,22,Box,2.2,-16.9321,0,0,-19.2864,0
122,23,Box,3.3,-16.9321,0,0,-19.2864,0
122,24,Box,4.4,-16.9321,0,0,-19.2864,0
122,25,Box,5.49154,-16.9777,-0.0755651,-0.0364977,-19.6626,0.157601
122,26,Box,6.62549,-17.0561,0.153038,0.0771078,-19.6074,0.23519
122,27,Box,7.70573,-16.9607,0.0546201,0.0525738,-19.5476,0.497545
122,28,Box,8.8,-16.9321,0,0,-19.2864,0
122,29,Box,9.9,-16.9321,0,0,-19.2864,0
122,30,Box,0,-15.8321,0,0,-19.2864,0
122,31,Box,1.1,-15.8321,0,0,-19.2864,0
122,32,Box,2.2,-15.8321,0,0,-19.2864,0
122,33,Box,3.3,-15.8321,0,0,-19.2864,0
122,34,Box,4.39652,-15.8495,-0.034791,-0.0311019,-19.4419,-0.310634
122,35,Box,5.48407,-15.9544,0.00859711,0.00314451,-19.5287,0.346381
122,36,Box,6.64636,-16.0738,0.165886,0.0602269,-19.697,-0.0192914
122,37,Box,7.72472,-15.911,0.169243,0.11733,-19.5949,0.306305
122,38,Box,8.80068,-15.8363,0.00676615,0.0428144,-19.5005,0.422884
122,39,Box,9.9,-15.8321,0,0,-19.2864,0
122,40,Box,0,-14.7321,0,0,-19.2864,0
122,41,Box,1.1,-14.7321,0,0,-19.2864,0
122,42,Box,2.2,-14.7321,0,0,-19.2864,0
122,43,Box,3.3,-14.7321,0,0,-19.2864,0
122,44,Box,4.38656,-14.8029,-0.104424,-0.0169813,-19.3713,0.054644
122,45,Box,5.47872,-14.9316,0.0779593,-0.00509651,-19.5786,0.237655
122,46,Box,6.65458,-15.0927,0.213684,0.00119099,-19.654,0.0977884
122,47,Box,7.74791,-14.8841,0.228965,0.0977835,-19.6022,0.172761
122,48,Box,8.81405,-14.8077,0.122772,0.0585294,-19.566,0.249774
122,49,Box,9.9,-14.7321,0,0,-19.2864,0
122,50,Box,0,-13.6321,0,0,-19.2864,0
122,51,Box,1.1,-13.6321,0,0,-19.2864,0
122,52,Box,2.2,-13.6321,0,0,-19.2864,0
122,53,Box,3.3,-13.6321,0,0,-19.2864,0
122,54,Box,4.37734,-13.7587,-0.043853,-0.0281423,-19.5079,0.410972
122,55,Box,5.46326,-13.9229,0.149794,-0.0807011,-19.6028,0.160683
122,56,Box,6.57208,-14.1264,0.268259,-0.172515,-19.6236,0.211824
122,57,Box,7.72687,-13.8933,0.243195,-0.0319831,-19.6422,0.0795875
122,58,Box,8.83591,-13.8142,0.166212,0.0529734,-19.627,0.0398765
122,59,Box,9.90788,-13.6496,0.0214789,0.0703845,-19.4426,0.191776
122,60,Box,0,-12.5321,0,0,-19.2864,0
122,61,Box,1.1,-12.5321,0,0,-19.2864,0
122,62,Box,2.2,-12.5321,0,0,-19.2864,0
122,63,Box,3.29265,-12.5336,0.0175232,-0.114921,-19.31,0.2738
122,64,Box,4.33571,-12.7138,0.041489,-0.141239,-19.4984,0.349942
122,65,Box,5.4071,-12.9262,0.0832697,-0.132717,-19.7291,-0.153946
122,66,Box,6.546,-13.1018,0.0694214,-0.0693521,-19.748,-0.108474
122,67,Box,7.80968,-12.8849,0.18857,0.0189099,-19.6802,-0.0137307
122,68,Box,8.80954,-12.8502,0.186223,0.00186781,-19.7637,-0.252797
122,69,Box,9.97322,-12.6307,0.0307267,0.212672,-19.4699,-0.309667
122,70,Box,0,-11.4321,0,0,-19.2864,0
122,71,Box,1.1,-11.4321,0,0,-19.2864,0
122,72,Box,2.2,-11.4321,0,0,-19.2864,0
122,73,Box,3.27483,-11.4398,0.0168641,-0.179229,-19.3631,0.0572022
122,74,Box,4.27763,-11.6953,0.00860551,-0.146128,-19.4954,0.0468873
122,75,Box,5.3109,-11.9387,0.0734965,-0.211663,-19.7436,-0.0674684
122,76,Box,6.80699,-12.0571,-0.238355,0.194323,-19.9378,-0.47373
122,77,Box,7.89885,-11.8739,0.0867162,0.233687,-19.7868,-0.406857
122,78,Box,8.93777,-11.8244,-0.00607474,0.267548,-19.7862,-0.268043
122,79,Box,9.986,-11.5653,-0.00800216,0.721665,-19.6196,-1.38212
122,80,Box,-0.167064,-10.297,-0.114287,-0.522144,-19.1713,-0.0359421
122,81,Box,0.843478,-10.3256,-0.115923,-0.519014,-19.3191,0.00536323
122,82,Box,1.83122,-10.3725,-0.112776,-0.476181,-19.3874,0.0932447
122,83,Box,2.82183,-10.3854,-0.112013,-0.474756,-19.3317,0.053489
122,84,Box,3.82556,-10.3359,-0.110563,-0.469804,-19.3104,0.046175
122,85,Box,4.80962,-10.5693,-0.112104,-0.554254,-19.4414,-0.0253883
122,86,Box,6.16394,-11.0575,0.389924,-0.165377,-19.7264,0.00367671
122,87,Box,8.96785,-10.8489,-0.0428191,1.04698,-19.4792,-0.301461
122,88,Box,9.95943,-10.3092,0.193711,1.86113,-19.6063,0.664329
122,89,Box,12.5129,-10.4843,0.0737241,3.93363,-19.5161,0.345428
122,90,Box,-0.757762,-6.31652,2.31184,-0.879204,-16.2757,2.28378
122,91,Box,1.51854,-7.36709,-0.957202,0.487807,-17.3572,-1.31725
122,92,Box,2.14397,-8.95977,-0.99046,-0.254675,-18.7295,-1.26902
122,93,Box,4.07543,-9.16302,-0.0176643,1.05398,-19.1941,0.00815806
122,94,Box,17.6682,1.95001,-18.0045,15.8267,-5.96583,-21.0805
122,95,Box,8.87112,-9.71273,-3.55,3.40946,-19.1448,-1.44511
122,96,Box,10.2271,-9.32445,-0.103549,4.01246,-20.2058,-1.69123
122,97,Box,11.7781,-9.34414,0.414089,5.09591,-19.4652,0.54886
122,98,Box,12.9265,-9.03146,0.264449,5.37154,-19.0062,0.306996
122,99,Box,14.1758,-9.20383,-0.270183,5.74186,-19.2421,-0.465199
122,100,Circle,9.73913,-10.1441,7.5198,3.38781,-19.4987,7.02788
123,0,Box,0,-19.4432,0,0,-19.4432,0
123,1,Box,1.1,-19.4432,0,0,-19.4432,0
123,2,Box,2.2,-19.4432,0,0,-19.4432,0
123,3,Box,3.3,-19.4432,0,0,-19.4432,0
123,4,Box,4.4,-19.4432,0,0,-19.4432,0
123,5,Box,5.5,-19.4432,0,0,-19.4432,0
123,6,Box,6.6,-19.4432,0,0,-19.4432,0
123,7,Box,7.7,-19.4432,0,0,-19.4432,0
123,8,Box,8.8,-19.4432,0,0,-19.4432,0
123,9,Box,9.9,-19.4432,0,0,-19.4432,0
123,10,Box,0,-18.3432,0,0,-19.4432,0
123,11,Box,1.1,-18.3432,0,0,-19.4432,0
123,12,Box,2.2,-18.3432,0,0,-19.4432,0
123,13,Box,3.3,-18.3432,0,0,-19.4432,0
123,14,Box,4.4,-18.3432,0,0,-19.4432,0
123,15,Box,5.5,-18.3432,0,0,-19.4432,0
123,16,Box,6.60848,-18.3861,0.0821612,0.050618,-19.6912,0.488281
123,17,Box,7.7,-18.3432,0,0,-19.4432,0
123,18,Box,8.8,-18.3432,0,0,-19.4432,0
123,19,Box,9.9,-18.3432,0,0,-19.4432,0
123,20,Box,0,-17.2432,0,0,-19.4432,0
123,21,Box,1.1,-17.2432,0,0,-19.4432,0
123,22,Box,2.2,-17.2432,0,0,-19.4432,0
123,23,Box,3.3,-17.2432,0,0,-19.4432,0
123,24,Box,4.4,-17.2432,0,0,-19.4432,0
123,25,Box,5.49095,-17.2948,-0.0730434,-0.0364977,-19.8194,0.157601
123,26,Box,6.62673,-17.3723,0.156801,0.0771078,-19.7642,0.23519
123,27,Box,7.70657,-17.276,0.0625808,0.0525738,-19.7044,0.497545
123,28,Box,8.8,-17.2432,0,0,-19.4432,0
123,29,Box,9.9,-17.2432,0,0,-19.4432,0
123,30,Box,0,-16.1432,0,0,-19.4432,0
123,31,Box,1.1,-16.1432,0,0,-19.4432,0
123,32,Box,2.2,-16.1432,0,0,-19.4432,0
123,33,Box,3.3,-16.1432,0,0,-19.4432,0
123,34,Box,4.39602,-16.1631,-0.0397611,-0.0311019,-19.5987,-0.310634
123,35,Box,5.48412,-16.2693,0.0141392,0.00314451,-19.6855,0.346381
123,36,Box,6.64732,-16.3915,0.165577,0.0602269,-19.8538,-0.0192914
123,37,Box,7.7266,-16.227,0.174144,0.11733,-19.7517,0.306305
123,38,Box,8.80137,-16.1508,0.0135323,0.0428144,-19.6573,0.422884
123,39,Box,9.9,-16.1432,0,0,-19.4432,0
123,40,Box,0,-15.0432,0,0,-19.4432,0
123,41,Box,1.1,-15.0432,0,0,-19.4432,0
123,42,Box,2.2,-15.0432,0,0,-19.4432,0
123,43,Box,3.3,-15.0432,0,0,-19.4432,0
123,44,Box,4.38629,-15.1153,-0.103549,-0.0169813,-19.5281,0.054644
123,45,Box,5.47864,-15.2474,0.0817618,-0.00509651,-19.7354,0.237655
123,46,Box,6.6546,-15.4097,0.215248,0.00119099,-19.8108,0.0977884
123,47,Box,7.74948,-15.2003,0.23173,0.0977835,-19.759,0.172761
123,48,Box,8.81498,-15.1233,0.126769,0.0585294,-19.7228,0.249774
123,49,Box,9.9,-15.0432,0,0,-19.4432,0
123,50,Box,0,-13.9432,0,0,-19.4432,0
123,51,Box,1.1,-13.9432,0,0,-19.4432,0
123,52,Box,2.2,-13.9432,0,0,-19.4432,0
123,53,Box,3.3,-13.9432,0,0,-19.4432,0
123,54,Box,4.37689,-14.0733,-0.0372775,-0.0281423,-19.6647,0.410972
123,55,Box,5.46197,-14.2391,0.152365,-0.0807011,-19.7596,0.160683
123,56,Box,6.57032,-14.4576,0.271648,-0.172657,-19.7815,0.213562
123,57,Box,7.72636,-14.2101,0.244468,-0.0319831,-19.799,0.0795875
123,58,Box,8.83676,-14.1308,0.16685,0.0529734,-19.7838,0.0398765
123,59,Box,9.90901,-13.9632,0.0245473,0.0703845,-19.5994,0.191776
123,60,Box,0,-12.8432,0,0,-19.4432,0
123,61,Box,1.1,-12.8432,0,0,-19.4432,0
123,62,Box,2.2,-12.8432,0,0,-19.4432,0
123,63,Box,3.29081,-12.8451,0.021904,-0.114921,-19.4668,0.2738
123,64,Box,4.33345,-13.0283,0.0470881,-0.141239,-19.6552,0.349942
123,65,Box,5.40498,-13.2443,0.0808066,-0.132717,-19.8859,-0.153946
123,66,Box,6.54135,-13.4158,0.0676858,-0.0696048,-19.9046,-0.10813
123,67,Box,7.80999,-13.2023,0.18835,0.0189099,-19.837,-0.0137307
123,68,Box,8.80956,-13.1689,0.182178,0.00186781,-19.9205,-0.252797
123,69,Box,9.97663,-12.9448,0.025772,0.212672,-19.6267,-0.309667
123,70,Box,0,-11.7432,0,0,-19.4432,0
123,71,Box,1.1,-11.7432,0,0,-19.4432,0
123,72,Box,2.2,-11.7432,0,0,-19.4432,0
123,73,Box,3.27196,-11.7521,0.0177793,-0.179229,-19.5199,0.0572022
123,74,Box,4.27529,-12.0098,0.00935571,-0.146128,-19.6522,0.0468873
123,75,Box,5.30751,-12.2571,0.072417,-0.211663,-19.9004,-0.0674684
123,76,Box,6.81265,-12.3684,-0.245935,0.194717,-20.0938,-0.473644
123,77,Box,7.90259,-12.193,0.0802065,0.233687,-19.9436,-0.406857
123,78,Box,8.94205,-12.1435,-0.0103634,0.267548,-19.943,-0.268043
123,79,Box,9.99755,-11.8817,-0.0301161,0.721665,-19.7764,-1.38212
123,80,Box,-0.175418,-10.6062,-0.114863,-0.522144,-19.3281,-0.0359421
123,81,Box,0.835174,-10.6372,-0.115837,-0.519014,-19.4759,0.00536323
123,82,Box,1.82361,-10.6852,-0.111284,-0.476181,-19.5442,0.0932447
123,83,Box,2.81423,-10.6972,-0.111157,-0.474756,-19.4885,0.053489
123,84,Box,3.81804,-10.6474,-0.109824,-0.469804,-19.4672,0.046175
123,85,Box,4.80075,-10.8828,-0.112511,-0.554254,-19.5982,-0.0253883
123,86,Box,6.1613,-11.3756,0.389983,-0.165377,-19.8832,0.00367671
123,87,Box,8.9846,-11.1631,-0.0476425,1.04698,-19.636,-0.301461
123,88,Box,9.9849,-10.6583,0.20434,1.86113,-19.7631,0.664329
123,89,Box,12.5759,-10.7991,0.079251,3.93363,-19.6729,0.345428
123,90,Box,-0.771829,-6.57944,2.34838,-0.879204,-16.4325,2.28378
123,91,Box,1.52635,-7.64731,-0.978278,0.487807,-17.514,-1.31725
123,92,Box,2.1399,-9.26195,-1.01076,-0.254675,-18.8863,-1.26902
123,93,Box,4.09229,-9.47263,-0.0175338,1.05398,-19.3509,0.00815806
123,94,Box,17.9214,1.85205,-18.3418,15.8267,-6.12263,-21.0805
123,95,Box,8.92785,-10.0226,-3.57312,3.50579,-19.3716,-1.49134
123,96,Box,10.2917,-9.64719,-0.130609,4.01246,-20.3626,-1.69123
123,97,Box,11.8597,-9.65809,0.422871,5.09591,-19.622,0.54886
123,98,Box,13.0125,-9.33806,0.269361,5.37154,-19.163,0.306996
123,99,Box,14.2677,-9.51421,-0.277626,5.74186,-19.3989,-0.465199
123,100,Circle,9.79554,-10.4194,7.63224,3.26515,-19.5663,6.91581
124,0,Box,0,-19.7568,0,0,-19.6,0
124,1,Box,1.1,-19.7568,0,0,-19.6,0
124,2,Box,2.2,-19.7568,0,0,-19.6,0
124,3,Box,3.3,-19.7568,0,0,-19.6,0
124,4,Box,4.4,-19.7568,0,0,-19.6,0
124,5,Box,5.5,-19.7568,0,0,-19.6,0
124,6,Box,6.6,-19.7568,0,0,-19.6,0
124,7,Box,7.7,-19.7568,0,0,-19.6,0
124,8,Box,8.8,-19.7568,0,0,-19.6,0
124,9,Box,9.9,-19.7568,0,0,-19.6,0
124,10,Box,0,-18.6568,0,0,-19.6,0
124,11,Box,1.1,-18.6568,0,0,-19.6,0
124,12,Box,2.2,-18.6568,0,0,-19.6,0
124,13,Box,3.3,-18.6568,0,0,-19.6,0
124,14,Box,4.4,-18.6568,0,0,-19.6,0
124,15,Box,5.5,-18.6568,0,0,-19.6,0
124,16,Box,6.60948,-18.7058,0.0899737,0.0520766,-19.853,0.496132
124,17,Box,7.7,-18.6568,0,0,-19.6,0
124,18,Box,8.8,-18.6568,0,0,-19.6,0
124,19,Box,9.9,-18.6568,0,0,-19.6,0
124,20,Box,0,-17.5568,0,0,-19.6,0
124,21,Box,1.1,-17.5568,0,0,-19.6,0
124,22,Box,2.2,-17.5568,0,0,-19.6,0
124,23,Box,3.3,-17.5568,0,0,-19.6,0
124,24,Box,4.4,-17.5568,0,0,-19.6,0
124,25,Box,5.49037,-17.6145,-0.0705218,-0.0364977,-19.9762,0.157601
124,26,Box,6.62867,-17.6945,0.160564,0.0778053,-19.9219,0.226205
124,27,Box,7.70741,-17.5938,0.0705416,0.0540878,-19.8667,0.505938
124,28,Box,8.8,-17.5568,0,0,-19.6,0
124,29,Box,9.9,-17.5568,0,0,-19.6,0
124,30,Box,0,-16.4568,0,0,-19.6,0
124,31,Box,1.1,-16.4568,0,0,-19.6,0
124,32,Box,2.2,-16.4568,0,0,-19.6,0
124,33,Box,3.3,-16.4568,0,0,-19.6,0
124,34,Box,4.39552,-16.4792,-0.0447312,-0.0311019,-19.7555,-0.310634
124,35,Box,5.48417,-16.5868,0.0196813,0.00344076,-19.8436,0.349243
124,36,Box,6.64921,-16.717,0.165268,0.0583444,-20.0119,-0.025802
124,37,Box,7.72852,-16.5458,0.179045,0.117897,-19.9083,0.293375
124,38,Box,8.80209,-16.4697,0.0202984,0.0438263,-19.8186,0.431494
124,39,Box,9.9,-16.4568,0,0,-19.6,0
124,40,Box,0,-15.3568,0,0,-19.6,0
124,41,Box,1.1,-15.3568,0,0,-19.6,0
124,42,Box,2.2,-15.3568,0,0,-19.6,0
124,43,Box,3.3,-15.3568,0,0,-19.6,0
124,44,Box,4.38602,-15.4303,-0.102675,-0.0169813,-19.6849,0.054644
124,45,Box,5.47875,-15.568,0.0855643,-0.00525666,-19.8913,0.233888
124,46,Box,6.65662,-15.7356,0.216813,0.00104281,-19.967,0.0972618
124,47,Box,7.75221,-15.5238,0.234494,0.0958376,-19.9141,0.161688
124,48,Box,8.81658,-15.4448,0.130765,0.0597405,-19.8815,0.244213
124,49,Box,9.9,-15.3568,0,0.0307435,-19.7044,0.405451
124,50,Box,0,-14.2568,0,0,-19.6,0
124,51,Box,1.1,-14.2568,0,0,-19.6,0
124,52,Box,2.2,-14.2568,0,0,-19.6,0
124,53,Box,3.3,-14.2568,0,0,-19.6,0
124,54,Box,4.37644,-14.3904,-0.0307019,-0.0281423,-19.8215,0.410972
124,55,Box,5.46101,-14.5622,0.154936,-0.0808371,-19.9159,0.159046
124,56,Box,6.56439,-14.7693,0.275065,-0.173722,-19.9389,0.210974
124,57,Box,7.72656,-14.5345,0.245742,-0.032132,-19.9538,0.0745382
124,58,Box,8.83863,-14.4547,0.167488,0.0189298,-19.8657,0.204595
124,59,Box,9.91014,-14.2793,0.0276157,0.0703845,-19.7562,0.191776
124,60,Box,0,-13.1568,0,0,-19.6,0
124,61,Box,1.1,-13.1568,0,0,-19.6,0
124,62,Box,2.2,-13.1568,0,0,-19.6,0
124,63,Box,3.28897,-13.1591,0.0262848,-0.114921,-19.6236,0.2738
124,64,Box,4.33119,-13.3453,0.0526871,-0.129998,-19.856,0.196652
124,65,Box,5.40232,-13.5583,0.0783435,-0.132717,-20.0427,-0.153946
124,66,Box,6.53719,-13.7359,0.0659557,-0.0710393,-20.0592,-0.106221
124,67,Box,7.80916,-13.5229,0.188131,-0.0264353,-19.9914,-0.122931
124,68,Box,8.8077,-13.4919,0.178133,0.0481826,-20.0427,-0.216142
124,69,Box,9.98003,-13.2613,0.0208174,0.212672,-19.7835,-0.309667
124,70,Box,0,-12.0568,0,0,-19.6,0
124,71,Box,1.1,-12.0568,0,0,-19.6,0
124,72,Box,2.2,-12.0568,0,0,-19.6,0
124,73,Box,3.26909,-12.0669,0.0186946,-0.179229,-19.6767,0.0572022
124,74,Box,4.27295,-12.3267,0.0101059,-0.157369,-19.765,0.146856
124,75,Box,5.30412,-12.578,0.0713375,-0.211663,-20.0572,-0.0674684
124,76,Box,6.81512,-12.686,-0.253513,0.191478,-20.245,-0.458377
124,77,Box,7.90957,-12.5035,0.0736968,0.239301,-20.1011,-0.41093
124,78,Box,8.94632,-12.4567,-0.0146521,0.26767,-20.0992,-0.268705
124,79,Box,10.0091,-12.2007,-0.0522301,0.721665,-19.9332,-1.38212
124,80,Box,-0.183772,-10.918,-0.115438,-0.522144,-19.4849,-0.0359421
124,81,Box,0.82687,-10.9514,-0.115751,-0.519014,-19.6327,0.00536323
124,82,Box,1.81599,-11.0004,-0.109792,-0.481454,-19.7015,0.0776923
124,83,Box,2.80664,-11.0115,-0.110301,-0.469483,-19.6448,0.0659367
124,84,Box,3.81052,-10.9614,-0.109086,-0.505641,-19.6271,-0.0804626
124,85,Box,4.79188,-11.1989,-0.112917,-0.518416,-19.752,0.0323101
124,86,Box,6.15765,-11.6938,0.390042,-0.165377,-20.04,0.00367671
124,87,Box,9.01353,-11.4661,-0.0524658,1.69805,-19.5453,-1.08775
124,88,Box,10.0505,-11.1848,0.214969,2.40643,-20.0065,0.294706
124,89,Box,12.6388,-11.1164,0.0847778,3.93363,-19.8297,0.345428
124,90,Box,-0.785896,-6.84487,2.38492,-0.879204,-16.5893,2.28378
124,91,Box,1.53415,-7.93004,-0.999354,0.487807,-17.6708,-1.31725
124,92,Box,2.13582,-9.56664,-1.03107,-0.254675,-19.0431,-1.26902
124,93,Box,4.10916,-9.78476,-0.0174033,1.05398,-19.5077,0.00815806
124,94,Box,18.1746,1.75158,-18.6791,15.8267,-6.27943,-21.0805
124,95,Box,8.99065,-10.3383,-3.59698,3.48394,-19.3787,-1.37319
124,96,Box,10.3537,-9.98944,-0.157669,3.91621,-20.779,-1.23102
124,97,Box,11.9412,-9.97455,0.431653,5.09591,-19.7788,0.54886
124,98,Box,13.0984,-9.64718,0.274273,5.37154,-19.3198,0.306996
124,99,Box,14.3596,-9.8271,-0.28507,5.74186,-19.5557,-0.465199
124,100,Circle,9.78115,-10.4614,7.7429,1.89225,-19.7881,5.72069
125,0,Box,0,-20.0729,0,0,-19.7568,0
125,1,Box,1.1,-20.0729,0,0,-19.7568,0
125,2,Box,2.2,-20.0729,0,0,-19.7568,0
125,3,Box,3.3,-20.0729,0,0,-19.7568,0
125,4,Box,4.4,-20.0729,0,0,-19.7568,0
125,5,Box,5.5,-20.0729,0,0,-19.7568,0
125,6,Box,6.6,-20.0729,0,0,-19.7568,0
125,7,Box,7.7,-20.0729,0,0,-19.7568,0
125,8,Box,8.8,-20.0729,0,0,-19.7568,0
125,9,Box,9.9,-20.0729,0,0,-19.7568,0
125,10,Box,0,-18.9729,0,0,-19.7568,0
125,11,Box,1.1,-18.9729,0,0,-19.7568,0
125,12,Box,2.2,-18.9729,0,0,-19.7568,0
125,13,Box,3.3,-18.9729,0,0,-19.7568,0
125,14,Box,4.4,-18.9729,0,0,-19.7568,0
125,15,Box,5.5,-18.9729,0,0,-19.7568,0
125,16,Box,6.61031,-19.026,0.0979118,0.0520766,-20.0098,0.496132
125,17,Box,7.7,-18.9729,0,0,-19.7568,0
125,18,Box,8.8,-18.9729,0,0,-19.7568,0
125,19,Box,9.9,-18.9729,0,0,-19.7568,0
125,20,Box,0,-17.8729,0,0,-19.7568,0
125,21,Box,1.1,-17.8729,0,0,-19.7568,0
125,22,Box,2.2,-17.8729,0,0,-19.7568,0
125,23,Box,3.3,-17.8729,0,0,-19.7568,0
125,24,Box,4.4,-17.8729,0,0,-19.7568,0
125,25,Box,5.48978,-17.9366,-0.0680002,-0.0364977,-20.133,0.157601
125,26,Box,6.62992,-18.0157,0.164183,0.0778053,-20.0787,0.226205
125,27,Box,7.70828,-17.9141,0.0786366,0.0540878,-20.0235,0.505938
125,28,Box,8.8,-17.8729,0,0,-19.7568,0
125,29,Box,9.9,-17.8729,0,0,-19.7568,0
125,30,Box,0,-16.7729,0,0,-19.7568,0
125,31,Box,1.1,-16.7729,0,0,-19.7568,0
125,32,Box,2.2,-16.7729,0,0,-19.7568,0
125,33,Box,3.3,-16.7729,0,0,-19.7568,0
125,34,Box,4.39502,-16.7978,-0.0497014,-0.0311019,-19.9123,-0.310634
125,35,Box,5.48422,-16.9068,0.0252692,0.00344076,-20.0004,0.349243
125,36,Box,6.65014,-17.0397,0.164855,0.0583444,-20.1687,-0.025802
125,37,Box,7.7304,-16.8668,0.183739,0.117897,-20.0651,0.293375
125,38,Box,8.80279,-16.7893,0.0272023,0.0438263,-19.9754,0.431494
125,39,Box,9.9,-16.7729,0,0,-19.7568,0
125,40,Box,0,-15.6729,0,0,-19.7568,0
125,41,Box,1.1,-15.6729,0,0,-19.7568,0
125,42,Box,2.2,-15.6729,0,0,-19.7568,0
125,43,Box,3.3,-15.6729,0,0,-19.7568,0
125,44,Box,4.38575,-15.7477,-0.101801,-0.0169813,-19.8417,0.054644
125,45,Box,5.47867,-15.8887,0.0893065,-0.00525666,-20.0481,0.233888
125,46,Box,6.65663,-16.0576,0.218369,0.00104281,-20.1238,0.0972618
125,47,Box,7.75374,-15.8449,0.237081,0.0958376,-20.0709,0.161688
125,48,Box,8.81753,-15.7654,0.134672,0.0597405,-20.0383,0.244213
125,49,Box,9.90049,-15.6746,0.00648722,0.0307435,-19.8612,0.405451
125,50,Box,0,-14.5729,0,0,-19.7568,0
125,51,Box,1.1,-14.5729,0,0,-19.7568,0
125,52,Box,2.2,-14.5729,0,0,-19.7568,0
125,53,Box,3.3,-14.5729,0,0,-19.7568,0
125,54,Box,4.37599,-14.7101,-0.0241264,-0.0281423,-19.9783,0.410972
125,55,Box,5.45972,-14.8834,0.157481,-0.0808371,-20.0727,0.159046
125,56,Box,6.56161,-15.0908,0.27844,-0.173722,-20.0957,0.210974
125,57,Box,7.72605,-14.8562,0.246934,-0.032132,-20.1106,0.0745382
125,58,Box,8.83893,-14.7751,0.170762,0.0189298,-20.0225,0.204595
125,59,Box,9.91126,-14.5979,0.0306841,0.0703845,-19.913,0.191776
125,60,Box,0,-13.4729,0,0,-19.7568,0
125,61,Box,1.1,-13.4729,0,0,-19.7568,0
125,62,Box,2.2,-13.4729,0,0,-19.7568,0
125,63,Box,3.28713,-13.4756,0.0306656,-0.114921,-19.7804,0.2738
125,64,Box,4.32911,-13.6655,0.0558336,-0.129998,-20.0128,0.196652
125,65,Box,5.4002,-13.8814,0.0758803,-0.132717,-20.1995,-0.153946
125,66,Box,6.53605,-14.0594,0.0642562,-0.0710393,-20.216,-0.106221
125,67,Box,7.80874,-13.8452,0.186164,-0.0264353,-20.1482,-0.122931
125,68,Box,8.80847,-13.815,0.174675,0.0481826,-20.1995,-0.216142
125,69,Box,9.98343,-13.5803,0.0158627,0.212672,-19.9403,-0.309667
125,70,Box,0,-12.3729,0,0,-19.7568,0
125,71,Box,1.1,-12.3729,0,0,-19.7568,0
125,72,Box,2.2,-12.3729,0,0,-19.7568,0
125,73,Box,3.26622,-12.3842,0.0196098,-0.179229,-19.8335,0.0572022
125,74,Box,4.27044,-12.6455,0.0124556,-0.157369,-19.9218,0.146856
125,75,Box,5.30074,-12.9014,0.070258,-0.211663,-20.214,-0.0674684
125,76,Box,6.81819,-13.0124,-0.260847,0.191478,-20.4018,-0.458377
125,77,Box,7.9134,-12.8276,0.0671219,0.239301,-20.2579,-0.41093
125,78,Box,8.9506,-12.7808,-0.0189514,0.26767,-20.256,-0.268705
125,79,Box,10.0206,-12.5221,-0.0743441,0.721665,-20.09,-1.38212
125,80,Box,-0.192127,-11.2322,-0.116013,-0.522144,-19.6417,-0.0359421
125,81,Box,0.818565,-11.268,-0.115666,-0.519014,-19.7895,0.00536323
125,82,Box,1.80828,-11.3181,-0.108549,-0.481454,-19.8583,0.0776923
125,83,Box,2.79913,-11.3284,-0.109246,-0.469483,-19.8016,0.0659367
125,84,Box,3.80243,-11.2779,-0.110373,-0.505641,-19.7839,-0.0804626
125,85,Box,4.78359,-11.5175,-0.1124,-0.518416,-19.9088,0.0323101
125,86,Box,6.155,-12.017,0.390101,-0.165377,-20.1968,0.00367671
125,87,Box,9.0407,-11.7813,-0.0698699,1.69805,-19.7021,-1.08775
125,88,Box,10.089,-11.5074,0.219685,2.40643,-20.1633,0.294706
125,89,Box,12.7017,-11.4361,0.0903047,3.93363,-19.9865,0.345428
125,90,Box,-0.799963,-7.11281,2.42146,-0.879204,-16.7461,2.28378
125,91,Box,1.54196,-8.21528,-1.02043,0.487807,-17.8276,-1.31725
125,92,Box,2.13175,-9.87384,-1.05137,-0.254675,-19.1999,-1.26902
125,93,Box,4.12602,-10.0994,-0.0172727,1.05398,-19.6645,0.00815806
125,94,Box,18.4278,1.6486,-19.0164,15.8267,-6.43622,-21.0805
125,95,Box,9.04639,-10.6509,-3.61895,3.48394,-19.5355,-1.37319
125,96,Box,10.4163,-10.3244,-0.177365,3.91621,-20.9358,-1.23102
125,97,Box,12.0227,-10.2935,0.440434,5.09591,-19.9356,0.54886
125,98,Box,13.1844,-9.9588,0.279185,5.37154,-19.4766,0.306996
125,99,Box,14.4514,-10.1425,-0.292513,5.74186,-19.7125,-0.465199
125,100,Circle,9.81142,-10.7805,7.83443,1.89225,-19.9449,5.72069
126,0,Box,0,-20.3915,0,0,-19.9136,0
126,1,Box,1.1,-20.3915,0,0,-19.9136,0
126,2,Box,2.2,-20.3915,0,0,-19.9136,0
126,3,Box,3.3,-20.3915,0,0,-19.9136,0
126,4,Box,4.4,-20.3915,0,0,-19.9136,0
126,5,Box,5.5,-20.3915,0,0,-19.9136,0
126,6,Box,6.6,-20.3915,0,0,-19.9136,0
126,7,Box,7.7,-20.3915,0,0,-19.9136,0
126,8,Box,8.8,-20.3915,0,0,-19.9136,0
126,9,Box,9.9,-20.3915,0,0,-19.9136,0
126,10,Box,0,-19.2915,0,0,-19.9136,0
126,11,Box,1.1,-19.2915,0,0,-19.9136,0
126,12,Box,2.2,-19.2915,0,0,-19.9136,0
126,13,Box,3.3,-19.2915,0,0,-19.9136,0
126,14,Box,4.4,-19.2915,0,0,-19.9136,0
126,15,Box,5.5,-19.2915,0,0,-19.9136,0
126,16,Box,6.61114,-19.3487,0.10585,0.0520766,-20.1666,0.496132
126,17,Box,7.7,-19.2915,0,0,-19.9136,0
126,18,Box,8.8,-19.2915,0,0,-19.9136,0
126,19,Box,9.9,-19.2915,0,0,-19.9136,0
126,20,Box,0,-18.1915,0,0,-19.9136,0
126,21,Box,1.1,-18.1915,0,0,-19.9136,0
126,22,Box,2.2,-18.1915,0,0,-19.9136,0
126,23,Box,3.3,-18.1915,0,0,-19.9136,0
126,24,Box,4.4,-18.1915,0,0,-19.9136,0
126,25,Box,5.4892,-18.2612,-0.0654786,-0.0364977,-20.2898,0.157601
126,26,Box,6.63116,-18.3395,0.167803,0.0778053,-20.2355,0.226205
126,27,Box,7.70914,-18.237,0.0867316,0.0540878,-20.1803,0.505938
126,28,Box,8.8,-18.1915,0,0,-19.9136,0
126,29,Box,9.9,-18.1915,0,0,-19.9136,0
126,30,Box,0,-17.0915,0,0,-19.9136,0
126,31,Box,1.1,-17.0915,0,0,-19.9136,0
126,32,Box,2.2,-17.0915,0,0,-19.9136,0
126,33,Box,3.3,-17.0915,0,0,-19.9136,0
126,34,Box,4.39452,-17.1189,-0.0546715,-0.0311019,-20.0691,-0.310634
126,35,Box,5.48428,-17.2293,0.0308571,0.00344076,-20.1572,0.349243
126,36,Box,6.65108,-17.3649,0.164443,0.0583444,-20.3255,-0.025802
126,37,Box,7.73229,-17.1904,0.188433,0.117897,-20.2219,0.293375
126,38,Box,8.80349,-17.1114,0.0341062,0.0438263,-20.1322,0.431494
126,39,Box,9.9,-17.0915,0,0,-19.9136,0
126,40,Box,0,-15.9915,0,0,-19.9136,0
126,41,Box,1.1,-15.9915,0,0,-19.9136,0
126,42,Box,2.2,-15.9915,0,0,-19.9136,0
126,43,Box,3.3,-15.9915,0,0,-19.9136,0
126,44,Box,4.38547,-16.0677,-0.100927,-0.0169813,-19.9985,0.054644
126,45,Box,5.47858,-16.212,0.0930487,-0.00525666,-20.2049,0.233888
126,46,Box,6.65665,-16.382,0.219925,0.00104281,-20.2806,0.0972618
126,47,Box,7.75528,-16.1685,0.239668,0.0958376,-20.2277,0.161688
126,48,Box,8.81849,-16.0886,0.13858,0.0597405,-20.1951,0.244213
126,49,Box,9.90098,-15.9949,0.0129744,0.0307435,-20.018,0.405451
126,50,Box,0,-14.8915,0,0,-19.9136,0
126,51,Box,1.1,-14.8915,0,0,-19.9136,0
126,52,Box,2.2,-14.8915,0,0,-19.9136,0
126,53,Box,3.3,-14.8915,0,0,-19.9136,0
126,54,Box,4.37554,-15.0323,-0.0175509,-0.0281423,-20.1351,0.410972
126,55,Box,5.45842,-15.207,0.160026,-0.0808371,-20.2295,0.159046
126,56,Box,6.55973,-15.4292,0.281816,-0.173858,-20.2535,0.212518
126,57,Box,7.72553,-15.1805,0.248127,-0.032132,-20.2674,0.0745382
126,58,Box,8.83923,-15.0979,0.174035,0.0189298,-20.1793,0.204595
126,59,Box,9.91239,-14.919,0.0337525,0.0703845,-20.0698,0.191776
126,60,Box,0,-13.7915,0,0,-19.9136,0
126,61,Box,1.1,-13.7915,0,0,-19.9136,0
126,62,Box,2.2,-13.7915,0,0,-19.9136,0
126,63,Box,3.28529,-13.7946,0.0350463,-0.114921,-19.9372,0.2738
126,64,Box,4.32703,-13.9882,0.05898,-0.129998,-20.1696,0.196652
126,65,Box,5.39808,-14.2071,0.0734172,-0.132717,-20.3563,-0.153946
126,66,Box,6.53142,-14.3805,0.0625566,-0.0712449,-20.3724,-0.105963
126,67,Box,7.80832,-14.1701,0.184197,-0.0264353,-20.305,-0.122931
126,68,Box,8.80924,-14.1407,0.171217,0.0481826,-20.3563,-0.216142
126,69,Box,9.98683,-13.9019,0.010908,0.212672,-20.0971,-0.309667
126,70,Box,0,-12.6915,0,0,-19.9136,0
126,71,Box,1.1,-12.6915,0,0,-19.9136,0
126,72,Box,2.2,-12.6915,0,0,-19.9136,0
126,73,Box,3.26336,-12.7041,0.020525,-0.179229,-19.9903,0.0572022
126,74,Box,4.26792,-12.9667,0.0148053,-0.157369,-20.0786,0.146856
126,75,Box,5.29735,-13.2273,0.0691785,-0.211663,-20.3708,-0.0674684
126,76,Box,6.82385,-13.3319,-0.268181,0.191819,-20.5579,-0.458226
126,77,Box,7.91723,-13.1543,0.0605471,0.239301,-20.4147,-0.41093
126,78,Box,8.95489,-13.1074,-0.0232507,0.26767,-20.4128,-0.268705
126,79,Box,10.0295,-12.8742,-0.096458,0.743032,-20.4578,-1.0798
126,80,Box,-0.200481,-11.549,-0.116588,-0.522144,-19.7985,-0.0359421
126,81,Box,0.810261,-11.5871,-0.11558,-0.519014,-19.9463,0.00536323
126,82,Box,1.80058,-11.6384,-0.107306,-0.481454,-20.0151,0.0776923
126,83,Box,2.79161,-11.6477,-0.108191,-0.469483,-19.9584,0.0659367
126,84,Box,3.79434,-11.597,-0.11166,-0.505641,-19.9407,-0.0804626
126,85,Box,4.77529,-11.8385,-0.111883,-0.518416,-20.0656,0.0323101
126,86,Box,6.15236,-12.3426,0.39016,-0.165377,-20.3536,0.00367671
126,87,Box,9.06278,-12.1022,-0.087274,1.69805,-19.8589,-1.08775
126,88,Box,10.1232,-11.7507,0.2244,2.37959,-19.9064,-0.5161
126,89,Box,12.7647,-11.7584,0.0958315,3.93363,-20.1433,0.345428
126,90,Box,-0.814031,-7.38326,2.458,-0.879204,-16.9029,2.28378
126,91,Box,1.54976,-8.50303,-1.04151,0.487807,-17.9844,-1.31725
126,92,Box,2.12767,-10.1835,-1.07168,-0.254675,-19.3567,-1.26902
126,93,Box,4.14289,-10.4165,-0.0171422,1.05398,-19.8213,0.00815806
126,94,Box,18.6811,1.54311,-19.3536,15.8267,-6.59302,-21.0805
126,95,Box,9.16383,-10.9975,-3.64093,3.48394,-19.6923,-1.37319
126,96,Box,10.4012,-10.7377,-0.197061,3.39435,-21.4312,-1.26479
126,97,Box,12.1043,-10.615,0.449216,5.09591,-20.0924,0.54886
126,98,Box,13.2703,-10.2729,0.284097,5.37154,-19.6334,0.306996
126,99,Box,14.5433,-10.4604,-0.299956,5.74186,-19.8692,-0.465199
126,100,Circle,9.87764,-11.0299,7.92596,2.56367,-19.9286,5.52391
127,0,Box,0,-20.7127,0,0,-20.0704,0
127,1,Box,1.1,-20.7127,0,0,-20.0704,0
127,2,Box,2.2,-20.7127,0,0,-20.0704,0
127,3,Box,3.3,-20.7127,0,0,-20.0704,0
127,4,Box,4.4,-20.7127,0,0,-20.0704,0
127,5,Box,5.5,-20.7127,0,0,-20.0704,0
127,6,Box,6.6,-20.7127,0,0.034462,-20.2427,0.342169
127,7,Box,7.7,-20.7127,0,0,-20.0704,0
127,8,Box,8.8,-20.7127,0,0,-20.0704,0
127,9,Box,9.9,-20.7127,0,0,-20.0704,0
127,10,Box,0,-19.6127,0,0,-20.0704,0
127,11,Box,1.1,-19.6127,0,0,-20.0704,0
127,12,Box,2.2,-19.6127,0,0,-20.0704,0
127,13,Box,3.3,-19.6127,0,0,-20.0704,0
127,14,Box,4.4,-19.6127,0,0,-20.0704,0
127,15,Box,5.5,-19.6127,0,0.0117819,-20.1699,-0.307311
127,16,Box,6.61227,-19.6764,0.113788,0.0495314,-20.3037,0.198832
127,17,Box,7.7,-19.6127,0,0,-20.0704,0
127,18,Box,8.8,-19.6127,0,0,-20.0704,0
127,19,Box,9.9,-19.6127,0,0,-20.0704,0
127,20,Box,0,-18.5127,0,0,-20.0704,0
127,21,Box,1.1,-18.5127,0,0,-20.0704,0
127,22,Box,2.2,-18.5127,0,0,-20.0704,0
127,23,Box,3.3,-18.5127,0,0,-20.0704,0
127,24,Box,4.4,-18.5127,0,0,-20.0704,0
127,25,Box,5.48862,-18.5884,-0.062957,-0.0482797,-20.3471,0.399302
127,26,Box,6.63342,-18.6711,0.171422,0.0418076,-20.3619,0.0270873
127,27,Box,7.71001,-18.5624,0.0948266,0.0557388,-20.3426,0.51359
127,28,Box,8.8,-18.5127,0,0,-20.0704,0
127,29,Box,9.9,-18.5127,0,0,-20.0704,0
127,30,Box,0,-17.4127,0,0,-20.0704,0
127,31,Box,1.1,-17.4127,0,0,-20.0704,0
127,32,Box,2.2,-17.4127,0,0,-20.0704,0
127,33,Box,3.3,-17.4127,0,0,-20.0704,0
127,34,Box,4.39403,-17.4425,-0.0596416,-0.0311019,-20.2259,-0.310634
127,35,Box,5.48433,-17.5543,0.036445,0.00415283,-20.317,0.355397
127,36,Box,6.65257,-17.696,0.16403,0.0595363,-20.4466,-0.100502
127,37,Box,7.7345,-17.5181,0.193127,0.118349,-20.3783,0.279818
127,38,Box,8.80429,-17.4383,0.0410101,0.0442203,-20.2907,0.434392
127,39,Box,9.9,-17.4127,0,0,-20.0704,0
127,40,Box,0,-16.3127,0,0,-20.0704,0
127,41,Box,1.1,-16.3127,0,0,-20.0704,0
127,42,Box,2.2,-16.3127,0,0,-20.0704,0
127,43,Box,3.3,-16.3127,0,0,-20.0704,0
127,44,Box,4.3852,-16.3902,-0.100052,-0.0161686,-20.2446,0.350235
127,45,Box,5.47878,-16.5407,0.0967909,-0.00483531,-20.3624,0.230308
127,46,Box,6.65868,-16.715,0.221482,0.00519946,-20.4035,0.0473829
127,47,Box,7.75774,-16.4981,0.242255,0.0938857,-20.3828,0.15043
127,48,Box,8.82016,-16.4176,0.142487,0.0596091,-20.3511,0.239815
127,49,Box,9.90148,-16.3177,0.0194616,0.0307435,-20.1748,0.405451
127,50,Box,0,-15.2127,0,0,-20.0704,0
127,51,Box,1.1,-15.2127,0,0,-20.0704,0
127,52,Box,2.2,-15.2127,0,0,-20.0704,0
127,53,Box,3.3,-15.2127,0,0,-20.0704,0
127,54,Box,4.37509,-15.3569,-0.0109753,-0.028955,-20.2026,0.11576
127,55,Box,5.45736,-15.5374,0.162571,-0.150715,-20.4016,0.1393
127,56,Box,6.55366,-15.7482,0.285216,-0.119363,-20.4332,0.0340024
127,57,Box,7.72564,-15.5124,0.249319,-0.0322828,-20.4208,0.0667074
127,58,Box,8.84067,-15.4291,0.177309,0.0186671,-20.3354,0.20188
127,59,Box,9.91352,-15.2427,0.036821,0.0703845,-20.2266,0.191776
127,60,Box,0,-14.1127,0,0,-20.0704,0
127,61,Box,1.1,-14.1127,0,0,-20.0704,0
127,62,Box,2.2,-14.1127,0,0,-20.0704,0
127,63,Box,3.28345,-14.1161,0.0394271,-0.114921,-20.094,0.2738
127,64,Box,4.32495,-14.3135,0.0621264,-0.129998,-20.3264,0.196652
127,65,Box,5.39544,-14.5282,0.070954,-0.132717,-20.5131,-0.153946
127,66,Box,6.52723,-14.708,0.0608612,-0.0835062,-20.4841,-0.0946927
127,67,Box,7.80657,-14.4974,0.18223,-0.0264353,-20.4618,-0.122931
127,68,Box,8.80781,-14.4669,0.167758,0.0481826,-20.5131,-0.216142
127,69,Box,9.99026,-14.2303,0.00595337,0.175356,-20.4763,-0.860114
127,70,Box,0,-13.0127,0,0,-20.0704,0
127,71,Box,1.1,-13.0127,0,0,-20.0704,0
127,72,Box,2.2,-13.0127,0,0,-20.0704,0
127,73,Box,3.26049,-13.0264,0.0214403,-0.179229,-20.1471,0.0572022
127,74,Box,4.2654,-13.2905,0.017155,-0.157369,-20.2354,0.146856
127,75,Box,5.29396,-13.5558,0.0680991,-0.211663,-20.5276,-0.0674684
127,76,Box,6.82633,-13.6566,-0.275513,0.204775,-20.6653,-0.405988
127,77,Box,7.9243,-13.4732,0.0539722,0.251936,-20.5734,-0.418235
127,78,Box,8.95943,-13.4271,-0.02755,0.26767,-20.5696,-0.268705
127,79,Box,10.0413,-13.1996,-0.113735,0.780347,-20.3922,-0.368755
127,80,Box,-0.208835,-11.8683,-0.117163,-0.522144,-19.9553,-0.0359421
127,81,Box,0.801957,-11.9088,-0.115494,-0.519014,-20.1031,0.00536323
127,82,Box,1.79288,-11.9611,-0.106063,-0.50282,-20.1662,0.0346475
127,83,Box,2.7841,-11.9695,-0.107136,-0.483932,-20.117,0.0681248
127,84,Box,3.78625,-11.9186,-0.112948,-0.469826,-20.1013,0.0269727
127,85,Box,4.767,-12.1621,-0.111366,-0.518416,-20.2224,0.0323101
127,86,Box,6.14897,-12.669,0.390219,-0.165724,-20.5086,0.00153088
127,87,Box,9.08917,-12.4298,-0.104678,1.69805,-20.0157,-1.08775
127,88,Box,10.1612,-12.0717,0.216142,2.37959,-20.0632,-0.5161
127,89,Box,12.8276,-12.0832,0.101358,3.93363,-20.3001,0.345428
127,90,Box,-0.828098,-7.65622,2.49454,-0.879204,-17.0597,2.28378
127,91,Box,1.55757,-8.79329,-1.06258,0.487807,-18.1412,-1.31725
127,92,Box,2.1236,-10.4958,-1.09198,-0.254675,-19.5135,-1.26902
127,93,Box,4.15975,-10.7362,-0.0170117,1.05398,-19.9781,0.00815806
127,94,Box,18.9343,1.43511,-19.6909,15.8267,-6.74982,-21.0805
127,95,Box,9.22035,-11.3077,-3.6629,3.48394,-19.8491,-1.37319
127,96,Box,10.4555,-11.0831,-0.217298,3.39435,-21.588,-1.26479
127,97,Box,12.1858,-10.939,0.457998,5.09591,-20.2492,0.54886
127,98,Box,13.3562,-10.5896,0.289009,5.37154,-19.7902,0.306996
127,99,Box,14.6352,-10.7808,-0.307399,5.74186,-20.026,-0.465199
127,100,Circle,9.91866,-11.3512,8.01434,2.56367,-20.0854,5.52391
128,0,Box,0,-21.0363,0,0,-20.2272,0
128,1,Box,1.1,-21.0363,0,0,-20.2272,0
128,2,Box,2.2,-21.0363,0,0,-20.2272,0
128,3,Box,3.3,-21.0363,0,0,-20.2272,0
128,4,Box,4.4,-21.0363,0,0,-20.2272,0
128,5,Box,5.5,-21.0363,0,0,-20.2272,0
128,6,Box,6.60055,-21.039,0.0054747,0.034462,-20.3995,0.342169
128,7,Box,7.7,-21.0363,0,0,-20.2272,0
128,8,Box,8.8,-21.0363,0,0,-20.2272,0
128,9,Box,9.9,-21.0363,0,0,-20.2272,0
128,10,Box,0,-19.9363,0,0,-20.2272,0
128,11,Box,1.1,-19.9363,0,0,-20.2272,0
128,12,Box,2.2,-19.9363,0,0,-20.2272,0
128,13,Box,3.3,-19.9363,0,0,-20.2272,0
128,14,Box,4.4,-19.9363,0,0,-20.2272,0
128,15,Box,5.50019,-19.9379,-0.00491697,0.0117819,-20.3267,-0.307311
128,16,Box,6.61307,-20.0038,0.116969,0.0495314,-20.4605,0.198832
128,17,Box,7.7,-19.9363,0,0,-20.2272,0
128,18,Box,8.8,-19.9363,0,0,-20.2272,0
128,19,Box,9.9,-19.9363,0,0,-20.2272,0
128,20,Box,0,-18.8363,0,0,-20.2272,0
128,21,Box,1.1,-18.8363,0,0,-20.2272,0
128,22,Box,2.2,-18.8363,0,0,-20.2272,0
128,23,Box,3.3,-18.8363,0,0,-20.2272,0
128,24,Box,4.4,-18.8363,0,0,-20.2272,0
128,25,Box,5.48784,-18.9164,-0.0565681,-0.0482797,-20.5039,0.399302
128,26,Box,6.63409,-18.9994,0.171855,0.0418076,-20.5187,0.0270873
128,27,Box,7.7109,-18.8904,0.103044,0.0557388,-20.4994,0.51359
128,28,Box,8.8,-18.8363,0,0,-20.2272,0
128,29,Box,9.9,-18.8363,0,0,-20.2272,0
128,30,Box,0,-17.7363,0,0,-20.2272,0
128,31,Box,1.1,-17.7363,0,0,-20.2272,0
128,32,Box,2.2,-17.7363,0,0,-20.2272,0
128,33,Box,3.3,-17.7363,0,0,-20.2272,0
128,34,Box,4.39353,-17.7686,-0.0646118,-0.0311019,-20.3827,-0.310634
128,35,Box,5.4844,-17.8819,0.0421313,0.00415283,-20.4738,0.355397
128,36,Box,6.65352,-18.0257,0.162422,0.0595363,-20.6034,-0.100502
128,37,Box,7.73639,-17.8466,0.197604,0.118349,-20.5351,0.279818
128,38,Box,8.805,-17.7655,0.0479604,0.0442203,-20.4475,0.434392
128,39,Box,9.9,-17.7363,0,0,-20.2272,0
128,40,Box,0,-16.6363,0,0,-20.2272,0
128,41,Box,1.1,-16.6363,0,0,-20.2272,0
128,42,Box,2.2,-16.6363,0,0,-20.2272,0
128,43,Box,3.3,-16.6363,0,0,-20.2272,0
128,44,Box,4.38494,-16.7166,-0.0944485,-0.0161686,-20.4014,0.350235
128,45,Box,5.47871,-16.8691,0.100476,-0.00483531,-20.5192,0.230308
128,46,Box,6.65876,-17.0439,0.22224,0.00519946,-20.5603,0.0473829
128,47,Box,7.75924,-16.8267,0.244662,0.0938857,-20.5396,0.15043
128,48,Box,8.82112,-16.7457,0.146324,0.0596091,-20.5079,0.239815
128,49,Box,9.90197,-16.643,0.0259489,0.0307435,-20.3316,0.405451
128,50,Box,0,-15.5363,0,0,-20.2272,0
128,51,Box,1.1,-15.5363,0,0,-20.2272,0
128,52,Box,2.2,-15.5363,0,0,-20.2272,0
128,53,Box,3.3,-15.5363,0,0,-20.2272,0
128,54,Box,4.37463,-15.6827,-0.00912314,-0.028955,-20.3594,0.11576
128,55,Box,5.45495,-15.8664,0.164799,-0.150715,-20.5584,0.1393
128,56,Box,6.55175,-16.0776,0.28576,-0.119363,-20.59,0.0340024
128,57,Box,7.72512,-15.8416,0.250387,-0.0322828,-20.5776,0.0667074
128,58,Box,8.84097,-15.757,0.180539,0.0186671,-20.4922,0.20188
128,59,Box,9.91464,-15.5688,0.0398894,0.0703845,-20.3834,0.191776
128,60,Box,0,-14.4363,0,0,-20.2272,0
128,61,Box,1.1,-14.4363,0,0,-20.2272,0
128,62,Box,2.2,-14.4363,0,0,-20.2272,0
128,63,Box,3.28161,-14.4401,0.0438079,-0.114921,-20.2508,0.2738
128,64,Box,4.32287,-14.6412,0.0652729,-0.129998,-20.4832,0.196652
128,65,Box,5.39332,-14.8589,0.0684909,-0.132717,-20.6699,-0.153946
128,66,Box,6.52589,-15.0383,0.0593462,-0.0835062,-20.6409,-0.0946927
128,67,Box,7.80614,-14.8273,0.180263,-0.0264353,-20.6186,-0.122931
128,68,Box,8.80858,-14.7976,0.1643,0.0481826,-20.6699,-0.216142
128,69,Box,9.99307,-14.5604,-0.00780845,0.175356,-20.6331,-0.860114
128,70,Box,0,-13.3363,0,0,-20.2272,0
128,71,Box,1.1,-13.3363,0,0,-20.2272,0
128,72,Box,2.2,-13.3363,0,0,-20.2272,0
128,73,Box,3.25762,-13.3513,0.0223555,-0.179229,-20.3039,0.0572022
128,74,Box,4.26288,-13.6168,0.0195047,-0.157369,-20.3922,0.146856
128,75,Box,5.29058,-13.8867,0.0670196,-0.211663,-20.6844,-0.0674684
128,76,Box,6.82961,-13.9898,-0.282009,0.204775,-20.8221,-0.405988
128,77,Box,7.92833,-13.8049,0.0472804,0.251936,-20.7302,-0.418235
128,78,Box,8.96371,-13.7587,-0.0318493,0.26767,-20.7264,-0.268705
128,79,Box,10.0538,-13.5284,-0.119635,0.780347,-20.549,-0.368755
128,80,Box,-0.21719,-12.1901,-0.117738,-0.522144,-20.1121,-0.0359421
128,81,Box,0.793653,-12.233,-0.115408,-0.519014,-20.2599,0.00536323
128,82,Box,1.78483,-12.2863,-0.105508,-0.50282,-20.323,0.0346475
128,83,Box,2.77636,-12.2939,-0.106046,-0.483932,-20.2738,0.0681248
128,84,Box,3.77874,-12.2427,-0.112516,-0.469826,-20.2581,0.0269727
128,85,Box,4.7587,-12.4881,-0.110849,-0.518416,-20.3792,0.0323101
128,86,Box,6.14632,-12.9996,0.390243,-0.165724,-20.6654,0.00153088
128,87,Box,9.11634,-12.7526,-0.122082,1.69805,-20.1725,-1.08775
128,88,Box,10.1774,-12.3766,0.207885,2.12035,-20.5547,-0.387278
128,89,Box,12.8905,-12.4105,0.106885,3.93363,-20.4569,0.345428
128,90,Box,-0.842165,-7.93168,2.53108,-0.879204,-17.2165,2.28378
128,91,Box,1.56537,-9.08606,-1.08366,0.487807,-18.298,-1.31725
128,92,Box,2.11952,-10.8105,-1.11229,-0.254675,-19.6703,-1.26902
128,93,Box,4.17661,-11.0583,-0.0168812,1.05398,-20.1349,0.00815806
128,94,Box,19.1875,1.32461,-20.0282,15.8267,-6.90662,-21.0805
128,95,Box,9.35978,-11.6783,-3.68487,3.48394,-20.0059,-1.37319
128,96,Box,10.6484,-11.4225,-0.237534,3.65129,-21.1917,-1.17648
128,97,Box,12.2673,-11.2655,0.46678,5.09591,-20.406,0.54886
128,98,Box,13.4422,-10.9087,0.293921,5.37154,-19.947,0.306996
128,99,Box,14.7271,-11.1037,-0.314842,5.74186,-20.1828,-0.465199
128,100,Circle,9.7046,-11.6453,8.10272,2.56659,-20.5203,5.41307
129,0,Box,0,-21.3624,0,0,-20.384,0
129,1,Box,1.1,-21.3624,0,0,-20.384,0
129,2,Box,2.2,-21.3624,0,0,-20.384,0
129,3,Box,3.3,-21.3624,0,0,-20.384,0
129,4,Box,4.4,-21.3624,0,0,-20.384,0
129,5,Box,5.5,-21.3624,0,0,-20.384,0
129,6,Box,6.6011,-21.3679,0.0109494,0.034462,-20.5563,0.342169
129,7,Box,7.7,-21.3624,0,0,-20.384,0
129,8,Box,8.8,-21.3624,0,0,-20.384,0
129,9,Box,9.9,-21.3624,0,0,-20.384,0
129,10,Box,0,-20.2624,0,0,-20.384,0
129,11,Box,1.1,-20.2624,0,0,-20.384,0
129,12,Box,2.2,-20.2624,0,0,-20.384,0
129,13,Box,3.3,-20.2624,0,0,-20.384,0
129,14,Box,4.4,-20.2624,0,0,-20.384,0
129,15,Box,5.50038,-20.2656,-0.00983395,0.0117819,-20.4835,-0.307311
129,16,Box,6.61386,-20.3337,0.120151,0.0495314,-20.6173,0.198832
129,17,Box,7.7,-20.2624,0,0,-20.384,0
129,18,Box,8.8,-20.2624,0,0,-20.384,0
129,19,Box,9.9,-20.2624,0,0,-20.384,0
129,20,Box,0,-19.1624,0,0,-20.384,0
129,21,Box,1.1,-19.1624,0,0,-20.384,0
129,22,Box,2.2,-19.1624,0,0,-20.384,0
129,23,Box,3.3,-19.1624,0,0,-20.384,0
129,24,Box,4.4,-19.1624,0,0,-20.384,0
129,25,Box,5.48707,-19.247,-0.0501793,-0.0482797,-20.6607,0.399302
129,26,Box,6.63476,-19.3302,0.172289,0.0418076,-20.6755,0.0270873
129,27,Box,7.71179,-19.2209,0.111261,0.0557388,-20.6562,0.51359
129,28,Box,8.8,-19.1624,0,0,-20.384,0
129,29,Box,9.9,-19.1624,0,0,-20.384,0
129,30,Box,0,-18.0624,0,0,-20.384,0
129,31,Box,1.1,-18.0624,0,0,-20.384,0
129,32,Box,2.2,-18.0624,0,0,-20.384,0
129,33,Box,3.3,-18.0624,0,0,-20.384,0
129,34,Box,4.39303,-18.0973,-0.0695819,-0.0311019,-20.5395,-0.310634
129,35,Box,5.48447,-18.212,0.0478177,0.00415283,-20.6306,0.355397
129,36,Box,6.65447,-18.3579,0.160814,0.0595363,-20.7602,-0.100502
129,37,Box,7.73828,-18.1777,0.202081,0.118349,-20.6919,0.279818
129,38,Box,8.80571,-18.0952,0.0549107,0.0442203,-20.6043,0.434392
129,39,Box,9.9,-18.0624,0,0,-20.384,0
129,40,Box,0,-16.9624,0,0,-20.384,0
129,41,Box,1.1,-16.9624,0,0,-20.384,0
129,42,Box,2.2,-16.9624,0,0,-20.384,0
129,43,Box,3.3,-16.9624,0,0,-20.384,0
129,44,Box,4.38468,-17.0455,-0.0888447,-0.0161686,-20.5582,0.350235
129,45,Box,5.47863,-17.1999,0.104161,-0.00483531,-20.676,0.230308
129,46,Box,6.65884,-17.3754,0.222998,0.00519946,-20.7171,0.0473829
129,47,Box,7.76074,-17.1579,0.247069,0.0938857,-20.6964,0.15043
129,48,Box,8.82207,-17.0763,0.150161,0.0596091,-20.6647,0.239815
129,49,Box,9.90246,-16.9708,0.0324361,0.0307435,-20.4884,0.405451
129,50,Box,0,-15.8624,0,0,-20.384,0
129,51,Box,1.1,-15.8624,0,0,-20.384,0
129,52,Box,2.2,-15.8624,0,0,-20.384,0
129,53,Box,3.3,-15.8624,0,0,-20.384,0
129,54,Box,4.37417,-16.0109,-0.00727098,-0.028955,-20.5162,0.11576
129,55,Box,5.45253,-16.1978,0.167028,-0.150715,-20.7152,0.1393
129,56,Box,6.55057,-16.4221,0.286304,-0.119446,-20.7474,0.034888
129,57,Box,7.7246,-16.1734,0.251454,-0.0322828,-20.7344,0.0667074
129,58,Box,8.84126,-16.0874,0.183769,0.0186671,-20.649,0.20188
129,59,Box,9.91577,-15.8974,0.0429578,0.0703845,-20.5402,0.191776
129,60,Box,0,-14.7624,0,0,-20.384,0
129,61,Box,1.1,-14.7624,0,0,-20.384,0
129,62,Box,2.2,-14.7624,0,0,-20.384,0
129,63,Box,3.27977,-14.7666,0.0481887,-0.114921,-20.4076,0.2738
129,64,Box,4.32079,-14.9714,0.0684193,-0.129998,-20.64,0.196652
129,65,Box,5.3912,-15.1921,0.0660278,-0.132717,-20.8267,-0.153946
129,66,Box,6.52127,-15.3671,0.0578311,-0.0834236,-20.7971,-0.0949749
129,67,Box,7.80572,-15.1597,0.178296,-0.0264353,-20.7754,-0.122931
129,68,Box,8.80935,-15.1308,0.160842,0.0481826,-20.8267,-0.216142
129,69,Box,9.99587,-14.8931,-0.0215703,0.175356,-20.7899,-0.860114
129,70,Box,0,-13.6624,0,0,-20.384,0
129,71,Box,1.1,-13.6624,0,0,-20.384,0
129,72,Box,2.2,-13.6624,0,0,-20.384,0
129,73,Box,3.25475,-13.6787,0.0232707,-0.179229,-20.4607,0.0572022
129,74,Box,4.26037,-13.9456,0.0218544,-0.157369,-20.549,0.146856
129,75,Box,5.28719,-14.2202,0.0659401,-0.211663,-20.8412,-0.0674684
129,76,Box,6.83545,-14.3168,-0.288504,0.204775,-20.9789,-0.405988
129,77,Box,7.93236,-14.1391,0.0405887,0.251936,-20.887,-0.418235
129,78,Box,8.96799,-14.0929,-0.0361485,0.26767,-20.8832,-0.268705
129,79,Box,10.0663,-13.8597,-0.125535,0.780347,-20.7058,-0.368755
129,80,Box,-0.225544,-12.5144,-0.118313,-0.522144,-20.2689,-0.0359421
129,81,Box,0.785349,-12.5596,-0.115322,-0.519014,-20.4167,0.00536323
129,82,Box,1.77679,-12.614,-0.104954,-0.50282,-20.4798,0.0346475
129,83,Box,2.76862,-12.6208,-0.104956,-0.483932,-20.4306,0.0681248
129,84,Box,3.77122,-12.5693,-0.112085,-0.469826,-20.4149,0.0269727
129,85,Box,4.75041,-12.8167,-0.110332,-0.518416,-20.536,0.0323101
129,86,Box,6.14366,-13.3328,0.390268,-0.165724,-20.8222,0.00153088
129,87,Box,9.14194,-13.089,-0.139486,1.69805,-20.3293,-1.08775
129,88,Box,10.2284,-12.7182,0.201688,2.12035,-20.7115,-0.387278
129,89,Box,12.9535,-12.7404,0.112412,3.93363,-20.6137,0.345428
129,90,Box,-0.856232,-8.20965,2.56762,-0.879204,-17.3733,2.28378
129,91,Box,1.57318,-9.38134,-1.10473,0.487807,-18.4548,-1.31725
129,92,Box,2.11545,-11.1277,-1.13259,-0.254675,-19.8271,-1.26902
129,93,Box,4.19348,-11.383,-0.0167506,1.05398,-20.2917,0.00815806
129,94,Box,19.4408,1.21159,-20.3655,15.8267,-7.06342,-21.0805
129,95,Box,9.22332,-11.8669,-3.70684,3.04528,-19.9936,-0.973023
129,96,Box,10.6887,-11.7249,-0.256358,3.61316,-21.3299,-1.31348
129,97,Box,12.3489,-11.5945,0.475561,5.09591,-20.5628,0.54886
129,98,Box,13.5281,-11.2304,0.298833,5.37154,-20.1038,0.306996
129,99,Box,14.8189,-11.4292,-0.322286,5.74186,-20.3396,-0.465199
129,100,Circle,9.99366,-12.1695,8.18933,3.17365,-20.916,5.38121
130,0,Box,0,-21.6911,0,0,-20.5408,0
130,1,Box,1.1,-21.6911,0,0,-20.5408,0
130,2,Box,2.2,-21.6911,0,0,-20.5408,0
130,3,Box,3.3,-21.6911,0,0,-20.5408,0
130,4,Box,4.4,-21.6911,0,0,-20.5408,0
130,5,Box,5.5,-21.6911,0,0,-20.5408,0
130,6,Box,6.60165,-21.6994,0.0164241,0.037834,-20.7286,0.371838
130,7,Box,7.7,-21.6911,0,0,-20.5408,0
130,8,Box,8.8,-21.6911,0,0,-20.5408,0
130,9,Box,9.9,-21.6911,0,0,-20.5408,0
130,10,Box,0,-20.5911,0,0,-20.5408,0
130,11,Box,1.1,-20.5911,0,0,-20.5408,0
130,12,Box,2.2,-20.5911,0,0,-20.5408,0
130,13,Box,3.3,-20.5911,0,0,-20.5408,0
130,14,Box,4.4,-20.5911,0,0,-20.5408,0
130,15,Box,5.50057,-20.5959,-0.0147509,0.0117819,-20.6403,-0.307311
130,16,Box,6.61508,-20.6696,0.123332,0.0581548,-20.7947,0.200124
130,17,Box,7.7,-20.5911,0,0.0429123,-20.7554,0.422163
130,18,Box,8.8,-20.5911,0,0,-20.5408,0
130,19,Box,9.9,-20.5911,0,0,-20.5408,0
130,20,Box,0,-19.4911,0,0,-20.5408,0
130,21,Box,1.1,-19.4911,0,0,-20.5408,0
130,22,Box,2.2,-19.4911,0,0,-20.5408,0
130,23,Box,3.3,-19.4911,0,0,-20.5408,0
130,24,Box,4.4,-19.4911,0,0,-20.5408,0
130,25,Box,5.4863,-19.5801,-0.0437905,-0.0482797,-20.8175,0.399302
130,26,Box,6.63648,-19.6693,0.172722,0.044165,-20.8391,0.0519366
130,27,Box,7.71268,-19.5539,0.119479,0.0617775,-20.7888,0.287488
130,28,Box,8.8,-19.4911,0,0,-20.5408,0
130,29,Box,9.9,-19.4911,0,0,-20.5408,0
130,30,Box,0,-18.3911,0,0,-20.5408,0
130,31,Box,1.1,-18.3911,0,0,-20.5408,0
130,32,Box,2.2,-18.3911,0,0,-20.5408,0
130,33,Box,3.3,-18.3911,0,0,-20.5408,0
130,34,Box,4.39253,-18.4284,-0.0745521,-0.0311019,-20.6963,-0.310634
130,35,Box,5.48453,-18.5446,0.053504,0.00440551,-20.7884,0.357356
130,36,Box,6.6559,-18.6955,0.159206,0.0273998,-20.839,0.0435975
130,37,Box,7.74063,-18.5135,0.206558,0.116769,-20.8302,0.0770114
130,38,Box,8.80658,-18.43,0.0618609,0.0449792,-20.7639,0.439236
130,39,Box,9.9,-18.3911,0,0,-20.5408,0
130,40,Box,0,-17.2911,0,0,-20.5408,0
130,41,Box,1.1,-17.2911,0,0,-20.5408,0
130,42,Box,2.2,-17.2911,0,0,-20.5408,0
130,43,Box,3.3,-17.2911,0,0,-20.5408,0
130,44,Box,4.38442,-17.377,-0.083241,-0.0161686,-20.715,0.350235
130,45,Box,5.47891,-17.5365,0.107846,-0.00495448,-20.8323,0.227621
130,46,Box,6.66077,-17.7139,0.223756,0.000180058,-20.8557,0.00595363
130,47,Box,7.76317,-17.4948,0.249475,0.072564,-20.8277,0.0147377
130,48,Box,8.82385,-17.4132,0.153998,0.0597298,-20.821,0.233381
130,49,Box,9.90295,-17.3011,0.0389233,0.0307435,-20.6452,0.405451
130,50,Box,0,-16.1911,0,0,-20.5408,0
130,51,Box,1.1,-16.1911,0,0,-20.5408,0
130,52,Box,2.2,-16.1911,0,0,-20.5408,0
130,53,Box,3.3,-16.1911,0,0,-20.5408,0
130,54,Box,4.3737,-16.3417,-0.00541881,-0.098113,-20.6864,0.16618
130,55,Box,5.45023,-16.5357,0.169257,-0.108526,-20.9044,0.0303948
130,56,Box,6.54531,-16.7479,0.286863,-0.109416,-20.9047,-0.0438786
130,57,Box,7.72447,-16.5121,0.252521,-0.0338841,-20.8605,-0.00535185
130,58,Box,8.84281,-16.428,0.186999,0.0177875,-20.8034,0.193062
130,59,Box,9.91672,-16.2335,0.0460262,0.0703845,-20.697,0.191776
130,60,Box,0,-15.0911,0,0,-20.5408,0
130,61,Box,1.1,-15.0911,0,0,-20.5408,0
130,62,Box,2.2,-15.0911,0,0,-20.5408,0
130,63,Box,3.27794,-15.0956,0.0525695,-0.114921,-20.5644,0.2738
130,64,Box,4.31871,-15.3042,0.0715657,-0.129998,-20.7968,0.196652
130,65,Box,5.38869,-15.5219,0.0635646,-0.130744,-20.9691,-0.114423
130,66,Box,6.51715,-15.702,0.0563115,-0.0914567,-20.9231,-0.0861521
130,67,Box,7.80386,-15.4943,0.176329,-0.0264353,-20.9322,-0.122931
130,68,Box,8.80756,-15.4601,0.157384,0.0481826,-20.9835,-0.216142
130,69,Box,9.99885,-15.2233,-0.0353321,0.175356,-20.9467,-0.860114
130,70,Box,0,-13.9911,0,0,-20.5408,0
130,71,Box,1.1,-13.9911,0,0,-20.5408,0
130,72,Box,2.2,-13.9911,0,-0.0075608,-20.5786,0.0194146
130,73,Box,3.25188,-14.0086,0.024186,-0.195843,-20.6213,0.067985
130,74,Box,4.25785,-14.2769,0.0242041,-0.145627,-20.7031,0.0889527
130,75,Box,5.28372,-14.5549,0.0648606,-0.205706,-20.965,-0.107579
130,76,Box,6.83824,-14.649,-0.295,0.215833,-21.1052,-0.371087
130,77,Box,7.93954,-14.466,0.0338969,0.25815,-21.0448,-0.421055
130,78,Box,8.97242,-14.4229,-0.0404478,0.26767,-21.04,-0.268705
130,79,Box,10.0788,-14.1935,-0.131435,0.780347,-20.8626,-0.368755
130,80,Box,-0.233898,-12.8412,-0.118888,-0.522144,-20.4257,-0.0359421
130,81,Box,0.777044,-12.8888,-0.115237,-0.532973,-20.5748,0.0378195
130,82,Box,1.76874,-12.9442,-0.1044,-0.4813,-20.5975,0.115706
130,83,Box,2.76087,-12.9502,-0.103866,-0.484185,-20.5874,0.0674693
130,84,Box,3.7637,-12.8985,-0.111653,-0.484268,-20.573,0.0501681
130,85,Box,4.74211,-13.1478,-0.109815,-0.503722,-20.6915,-0.0196903
130,86,Box,6.14036,-13.6669,0.390292,-0.162861,-20.9764,0.0047887
130,87,Box,9.16928,-13.4157,-0.15689,1.69805,-20.4861,-1.08775
130,88,Box,10.2356,-12.9693,0.195492,2.12035,-20.8683,-0.387278
130,89,Box,13.0164,-13.0727,0.117939,3.93363,-20.7705,0.345428
130,90,Box,-0.8703,-8.49014,2.60416,-0.879204,-17.5301,2.28378
130,91,Box,1.58098,-9.67912,-1.12581,0.487807,-18.6116,-1.31725
130,92,Box,2.11137,-11.4475,-1.15289,-0.254675,-19.9839,-1.26902
130,93,Box,4.21034,-11.7102,-0.0166201,1.05398,-20.4485,0.00815806
130,94,Box,19.694,1.09607,-20.7028,15.8267,-7.22022,-21.0805
130,95,Box,9.30737,-12.2125,-3.72241,3.25167,-20.3539,-1.41376
130,96,Box,10.6903,-12.1167,-0.277374,3.48531,-21.5823,-1.22297
130,97,Box,12.4304,-11.926,0.484343,5.09591,-20.7196,0.54886
130,98,Box,13.6141,-11.5546,0.303745,5.37154,-20.2606,0.306996
130,99,Box,14.9108,-11.7571,-0.329729,5.74186,-20.4964,-0.465199
130,100,Circle,10.1051,-12.5214,8.27543,3.07366,-20.6921,5.15577
131,0,Box,0,-22.0222,0,0,-20.6976,0
131,1,Box,1.1,-22.0222,0,0,-20.6976,0
131,2,Box,2.2,-22.0222,0,0,-20.6976,0
131,3,Box,3.3,-22.0222,0,0,-20.6976,0
131,4,Box,4.4,-22.0222,0,0,-20.6976,0
131,5,Box,5.5,-22.0222,0,0,-20.6976,0
131,6,Box,6.60226,-22.0335,0.0223735,0.037834,-20.8854,0.371838
131,7,Box,7.7,-22.0222,0,0,-20.6976,0
131,8,Box,8.8,-22.0222,0,0,-20.6976,0
131,9,Box,9.9,-22.0222,0,0,-20.6976,0
131,10,Box,0,-20.9222,0,0,-20.6976,0
131,11,Box,1.1,-20.9222,0,0,-20.6976,0
131,12,Box,2.2,-20.9222,0,0,-20.6976,0
131,13,Box,3.3,-20.9222,0,0,-20.6976,0
131,14,Box,4.4,-20.9222,0,0,-20.6976,0
131,15,Box,5.50075,-20.9286,-0.0196679,0.0117819,-20.7971,-0.307311
131,16,Box,6.61601,-21.0048,0.126534,0.0581548,-20.9515,0.200124
131,17,Box,7.70069,-20.9257,0.00675461,0.0429123,-20.9121,0.422163
131,18,Box,8.8,-20.9222,0,0,-20.6976,0
131,19,Box,9.9,-20.9222,0,0,-20.6976,0
131,20,Box,0,-19.8222,0,0,-20.6976,0
131,21,Box,1.1,-19.8222,0,0,-20.6976,0
131,22,Box,2.2,-19.8222,0,0,-20.6976,0
131,23,Box,3.3,-19.8222,0,0,-20.6976,0
131,24,Box,4.4,-19.8222,0,0,-20.6976,0
131,25,Box,5.48553,-19.9157,-0.0374016,-0.0482797,-20.9743,0.399302
131,26,Box,6.63718,-20.0052,0.173553,0.044165,-20.9959,0.0519366
131,27,Box,7.71367,-19.889,0.124079,0.0617775,-20.9456,0.287488
131,28,Box,8.8,-19.8222,0,0,-20.6976,0
131,29,Box,9.9,-19.8222,0,0,-20.6976,0
131,30,Box,0,-18.7222,0,0,-20.6976,0
131,31,Box,1.1,-18.7222,0,0,-20.6976,0
131,32,Box,2.2,-18.7222,0,0,-20.6976,0
131,33,Box,3.3,-18.7222,0,0,-20.6976,0
131,34,Box,4.39204,-18.7621,-0.0795222,-0.0311019,-20.8531,-0.310634
131,35,Box,5.4846,-18.8797,0.0592217,0.00440551,-20.9452,0.357356
131,36,Box,6.65633,-19.0314,0.159903,0.0273998,-20.9958,0.0435975
131,37,Box,7.7425,-18.8493,0.20779,0.116769,-20.987,0.0770114
131,38,Box,8.8073,-18.7648,0.0688887,0.0449792,-20.9207,0.439236
131,39,Box,9.9,-18.7222,0,0,-20.6976,0
131,40,Box,0,-17.6222,0,0,-20.6976,0
131,41,Box,1.1,-17.6222,0,0,-20.6976,0
131,42,Box,2.2,-17.6222,0,0,-20.6976,0
131,43,Box,3.3,-17.6222,0,0,-20.6976,0
131,44,Box,4.38417,-17.7109,-0.0776372,-0.0161686,-20.8718,0.350235
131,45,Box,5.47883,-17.8723,0.111488,-0.00495448,-20.9891,0.227621
131,46,Box,6.66077,-18.0501,0.223851,0.000180058,-21.0125,0.00595363
131,47,Box,7.76433,-17.8305,0.249711,0.072564,-20.9845,0.0147377
131,48,Box,8.82481,-17.7488,0.157732,0.0597298,-20.9778,0.233381
131,49,Box,9.90345,-17.6339,0.0454105,0.0307435,-20.802,0.405451
131,50,Box,0,-16.5222,0,0,-20.6976,0
131,51,Box,1.1,-16.5222,0,0,-20.6976,0
131,52,Box,2.2,-16.5222,0,0,-20.6976,0
131,53,Box,3.3,-16.5222,0,0,-20.6976,0
131,54,Box,4.37213,-16.6752,-0.00275994,-0.098113,-20.8432,0.16618
131,55,Box,5.44849,-16.8727,0.169743,-0.108526,-21.0612,0.0303948
131,56,Box,6.54356,-17.0849,0.286161,-0.109416,-21.0615,-0.0438786
131,57,Box,7.72393,-16.8484,0.252436,-0.0338841,-21.0173,-0.00535185
131,58,Box,8.8431,-16.7634,0.190088,0.0177875,-20.9602,0.193062
131,59,Box,9.91785,-16.5672,0.0490946,0.0703845,-20.8538,0.191776
131,60,Box,0,-15.4222,0,0,-20.6976,0
131,61,Box,1.1,-15.4222,0,0,-20.6976,0
131,62,Box,2.2,-15.4222,0,0,-20.6976,0
131,63,Box,3.2761,-15.4272,0.0569503,-0.114921,-20.7212,0.2738
131,64,Box,4.31663,-15.6394,0.0747121,-0.129998,-20.9536,0.196652
131,65,Box,5.3866,-15.8599,0.0617338,-0.130744,-21.1259,-0.114423
131,66,Box,6.51568,-16.0393,0.054933,-0.0914567,-21.0799,-0.0861521
131,67,Box,7.80344,-15.8318,0.174362,-0.0264353,-21.089,-0.122931
131,68,Box,8.80833,-15.7984,0.153925,0.0481826,-21.1403,-0.216142
131,69,Box,10.0017,-15.561,-0.0490939,0.175356,-21.1035,-0.860114
131,70,Box,0,-14.3222,0,0,-20.6976,0
131,71,Box,1.1,-14.3222,0,0,-20.6976,0
131,72,Box,2.19988,-14.3228,0.000310634,-0.0075608,-20.7354,0.0194146
131,73,Box,3.24875,-14.341,0.0252737,-0.195843,-20.7781,0.067985
131,74,Box,4.25552,-14.6106,0.0256273,-0.145627,-20.8599,0.0889527
131,75,Box,5.28043,-14.8929,0.0631393,-0.205706,-21.1218,-0.107579
131,76,Box,6.84169,-14.9892,-0.300938,0.215833,-21.262,-0.371087
131,77,Box,7.94367,-14.8053,0.02716,0.25815,-21.2016,-0.421055
131,78,Box,8.9767,-14.762,-0.0447471,0.26767,-21.1968,-0.268705
131,79,Box,10.0913,-14.5298,-0.137335,0.780347,-21.0194,-0.368755
131,80,Box,-0.242252,-13.1705,-0.119463,-0.522144,-20.5825,-0.0359421
131,81,Box,0.768517,-13.2205,-0.114631,-0.532973,-20.7316,0.0378195
131,82,Box,1.76104,-13.2762,-0.102548,-0.4813,-20.7543,0.115706
131,83,Box,2.75313,-13.2821,-0.102786,-0.484185,-20.7442,0.0674693
131,84,Box,3.75595,-13.2301,-0.11085,-0.484268,-20.7298,0.0501681
131,85,Box,4.73405,-13.4814,-0.11013,-0.503722,-20.8483,-0.0196903
131,86,Box,6.13775,-14.005,0.390369,-0.162861,-21.1332,0.0047887
131,87,Box,9.19645,-13.746,-0.174294,1.69805,-20.6429,-1.08775
131,88,Box,10.2695,-13.3057,0.189295,2.12035,-21.0251,-0.387278
131,89,Box,13.0794,-13.4075,0.123466,3.93363,-20.9273,0.345428
131,90,Box,-0.884367,-8.77313,2.64071,-0.879204,-17.6869,2.28378
131,91,Box,1.58879,-9.97941,-1.14689,0.487807,-18.7684,-1.31725
131,92,Box,2.1073,-11.7697,-1.1732,-0.254675,-20.1407,-1.26902
131,93,Box,4.22721,-12.0399,-0.0164896,1.05398,-20.6053,0.00815806
131,94,Box,19.9472,0.978038,-21.0401,15.8267,-7.37702,-21.0805
131,95,Box,9.3594,-12.5406,-3.74503,3.25167,-20.5107,-1.41376
131,96,Box,10.7461,-12.4646,-0.296941,3.48531,-21.7391,-1.22297
131,97,Box,12.5119,-12.26,0.493125,5.09591,-20.8764,0.54886
131,98,Box,13.7,-11.8812,0.308657,5.37154,-20.4174,0.306996
131,99,Box,15.0027,-12.0876,-0.337172,5.74186,-20.6532,-0.465199
131,100,Circle,10.1543,-12.855,8.35792,3.07366,-20.8489,5.15577
132,0,Box,0,-22.3559,0,0,-20.8544,0
132,1,Box,1.1,-22.3559,0,0,-20.8544,0
132,2,Box,2.2,-22.3559,0,0,-20.8544,0
132,3,Box,3.3,-22.3559,0,0,-20.8544,0
132,4,Box,4.4,-22.3559,0,0,-20.8544,0
132,5,Box,5.5,-22.3559,0,0,-20.8544,0
132,6,Box,6.60286,-22.3702,0.0283229,0.037834,-21.0422,0.371838
132,7,Box,7.7,-22.3559,0,0,-20.8544,0
132,8,Box,8.8,-22.3559,0,0,-20.8544,0
132,9,Box,9.9,-22.3559,0,0,-20.8544,0
132,10,Box,0,-21.2559,0,0,-20.8544,0
132,11,Box,1.1,-21.2559,0,0,-20.8544,0
132,12,Box,2.2,-21.2559,0,0,-20.8544,0
132,13,Box,3.3,-21.2559,0,0,-20.8544,0
132,14,Box,4.4,-21.2559,0,0,-20.8544,0
132,15,Box,5.50094,-21.2639,-0.0245849,0.0117819,-20.9539,-0.307311
132,16,Box,6.61694,-21.3425,0.129736,0.0581548,-21.1083,0.200124
132,17,Box,7.70137,-21.2628,0.0135092,0.0429123,-21.0689,0.422163
132,18,Box,8.8,-21.2559,0,0,-20.8544,0
132,19,Box,9.9,-21.2559,0,0,-20.8544,0
132,20,Box,0,-20.1559,0,0,-20.8544,0
132,21,Box,1.1,-20.1559,0,0,-20.8544,0
132,22,Box,2.2,-20.1559,0,0,-20.8544,0
132,23,Box,3.3,-20.1559,0,0,-20.8544,0
132,24,Box,4.4,-20.1559,0,0,-20.8544,0
132,25,Box,5.48475,-20.2538,-0.0310128,-0.0482797,-21.1311,0.399302
132,26,Box,6.63789,-20.3437,0.174384,0.044165,-21.1527,0.0519366
132,27,Box,7.71466,-20.2267,0.128679,0.0617775,-21.1024,0.287488
132,28,Box,8.8,-20.1559,0,0,-20.8544,0
132,29,Box,9.9,-20.1559,0,0,-20.8544,0
132,30,Box,0,-19.0559,0,0,-20.8544,0
132,31,Box,1.1,-19.0559,0,0,-20.8544,0
132,32,Box,2.2,-19.0559,0,0,-20.8544,0
132,33,Box,3.3,-19.0559,0,0,-20.8544,0
132,34,Box,4.39154,-19.0982,-0.0844923,-0.0311019,-21.0099,-0.310634
132,35,Box,5.48467,-19.2174,0.0649394,0.00440551,-21.102,0.357356
132,36,Box,6.65677,-19.3698,0.160601,0.0273998,-21.1526,0.0435975
132,37,Box,7.74437,-19.1876,0.209023,0.116769,-21.1438,0.0770114
132,38,Box,8.80802,-19.102,0.0759165,0.0449792,-21.0775,0.439236
132,39,Box,9.9,-19.0559,0,0,-20.8544,0
132,40,Box,0,-17.9559,0,0,-20.8544,0
132,41,Box,1.1,-17.9559,0,0,-20.8544,0
132,42,Box,2.2,-17.9559,0,0,-20.8544,0
132,43,Box,3.3,-17.9559,0,0,-20.8544,0
132,44,Box,4.38391,-18.0474,-0.0720334,-0.0161686,-21.0286,0.350235
132,45,Box,5.47875,-18.2107,0.11513,-0.00495448,-21.1459,0.227621
132,46,Box,6.66077,-18.3888,0.223947,0.000180058,-21.1693,0.00595363
132,47,Box,7.76549,-18.1688,0.249947,0.072564,-21.1413,0.0147377
132,48,Box,8.82576,-18.087,0.161466,0.0597298,-21.1346,0.233381
132,49,Box,9.90394,-17.9693,0.0518977,0.0307435,-20.9588,0.405451
132,50,Box,0,-16.8559,0,0,-20.8544,0
132,51,Box,1.1,-16.8559,0,0,-20.8544,0
132,52,Box,2.2,-16.8559,0,0,-20.8544,0
132,53,Box,3.3,-16.8559,0,0,-20.8544,0
132,54,Box,4.37056,-17.0112,-0.00010106,-0.098113,-21,0.16618
132,55,Box,5.44675,-17.2122,0.17023,-0.108526,-21.218,0.0303948
132,56,Box,6.54239,-17.4352,0.285458,-0.109484,-21.2187,-0.0431744
132,57,Box,7.72338,-17.1872,0.25235,-0.0338841,-21.1741,-0.00535185
132,58,Box,8.84338,-17.1013,0.193177,0.0177875,-21.117,0.193062
132,59,Box,9.91897,-16.9033,0.052163,0.0703845,-21.0106,0.191776
132,60,Box,0,-15.7559,0,0,-20.8544,0
132,61,Box,1.1,-15.7559,0,0,-20.8544,0
132,62,Box,2.2,-15.7559,0,0,-20.8544,0
132,63,Box,3.27426,-15.7612,0.0613311,-0.114921,-20.878,0.2738
132,64,Box,4.31455,-15.9772,0.0778586,-0.129998,-21.1104,0.196652
132,65,Box,5.38451,-16.2004,0.0599031,-0.130744,-21.2827,-0.114423
132,66,Box,6.51128,-16.3757,0.0535546,-0.0913885,-21.2362,-0.0863502
132,67,Box,7.80301,-16.1717,0.172395,-0.0264353,-21.2458,-0.122931
132,68,Box,8.8091,-16.1391,0.150467,0.0481826,-21.2971,-0.216142
132,69,Box,10.0045,-15.9011,-0.0628557,0.175356,-21.2603,-0.860114
132,70,Box,0,-14.6559,0,0,-20.8544,0
132,71,Box,1.1,-14.6559,0,0,-20.8544,0
132,72,Box,2.19976,-14.6571,0.000621267,-0.0075608,-20.8922,0.0194146
132,73,Box,3.24562,-14.676,0.0263615,-0.195843,-20.9349,0.067985
132,74,Box,4.25319,-14.9469,0.0270506,-0.145627,-21.0167,0.0889527
132,75,Box,5.27714,-15.2333,0.061418,-0.205706,-21.2786,-0.107579
132,76,Box,6.84751,-15.3245,-0.306875,0.215833,-21.4188,-0.371087
132,77,Box,7.9478,-15.147,0.0204232,0.25815,-21.3584,-0.421055
132,78,Box,8.98098,-15.1037,-0.0490464,0.26767,-21.3536,-0.268705
132,79,Box,10.1038,-14.8687,-0.143235,0.780347,-21.1762,-0.368755
132,80,Box,-0.250607,-13.5023,-0.120038,-0.522144,-20.7393,-0.0359421
132,81,Box,0.759989,-13.5547,-0.114026,-0.532973,-20.8884,0.0378195
132,82,Box,1.75334,-13.6108,-0.100697,-0.4813,-20.9111,0.115706
132,83,Box,2.74538,-13.6165,-0.101707,-0.484185,-20.901,0.0674693
132,84,Box,3.7482,-13.5643,-0.110048,-0.484268,-20.8866,0.0501681
132,85,Box,4.72599,-13.8174,-0.110445,-0.503722,-21.0051,-0.0196903
132,86,Box,6.13515,-14.3456,0.390445,-0.162861,-21.29,0.0047887
132,87,Box,9.22362,-14.0788,-0.191698,1.69805,-20.7997,-1.08775
132,88,Box,10.3108,-13.8417,0.183099,2.12195,-21.1859,-0.389225
132,89,Box,13.1423,-13.7449,0.128993,3.93363,-21.0841,0.345428
132,90,Box,-0.898434,-9.05863,2.67725,-0.879204,-17.8437,2.28378
132,91,Box,1.59659,-10.2822,-1.16796,0.487807,-18.9252,-1.31725
132,92,Box,2.10323,-12.0945,-1.1935,-0.254675,-20.2975,-1.26902
132,93,Box,4.24407,-12.3721,-0.016359,1.05398,-20.7621,0.00815806
132,94,Box,20.2004,0.857497,-21.3774,15.8267,-7.53382,-21.0805
132,95,Box,9.40877,-12.8694,-3.76765,3.25167,-20.6675,-1.41376
132,96,Box,10.8219,-12.7537,-0.316509,3.48531,-21.8959,-1.22297
132,97,Box,12.5935,-12.5966,0.501907,5.09591,-21.0332,0.54886
132,98,Box,13.786,-12.2104,0.313569,5.37154,-20.5742,0.306996
132,99,Box,15.0945,-12.4205,-0.344615,5.74186,-20.81,-0.465199
132,100,Circle,10.1719,-13.0206,8.44042,3.07163,-21.0006,5.15577
133,0,Box,0,-22.6921,0,0,-21.0112,0
133,1,Box,1.1,-22.6921,0,0,-21.0112,0
133,2,Box,2.2,-22.6921,0,0,-21.0112,0
133,3,Box,3.3,-22.6921,0,0,-21.0112,0
133,4,Box,4.4,-22.6921,0,0,-21.0112,0
133,5,Box,5.5,-22.6921,0,0,-21.0112,0
133,6,Box,6.60348,-22.7098,0.0342724,0.0387446,-21.2029,0.378908
133,7,Box,7.7,-22.6921,0,0,-21.0112,0
133,8,Box,8.8,-22.6921,0,0,-21.0112,0
133,9,Box,9.9,-22.6921,0,0,-21.0112,0
133,10,Box,0,-21.5921,0,0,-21.0112,0
133,11,Box,1.1,-21.5921,0,0,-21.0112,0
133,12,Box,2.2,-21.5921,0,0,-21.0112,0
133,13,Box,3.3,-21.5921,0,0,-21.0112,0
133,14,Box,4.4,-21.5921,0,0,-21.0112,0
133,15,Box,5.50113,-21.6017,-0.0295018,0.0117819,-21.1107,-0.307311
133,16,Box,6.61842,-21.6866,0.132938,0.0589779,-21.2663,0.19442
133,17,Box,7.70206,-21.6024,0.0202638,0.0429123,-21.2257,0.422163
133,18,Box,8.8,-21.5921,0,0,-21.0112,0
133,19,Box,9.9,-21.5921,0,0,-21.0112,0
133,20,Box,0,-20.4921,0,0,-21.0112,0
133,21,Box,1.1,-20.4921,0,0,-21.0112,0
133,22,Box,2.2,-20.4921,0,0,-21.0112,0
133,23,Box,3.3,-20.4921,0,0,-21.0112,0
133,24,Box,4.4,-20.4921,0,0,-21.0112,0
133,25,Box,5.48398,-20.5944,-0.024624,-0.0482797,-21.2879,0.399302
133,26,Box,6.63942,-20.6889,0.175215,0.0437451,-21.3088,0.0487763
133,27,Box,7.71565,-20.5668,0.133278,0.0617775,-21.2592,0.287488
133,28,Box,8.8,-20.4921,0,0,-21.0112,0
133,29,Box,9.9,-20.4921,0,0,-21.0112,0
133,30,Box,0,-19.3921,0,0,-21.0112,0
133,31,Box,1.1,-19.3921,0,0,-21.0112,0
133,32,Box,2.2,-19.3921,0,0,-21.0112,0
133,33,Box,3.3,-19.3921,0,0,-21.0112,0
133,34,Box,4.39104,-19.4369,-0.0894625,-0.0311019,-21.1667,-0.310634
133,35,Box,5.48475,-19.5575,0.0706571,0.00483842,-21.2604,0.360379
133,36,Box,6.6579,-19.715,0.161298,0.0262986,-21.3121,0.0356045
133,37,Box,7.74671,-19.5306,0.210255,0.116769,-21.3006,0.0770114
133,38,Box,8.80899,-19.4448,0.0829443,0.0459031,-21.2375,0.44437
133,39,Box,9.9,-19.3921,0,0,-21.0112,0
133,40,Box,0,-18.2921,0,0,-21.0112,0
133,41,Box,1.1,-18.2921,0,0,-21.0112,0
133,42,Box,2.2,-18.2921,0,0,-21.0112,0
133,43,Box,3.3,-18.2921,0,0,-21.0112,0
133,44,Box,4.38365,-18.3864,-0.0664297,-0.0161686,-21.1854,0.350235
133,45,Box,5.47906,-18.5548,0.118771,-0.00538739,-21.3011,0.222043
133,46,Box,6.66229,-18.733,0.224042,0.00012743,-21.325,0.00544591
133,47,Box,7.76765,-18.5131,0.250183,0.072564,-21.2981,0.0147377
133,48,Box,8.82772,-18.4321,0.165201,0.059441,-21.2899,0.224538
133,49,Box,9.90443,-18.3071,0.0583849,0.0307435,-21.1156,0.405451
133,50,Box,0,-17.1921,0,0,-21.0112,0
133,51,Box,1.1,-17.1921,0,0,-21.0112,0
133,52,Box,2.2,-17.1921,0,0,-21.0112,0
133,53,Box,3.3,-17.1921,0,0,-21.0112,0
133,54,Box,4.36899,-17.3497,0.00255782,-0.0982016,-21.1912,0.268895
133,55,Box,5.44498,-17.557,0.170716,-0.108532,-21.3748,0.0304821
133,56,Box,6.5374,-17.7682,0.284768,-0.110473,-21.3752,-0.0475288
133,57,Box,7.72306,-17.5325,0.252264,-0.0338841,-21.3309,-0.00535185
133,58,Box,8.84461,-17.449,0.196266,0.0171525,-21.2721,0.186876
133,59,Box,9.91919,-17.2538,0.0552314,0.0703845,-21.1674,0.191776
133,60,Box,0,-16.0921,0,0,-21.0112,0
133,61,Box,1.1,-16.0921,0,0,-21.0112,0
133,62,Box,2.2,-16.0921,0,0,-21.0112,0
133,63,Box,3.27242,-16.0978,0.0657119,-0.114921,-21.0348,0.2738
133,64,Box,4.31247,-16.3175,0.081005,-0.12991,-21.2328,0.106157
133,65,Box,5.38222,-16.54,0.0580723,-0.13075,-21.4396,-0.114245
133,66,Box,6.50733,-16.7179,0.052173,-0.0922905,-21.3904,-0.0851642
133,67,Box,7.80104,-16.5137,0.170428,-0.0264353,-21.4026,-0.122931
133,68,Box,8.80724,-16.4756,0.147009,0.0481826,-21.4539,-0.216142
133,69,Box,10.0082,-16.232,-0.0766175,0.175356,-21.4171,-0.860114
133,70,Box,0,-14.9921,0,0,-21.0112,0
133,71,Box,1.1,-14.9921,0,0,-21.0112,0
133,72,Box,2.19964,-14.9939,0.000931901,-0.0075608,-21.049,0.0194146
133,73,Box,3.24248,-15.0134,0.0274492,-0.195843,-21.0917,0.067985
133,74,Box,4.25086,-15.2857,0.0284738,-0.145935,-21.1736,0.0890731
133,75,Box,5.27369,-15.5736,0.0596968,-0.205385,-21.4352,-0.108754
133,76,Box,6.85039,-15.6643,-0.312812,0.212047,-21.5715,-0.35533
133,77,Box,7.955,-15.4819,0.0136863,0.263667,-21.5162,-0.422903
133,78,Box,8.9857,-15.4397,-0.0533457,0.26767,-21.5104,-0.268705
133,79,Box,10.1134,-15.2291,-0.149135,0.987892,-21.4224,-0.851763
133,80,Box,-0.258961,-13.8367,-0.120613,-0.522144,-20.8961,-0.0359421
133,81,Box,0.751462,-13.8914,-0.113421,-0.532973,-21.0452,0.0378195
133,82,Box,1.74564,-13.9479,-0.0988457,-0.498767,-21.0696,0.0636454
133,83,Box,2.73763,-13.9535,-0.100627,-0.488647,-21.0582,0.0515759
133,84,Box,3.74046,-13.901,-0.109245,-0.482722,-21.043,0.0291893
133,85,Box,4.71793,-14.156,-0.11076,-0.483336,-21.1602,0.0108955
133,86,Box,6.13206,-14.6876,0.390522,-0.162861,-21.4468,0.0047887
133,87,Box,9.24669,-14.4148,-0.209102,1.49051,-20.8672,-1.13191
133,88,Box,10.3449,-14.1251,0.176871,2.12228,-21.3263,-0.396607
133,89,Box,13.2052,-14.0847,0.134519,3.93363,-21.2409,0.345428
133,90,Box,-0.912501,-9.34664,2.71379,-0.879204,-18.0005,2.28378
133,91,Box,1.6044,-10.5875,-1.18904,0.487807,-19.082,-1.31725
133,92,Box,2.09915,-12.4217,-1.21381,-0.254675,-20.4543,-1.26902
133,93,Box,4.26093,-12.7068,-0.0162285,1.05398,-20.9189,0.00815806
133,94,Box,20.4537,0.734447,-21.7147,15.8267,-7.69062,-21.0805
133,95,Box,9.51959,-13.2472,-3.79027,3.25167,-20.8243,-1.41376
133,96,Box,10.7672,-13.0679,-0.336076,3.43927,-22.0255,-1.39758
133,97,Box,12.675,-12.9356,0.510688,5.09591,-21.19,0.54886
133,98,Box,13.8719,-12.5421,0.318481,5.37154,-20.731,0.306996
133,99,Box,15.1864,-12.756,-0.352058,5.74186,-20.9668,-0.465199
133,100,Circle,10.2956,-13.4002,8.52291,3.12983,-21.2128,5.141
134,0,Box,0,-23.0308,0,0,-21.168,0
134,1,Box,1.1,-23.0308,0,0,-21.168,0
134,2,Box,2.2,-23.0308,0,0,-21.168,0
134,3,Box,3.3,-23.0308,0,0,-21.168,0
134,4,Box,4.4,-23.0308,0,0,-21.168,0
134,5,Box,5.5,-23.0308,0,0,-21.168,0
134,6,Box,6.6041,-23.0515,0.0403349,0.0387446,-21.3597,0.378908
134,7,Box,7.7,-23.0308,0,0,-21.168,0
134,8,Box,8.8,-23.0308,0,0,-21.168,0
134,9,Box,9.9,-23.0308,0,0,-21.168,0
134,10,Box,0,-21.9308,0,0,-21.168,0
134,11,Box,1.1,-21.9308,0,0,-21.168,0
134,12,Box,2.2,-21.9308,0,0,-21.168,0
134,13,Box,3.3,-21.9308,0,0,-21.168,0
134,14,Box,4.4,-21.9308,0,0,-21.168,0
134,15,Box,5.50132,-21.9419,-0.0344188,0.0117819,-21.2675,-0.307311
134,16,Box,6.61937,-22.0293,0.136049,0.0589779,-21.4231,0.19442
134,17,Box,7.70275,-21.9445,0.0270185,0.0429123,-21.3825,0.422163
134,18,Box,8.8,-21.9308,0,0,-21.168,0
134,19,Box,9.9,-21.9308,0,0,-21.168,0
134,20,Box,0,-20.8308,0,0,-21.168,0
134,21,Box,1.1,-20.8308,0,0,-21.168,0
134,22,Box,2.2,-20.8308,0,0,-21.168,0
134,23,Box,3.3,-20.8308,0,0,-21.168,0
134,24,Box,4.4,-20.8308,0,0,-21.168,0
134,25,Box,5.48321,-20.9375,-0.0182352,-0.0482797,-21.4447,0.399302
134,26,Box,6.64012,-21.0324,0.175995,0.0437451,-21.4656,0.0487763
134,27,Box,7.71664,-20.9095,0.137878,0.0617775,-21.416,0.287488
134,28,Box,8.8,-20.8308,0,0,-21.168,0
134,29,Box,9.9,-20.8308,0,0,-21.168,0
134,30,Box,0,-19.7308,0,0,-21.168,0
134,31,Box,1.1,-19.7308,0,0,-21.168,0
134,32,Box,2.2,-19.7308,0,0,-21.168,0
134,33,Box,3.3,-19.7308,0,0,-21.168,0
134,34,Box,4.39054,-19.7781,-0.0944326,-0.0311019,-21.3235,-0.310634
134,35,Box,5.48482,-19.9002,0.0764232,0.00483842,-21.4172,0.360379
134,36,Box,6.65832,-20.0585,0.161868,0.0262986,-21.4689,0.0356045
134,37,Box,7.74857,-19.8739,0.211487,0.116769,-21.4574,0.0770114
134,38,Box,8.80973,-19.7871,0.0900542,0.0459031,-21.3943,0.44437
134,39,Box,9.9,-19.7308,0,0,-21.168,0
134,40,Box,0,-18.6308,0,0,-21.168,0
134,41,Box,1.1,-18.6308,0,0,-21.168,0
134,42,Box,2.2,-18.6308,0,0,-21.168,0
134,43,Box,3.3,-18.6308,0,0,-21.168,0
134,44,Box,4.38339,-18.7278,-0.0608259,-0.0161686,-21.3422,0.350235
134,45,Box,5.47898,-18.8981,0.122324,-0.00538739,-21.4579,0.222043
134,46,Box,6.66229,-19.0768,0.224129,0.00012743,-21.4818,0.00544591
134,47,Box,7.76881,-18.8564,0.250419,0.072564,-21.4549,0.0147377
134,48,Box,8.82867,-18.7753,0.168793,0.059441,-21.4467,0.224538
134,49,Box,9.90492,-18.6475,0.0648722,0.0307435,-21.2724,0.405451
134,50,Box,0,-17.5308,0,0,-21.168,0
134,51,Box,1.1,-17.5308,0,0,-21.168,0
134,52,Box,2.2,-17.5308,0,0,-21.168,0
134,53,Box,3.3,-17.5308,0,0,-21.168,0
134,54,Box,4.36742,-17.6913,0.00686014,-0.0982016,-21.348,0.268895
134,55,Box,5.44324,-17.9015,0.171204,-0.108532,-21.5316,0.0304821
134,56,Box,6.53564,-18.1127,0.284007,-0.110473,-21.532,-0.0475288
134,57,Box,7.72252,-17.8763,0.252179,-0.0338841,-21.4877,-0.00535185
134,58,Box,8.84489,-17.7918,0.199256,0.0171525,-21.4289,0.186876
134,59,Box,9.92032,-17.595,0.0582999,0.0703845,-21.3242,0.191776
134,60,Box,0,-16.4308,0,0,-21.168,0
134,61,Box,1.1,-16.4308,0,0,-21.168,0
134,62,Box,2.2,-16.4308,0,0,-21.168,0
134,63,Box,3.27058,-16.4368,0.0700927,-0.114921,-21.1916,0.2738
134,64,Box,4.31039,-16.6597,0.0827035,-0.12991,-21.3896,0.106157
134,65,Box,5.38013,-16.8855,0.0562444,-0.13075,-21.5964,-0.114245
134,66,Box,6.50585,-17.0626,0.0508104,-0.0922905,-21.5472,-0.0851642
134,67,Box,7.80061,-16.8587,0.168461,-0.0264353,-21.5594,-0.122931
134,68,Box,8.80801,-16.8214,0.14355,0.0481826,-21.6107,-0.216142
134,69,Box,10.011,-16.5772,-0.0903794,0.175356,-21.5739,-0.860114
134,70,Box,0,-15.3308,0,0,-21.168,0
134,71,Box,1.1,-15.3308,0,0,-21.168,0
134,72,Box,2.19952,-15.3332,0.00124253,-0.0075608,-21.2058,0.0194146
134,73,Box,3.23935,-15.3534,0.028537,-0.195843,-21.2485,0.067985
134,74,Box,4.24852,-15.6269,0.029899,-0.145935,-21.3304,0.0890731
134,75,Box,5.2704,-15.9191,0.0579567,-0.205385,-21.592,-0.108754
134,76,Box,6.85378,-16.0119,-0.318498,0.212047,-21.7283,-0.35533
134,77,Box,7.95921,-15.8286,0.00691982,0.263667,-21.673,-0.422903
134,78,Box,8.98998,-15.7864,-0.057645,0.26767,-21.6672,-0.268705
134,79,Box,10.1292,-15.5744,-0.162763,0.987892,-21.5792,-0.851763
134,80,Box,-0.267315,-14.1735,-0.121188,-0.522144,-21.0529,-0.0359421
134,81,Box,0.742934,-14.2307,-0.112816,-0.532973,-21.202,0.0378195
134,82,Box,1.73766,-14.2875,-0.0978273,-0.498767,-21.2264,0.0636454
134,83,Box,2.72981,-14.2929,-0.0998023,-0.488647,-21.215,0.0515759
134,84,Box,3.73273,-14.2402,-0.108778,-0.482722,-21.1998,0.0291893
134,85,Box,4.7102,-14.4971,-0.110586,-0.483336,-21.317,0.0108955
134,86,Box,6.12946,-15.0333,0.390599,-0.162861,-21.6036,0.0047887
134,87,Box,9.27053,-14.7512,-0.227213,1.49051,-21.024,-1.13191
134,88,Box,10.3649,-14.4103,0.170526,2.12228,-21.4831,-0.396607
134,89,Box,13.2682,-14.4271,0.140046,3.93363,-21.3977,0.345428
134,90,Box,-0.926569,-9.63715,2.75033,-0.879204,-18.1573,2.28378
134,91,Box,1.6122,-10.8953,-1.21011,0.487807,-19.2388,-1.31725
134,92,Box,2.09508,-12.7515,-1.23411,-0.254675,-20.6111,-1.26902
134,93,Box,4.2778,-13.044,-0.016098,1.05398,-21.0757,0.00815806
134,94,Box,20.7069,0.608888,-22.0519,15.8267,-7.84742,-21.0805
134,95,Box,9.57096,-13.5823,-3.81289,3.25167,-20.9811,-1.41376
134,96,Box,10.8252,-13.4147,-0.358438,3.43927,-22.1823,-1.39758
134,97,Box,12.7565,-13.2771,0.51947,5.09591,-21.3468,0.54886
134,98,Box,13.9578,-12.8763,0.323393,5.37154,-20.8878,0.306996
134,99,Box,15.2783,-13.094,-0.359502,5.74186,-21.1236,-0.465199
134,100,Circle,10.3604,-13.8276,8.60516,3.12983,-21.3696,5.141
135,0,Box,0,-23.372,0,0,-21.3248,0
135,1,Box,1.1,-23.372,0,0,-21.3248,0
135,2,Box,2.2,-23.372,0,0,-21.3248,0
135,3,Box,3.3,-23.372,0,0,-21.3248,0
135,4,Box,4.4,-23.372,0,0,-21.3248,0
135,5,Box,5.5,-23.372,0,0,-21.3248,0
135,6,Box,6.60472,-23.3958,0.0463974,0.0387446,-21.5165,0.378908
135,7,Box,7.7,-23.372,0,0,-21.3248,0
135,8,Box,8.8,-23.372,0,0,-21.3248,0
135,9,Box,9.9,-23.372,0,0,-21.3248,0
135,10,Box,0,-22.272,0,0,-21.3248,0
135,11,Box,1.1,-22.272,0,0,-21.3248,0
135,12,Box,2.2,-22.272,0,0,-21.3248,0
135,13,Box,3.3,-22.272,0,0,-21.3248,0
135,14,Box,4.4,-22.272,0,0,-21.3248,0
135,15,Box,5.50151,-22.2847,-0.0393358,0.0117819,-21.4243,-0.307311
135,16,Box,6.62031,-22.3746,0.139159,0.0589779,-21.5799,0.19442
135,17,Box,7.70343,-22.2891,0.0337731,0.0429123,-21.5393,0.422163
135,18,Box,8.8,-22.272,0,0,-21.3248,0
135,19,Box,9.9,-22.272,0,0,-21.3248,0
135,20,Box,0,-21.172,0,0,-21.3248,0
135,21,Box,1.1,-21.172,0,0,-21.3248,0
135,22,Box,2.2,-21.172,0,0,-21.3248,0
135,23,Box,3.3,-21.172,0,0,-21.3248,0
135,24,Box,4.4,-21.172,0,0,-21.3248,0
135,25,Box,5.48244,-21.2831,-0.0118463,-0.0482797,-21.6015,0.399302
135,26,Box,6.64082,-21.3783,0.176776,0.0437451,-21.6224,0.0487763
135,27,Box,7.71762,-21.2546,0.142478,0.0617775,-21.5728,0.287488
135,28,Box,8.8,-21.172,0,0,-21.3248,0
135,29,Box,9.9,-21.172,0,0,-21.3248,0
135,30,Box,0,-20.072,0,0,-21.3248,0
135,31,Box,1.1,-20.072,0,0,-21.3248,0
135,32,Box,2.2,-20.072,0,0,-21.3248,0
135,33,Box,3.3,-20.072,0,0,-21.3248,0
135,34,Box,4.39004,-20.1217,-0.0994028,-0.0311019,-21.4803,-0.310634
135,35,Box,5.4849,-20.2454,0.0821893,0.00483842,-21.574,0.360379
135,36,Box,6.65874,-20.4045,0.162438,0.0262986,-21.6257,0.0356045
135,37,Box,7.75044,-20.2197,0.212719,0.116769,-21.6142,0.0770114
135,38,Box,8.81046,-20.1319,0.0971641,0.0459031,-21.5511,0.44437
135,39,Box,9.9,-20.072,0,0,-21.3248,0
135,40,Box,0,-18.972,0,0,-21.3248,0
135,41,Box,1.1,-18.972,0,0,-21.3248,0
135,42,Box,2.2,-18.972,0,0,-21.3248,0
135,43,Box,3.3,-18.972,0,0,-21.3248,0
135,44,Box,4.38313,-19.0718,-0.0552222,-0.0161686,-21.499,0.350235
135,45,Box,5.47889,-19.2439,0.125877,-0.00538739,-21.6147,0.222043
135,46,Box,6.6623,-19.423,0.224216,0.00012743,-21.6386,0.00544591
135,47,Box,7.76997,-19.2021,0.250654,0.072564,-21.6117,0.0147377
135,48,Box,8.82963,-19.1209,0.172386,0.059441,-21.6035,0.224538
135,49,Box,9.90541,-18.9904,0.0713594,0.0307435,-21.4292,0.405451
135,50,Box,0,-17.872,0,0,-21.3248,0
135,51,Box,1.1,-17.872,0,0,-21.3248,0
135,52,Box,2.2,-17.872,0,0,-21.3248,0
135,53,Box,3.3,-17.872,0,0,-21.3248,0
135,54,Box,4.36585,-18.0354,0.0111625,-0.0982016,-21.5048,0.268895
135,55,Box,5.44151,-18.2485,0.171691,-0.108532,-21.6884,0.0304821
135,56,Box,6.53435,-18.4694,0.283247,-0.110487,-21.6889,-0.0473874
135,57,Box,7.72198,-18.2227,0.252093,-0.0338841,-21.6445,-0.00535185
135,58,Box,8.84516,-18.1372,0.202246,0.0171525,-21.5857,0.186876
135,59,Box,9.92145,-17.9387,0.0613683,0.0703845,-21.481,0.191776
135,60,Box,0,-16.772,0,0,-21.3248,0
135,61,Box,1.1,-16.772,0,0,-21.3248,0
135,62,Box,2.2,-16.772,0,0,-21.3248,0
135,63,Box,3.26874,-16.7784,0.0744735,-0.114921,-21.3484,0.2738
135,64,Box,4.30831,-17.0044,0.084402,-0.12991,-21.5464,0.106157
135,65,Box,5.37804,-17.2336,0.0544165,-0.13075,-21.7532,-0.114245
135,66,Box,6.50176,-17.4066,0.0494478,-0.0922763,-21.7039,-0.0851995
135,67,Box,7.80019,-17.2061,0.166495,-0.0264353,-21.7162,-0.122931
135,68,Box,8.80878,-17.1697,0.140092,0.0481826,-21.7675,-0.216142
135,69,Box,10.0138,-16.9249,-0.104141,0.175356,-21.7307,-0.860114
135,70,Box,0,-15.672,0,0,-21.3248,0
135,71,Box,1.1,-15.672,0,0,-21.3248,0
135,72,Box,2.1994,-15.675,0.00155317,-0.0075608,-21.3626,0.0194146
135,73,Box,3.23622,-15.6959,0.0296248,-0.195843,-21.4053,0.067985
135,74,Box,4.24619,-15.9707,0.0313241,-0.145935,-21.4872,0.0890731
135,75,Box,5.26712,-16.2671,0.0562167,-0.205385,-21.7488,-0.108754
135,76,Box,6.85931,-16.3557,-0.324183,0.212047,-21.8851,-0.35533
135,77,Box,7.96343,-16.1779,0.000153361,0.263667,-21.8298,-0.422903
135,78,Box,8.99427,-16.1356,-0.0619442,0.26767,-21.824,-0.268705
135,79,Box,10.145,-15.9221,-0.176392,0.987892,-21.736,-0.851763
135,80,Box,-0.27567,-14.5129,-0.121763,-0.522144,-21.2097,-0.0359421
135,81,Box,0.734406,-14.5724,-0.112211,-0.532973,-21.3588,0.0378195
135,82,Box,1.72968,-14.6297,-0.096809,-0.498767,-21.3832,0.0636454
135,83,Box,2.722,-14.6348,-0.0989771,-0.488647,-21.3718,0.0515759
135,84,Box,3.72501,-14.5819,-0.108311,-0.482722,-21.3566,0.0291893
135,85,Box,4.70247,-14.8407,-0.110412,-0.483336,-21.4738,0.0108955
135,86,Box,6.12685,-15.3814,0.390675,-0.162861,-21.7604,0.0047887
135,87,Box,9.29438,-15.0901,-0.245324,1.49051,-21.1808,-1.13191
135,88,Box,10.3814,-14.651,0.16418,2.12228,-21.6399,-0.396607
135,89,Box,13.3311,-14.772,0.145573,3.93363,-21.5545,0.345428
135,90,Box,-0.940636,-9.93018,2.78687,-0.879204,-18.3141,2.28378
135,91,Box,1.62001,-11.2057,-1.23119,0.487807,-19.3956,-1.31725
135,92,Box,2.091,-13.0838,-1.25442,-0.254675,-20.7679,-1.26902
135,93,Box,4.29466,-13.3837,-0.0159675,1.05398,-21.2325,0.00815806
135,94,Box,20.9601,0.480821,-22.3892,15.8267,-8.00422,-21.0805
135,95,Box,9.66636,-13.9566,-3.83551,3.25167,-21.1379,-1.41376
135,96,Box,10.8377,-13.8785,-0.380799,3.43927,-22.3391,-1.39758
135,97,Box,12.8381,-13.6212,0.528252,5.09591,-21.5036,0.54886
135,98,Box,14.0438,-13.213,0.328304,5.37154,-21.0446,0.306996
135,99,Box,15.3701,-13.4345,-0.366945,5.74186,-21.2804,-0.465199
135,100,Circle,10.4317,-14.1249,8.68742,3.12983,-21.5264,5.141
136,0,Box,0,-23.7157,0,0,-21.4816,0
136,1,Box,1.1,-23.7157,0,0,-21.4816,0
136,2,Box,2.2,-23.7157,0,0,-21.4816,0
136,3,Box,3.3,-23.7157,0,0,-21.4816,0
136,4,Box,4.4,-23.7157,0,0,-21.4816,0
136,5,Box,5.5,-23.7157,0,0,-21.4816,0
136,6,Box,6.60542,-23.744,0.0524599,0.0394811,-21.6762,0.383968
136,7,Box,7.7,-23.7157,0,0,-21.4816,0
136,8,Box,8.8,-23.7157,0,0,-21.4816,0
136,9,Box,9.9,-23.7157,0,0,-21.4816,0
136,10,Box,0,-22.6157,0,0,-21.4816,0
136,11,Box,1.1,-22.6157,0,0,-21.4816,0
136,12,Box,2.2,-22.6157,0,0,-21.4816,0
136,13,Box,3.3,-22.6157,0,0,-21.4816,0
136,14,Box,4.4,-22.6157,0,0,-21.4816,0
136,15,Box,5.50169,-22.6301,-0.0442528,-0.00286809,-21.7451,0.164064
136,16,Box,6.6218,-22.7253,0.14227,0.0593515,-21.7369,0.18904
136,17,Box,7.70412,-22.6363,0.0405277,0.0429649,-21.6964,0.422546
136,18,Box,8.8,-22.6157,0,0,-21.4816,0
136,19,Box,9.9,-22.6157,0,0,-21.4816,0
136,20,Box,0,-21.5157,0,0,-21.4816,0
136,21,Box,1.1,-21.5157,0,0,-21.4816,0
136,22,Box,2.2,-21.5157,0,0,-21.4816,0
136,23,Box,3.3,-21.5157,0,0,-21.4816,0
136,24,Box,4.4,-21.5157,0,-0.0203881,-21.5835,-0.204935
136,25,Box,5.48166,-21.6311,-0.00545751,-0.0127887,-21.7015,0.263481
136,26,Box,6.64232,-21.7311,0.177556,0.0430589,-21.7786,0.0450198
136,27,Box,7.71861,-21.6023,0.147078,0.0623021,-21.7309,0.288605
136,28,Box,8.8,-21.5157,0,0.0299515,-21.6313,0.302476
136,29,Box,9.9,-21.5157,0,0,-21.4816,0
136,30,Box,0,-20.4157,0,0,-21.4816,0
136,31,Box,1.1,-20.4157,0,0,-21.4816,0
136,32,Box,2.2,-20.4157,0,0,-21.4816,0
136,33,Box,3.3,-20.4157,0,0,-21.4816,0
136,34,Box,4.38955,-20.4679,-0.104373,-0.0107137,-21.5352,0.0288666
136,35,Box,5.48505,-20.5939,0.0879553,0.0158568,-21.7321,0.201241
136,36,Box,6.65977,-20.7568,0.163007,0.0257803,-21.7827,0.0314945
136,37,Box,7.7528,-20.5703,0.213951,0.116191,-21.7694,0.0712591
136,38,Box,8.81157,-20.4828,0.104274,0.0418779,-21.6856,0.173189
136,39,Box,9.9,-20.4157,0,0,-21.4816,0
136,40,Box,0,-19.3157,0,0,-21.4816,0
136,41,Box,1.1,-19.3157,0,0,-21.4816,0
136,42,Box,2.2,-19.3157,0,0,-21.4816,0
136,43,Box,3.3,-19.3157,0,0,-21.4816,0
136,44,Box,4.38287,-19.4183,-0.0496184,-0.0161686,-21.6558,0.350235
136,45,Box,5.47912,-19.5944,0.12943,-0.0440472,-21.7628,0.118199
136,46,Box,6.66363,-19.7741,0.224303,0.000270667,-21.7945,0.00461205
136,47,Box,7.77212,-19.554,0.25089,0.072564,-21.7685,0.0147377
136,48,Box,8.83169,-19.4739,0.175978,0.0380506,-21.7301,0.0318594
136,49,Box,9.90591,-19.3357,0.0778466,0.0307435,-21.586,0.405451
136,50,Box,0,-18.2157,0,0,-21.4816,0
136,51,Box,1.1,-18.2157,0,0,-21.4816,0
136,52,Box,2.2,-18.2157,0,0,-21.4816,0
136,53,Box,3.3,-18.2157,0,0,-21.4816,0
136,54,Box,4.36428,-18.3819,0.0154648,-0.0982016,-21.6616,0.268895
136,55,Box,5.4397,-18.6011,0.172179,-0.114208,-21.8309,-0.0242351
136,56,Box,6.52949,-18.81,0.282489,-0.110751,-21.8453,-0.0491539
136,57,Box,7.72157,-18.5754,0.252008,-0.0338841,-21.8013,-0.00535185
136,58,Box,8.8461,-18.4924,0.205236,0.00882241,-21.7076,0.0761125
136,59,Box,9.92086,-18.2993,0.0644367,0.0703845,-21.6378,0.191776
136,60,Box,0,-17.1157,0,0,-21.4816,0
136,61,Box,1.1,-17.1157,0,0,-21.4816,0
136,62,Box,2.2,-17.1157,0,0,-21.4816,0
136,63,Box,3.2669,-17.1225,0.0788543,-0.114921,-21.5052,0.2738
136,64,Box,4.30623,-17.3517,0.0861005,-0.12991,-21.7032,0.106157
136,65,Box,5.37579,-17.581,0.0525886,-0.123291,-21.8593,-0.0880571
136,66,Box,6.49802,-17.7563,0.0480846,-0.0921828,-21.8595,-0.0854617
136,67,Box,7.79809,-17.5554,0.164528,-0.0264353,-21.873,-0.122931
136,68,Box,8.80686,-17.5129,0.136634,0.0445554,-21.8894,-0.26694
136,69,Box,10.0182,-17.2612,-0.117903,0.175356,-21.8875,-0.860114
136,70,Box,0,-16.0157,0,0,-21.4816,0
136,71,Box,1.1,-16.0157,0,0,-21.4816,0
136,72,Box,2.19927,-16.0193,0.0018638,-0.0075608,-21.5194,0.0194146
136,73,Box,3.23308,-16.0409,0.0307125,-0.195843,-21.5621,0.067985
136,74,Box,4.24385,-16.317,0.0327493,-0.146349,-21.6441,0.0892118
136,75,Box,5.26367,-16.6147,0.0544766,-0.208351,-21.8725,-0.119601
136,76,Box,6.86211,-16.7031,-0.329868,0.208775,-22.041,-0.346225
136,77,Box,7.97047,-16.5206,-0.0066131,0.26706,-21.9873,-0.423619
136,78,Box,8.99909,-16.4792,-0.0662435,0.275091,-21.9533,-0.299269
136,79,Box,10.1609,-16.2718,-0.19002,0.987892,-21.8928,-0.851763
136,80,Box,-0.284024,-14.8547,-0.122338,-0.522144,-21.3665,-0.0359421
136,81,Box,0.725879,-14.9167,-0.111606,-0.532973,-21.5156,0.0378195
136,82,Box,1.7217,-14.9743,-0.0957907,-0.498767,-21.54,0.0636454
136,83,Box,2.71418,-14.9793,-0.0981518,-0.488647,-21.5286,0.0515759
136,84,Box,3.71729,-14.9261,-0.107844,-0.482722,-21.5134,0.0291893
136,85,Box,4.69473,-15.1868,-0.110237,-0.483336,-21.6306,0.0108955
136,86,Box,6.12405,-15.7317,0.390752,-0.154464,-21.9153,0.0185043
136,87,Box,9.31823,-15.4315,-0.263434,1.49051,-21.3376,-1.13191
136,88,Box,10.4268,-15.1164,0.157834,2.12228,-21.7967,-0.396607
136,89,Box,13.394,-15.1193,0.1511,3.93363,-21.7113,0.345428
136,90,Box,-0.954703,-10.2257,2.82341,-0.879204,-18.4709,2.28378
136,91,Box,1.62781,-11.5185,-1.25227,0.487807,-19.5524,-1.31725
136,92,Box,2.08693,-13.4186,-1.27472,-0.254675,-20.9247,-1.26902
136,93,Box,4.31152,-13.7259,-0.0158369,1.05398,-21.3893,0.00815806
136,94,Box,21.2133,0.350244,-22.7265,15.8267,-8.16102,-21.0805
136,95,Box,9.71684,-14.3025,-3.85813,3.2079,-21.2647,-1.27409
136,96,Box,11.003,-14.0202,-0.40316,3.52012,-22.3914,-1.59032
136,97,Box,12.9196,-13.9678,0.537034,5.09591,-21.6604,0.54886
136,98,Box,14.1297,-13.5523,0.333216,5.37154,-21.2014,0.306996
136,99,Box,15.462,-13.7775,-0.374388,5.74186,-21.4372,-0.465199
136,100,Circle,10.3288,-14.5947,8.76968,3.08262,-21.8545,5.141
137,0,Box,0,-24.0619,0,0,-21.6384,0
137,1,Box,1.1,-24.0619,0,0,-21.6384,0
137,2,Box,2.2,-24.0619,0,0,-21.6384,0
137,3,Box,3.3,-24.0619,0,0,-21.6384,0
137,4,Box,4.4,-24.0619,0,0,-21.6384,0
137,5,Box,5.5,-24.0619,0,0,-21.6384,0
137,6,Box,6.60605,-24.0934,0.0586034,0.0394811,-21.833,0.383968
137,7,Box,7.7,-24.0619,0,0,-21.6384,0
137,8,Box,8.8,-24.0619,0,0,-21.6384,0
137,9,Box,9.9,-24.0619,0,0,-21.6384,0
137,10,Box,0,-22.9619,0,0,-21.6384,0
137,11,Box,1.1,-22.9619,0,0,-21.6384,0
137,12,Box,2.2,-22.9619,0,0,-21.6384,0
137,13,Box,3.3,-22.9619,0,0,-21.6384,0
137,14,Box,4.4,-22.9619,0,0,-21.6384,0
137,15,Box,5.50165,-22.9806,-0.0416277,-0.00286809,-21.9019,0.164064
137,16,Box,6.62275,-23.0756,0.145295,0.0593515,-21.8937,0.18904
137,17,Box,7.70481,-22.9859,0.0472884,0.0429649,-21.8532,0.422546
137,18,Box,8.8,-22.9619,0,0,-21.6384,0
137,19,Box,9.9,-22.9619,0,0,-21.6384,0
137,20,Box,0,-21.8619,0,0,-21.6384,0
137,21,Box,1.1,-21.8619,0,0,-21.6384,0
137,22,Box,2.2,-21.8619,0,0,-21.6384,0
137,23,Box,3.3,-21.8619,0,0,-21.6384,0
137,24,Box,4.39967,-21.8635,-0.00327897,-0.0203881,-21.7403,-0.204935
137,25,Box,5.48146,-21.9809,-0.00124182,-0.0127887,-21.8583,0.263481
137,26,Box,6.64301,-22.0821,0.178277,0.0430589,-21.9354,0.0450198
137,27,Box,7.71961,-21.9525,0.151695,0.0623021,-21.8877,0.288605
137,28,Box,8.80048,-21.8643,0.00483961,0.0299515,-21.7881,0.302476
137,29,Box,9.9,-21.8619,0,0,-21.6384,0
137,30,Box,0,-20.7619,0,0,-21.6384,0
137,31,Box,1.1,-20.7619,0,0,-21.6384,0
137,32,Box,2.2,-20.7619,0,0,-21.6384,0
137,33,Box,3.3,-20.7619,0,0,-21.6384,0
137,34,Box,4.38937,-20.815,-0.103911,-0.0107137,-21.692,0.0288666
137,35,Box,5.48531,-20.9441,0.0911752,0.0158568,-21.8889,0.201241
137,36,Box,6.66019,-21.1078,0.163511,0.0257803,-21.9395,0.0314945
137,37,Box,7.75466,-20.9211,0.215091,0.116191,-21.9262,0.0712591
137,38,Box,8.81224,-20.8323,0.107045,0.0418779,-21.8424,0.173189
137,39,Box,9.9,-20.7619,0,0,-21.6384,0
137,40,Box,0,-19.6619,0,0,-21.6384,0
137,41,Box,1.1,-19.6619,0,0,-21.6384,0
137,42,Box,2.2,-19.6619,0,0,-21.6384,0
137,43,Box,3.3,-19.6619,0,0,-21.6384,0
137,44,Box,4.38261,-19.7673,-0.0440147,-0.0161686,-21.8126,0.350235
137,45,Box,5.47841,-19.9451,0.131321,-0.0440472,-21.9196,0.118199
137,46,Box,6.66363,-20.1253,0.224377,0.000270667,-21.9513,0.00461205
137,47,Box,7.77328,-19.9048,0.251126,0.072564,-21.9253,0.0147377
137,48,Box,8.8323,-19.8241,0.176488,0.0380506,-21.8869,0.0318594
137,49,Box,9.9064,-19.6836,0.0843338,0.0307435,-21.7428,0.405451
137,50,Box,0,-18.5619,0,0,-21.6384,0
137,51,Box,1.1,-18.5619,0,0,-21.6384,0
137,52,Box,2.2,-18.5619,0,0,-21.6384,0
137,53,Box,3.3,-18.5619,0,0,-21.6384,0
137,54,Box,4.36271,-18.731,0.0197671,-0.0982016,-21.8184,0.268895
137,55,Box,5.43788,-18.953,0.171791,-0.114208,-21.9877,-0.0242351
137,56,Box,6.52772,-19.1621,0.281702,-0.110751,-22.0021,-0.0491539
137,57,Box,7.72103,-18.9268,0.251922,-0.0338841,-21.9581,-0.00535185
137,58,Box,8.84624,-18.8422,0.206454,0.00882241,-21.8644,0.0761125
137,59,Box,9.92199,-18.6481,0.0675051,0.0703845,-21.7946,0.191776
137,60,Box,0,-17.4619,0,0,-21.6384,0
137,61,Box,1.1,-17.4619,0,0,-21.6384,0
137,62,Box,2.2,-17.4619,0,0,-21.6384,0
137,63,Box,3.26507,-17.4691,0.0832351,-0.114921,-21.662,0.2738
137,64,Box,4.30415,-17.7015,0.087799,-0.12991,-21.86,0.106157
137,65,Box,5.37381,-17.9333,0.0511797,-0.123291,-22.0161,-0.0880571
137,66,Box,6.49655,-18.1085,0.0467172,-0.0921828,-22.0163,-0.0854617
137,67,Box,7.79767,-17.9079,0.162561,-0.0264353,-22.0298,-0.122931
137,68,Box,8.80758,-17.8657,0.132363,0.0445554,-22.0462,-0.26694
137,69,Box,10.021,-17.6139,-0.131665,0.175356,-22.0443,-0.860114
137,70,Box,0,-16.3619,0,0,-21.6384,0
137,71,Box,1.1,-16.3619,0,0,-21.6384,0
137,72,Box,2.19915,-16.3661,0.00217444,-0.0075608,-21.6762,0.0194146
137,73,Box,3.22995,-16.3884,0.0318003,-0.195843,-21.7189,0.067985
137,74,Box,4.24151,-16.6659,0.0341767,-0.146349,-21.8009,0.0892118
137,75,Box,5.26034,-16.9671,0.052563,-0.208351,-22.0293,-0.119601
137,76,Box,6.86545,-17.0582,-0.335408,0.208775,-22.1978,-0.346225
137,77,Box,7.97474,-16.8749,-0.013391,0.26706,-22.1441,-0.423619
137,78,Box,9.00349,-16.833,-0.0710318,0.275091,-22.1101,-0.299269
137,79,Box,10.1767,-16.6246,-0.203648,0.987892,-22.0496,-0.851763
137,80,Box,-0.292378,-15.1991,-0.122914,-0.522144,-21.5233,-0.0359421
137,81,Box,0.717351,-15.2634,-0.111001,-0.532973,-21.6724,0.0378195
137,82,Box,1.71372,-15.3214,-0.0947724,-0.498767,-21.6968,0.0636454
137,83,Box,2.70636,-15.3263,-0.0973266,-0.488647,-21.6854,0.0515759
137,84,Box,3.70956,-15.2729,-0.107377,-0.482722,-21.6702,0.0291893
137,85,Box,4.687,-15.5354,-0.110063,-0.483336,-21.7874,0.0108955
137,86,Box,6.12158,-16.0848,0.391048,-0.154464,-22.0721,0.0185043
137,87,Box,9.34208,-15.7754,-0.281545,1.49051,-21.4944,-1.13191
137,88,Box,10.4689,-15.3733,0.151489,2.12228,-21.9535,-0.396607
137,89,Box,13.457,-15.4692,0.156627,3.93363,-21.8681,0.345428
137,90,Box,-0.96877,-10.5238,2.85995,-0.879204,-18.6277,2.28378
137,91,Box,1.63562,-11.8339,-1.27334,0.487807,-19.7092,-1.31725
137,92,Box,2.08285,-13.7559,-1.29502,-0.254675,-21.0815,-1.26902
137,93,Box,4.32839,-14.0707,-0.0157064,1.05398,-21.5461,0.00815806
137,94,Box,21.4666,0.217159,-23.0638,15.8267,-8.31782,-21.0805
137,95,Box,9.74202,-14.6215,-3.87851,3.2079,-21.4215,-1.27409
137,96,Box,11.0593,-14.381,-0.428605,3.52012,-22.5482,-1.59032
137,97,Box,13.0011,-14.3168,0.545816,5.09591,-21.8172,0.54886
137,98,Box,14.2157,-13.894,0.338128,5.37154,-21.3582,0.306996
137,99,Box,15.5539,-14.123,-0.381831,5.74186,-21.594,-0.465199
137,100,Circle,10.401,-15.0972,8.85193,3.08262,-22.0113,5.141
138,0,Box,0,-24.4106,0,0,-21.7952,0
138,1,Box,1.1,-24.4106,0,0,-21.7952,0
138,2,Box,2.2,-24.4106,0,0,-21.7952,0
138,3,Box,3.3,-24.4106,0,0,-21.7952,0
138,4,Box,4.4,-24.4106,0,0,-21.7952,0
138,5,Box,5.5,-24.4106,0,0,-21.7952,0
138,6,Box,6.60668,-24.4452,0.0647469,0.0394811,-21.9898,0.383968
138,7,Box,7.7,-24.4106,0,0,-21.7952,0
138,8,Box,8.8,-24.4106,0,0,-21.7952,0
138,9,Box,9.9,-24.4106,0,0,-21.7952,0
138,10,Box,0,-23.3106,0,0,-21.7952,0
138,11,Box,1.1,-23.3106,0,0,-21.7952,0
138,12,Box,2.2,-23.3106,0,0,-21.7952,0
138,13,Box,3.3,-23.3106,0,0,-21.7952,0
138,14,Box,4.4,-23.3106,0,0,-21.7952,0
138,15,Box,5.5016,-23.3335,-0.0390027,-0.00286809,-22.0587,0.164064
138,16,Box,6.6237,-23.4284,0.148319,0.0593515,-22.0505,0.18904
138,17,Box,7.7055,-23.3381,0.0540491,0.0429649,-22.01,0.422546
138,18,Box,8.8,-23.3106,0,0,-21.7952,0
138,19,Box,9.9,-23.3106,0,0,-21.7952,0
138,20,Box,0,-22.2106,0,0,-21.7952,0
138,21,Box,1.1,-22.2106,0,0,-21.7952,0
138,22,Box,2.2,-22.2106,0,0,-21.7952,0
138,23,Box,3.3,-22.2106,0,0,-21.7952,0
138,24,Box,4.39935,-22.2139,-0.00655793,-0.0203881,-21.8971,-0.204935
138,25,Box,5.48126,-22.3331,0.00297388,-0.0127887,-22.0151,0.263481
138,26,Box,6.6437,-22.4355,0.178997,0.0430589,-22.0922,0.0450198
138,27,Box,7.72061,-22.3052,0.156313,0.0623021,-22.0445,0.288605
138,28,Box,8.80096,-22.2154,0.00967922,0.0299515,-21.9449,0.302476
138,29,Box,9.9,-22.2106,0,0,-21.7952,0
138,30,Box,0,-21.1106,0,0,-21.7952,0
138,31,Box,1.1,-21.1106,0,0,-21.7952,0
138,32,Box,2.2,-21.1106,0,0,-21.7952,0
138,33,Box,3.3,-21.1106,0,0,-21.7952,0
138,34,Box,4.3892,-21.1646,-0.103449,-0.0107137,-21.8488,0.0288666
138,35,Box,5.48556,-21.2969,0.094395,0.0158568,-22.0457,0.201241
138,36,Box,6.6606,-21.4613,0.164015,0.0257803,-22.0963,0.0314945
138,37,Box,7.75652,-21.2744,0.216232,0.116191,-22.083,0.0712591
138,38,Box,8.81291,-21.1843,0.109816,0.0418779,-21.9992,0.173189
138,39,Box,9.9,-21.1106,0,0,-21.7952,0
138,40,Box,0,-20.0106,0,0,-21.7952,0
138,41,Box,1.1,-20.0106,0,0,-21.7952,0
138,42,Box,2.2,-20.0106,0,0,-21.7952,0
138,43,Box,3.3,-20.0106,0,0,-21.7952,0
138,44,Box,4.38235,-20.1188,-0.0384109,-0.0161686,-21.9694,0.350235
138,45,Box,5.47771,-20.2983,0.133212,-0.0440472,-22.0764,0.118199
138,46,Box,6.66364,-20.479,0.224451,0.000270667,-22.1081,0.00461205
138,47,Box,7.77444,-20.2581,0.251362,0.072564,-22.0821,0.0147377
138,48,Box,8.8329,-20.1768,0.176998,0.0380506,-22.0437,0.0318594
138,49,Box,9.90689,-20.034,0.090821,0.0307435,-21.8996,0.405451
138,50,Box,0,-18.9106,0,0,-21.7952,0
138,51,Box,1.1,-18.9106,0,0,-21.7952,0
138,52,Box,2.2,-18.9106,0,0,-21.7952,0
138,53,Box,3.3,-18.9106,0,0,-21.7952,0
138,54,Box,4.36114,-19.0826,0.0240694,-0.0982016,-21.9752,0.268895
138,55,Box,5.43605,-19.3073,0.171403,-0.114208,-22.1445,-0.0242351
138,56,Box,6.52635,-19.5254,0.280916,-0.11076,-22.159,-0.0490617
138,57,Box,7.72049,-19.2806,0.251836,-0.0338841,-22.1149,-0.00535185
138,58,Box,8.84639,-19.1945,0.207672,0.00882241,-22.0212,0.0761125
138,59,Box,9.92311,-18.9993,0.0705735,0.0703845,-21.9514,0.191776
138,60,Box,0,-17.8106,0,0,-21.7952,0
138,61,Box,1.1,-17.8106,0,0,-21.7952,0
138,62,Box,2.2,-17.8106,0,0,-21.7952,0
138,63,Box,3.26323,-17.8182,0.0876159,-0.114921,-21.8188,0.2738
138,64,Box,4.30207,-18.0537,0.0894976,-0.12991,-22.0168,0.106157
138,65,Box,5.37184,-18.288,0.0497708,-0.123291,-22.1729,-0.0880571
138,66,Box,6.49272,-18.46,0.0453498,-0.0921732,-22.173,-0.0854821
138,67,Box,7.79724,-18.2629,0.160594,-0.0264353,-22.1866,-0.122931
138,68,Box,8.80829,-18.2209,0.128092,0.0445554,-22.203,-0.26694
138,69,Box,10.0238,-17.9692,-0.145427,0.175356,-22.2011,-0.860114
138,70,Box,0,-16.7106,0,0,-21.7952,0
138,71,Box,1.1,-16.7106,0,0,-21.7952,0
138,72,Box,2.19903,-16.7155,0.00248507,-0.0075608,-21.833,0.0194146
138,73,Box,3.22682,-16.7384,0.032888,-0.195843,-21.8757,0.067985
138,74,Box,4.23917,-17.0172,0.0356041,-0.146349,-21.9577,0.0892118
138,75,Box,5.25701,-17.3221,0.0506494,-0.208351,-22.1861,-0.119601
138,76,Box,6.87075,-17.4104,-0.340947,0.208775,-22.3546,-0.346225
138,77,Box,7.97901,-17.2317,-0.0201689,0.26706,-22.3009,-0.423619
138,78,Box,9.00789,-17.1892,-0.0758201,0.275091,-22.2669,-0.299269
138,79,Box,10.1925,-16.9799,-0.217276,0.987892,-22.2064,-0.851763
138,80,Box,-0.300733,-15.546,-0.123489,-0.522144,-21.6801,-0.0359421
138,81,Box,0.708824,-15.6127,-0.110396,-0.532973,-21.8292,0.0378195
138,82,Box,1.70574,-15.6711,-0.093754,-0.498767,-21.8536,0.0636454
138,83,Box,2.69854,-15.6757,-0.0965014,-0.488647,-21.8422,0.0515759
138,84,Box,3.70184,-15.6221,-0.10691,-0.482722,-21.827,0.0291893
138,85,Box,4.67927,-15.8865,-0.109889,-0.483336,-21.9442,0.0108955
138,86,Box,6.11911,-16.4405,0.391344,-0.154464,-22.2289,0.0185043
138,87,Box,9.36593,-16.1218,-0.299655,1.49051,-21.6512,-1.13191
138,88,Box,10.5266,-15.9161,0.145143,2.16768,-22.2376,-0.431446
138,89,Box,13.5199,-15.8216,0.162154,3.93363,-22.0249,0.345428
138,90,Box,-0.982837,-10.8243,2.89649,-0.879204,-18.7845,2.28378
138,91,Box,1.64342,-12.1517,-1.29442,0.487807,-19.866,-1.31725
138,92,Box,2.07878,-14.0957,-1.31533,-0.254675,-21.2383,-1.26902
138,93,Box,4.34525,-14.4179,-0.0155759,1.05398,-21.7029,0.00815806
138,94,Box,21.7198,0.081565,-23.4011,15.8267,-8.47462,-21.0805
138,95,Box,9.82155,-14.9953,-3.8989,3.17563,-21.6066,-1.05765
138,96,Box,11.1168,-14.7526,-0.45405,3.63381,-22.7917,-1.13199
138,97,Box,13.0827,-14.6684,0.554597,5.09591,-21.974,0.54886
138,98,Box,14.3016,-14.2382,0.34304,5.37154,-21.515,0.306996
138,99,Box,15.6457,-14.471,-0.389274,5.74186,-21.7508,-0.465199
138,100,Circle,10.3827,-15.1642,8.93419,2.92115,-21.8596,5.05352
139,0,Box,0,-24.7619,0,0,-21.952,0
139,1,Box,1.1,-24.7619,0,0,-21.952,0
139,2,Box,2.2,-24.7619,0,0,-21.952,0
139,3,Box,3.3,-24.7619,0,0,-21.952,0
139,4,Box,4.4,-24.7619,0,0,-21.952,0
139,5,Box,5.5,-24.7619,0,0,-21.952,0
139,6,Box,6.60745,-24.8015,0.0708904,0.0402383,-22.1493,0.388578
139,7,Box,7.7,-24.7619,0,0,-21.952,0
139,8,Box,8.8,-24.7619,0,0,-21.952,0
139,9,Box,9.9,-24.7619,0,0,-21.952,0
139,10,Box,0,-23.6619,0,0,-21.952,0
139,11,Box,1.1,-23.6619,0,0,-21.952,0
139,12,Box,2.2,-23.6619,0,0,-21.952,0
139,13,Box,3.3,-23.6619,0,0,-21.952,0
139,14,Box,4.4,-23.6619,0,0,-21.952,0
139,15,Box,5.50156,-23.689,-0.0363777,-0.00167041,-22.2213,0.185459
139,16,Box,6.62524,-23.7865,0.151344,0.0596291,-22.2074,0.183516
139,17,Box,7.70618,-23.6928,0.0608099,0.0438422,-22.1701,0.428064
139,18,Box,8.8,-23.6619,0,0,-21.952,0
139,19,Box,9.9,-23.6619,0,0,-21.952,0
139,20,Box,0,-22.5619,0,0,-21.952,0
139,21,Box,1.1,-22.5619,0,0,-21.952,0
139,22,Box,2.2,-22.5619,0,0,-21.952,0
139,23,Box,3.3,-22.5619,0,0,-21.952,0
139,24,Box,4.39902,-22.5667,-0.0098369,-0.0203881,-22.0539,-0.204935
139,25,Box,5.48105,-22.6878,0.00718957,-0.0105691,-22.1826,0.269456
139,26,Box,6.6451,-22.7954,0.179717,0.0424065,-22.2485,0.0414352
139,27,Box,7.7216,-22.6604,0.160931,0.0626454,-22.2013,0.280886
139,28,Box,8.80144,-22.569,0.0145188,0.0304143,-22.1039,0.306681
139,29,Box,9.9,-22.5619,0,0,-21.952,0
139,30,Box,0,-21.4619,0,0,-21.952,0
139,31,Box,1.1,-21.4619,0,0,-21.952,0
139,32,Box,2.2,-21.4619,0,0,-21.952,0
139,33,Box,3.3,-21.4619,0,0,-21.952,0
139,34,Box,4.38903,-21.5167,-0.102987,-0.0107137,-22.0056,0.0288666
139,35,Box,5.48594,-21.6534,0.0976149,0.0208433,-22.2137,0.196229
139,36,Box,6.66157,-21.8207,0.164519,0.0253171,-22.2532,0.0278115
139,37,Box,7.7589,-21.6326,0.217372,0.114971,-22.2365,0.0594554
139,38,Box,8.81402,-21.5427,0.112587,0.0423303,-22.1567,0.170207
139,39,Box,9.9,-21.4619,0,0,-21.952,0
139,40,Box,0,-20.3619,0,0,-21.952,0
139,41,Box,1.1,-20.3619,0,0,-21.952,0
139,42,Box,2.2,-20.3619,0,0,-21.952,0
139,43,Box,3.3,-20.3619,0,0,-21.952,0
139,44,Box,4.38209,-20.4728,-0.0328071,-0.0161686,-22.1262,0.350235
139,45,Box,5.47732,-20.656,0.135103,-0.0546997,-22.2416,0.121774
139,46,Box,6.66479,-20.837,0.224525,0.000396402,-22.2641,0.00407249
139,47,Box,7.77658,-20.6174,0.251598,0.072564,-22.2389,0.0147377
139,48,Box,8.83469,-20.5371,0.177508,0.0386747,-22.2016,0.0268907
139,49,Box,9.90738,-20.3869,0.0973082,0.0307435,-22.0564,0.405451
139,50,Box,0,-19.2619,0,0,-21.952,0
139,51,Box,1.1,-19.2619,0,0,-21.952,0
139,52,Box,2.2,-19.2619,0,0,-21.952,0
139,53,Box,3.3,-19.2619,0,0,-21.952,0
139,54,Box,4.35957,-19.4368,0.0283718,-0.0982016,-22.132,0.268895
139,55,Box,5.43402,-19.6658,0.171016,-0.118532,-22.309,-0.020347
139,56,Box,6.52166,-19.8739,0.280131,-0.111032,-22.3156,-0.050469
139,57,Box,7.72,-19.6408,0.251751,-0.0338841,-22.2717,-0.00535185
139,58,Box,8.84686,-19.5561,0.208889,0.00687577,-22.1796,0.0729226
139,59,Box,9.92174,-19.3686,0.0736419,0.0703845,-22.1082,0.191776
139,60,Box,0,-18.1619,0,0,-21.952,0
139,61,Box,1.1,-18.1619,0,0,-21.952,0
139,62,Box,2.2,-18.1619,0,0,-21.952,0
139,63,Box,3.26139,-18.1698,0.0919966,-0.114921,-21.9756,0.2738
139,64,Box,4.3,-18.4085,0.0911961,-0.185483,-22.1901,0.127177
139,65,Box,5.36977,-18.6433,0.0483619,-0.121484,-22.3177,-0.0394844
139,66,Box,6.48917,-18.8172,0.0439821,-0.0922328,-22.3288,-0.0854488
139,67,Box,7.79588,-18.6199,0.158627,-0.0264353,-22.3434,-0.122931
139,68,Box,8.80639,-18.5712,0.123821,0.0444915,-22.3559,-0.271929
139,69,Box,10.0287,-18.314,-0.159188,0.175356,-22.3579,-0.860114
139,70,Box,0,-17.0619,0,0,-21.952,0
139,71,Box,1.1,-17.0619,0,0,-21.952,0
139,72,Box,2.19891,-17.0673,0.0027957,-0.0075608,-21.9898,0.0194146
139,73,Box,3.22368,-17.0909,0.0339758,-0.195843,-22.0325,0.067985
139,74,Box,4.23683,-17.371,0.0370315,-0.152177,-22.1159,0.0909148
139,75,Box,5.25353,-17.6766,0.0487358,-0.161616,-22.3062,-0.0148769
139,76,Box,6.87274,-17.7651,-0.346487,0.204996,-22.51,-0.335082
139,77,Box,7.98586,-17.5822,-0.0269468,0.271126,-22.4586,-0.423958
139,78,Box,9.01295,-17.5398,-0.0806084,0.275562,-22.4221,-0.301095
139,79,Box,10.208,-17.3382,-0.230905,0.987892,-22.3632,-0.851763
139,80,Box,-0.309087,-15.8954,-0.124064,-0.522144,-21.8369,-0.0359421
139,81,Box,0.700296,-15.9645,-0.109791,-0.532973,-21.986,0.0378195
139,82,Box,1.69776,-16.0233,-0.0927357,-0.498767,-22.0104,0.0636454
139,83,Box,2.69072,-16.0277,-0.0956762,-0.488647,-21.999,0.0515759
139,84,Box,3.69412,-15.9738,-0.106443,-0.482722,-21.9838,0.0291893
139,85,Box,4.67153,-16.2401,-0.109714,-0.483336,-22.101,0.0108955
139,86,Box,6.11664,-16.7986,0.39164,-0.135032,-22.3727,0.0299306
139,87,Box,9.38978,-16.4708,-0.317766,1.49051,-21.808,-1.13191
139,88,Box,10.5702,-16.2792,0.13824,2.16768,-22.3944,-0.431446
139,89,Box,13.5829,-16.1765,0.167681,3.93363,-22.1817,0.345428
139,90,Box,-0.996905,-11.1274,2.93303,-0.879204,-18.9413,2.28378
139,91,Box,1.65123,-12.4721,-1.31549,0.487807,-20.0228,-1.31725
139,92,Box,2.0747,-14.438,-1.33563,-0.254675,-21.3951,-1.26902
139,93,Box,4.36212,-14.7677,-0.0154453,1.05398,-21.8597,0.00815806
139,94,Box,21.973,-0.0565378,-23.7384,15.8267,-8.63142,-21.0805
139,95,Box,9.94374,-15.4282,-3.91582,3.17563,-21.7634,-1.05765
139,96,Box,11.1824,-15.1122,-0.472162,3.63381,-22.9485,-1.13199
139,97,Box,13.1642,-15.0225,0.563379,5.09591,-22.1308,0.54886
139,98,Box,14.3876,-14.585,0.347952,5.37154,-21.6718,0.306996
139,99,Box,15.7376,-14.8215,-0.396718,5.74186,-21.9076,-0.465199
139,100,Circle,10.3187,-15.4082,9.01505,2.92115,-22.0164,5.05352
140,0,Box,0,-25.1156,0,0,-22.1088,0
140,1,Box,1.1,-25.1156,0,0,-22.1088,0
140,2,Box,2.2,-25.1156,0,0,-22.1088,0
140,3,Box,3.3,-25.1156,0,0,-22.1088,0
140,4,Box,4.4,-25.1156,0,0,-22.1088,0
140,5,Box,5.5,-25.1156,0,0,-22.1088,0
140,6,Box,6.6081,-25.1584,0.0771077,0.0402383,-22.3061,0.388578
140,7,Box,7.7,-25.1156,0,0,-22.1088,0
140,8,Box,8.8,-25.1156,0,0,-22.1088,0
140,9,Box,9.9,-25.1156,0,0,-22.1088,0
140,10,Box,0,-24.0156,0,0,-22.1088,0
140,11,Box,1.1,-24.0156,0,0,-22.1088,0
140,12,Box,2.2,-24.0156,0,0,-22.1088,0
140,13,Box,3.3,-24.0156,0,0,-22.1088,0
140,14,Box,4.4,-24.0156,0,0,-22.1088,0
140,15,Box,5.50153,-24.047,-0.0334104,-0.00167041,-22.3781,0.185459
140,16,Box,6.62619,-24.1444,0.15428,0.0596291,-22.3642,0.183516
140,17,Box,7.70688,-24.05,0.0676589,0.0438422,-22.3269,0.428064
140,18,Box,8.8,-24.0156,0,0,-22.1088,0
140,19,Box,9.9,-24.0156,0,0,-22.1088,0
140,20,Box,0,-22.9156,0,0,-22.1088,0
140,21,Box,1.1,-22.9156,0,0,-22.1088,0
140,22,Box,2.2,-22.9156,0,0,-22.1088,0
140,23,Box,3.3,-22.9156,0,0,-22.1088,0
140,24,Box,4.3987,-22.9221,-0.0131159,-0.0203881,-22.2107,-0.204935
140,25,Box,5.48088,-23.0453,0.0115009,-0.0105691,-22.3394,0.269456
140,26,Box,6.64578,-23.1539,0.18038,0.0424065,-22.4053,0.0414352
140,27,Box,7.72261,-23.0182,0.165425,0.0626454,-22.3581,0.280886
140,28,Box,8.80193,-22.9252,0.0194257,0.0304143,-22.2607,0.306681
140,29,Box,9.9,-22.9156,0,0,-22.1088,0
140,30,Box,0,-21.8156,0,0,-22.1088,0
140,31,Box,1.1,-21.8156,0,0,-22.1088,0
140,32,Box,2.2,-21.8156,0,0,-22.1088,0
140,33,Box,3.3,-21.8156,0,0,-22.1088,0
140,34,Box,4.38886,-21.8713,-0.102525,-0.0107137,-22.1624,0.0288666
140,35,Box,5.48627,-22.0113,0.100755,0.0208433,-22.3705,0.196229
140,36,Box,6.66197,-22.1793,0.164964,0.0253171,-22.41,0.0278115
140,37,Box,7.76074,-21.9909,0.218323,0.114971,-22.3933,0.0594554
140,38,Box,8.8147,-21.8997,0.11531,0.0423303,-22.3135,0.170207
140,39,Box,9.9,-21.8156,0,0,-22.1088,0
140,40,Box,0,-20.7156,0,0,-22.1088,0
140,41,Box,1.1,-20.7156,0,0,-22.1088,0
140,42,Box,2.2,-20.7156,0,0,-22.1088,0
140,43,Box,3.3,-20.7156,0,0,-22.1088,0
140,44,Box,4.38184,-20.8294,-0.0272034,-0.0161686,-22.283,0.350235
140,45,Box,5.47644,-21.0144,0.137051,-0.0546997,-22.3984,0.121774
140,46,Box,6.6648,-21.1958,0.22459,0.000396402,-22.4209,0.00407249
140,47,Box,7.77774,-20.9757,0.251833,0.072564,-22.3957,0.0147377
140,48,Box,8.83531,-20.8948,0.177938,0.0386747,-22.3584,0.0268907
140,49,Box,9.90787,-20.7423,0.103795,0.0307435,-22.2132,0.405451
140,50,Box,0,-19.6156,0,0,-22.1088,0
140,51,Box,1.1,-19.6156,0,0,-22.1088,0
140,52,Box,2.2,-19.6156,0,0,-22.1088,0
140,53,Box,3.3,-19.6156,0,0,-22.1088,0
140,54,Box,4.35799,-19.7934,0.0326741,-0.0982016,-22.2888,0.268895
140,55,Box,5.43213,-20.0253,0.17069,-0.118532,-22.4658,-0.020347
140,56,Box,6.51988,-20.2335,0.279323,-0.111032,-22.4724,-0.050469
140,57,Box,7.71946,-19.9997,0.251665,-0.0338841,-22.4285,-0.00535185
140,58,Box,8.84697,-19.9135,0.210056,0.00687577,-22.3364,0.0729226
140,59,Box,9.92287,-19.7248,0.0767103,0.0703845,-22.265,0.191776
140,60,Box,0,-18.5156,0,0,-22.1088,0
140,61,Box,1.1,-18.5156,0,0,-22.1088,0
140,62,Box,2.2,-18.5156,0,0,-22.1088,0
140,63,Box,3.25955,-18.5239,0.0963774,-0.114921,-22.1324,0.2738
140,64,Box,4.29703,-18.766,0.0932309,-0.185483,-22.3469,0.127177
140,65,Box,5.36783,-19.0029,0.0477301,-0.121484,-22.4745,-0.0394844
140,66,Box,6.48769,-19.1769,0.0426149,-0.0922328,-22.4856,-0.0854488
140,67,Box,7.79546,-18.9799,0.15666,-0.0264353,-22.5002,-0.122931
140,68,Box,8.8071,-18.9314,0.11947,0.0444915,-22.5127,-0.271929
140,69,Box,10.0315,-18.6743,-0.17295,0.175356,-22.5147,-0.860114
140,70,Box,0,-17.4156,0,0,-22.1088,0
140,71,Box,1.1,-17.4156,0,0,-22.1088,0
140,72,Box,2.19879,-17.4216,0.00310634,-0.0075608,-22.1466,0.0194146
140,73,Box,3.22055,-17.4459,0.0350635,-0.195843,-22.1893,0.067985
140,74,Box,4.23439,-17.7274,0.0384861,-0.152177,-22.2727,0.0909148
140,75,Box,5.25094,-18.036,0.0484977,-0.161616,-22.463,-0.0148769
140,76,Box,6.87602,-18.1278,-0.351848,0.204996,-22.6668,-0.335082
140,77,Box,7.9902,-17.9441,-0.0337301,0.271126,-22.6154,-0.423958
140,78,Box,9.01736,-17.9011,-0.085426,0.275562,-22.5789,-0.301095
140,79,Box,10.2231,-17.7012,-0.244533,0.987892,-22.52,-0.851763
140,80,Box,-0.317441,-16.2473,-0.124639,-0.522144,-21.9937,-0.0359421
140,81,Box,0.691769,-16.3188,-0.109185,-0.532973,-22.1428,0.0378195
140,82,Box,1.68978,-16.3779,-0.0917174,-0.498767,-22.1672,0.0636454
140,83,Box,2.6829,-16.3822,-0.094851,-0.488647,-22.1558,0.0515759
140,84,Box,3.68639,-16.3281,-0.105976,-0.482722,-22.1406,0.0291893
140,85,Box,4.6638,-16.5962,-0.10954,-0.483336,-22.2578,0.0108955
140,86,Box,6.11448,-17.1591,0.392119,-0.135032,-22.5295,0.0299306
140,87,Box,9.41362,-16.8222,-0.335876,1.49051,-21.9648,-1.13191
140,88,Box,10.6321,-16.6462,0.131337,2.17721,-22.407,-0.620572
140,89,Box,13.6458,-16.534,0.173207,3.93363,-22.3385,0.345428
140,90,Box,-1.01097,-11.4329,2.96957,-0.879204,-19.0981,2.28378
140,91,Box,1.65903,-12.795,-1.33657,0.487807,-20.1796,-1.31725
140,92,Box,2.07063,-14.7829,-1.35594,-0.254675,-21.5519,-1.26902
140,93,Box,4.37898,-15.1199,-0.0153148,1.05398,-22.0165,0.00815806
140,94,Box,22.2263,-0.197149,-24.0757,15.8267,-8.78822,-21.0805
140,95,Box,9.96523,-15.7493,-3.93274,3.17563,-21.9202,-1.05765
140,96,Box,11.2405,-15.4819,-0.490274,3.63381,-23.1053,-1.13199
140,97,Box,13.2457,-15.3791,0.572161,5.09591,-22.2876,0.54886
140,98,Box,14.4735,-14.9342,0.352864,5.37154,-21.8286,0.306996
140,99,Box,15.8295,-15.1745,-0.404161,5.74186,-22.0644,-0.465199
140,100,Circle,10.369,-15.7894,9.0959,2.909,-22.3568,4.93783
141,0,Box,0,-25.4718,0,0,-22.2656,0
141,1,Box,1.1,-25.4718,0,0,-22.2656,0
141,2,Box,2.2,-25.4718,0,0,-22.2656,0
141,3,Box,3.3,-25.4718,0,0,-22.2656,0
141,4,Box,4.4,-25.4718,0,0,-22.2656,0
141,5,Box,5.5,-25.4718,0,0,-22.2656,0
141,6,Box,6.60874,-25.5178,0.0833249,0.0402383,-22.4629,0.388578
141,7,Box,7.7,-25.4718,0,0,-22.2656,0
141,8,Box,8.8,-25.4718,0,0,-22.2656,0
141,9,Box,9.9,-25.4718,0,0,-22.2656,0
141,10,Box,0,-24.3718,0,0,-22.2656,0
141,11,Box,1.1,-24.3718,0,0,-22.2656,0
141,12,Box,2.2,-24.3718,0,0,-22.2656,0
141,13,Box,3.3,-24.3718,0,0,-22.2656,0
141,14,Box,4.4,-24.3718,0,0,-22.2656,0
141,15,Box,5.5015,-24.4076,-0.030443,-0.00167041,-22.5349,0.185459
141,16,Box,6.62715,-24.5047,0.157217,0.0596291,-22.521,0.183516
141,17,Box,7.70759,-24.4097,0.0745079,0.0438422,-22.4837,0.428064
141,18,Box,8.8,-24.3718,0,0,-22.2656,0
141,19,Box,9.9,-24.3718,0,0,-22.2656,0
141,20,Box,0,-23.2718,0,0,-22.2656,0
141,21,Box,1.1,-23.2718,0,0,-22.2656,0
141,22,Box,2.2,-23.2718,0,0,-22.2656,0
141,23,Box,3.3,-23.2718,0,0,-22.2656,0
141,24,Box,4.39837,-23.28,-0.0163948,-0.0203881,-22.3675,-0.204935
141,25,Box,5.48071,-23.4052,0.0158122,-0.0105691,-22.4962,0.269456
141,26,Box,6.64646,-23.5149,0.181043,0.0424065,-22.5621,0.0414352
141,27,Box,7.72361,-23.3784,0.169919,0.0626454,-22.5149,0.280886
141,28,Box,8.80241,-23.2839,0.0243326,0.0304143,-22.4175,0.306681
141,29,Box,9.9,-23.2718,0,0,-22.2656,0
141,30,Box,0,-22.1718,0,0,-22.2656,0
141,31,Box,1.1,-22.1718,0,0,-22.2656,0
141,32,Box,2.2,-22.1718,0,0,-22.2656,0
141,33,Box,3.3,-22.1718,0,0,-22.2656,0
141,34,Box,4.38869,-22.2284,-0.102064,-0.0107137,-22.3192,0.0288666
141,35,Box,5.4866,-22.3717,0.103894,0.0208433,-22.5273,0.196229
141,36,Box,6.66238,-22.5404,0.165409,0.0253171,-22.5668,0.0278115
141,37,Box,7.76258,-22.3517,0.219274,0.114971,-22.5501,0.0594554
141,38,Box,8.81538,-22.2592,0.118034,0.0423303,-22.4703,0.170207
141,39,Box,9.9,-22.1718,0,0,-22.2656,0
141,40,Box,0,-21.0718,0,0,-22.2656,0
141,41,Box,1.1,-21.0718,0,0,-22.2656,0
141,42,Box,2.2,-21.0718,0,0,-22.2656,0
141,43,Box,3.3,-21.0718,0,0,-22.2656,0
141,44,Box,4.38158,-21.1884,-0.0215996,-0.0161686,-22.4398,0.350235
141,45,Box,5.47557,-21.3753,0.139,-0.0546997,-22.5552,0.121774
141,46,Box,6.66481,-21.557,0.224655,0.000396402,-22.5777,0.00407249
141,47,Box,7.7789,-21.3365,0.252069,0.072564,-22.5525,0.0147377
141,48,Box,8.83593,-21.2551,0.178368,0.0386747,-22.5152,0.0268907
141,49,Box,9.90837,-21.1002,0.110283,0.0307435,-22.37,0.405451
141,50,Box,0,-19.9718,0,0,-22.2656,0
141,51,Box,1.1,-19.9718,0,0,-22.2656,0
141,52,Box,2.2,-19.9718,0,0,-22.2656,0
141,53,Box,3.3,-19.9718,0,0,-22.2656,0
141,54,Box,4.35642,-20.1525,0.0369764,-0.0982016,-22.4456,0.268895
141,55,Box,5.43023,-20.3873,0.170365,-0.118532,-22.6226,-0.020347
141,56,Box,6.51844,-20.6036,0.278516,-0.111042,-22.6292,-0.0503826
141,57,Box,7.71892,-20.361,0.251579,-0.0338841,-22.5853,-0.00535185
141,58,Box,8.84708,-20.2733,0.211223,0.00687577,-22.4932,0.0729226
141,59,Box,9.924,-20.0836,0.0797787,0.0703845,-22.4218,0.191776
141,60,Box,0,-18.8718,0,0,-22.2656,0
141,61,Box,1.1,-18.8718,0,0,-22.2656,0
141,62,Box,2.2,-18.8718,0,0,-22.2656,0
141,63,Box,3.25771,-18.8805,0.100758,-0.114921,-22.2892,0.2738
141,64,Box,4.29406,-19.1261,0.0952658,-0.185483,-22.5037,0.127177
141,65,Box,5.36588,-19.365,0.0470984,-0.121484,-22.6313,-0.0394844
141,66,Box,6.48409,-19.536,0.0412477,-0.0922236,-22.6424,-0.0854656
141,67,Box,7.79504,-19.3424,0.154693,-0.0264353,-22.657,-0.122931
141,68,Box,8.80781,-19.2941,0.115119,0.0444915,-22.6695,-0.271929
141,69,Box,10.0343,-19.037,-0.186712,0.175356,-22.6715,-0.860114
141,70,Box,0,-17.7718,0,0,-22.2656,0
141,71,Box,1.1,-17.7718,0,0,-22.2656,0
141,72,Box,2.19867,-17.7785,0.00341697,-0.0075608,-22.3034,0.0194146
141,73,Box,3.21742,-17.8035,0.0361513,-0.195843,-22.3461,0.067985
141,74,Box,4.23196,-18.0862,0.0399408,-0.152177,-22.4295,0.0909148
141,75,Box,5.24835,-18.3979,0.0482597,-0.161616,-22.6198,-0.0148769
141,76,Box,6.8811,-18.4881,-0.35721,0.204996,-22.8236,-0.335082
141,77,Box,7.99454,-18.3084,-0.0405135,0.271126,-22.7722,-0.423958
141,78,Box,9.02177,-18.2648,-0.0902435,0.275562,-22.7357,-0.301095
141,79,Box,10.2389,-18.0641,-0.258161,0.987892,-22.6768,-0.851763
141,80,Box,-0.325795,-16.6017,-0.125214,-0.522144,-22.1505,-0.0359421
141,81,Box,0.683241,-16.6755,-0.10858,-0.532973,-22.2996,0.0378195
141,82,Box,1.6818,-16.7351,-0.0906991,-0.498767,-22.324,0.0636454
141,83,Box,2.67508,-16.7392,-0.0940258,-0.488647,-22.3126,0.0515759
141,84,Box,3.67867,-16.6848,-0.105509,-0.482722,-22.2974,0.0291893
141,85,Box,4.65607,-16.9549,-0.109366,-0.483336,-22.4146,0.0108955
141,86,Box,6.11232,-17.5221,0.392598,-0.135032,-22.6863,0.0299306
141,87,Box,9.43747,-17.1761,-0.353987,1.49051,-22.1216,-1.13191
141,88,Box,10.667,-17.0073,0.121407,2.17721,-22.5638,-0.620572
141,89,Box,13.7087,-16.8939,0.178734,3.93363,-22.4953,0.345428
141,90,Box,-1.02504,-11.741,3.00611,-0.879204,-19.2549,2.28378
141,91,Box,1.66684,-13.1203,-1.35765,0.487807,-20.3364,-1.31725
141,92,Box,2.06655,-15.1302,-1.37624,-0.254675,-21.7087,-1.26902
141,93,Box,4.39584,-15.4747,-0.0151843,1.05398,-22.1733,0.00815806
141,94,Box,22.4795,-0.34027,-24.413,15.8267,-8.94502,-21.0805
141,95,Box,10.0147,-16.1038,-3.94967,3.17563,-22.077,-1.05765
141,96,Box,11.2405,-15.8827,-0.508386,3.34779,-23.3409,-1.14212
141,97,Box,13.3273,-15.7382,0.580943,5.09591,-22.4444,0.54886
141,98,Box,14.5595,-15.286,0.357776,5.37154,-21.9853,0.306996
141,99,Box,15.9214,-15.5301,-0.411604,5.74186,-22.2212,-0.465199
141,100,Circle,10.4914,-16.1114,9.17491,3.27318,-22.4132,4.80313
142,0,Box,0,-25.8306,0,0,-22.4224,0
142,1,Box,1.1,-25.8306,0,0,-22.4224,0
142,2,Box,2.2,-25.8306,0,0,-22.4224,0
142,3,Box,3.3,-25.8306,0,0,-22.4224,0
142,4,Box,4.4,-25.8306,0,0,-22.4224,0
142,5,Box,5.5,-25.8306,0,0,-22.4224,0
142,6,Box,6.60959,-25.882,0.0895422,0.0415025,-22.624,0.395407
142,7,Box,7.7,-25.8306,0,0,-22.4224,0
142,8,Box,8.8,-25.8306,0,0,-22.4224,0
142,9,Box,9.9,-25.8306,0,0,-22.4224,0
142,10,Box,0,-24.7306,0,0,-22.4224,0
142,11,Box,1.1,-24.7306,0,0,-22.4224,0
142,12,Box,2.2,-24.7306,0,0,-22.4224,0
142,13,Box,3.3,-24.7306,0,0,-22.4224,0
142,14,Box,4.4,-24.7306,0,0,-22.4224,0
142,15,Box,5.50148,-24.7707,-0.0274757,-0.00104598,-22.6945,0.195985
142,16,Box,6.62872,-24.8704,0.160153,0.060968,-22.6805,0.178156
142,17,Box,7.70829,-24.772,0.0813569,0.0447994,-22.6438,0.433283
142,18,Box,8.8,-24.7306,0,0,-22.4224,0
142,19,Box,9.9,-24.7306,0,0,-22.4224,0
142,20,Box,0,-23.6306,0,0,-22.4224,0
142,21,Box,1.1,-23.6306,0,0,-22.4224,0
142,22,Box,2.2,-23.6306,0,0,-22.4224,0
142,23,Box,3.3,-23.6306,0,0,-22.4224,0
142,24,Box,4.39804,-23.6404,-0.0196738,-0.0203881,-22.5243,-0.204935
142,25,Box,5.48054,-23.7677,0.0201234,-0.00971199,-22.6569,0.268827
142,26,Box,6.64777,-23.882,0.181706,0.0412361,-22.7205,0.0411785
142,27,Box,7.72461,-23.7412,0.174413,0.0625293,-22.6705,0.27164
142,28,Box,8.8029,-23.6453,0.0292395,0.0365154,-22.6007,0.356723
142,29,Box,9.9,-23.6306,0,0,-22.4224,0
142,30,Box,0,-22.5306,0,0,-22.4224,0
142,31,Box,1.1,-22.5306,0,0,-22.4224,0
142,32,Box,2.2,-22.5306,0,0,-22.4224,0
142,33,Box,3.3,-22.5306,0,0,-22.4224,0
142,34,Box,4.38852,-22.588,-0.101602,-0.0109845,-22.5561,0.291599
142,35,Box,5.4871,-22.7362,0.107034,0.0219701,-22.6857,0.188517
142,36,Box,6.66327,-22.9068,0.165854,0.0245296,-22.729,0.0228133
142,37,Box,7.76498,-22.7175,0.220226,0.11413,-22.7047,0.0515398
142,38,Box,8.81657,-22.6254,0.120757,0.0581558,-22.6672,0.177853
142,39,Box,9.9,-22.5306,0,0,-22.4224,0
142,40,Box,0,-21.4306,0,0,-22.4224,0
142,41,Box,1.1,-21.4306,0,0,-22.4224,0
142,42,Box,2.2,-21.4306,0,0,-22.4224,0
142,43,Box,3.3,-21.4306,0,0,-22.4224,0
142,44,Box,4.38132,-21.55,-0.0159959,-0.0158978,-22.5165,0.0926499
142,45,Box,5.47498,-21.7403,0.140948,-0.0577787,-22.712,0.11564
142,46,Box,6.66582,-21.9221,0.22472,0.000142621,-22.7348,0.0117743
142,47,Box,7.78105,-21.7034,0.252305,0.0727105,-22.712,0.0211058
142,48,Box,8.83773,-21.6229,0.178798,0.0351623,-22.7238,0.0112325
142,49,Box,9.90886,-21.4607,0.11677,0.0307435,-22.5268,0.405451
142,50,Box,0,-20.3306,0,0,-22.4224,0
142,51,Box,1.1,-20.3306,0,0,-22.4224,0
142,52,Box,2.2,-20.3306,0,0,-22.4224,0
142,53,Box,3.3,-20.3306,0,0,-22.4224,0
142,54,Box,4.35485,-20.5141,0.0412787,-0.0982016,-22.6024,0.268895
142,55,Box,5.42808,-20.7527,0.170039,-0.119218,-22.7787,-0.0244934
142,56,Box,6.5139,-20.96,0.27771,-0.114535,-22.7912,-0.0525838
142,57,Box,7.71832,-20.7286,0.251494,-0.0343831,-22.7473,0.00416279
142,58,Box,8.84725,-20.6422,0.21239,-0.0263581,-22.7023,0.0747507
142,59,Box,9.92179,-20.4612,0.0828471,0.0703845,-22.5786,0.191776
142,60,Box,0,-19.2306,0,0,-22.4224,0
142,61,Box,1.1,-19.2306,0,0,-22.4224,0
142,62,Box,2.2,-19.2306,0,0,-22.4224,0
142,63,Box,3.25587,-19.2397,0.105139,-0.114921,-22.446,0.2738
142,64,Box,4.29109,-19.4887,0.0973006,-0.185483,-22.6605,0.127177
142,65,Box,5.36388,-19.7281,0.0464666,-0.120791,-22.7836,-0.0367273
142,66,Box,6.48068,-19.9006,0.0398803,-0.100132,-22.7981,-0.0714944
142,67,Box,7.79505,-19.7072,0.152726,-0.0170793,-22.8115,-0.0951601
142,68,Box,8.80597,-19.6516,0.110768,0.119427,-22.8528,-0.256543
142,69,Box,10.0394,-19.391,-0.200474,0.175356,-22.8283,-0.860114
142,70,Box,0,-18.1306,0,0,-22.4224,0
142,71,Box,1.1,-18.1306,0,0,-22.4224,0
142,72,Box,2.19855,-18.1379,0.0037276,-0.0762907,-22.4742,0.165375
142,73,Box,3.21428,-18.1635,0.0372391,-0.127114,-22.4888,-0.173959
142,74,Box,4.22952,-18.4476,0.0413954,-0.152177,-22.5863,0.0909148
142,75,Box,5.24564,-18.7597,0.0480217,-0.162047,-22.7741,-0.0162498
142,76,Box,6.88207,-18.8503,-0.362571,0.156397,-22.9436,-0.252678
142,77,Box,8.00099,-18.6668,-0.0472968,0.261616,-22.7445,-0.047455
142,78,Box,9.02696,-18.6229,-0.095061,0.275562,-22.8925,-0.301095
142,79,Box,10.2558,-18.4242,-0.271789,0.987892,-22.8335,-0.851763
142,80,Box,-0.33415,-16.9586,-0.125789,-0.522144,-22.3073,-0.0359421
142,81,Box,0.674713,-17.0348,-0.107975,-0.532973,-22.4564,0.0378195
142,82,Box,1.67382,-17.0948,-0.0896807,-0.498767,-22.4808,0.0636454
142,83,Box,2.66727,-17.0987,-0.0932006,-0.488647,-22.4694,0.0515759
142,84,Box,3.67094,-17.0441,-0.105042,-0.482722,-22.4542,0.0291893
142,85,Box,4.64833,-17.316,-0.109191,-0.483336,-22.5714,0.0108955
142,86,Box,6.11016,-17.8876,0.393077,-0.134137,-22.8425,0.0304174
142,87,Box,9.46132,-17.5326,-0.372098,1.49051,-22.2784,-1.13191
142,88,Box,10.7156,-17.3697,0.111478,2.17721,-22.7206,-0.620572
142,89,Box,13.7717,-17.2563,0.184261,3.93363,-22.6521,0.345428
142,90,Box,-1.03911,-12.0516,3.04265,-0.879204,-19.4117,2.28378
142,91,Box,1.67464,-13.4482,-1.37872,0.487807,-20.4932,-1.31725
142,92,Box,2.06248,-15.4801,-1.39655,-0.254675,-21.8655,-1.26902
142,93,Box,4.41271,-15.832,-0.0150538,1.05398,-22.3301,0.00815806
142,94,Box,22.7327,-0.485899,-24.7503,15.8267,-9.10182,-21.0805
142,95,Box,9.91143,-16.57,-3.96659,3.17563,-22.2338,-1.05765
142,96,Box,11.2126,-16.2926,-0.52666,3.34779,-23.4977,-1.14212
142,97,Box,13.4088,-16.0998,0.589725,5.09591,-22.6012,0.54886
142,98,Box,14.6454,-15.6403,0.362688,5.37154,-22.1421,0.306996
142,99,Box,16.0132,-15.8881,-0.419047,5.74186,-22.378,-0.465199
142,100,Circle,10.8259,-16.2901,9.25176,3.27318,-22.57,4.80313
143,0,Box,0,-26.1919,0,0,-22.5792,0
143,1,Box,1.1,-26.1919,0,0,-22.5792,0
143,2,Box,2.2,-26.1919,0,0,-22.5792,0
143,3,Box,3.3,-26.1919,0,0,-22.5792,0
143,4,Box,4.4,-26.1919,0,0,-22.5792,0
143,5,Box,5.5,-26.1919,0,0,-22.5792,0
143,6,Box,6.61025,-26.2465,0.0958687,0.0415025,-22.7808,0.395407
143,7,Box,7.7,-26.1919,0,0,-22.5792,0
143,8,Box,8.8,-26.1919,0,0,-22.5792,0
143,9,Box,9.9,-26.1919,0,0,-22.5792,0
143,10,Box,0,-25.0919,0,0,-22.5792,0
143,11,Box,1.1,-25.0919,0,0,-22.5792,0
143,12,Box,2.2,-25.0919,0,0,-22.5792,0
143,13,Box,3.3,-25.0919,0,0,-22.5792,0
143,14,Box,4.4,-25.0919,0,0,-22.5792,0
143,15,Box,5.50146,-25.1363,-0.0243399,-0.00104598,-22.8513,0.195985
143,16,Box,6.6297,-25.2358,0.163003,0.060968,-22.8373,0.178156
143,17,Box,7.709,-25.1368,0.0882895,0.0447994,-22.8006,0.433283
143,18,Box,8.8,-25.0919,0,0,-22.5792,0
143,19,Box,9.9,-25.0919,0,0,-22.5792,0
143,20,Box,0,-23.9919,0,0,-22.5792,0
143,21,Box,1.1,-23.9919,0,0,-22.5792,0
143,22,Box,2.2,-23.9919,0,0,-22.5792,0
143,23,Box,3.3,-23.9919,0,0,-22.5792,0
143,24,Box,4.39772,-24.0033,-0.0229528,-0.0203881,-22.6811,-0.204935
143,25,Box,5.48039,-24.1327,0.0244247,-0.00971199,-22.8137,0.268827
143,26,Box,6.64843,-24.248,0.182365,0.0412361,-22.8773,0.0411785
143,27,Box,7.72561,-24.1064,0.17876,0.0625293,-22.8273,0.27164
143,28,Box,8.80349,-24.0094,0.0349471,0.0365154,-22.7575,0.356723
143,29,Box,9.9,-23.9919,0,0,-22.5792,0
143,30,Box,0,-22.8919,0,0,-22.5792,0
143,31,Box,1.1,-22.8919,0,0,-22.5792,0
143,32,Box,2.2,-22.8919,0,0,-22.5792,0
143,33,Box,3.3,-22.8919,0,0,-22.5792,0
143,34,Box,4.38834,-22.9514,-0.0969361,-0.0109845,-22.7129,0.291599
143,35,Box,5.48745,-23.1017,0.11005,0.0219701,-22.8425,0.188517
143,36,Box,6.66366,-23.273,0.166219,0.0245296,-22.8858,0.0228133
143,37,Box,7.76681,-23.0833,0.22105,0.11413,-22.8615,0.0515398
143,38,Box,8.8175,-22.9906,0.123603,0.0581558,-22.824,0.177853
143,39,Box,9.9,-22.8919,0,0,-22.5792,0
143,40,Box,0,-21.7919,0,0,-22.5792,0
143,41,Box,1.1,-21.7919,0,0,-22.5792,0
143,42,Box,2.2,-21.7919,0,0,-22.5792,0
143,43,Box,3.3,-21.7919,0,0,-22.5792,0
143,44,Box,4.38106,-21.9127,-0.0145135,-0.0158978,-22.6733,0.0926499
143,45,Box,5.47405,-22.1062,0.142798,-0.0577787,-22.8688,0.11564
143,46,Box,6.66582,-22.2883,0.224908,0.000142621,-22.8916,0.0117743
143,47,Box,7.78222,-22.0693,0.252643,0.0727105,-22.8688,0.0211058
143,48,Box,8.83829,-21.989,0.178978,0.0351623,-22.8806,0.0112325
143,49,Box,9.90935,-21.8236,0.123257,0.0307435,-22.6836,0.405451
143,50,Box,0,-20.6919,0,0,-22.5792,0
143,51,Box,1.1,-20.6919,0,0,-22.5792,0
143,52,Box,2.2,-20.6919,0,0,-22.5792,0
143,53,Box,3.3,-20.6919,0,0,-22.5792,0
143,54,Box,4.35328,-20.8783,0.045581,-0.0982016,-22.7592,0.268895
143,55,Box,5.42617,-21.1197,0.169647,-0.119218,-22.9355,-0.0244934
143,56,Box,6.51207,-21.3272,0.276868,-0.114535,-22.948,-0.0525838
143,57,Box,7.71777,-21.0951,0.25156,-0.0343831,-22.9041,0.00416279
143,58,Box,8.84683,-21.008,0.213586,-0.0263581,-22.8591,0.0747507
143,59,Box,9.92291,-20.825,0.0859156,0.0703845,-22.7354,0.191776
143,60,Box,0,-19.5919,0,0,-22.5792,0
143,61,Box,1.1,-19.5919,0,0,-22.5792,0
143,62,Box,2.2,-19.5919,0,0,-22.5792,0
143,63,Box,3.25403,-19.6013,0.10952,-0.114921,-22.6028,0.2738
143,64,Box,4.28812,-19.8538,0.0993354,-0.185483,-22.8173,0.127177
143,65,Box,5.36195,-20.0952,0.045879,-0.120791,-22.9404,-0.0367273
143,66,Box,6.47908,-20.2679,0.0387364,-0.100132,-22.9549,-0.0714944
143,67,Box,7.79478,-20.0747,0.151204,-0.0170793,-22.9683,-0.0951601
143,68,Box,8.80788,-20.0197,0.106663,0.119427,-23.0096,-0.256543
143,69,Box,10.0422,-19.7588,-0.214236,0.175356,-22.9851,-0.860114
143,70,Box,0,-18.4919,0,0,-22.5792,0
143,71,Box,1.1,-18.4919,0,0,-22.5792,0
143,72,Box,2.19733,-18.5,0.00637361,-0.0762907,-22.631,0.165375
143,73,Box,3.21225,-18.5259,0.0344557,-0.127114,-22.6456,-0.173959
143,74,Box,4.22709,-18.8115,0.04285,-0.152177,-22.7431,0.0909148
143,75,Box,5.24305,-19.1266,0.0477617,-0.162047,-22.9309,-0.0162498
143,76,Box,6.88458,-19.2199,-0.366614,0.156397,-23.1004,-0.252678
143,77,Box,8.00517,-19.0332,-0.0480561,0.261616,-22.9013,-0.047455
143,78,Box,9.03137,-18.9917,-0.0998785,0.275562,-23.0493,-0.301095
143,79,Box,10.2716,-18.7921,-0.285417,0.987892,-22.9903,-0.851763
143,80,Box,-0.342504,-17.318,-0.126364,-0.522144,-22.4641,-0.0359421
143,81,Box,0.666186,-17.3967,-0.10737,-0.532973,-22.6132,0.0378195
143,82,Box,1.66584,-17.457,-0.0886624,-0.498767,-22.6376,0.0636454
143,83,Box,2.65945,-17.4608,-0.0923754,-0.488647,-22.6262,0.0515759
143,84,Box,3.66322,-17.4059,-0.104575,-0.482722,-22.611,0.0291893
143,85,Box,4.6406,-17.6796,-0.109017,-0.483336,-22.7282,0.0108955
143,86,Box,6.10801,-18.2556,0.393563,-0.134137,-22.9993,0.0304174
143,87,Box,9.47653,-17.9126,-0.390208,1.49051,-22.4352,-1.13191
143,88,Box,10.7602,-17.7478,0.101549,2.14945,-22.9761,-0.447436
143,89,Box,13.8346,-17.6213,0.189788,3.93363,-22.8089,0.345428
143,90,Box,-1.05317,-12.3647,3.07919,-0.879204,-19.5685,2.28378
143,91,Box,1.68244,-13.7786,-1.3998,0.487807,-20.65,-1.31725
143,92,Box,2.0584,-15.8324,-1.41685,-0.254675,-22.0223,-1.26902
143,93,Box,4.42957,-16.1918,-0.0149232,1.05398,-22.4869,0.00815806
143,94,Box,22.9859,-0.634037,-25.0875,15.8267,-9.25863,-21.0805
143,95,Box,9.9831,-16.8758,-3.98351,3.25978,-22.2943,-1.01335
143,96,Box,11.4109,-16.7579,-0.544933,3.40684,-23.5843,-0.976218
143,97,Box,13.4903,-16.464,0.598506,5.09591,-22.758,0.54886
143,98,Box,14.7313,-15.9971,0.3676,5.37154,-22.2989,0.306996
143,99,Box,16.1051,-16.2487,-0.42649,5.74186,-22.5348,-0.465199
143,100,Circle,10.666,-16.5679,9.32861,3.1262,-22.8132,4.70518
144,0,Box,0,-26.5556,0,0,-22.736,0
144,1,Box,1.1,-26.5556,0,0,-22.736,0
144,2,Box,2.2,-26.5556,0,0,-22.736,0
144,3,Box,3.3,-26.5556,0,0,-22.736,0
144,4,Box,4.4,-26.5556,0,0,-22.736,0
144,5,Box,5.5,-26.5556,0,0,-22.736,0
144,6,Box,6.61092,-26.6135,0.102195,0.0415025,-22.9376,0.395407
144,7,Box,7.7,-26.5556,0,0,-22.736,0
144,8,Box,8.8,-26.5556,0,0,-22.736,0
144,9,Box,9.9,-26.5556,0,0,-22.736,0
144,10,Box,0,-25.4556,0,0,-22.736,0
144,11,Box,1.1,-25.4556,0,0,-22.736,0
144,12,Box,2.2,-25.4556,0,0,-22.736,0
144,13,Box,3.3,-25.4556,0,0,-22.736,0
144,14,Box,4.4,-25.4556,0,0,-22.736,0
144,15,Box,5.50144,-25.5044,-0.0212042,-0.00104598,-23.0081,0.195985
144,16,Box,6.63067,-25.6037,0.165854,0.060968,-22.9941,0.178156
144,17,Box,7.70972,-25.5041,0.095222,0.0447994,-22.9574,0.433283
144,18,Box,8.8,-25.4556,0,0,-22.736,0
144,19,Box,9.9,-25.4556,0,0,-22.736,0
144,20,Box,0,-24.3556,0,0,-22.736,0
144,21,Box,1.1,-24.3556,0,0,-22.736,0
144,22,Box,2.2,-24.3556,0,0,-22.736,0
144,23,Box,3.3,-24.3556,0,0,-22.736,0
144,24,Box,4.39739,-24.3687,-0.0262317,-0.0203881,-22.8379,-0.204935
144,25,Box,5.48023,-24.5002,0.0287259,-0.00971199,-22.9705,0.268827
144,26,Box,6.64909,-24.6166,0.183024,0.0412361,-23.0341,0.0411785
144,27,Box,7.72661,-24.4741,0.183106,0.0625293,-22.9841,0.27164
144,28,Box,8.80407,-24.376,0.0406546,0.0365154,-22.9143,0.356723
144,29,Box,9.9,-24.3556,0,0,-22.736,0
144,30,Box,0,-23.2556,0,0,-22.736,0
144,31,Box,1.1,-23.2556,0,0,-22.736,0
144,32,Box,2.2,-23.2556,0,0,-22.736,0
144,33,Box,3.3,-23.2556,0,0,-22.736,0
144,34,Box,4.38817,-23.3173,-0.0922705,-0.0109845,-22.8697,0.291599
144,35,Box,5.4878,-23.4697,0.113066,0.0219701,-22.9993,0.188517
144,36,Box,6.66405,-23.6417,0.166584,0.0245296,-23.0426,0.0228133
144,37,Box,7.76863,-23.4516,0.221875,0.11413,-23.0183,0.0515398
144,38,Box,8.81843,-23.3583,0.126448,0.0581558,-22.9808,0.177853
144,39,Box,9.9,-23.2556,0,0,-22.736,0
144,40,Box,0,-22.1556,0,0,-22.736,0
144,41,Box,1.1,-22.1556,0,0,-22.736,0
144,42,Box,2.2,-22.1556,0,0,-22.736,0
144,43,Box,3.3,-22.1556,0,0,-22.736,0
144,44,Box,4.38081,-22.278,-0.0130311,-0.0158978,-22.8301,0.0926499
144,45,Box,5.47313,-22.4747,0.144649,-0.0577787,-23.0256,0.11564
144,46,Box,6.66582,-22.6571,0.225097,0.000142621,-23.0484,0.0117743
144,47,Box,7.78338,-22.4377,0.25298,0.0727105,-23.0256,0.0211058
144,48,Box,8.83885,-22.3576,0.179158,0.0351623,-23.0374,0.0112325
144,49,Box,9.90984,-22.1891,0.129744,0.0307435,-22.8404,0.405451
144,50,Box,0,-21.0556,0,0,-22.736,0
144,51,Box,1.1,-21.0556,0,0,-22.736,0
144,52,Box,2.2,-21.0556,0,0,-22.736,0
144,53,Box,3.3,-21.0556,0,0,-22.736,0
144,54,Box,4.35171,-21.245,0.0498834,-0.0982016,-22.916,0.268895
144,55,Box,5.42426,-21.4891,0.169255,-0.119218,-23.0923,-0.0244934
144,56,Box,6.51051,-21.7041,0.276027,-0.114535,-23.1048,-0.0525838
144,57,Box,7.71722,-21.4641,0.251627,-0.0343831,-23.0609,0.00416279
144,58,Box,8.84641,-21.3762,0.214782,-0.0263581,-23.0159,0.0747507
144,59,Box,9.92404,-21.1913,0.088984,0.0703845,-22.8922,0.191776
144,60,Box,0,-19.9556,0,0,-22.736,0
144,61,Box,1.1,-19.9556,0,0,-22.736,0
144,62,Box,2.2,-19.9556,0,0,-22.736,0
144,63,Box,3.25219,-19.9655,0.113901,-0.114921,-22.7596,0.2738
144,64,Box,4.28516,-20.2213,0.10137,-0.185483,-22.9741,0.127177
144,65,Box,5.36001,-20.4647,0.0452913,-0.120791,-23.0972,-0.0367273
144,66,Box,6.47564,-20.6344,0.0375924,-0.100132,-23.1117,-0.0714944
144,67,Box,7.79451,-20.4447,0.149681,-0.0170793,-23.1251,-0.0951601
144,68,Box,8.80979,-20.3904,0.102559,0.119427,-23.1664,-0.256543
144,69,Box,10.045,-20.1291,-0.227998,0.175356,-23.1419,-0.860114
144,70,Box,0,-18.8556,0,0,-22.736,0
144,71,Box,1.1,-18.8556,0,0,-22.736,0
144,72,Box,2.19611,-18.8646,0.00901961,-0.0762907,-22.7878,0.165375
144,73,Box,3.21022,-18.8907,0.0316724,-0.127114,-22.8024,-0.173959
144,74,Box,4.22465,-19.1779,0.0443047,-0.152177,-22.8999,0.0909148
144,75,Box,5.24045,-19.496,0.0475017,-0.162047,-23.0877,-0.0162498
144,76,Box,6.88864,-19.588,-0.370657,0.156397,-23.2572,-0.252678
144,77,Box,8.00936,-19.4021,-0.0488154,0.261616,-23.0581,-0.047455
144,78,Box,9.03578,-19.363,-0.104696,0.275562,-23.2061,-0.301095
144,79,Box,10.2874,-19.1624,-0.299046,0.987892,-23.1471,-0.851763
144,80,Box,-0.350858,-17.68,-0.126939,-0.522144,-22.6208,-0.0359421
144,81,Box,0.657658,-17.761,-0.106765,-0.532973,-22.77,0.0378195
144,82,Box,1.65786,-17.8217,-0.0876441,-0.498767,-22.7944,0.0636454
144,83,Box,2.65163,-17.8253,-0.0915502,-0.488647,-22.783,0.0515759
144,84,Box,3.6555,-17.7702,-0.104108,-0.482722,-22.7678,0.0291893
144,85,Box,4.63287,-18.0458,-0.108843,-0.483336,-22.885,0.0108955
144,86,Box,6.10587,-18.6261,0.39405,-0.134137,-23.1561,0.0304174
144,87,Box,9.50037,-18.274,-0.408319,1.49051,-22.592,-1.13191
144,88,Box,10.7946,-18.1179,0.0943901,2.14945,-23.1329,-0.447436
144,89,Box,13.8976,-17.9887,0.195315,3.93363,-22.9657,0.345428
144,90,Box,-1.06724,-12.6803,3.11573,-0.879204,-19.7253,2.28378
144,91,Box,1.69025,-14.1115,-1.42087,0.487807,-20.8067,-1.31725
144,92,Box,2.05433,-16.1873,-1.43715,-0.254675,-22.1791,-1.26902
144,93,Box,4.44643,-16.5541,-0.0147927,1.05398,-22.6437,0.00815806
144,94,Box,23.2392,-0.784684,-25.4248,15.8267,-9.41543,-21.0805
144,95,Box,10.089,-17.1886,-3.99973,3.25978,-22.4511,-1.01335
144,96,Box,11.4122,-17.1044,-0.560553,3.22356,-23.5676,-1.46174
144,97,Box,13.5719,-16.8306,0.607288,5.09591,-22.9148,0.54886
144,98,Box,14.8173,-16.3563,0.372512,5.37154,-22.4557,0.306996
144,99,Box,16.197,-16.6118,-0.433933,5.74186,-22.6916,-0.465199
144,100,Circle,10.7153,-17.037,9.40389,3.35956,-23.1909,4.58305
145,0,Box,0,-26.9219,0,0,-22.8928,0
145,1,Box,1.1,-26.9219,0,0,-22.8928,0
145,2,Box,2.2,-26.9219,0,0,-22.8928,0
145,3,Box,3.3,-26.9219,0,0,-22.8928,0
145,4,Box,4.4,-26.9219,0,0,-22.8928,0
145,5,Box,5.5,-26.9219,0,0,-22.8928,0
145,6,Box,6.61185,-26.9855,0.108522,0.0425403,-23.0977,0.400384
145,7,Box,7.7,-26.9219,0,0.0287033,-23.0363,0.289368
145,8,Box,8.8,-26.9219,0,0,-22.8928,0
145,9,Box,9.9,-26.9219,0,0,-22.8928,0
145,10,Box,0,-25.8219,0,0,-22.8928,0
145,11,Box,1.1,-25.8219,0,0,-22.8928,0
145,12,Box,2.2,-25.8219,0,0,-22.8928,0
145,13,Box,3.3,-25.8219,0,0,-22.8928,0
145,14,Box,4.4,-25.8219,0,0,-22.8928,0
145,15,Box,5.50143,-25.875,-0.0180684,-0.000499883,-23.1672,0.204702
145,16,Box,6.63228,-25.9769,0.168704,0.0614662,-23.1516,0.171969
145,17,Box,7.71044,-25.8739,0.102155,0.0464285,-23.0892,0.144263
145,18,Box,8.8,-25.8219,0,0,-22.8928,0
145,19,Box,9.9,-25.8219,0,0,-22.8928,0
145,20,Box,0,-24.7219,0,0,-22.8928,0
145,21,Box,1.1,-24.7219,0,0,-22.8928,0
145,22,Box,2.2,-24.7219,0,0,-22.8928,0
145,23,Box,3.3,-24.7219,0,0,-22.8928,0
145,24,Box,4.39706,-24.7366,-0.0295107,-0.0203881,-22.9947,-0.204935
145,25,Box,5.48008,-24.8702,0.0330271,-0.00890928,-23.1307,0.268124
145,26,Box,6.65031,-24.991,0.183683,0.0399803,-23.1909,0.0367617
145,27,Box,7.72768,-24.8448,0.187452,0.0429704,-23.1172,0.0450669
145,28,Box,8.80472,-24.7466,0.0463622,0.0383942,-23.0787,0.370463
145,29,Box,9.9,-24.7219,0,0,-22.8928,0
145,30,Box,0,-23.6219,0,0,-22.8928,0
145,31,Box,1.1,-23.6219,0,0,-22.8928,0
145,32,Box,2.2,-23.6219,0,0,-22.8928,0
145,33,Box,3.3,-23.6219,0,0,-22.8928,0
145,34,Box,4.38799,-23.6857,-0.0876049,-0.0109845,-23.0265,0.291599
145,35,Box,5.48834,-23.8417,0.116083,0.0230074,-23.1577,0.182108
145,36,Box,6.66485,-24.0153,0.166949,0.0241357,-23.1991,0.0188815
145,37,Box,7.77102,-23.8248,0.222699,0.105088,-23.1487,-0.0644563
145,38,Box,8.8199,-23.7317,0.129294,0.0614613,-23.1453,0.174102
145,39,Box,9.9,-23.6219,0,0.0242513,-22.9881,0.358806
145,40,Box,0,-22.5219,0,0,-22.8928,0
145,41,Box,1.1,-22.5219,0,0,-22.8928,0
145,42,Box,2.2,-22.5219,0,0,-22.8928,0
145,43,Box,3.3,-22.5219,0,0,-22.8928,0
145,44,Box,4.38056,-22.6458,-0.0115487,-0.0158978,-22.9869,0.0926499
145,45,Box,5.47246,-22.8469,0.146499,-0.0605802,-23.1832,0.112351
145,46,Box,6.66671,-23.0293,0.225285,0.000322149,-23.2039,0.0107714
145,47,Box,7.78552,-22.8121,0.253318,0.0732758,-23.1562,-0.0331257
145,48,Box,8.84059,-22.7339,0.179338,0.0237185,-23.1362,0.150901
145,49,Box,9.91062,-22.5601,0.136232,0.0307435,-22.9972,0.405451
145,50,Box,0,-21.4219,0,0,-22.8928,0
145,51,Box,1.1,-21.4219,0,0,-22.8928,0
145,52,Box,2.2,-21.4219,0,0,-22.8928,0
145,53,Box,3.3,-21.4219,0,0,-22.8928,0
145,54,Box,4.35014,-21.6141,0.0541857,-0.0982016,-23.0728,0.268895
145,55,Box,5.42208,-21.8618,0.168863,-0.120154,-23.2497,-0.0261925
145,56,Box,6.50607,-22.0684,0.275185,-0.114949,-23.2614,-0.0545748
145,57,Box,7.71654,-21.8392,0.251694,-0.0378446,-23.199,-0.0446264
145,58,Box,8.84578,-21.7531,0.215978,-0.0509917,-23.1869,0.0192773
145,59,Box,9.92062,-21.5743,0.0920524,0.0684676,-23.0531,0.196586
145,60,Box,0,-20.3219,0,0,-22.8928,0
145,61,Box,1.1,-20.3219,0,0,-22.8928,0
145,62,Box,2.2,-20.3219,0,-0.0829577,-22.9094,0.163419
145,63,Box,3.25036,-20.3321,0.118281,-0.0979939,-22.9203,-0.24087
145,64,Box,4.28219,-20.5914,0.103405,-0.146142,-23.1186,0.147515
145,65,Box,5.35803,-20.8356,0.0447037,-0.119218,-23.2499,-0.0278155
145,66,Box,6.47237,-21.0064,0.0364485,-0.100361,-23.2673,-0.0711741
145,67,Box,7.79523,-20.813,0.148158,-0.0120121,-23.2608,-0.126158
145,68,Box,8.80925,-20.7557,0.0984541,0.119052,-23.3032,-0.246428
145,69,Box,10.0511,-20.4888,-0.241759,0.177273,-23.2946,-0.855756
145,70,Box,0,-19.2219,0,0,-22.8928,0
145,71,Box,1.1,-19.2219,0,0,-22.8928,0
145,72,Box,2.19489,-19.2317,0.0116656,-0.0762907,-22.9446,0.165375
145,73,Box,3.20818,-19.258,0.028889,-0.169465,-22.9634,-0.138502
145,74,Box,4.22222,-19.5468,0.0457593,-0.13824,-23.0596,-0.0376778
145,75,Box,5.23775,-19.8656,0.0472417,-0.135048,-23.2432,-0.0373865
145,76,Box,6.8894,-19.9576,-0.3747,0.141176,-23.4076,-0.246332
145,77,Box,8.01433,-19.769,-0.0495746,0.233959,-23.1929,-0.0704117
145,78,Box,9.04107,-19.7288,-0.109514,0.322132,-23.341,-0.220749
145,79,Box,10.3042,-19.531,-0.312674,0.987892,-23.3039,-0.851763
145,80,Box,-0.359213,-18.0444,-0.127514,-0.522144,-22.7776,-0.0359421
145,81,Box,0.649131,-18.1278,-0.10616,-0.532973,-22.9268,0.0378195
145,82,Box,1.64988,-18.189,-0.0866258,-0.498767,-22.9512,0.0636454
145,83,Box,2.64381,-18.1923,-0.0907249,-0.488647,-22.9398,0.0515759
145,84,Box,3.64777,-18.137,-0.103641,-0.482722,-22.9246,0.0291893
145,85,Box,4.62513,-18.4145,-0.108668,-0.483336,-23.0418,0.0108955
145,86,Box,6.10372,-18.9991,0.394537,-0.106255,-23.2942,0.0443866
145,87,Box,9.52422,-18.638,-0.426429,1.49051,-22.7488,-1.13191
145,88,Box,10.829,-18.4905,0.0872312,2.14945,-23.2897,-0.447436
145,89,Box,13.9605,-18.3587,0.200842,3.93363,-23.1225,0.345428
145,90,Box,-1.08131,-12.9984,3.15227,-0.879204,-19.8821,2.28378
145,91,Box,1.69805,-14.4469,-1.44195,0.487807,-20.9635,-1.31725
145,92,Box,2.05025,-16.5447,-1.45746,-0.254675,-22.3359,-1.26902
145,93,Box,4.4633,-16.9189,-0.0146622,1.05398,-22.8005,0.00815806
145,94,Box,23.4924,-0.937839,-25.7621,15.8267,-9.57223,-21.0805
145,95,Box,10.1411,-17.5503,-4.01594,3.25978,-22.6079,-1.01335
145,96,Box,11.4638,-17.484,-0.583941,3.22356,-23.7244,-1.46174
145,97,Box,13.6534,-17.1998,0.61607,5.09591,-23.0716,0.54886
145,98,Box,14.9032,-16.7181,0.377424,5.37154,-22.6125,0.306996
145,99,Box,16.2888,-16.9773,-0.441377,5.74186,-22.8484,-0.465199
145,100,Circle,10.7691,-17.4105,9.47722,3.35956,-23.3477,4.58305
146,0,Box,0,-27.2907,0,0,-23.0496,0
146,1,Box,1.1,-27.2907,0,0,-23.0496,0
146,2,Box,2.2,-27.2907,0,0,-23.0496,0
146,3,Box,3.3,-27.2907,0,0,-23.0496,0
146,4,Box,4.4,-27.2907,0,0,-23.0496,0
146,5,Box,5.5,-27.2907,0,0,-23.0496,0
146,6,Box,6.61253,-27.3576,0.114928,0.0425403,-23.2545,0.400384
146,7,Box,7.70046,-27.293,0.00462989,0.0287033,-23.1931,0.289368
146,8,Box,8.8,-27.2907,0,0,-23.0496,0
146,9,Box,9.9,-27.2907,0,0,-23.0496,0
146,10,Box,0,-26.1907,0,0,-23.0496,0
146,11,Box,1.1,-26.1907,0,0,-23.0496,0
146,12,Box,2.2,-26.1907,0,0,-23.0496,0
146,13,Box,3.3,-26.1907,0,0,-23.0496,0
146,14,Box,4.4,-26.1907,0,0,-23.0496,0
146,15,Box,5.50142,-26.2482,-0.0147932,-0.000499883,-23.324,0.204702
146,16,Box,6.63327,-26.3498,0.171456,0.0614662,-23.3084,0.171969
146,17,Box,7.71118,-26.2459,0.104463,0.0464285,-23.246,0.144263
146,18,Box,8.8,-26.1907,0,0,-23.0496,0
146,19,Box,9.9,-26.1907,0,0,-23.0496,0
146,20,Box,0,-25.0907,0,0,-23.0496,0
146,21,Box,1.1,-25.0907,0,0,-23.0496,0
146,22,Box,2.2,-25.0907,0,0,-23.0496,0
146,23,Box,3.3,-25.0907,0,0,-23.0496,0
146,24,Box,4.39674,-25.107,-0.0327897,-0.0203881,-23.1515,-0.204935
146,25,Box,5.47993,-25.2428,0.0373171,-0.00890928,-23.2875,0.268124
146,26,Box,6.65095,-25.3646,0.184271,0.0399803,-23.3477,0.0367617
146,27,Box,7.72837,-25.2171,0.188173,0.0429704,-23.274,0.0450669
146,28,Box,8.80534,-25.1184,0.0522896,0.0383942,-23.2355,0.370463
146,29,Box,9.9,-25.0907,0,0,-23.0496,0
146,30,Box,0,-23.9907,0,0,-23.0496,0
146,31,Box,1.1,-23.9907,0,0,-23.0496,0
146,32,Box,2.2,-23.9907,0,0,-23.0496,0
146,33,Box,3.3,-23.9907,0,0,-23.0496,0
146,34,Box,4.38781,-24.0567,-0.0829393,-0.0109845,-23.1833,0.291599
146,35,Box,5.4887,-24.2148,0.118996,0.0230074,-23.3145,0.182108
146,36,Box,6.66524,-24.389,0.167251,0.0241357,-23.3559,0.0188815
146,37,Box,7.7727,-24.1977,0.221668,0.105088,-23.3055,-0.0644563
146,38,Box,8.82088,-24.1045,0.13208,0.0614613,-23.3021,0.174102
146,39,Box,9.90039,-23.9923,0.00574089,0.0242513,-23.1449,0.358806
146,40,Box,0,-22.8907,0,0,-23.0496,0
146,41,Box,1.1,-22.8907,0,0,-23.0496,0
146,42,Box,2.2,-22.8907,0,0,-23.0496,0
146,43,Box,3.3,-22.8907,0,0,-23.0496,0
146,44,Box,4.3803,-23.0161,-0.0100663,-0.0158978,-23.1437,0.0926499
146,45,Box,5.47149,-23.2204,0.148297,-0.0605802,-23.34,0.112351
146,46,Box,6.66671,-23.403,0.225458,0.000322149,-23.3607,0.0107714
146,47,Box,7.78669,-23.1851,0.252788,0.0732758,-23.313,-0.0331257
146,48,Box,8.84097,-23.1066,0.181752,0.0237185,-23.293,0.150901
146,49,Box,9.91111,-22.9305,0.142719,0.0307435,-23.154,0.405451
146,50,Box,0,-21.7907,0,0,-23.0496,0
146,51,Box,1.1,-21.7907,0,0,-23.0496,0
146,52,Box,2.2,-21.7907,0,0,-23.0496,0
146,53,Box,3.3,-21.7907,0,0,-23.0496,0
146,54,Box,4.34857,-21.9858,0.058488,-0.0982016,-23.2296,0.268895
146,55,Box,5.42016,-22.2363,0.168444,-0.120154,-23.4065,-0.0261925
146,56,Box,6.50423,-22.4431,0.274312,-0.114949,-23.4182,-0.0545748
146,57,Box,7.71594,-22.2129,0.25098,-0.0378446,-23.3558,-0.0446264
146,58,Box,8.84497,-22.1266,0.216286,-0.0509917,-23.3437,0.0192773
146,59,Box,9.92171,-21.9457,0.0951977,0.0684676,-23.2099,0.196586
146,60,Box,0,-20.6907,0,0,-23.0496,0
146,61,Box,1.1,-20.6907,0,0,-23.0496,0
146,62,Box,2.19867,-20.691,0.00261471,-0.0829577,-23.0662,0.163419
146,63,Box,3.24879,-20.7014,0.114427,-0.0979939,-23.0771,-0.24087
146,64,Box,4.27985,-20.9638,0.105765,-0.146142,-23.2754,0.147515
146,65,Box,5.35612,-21.2101,0.0442586,-0.119218,-23.4067,-0.0278155
146,66,Box,6.47076,-21.3812,0.0353098,-0.100361,-23.4241,-0.0711741
146,67,Box,7.79504,-21.1876,0.14614,-0.0120121,-23.4176,-0.126158
146,68,Box,8.81116,-21.1311,0.0945112,0.119052,-23.46,-0.246428
146,69,Box,10.0539,-20.864,-0.255451,0.177273,-23.4514,-0.855756
146,70,Box,0,-19.5907,0,0,-23.0496,0
146,71,Box,1.1,-19.5907,0,0,-23.0496,0
146,72,Box,2.19367,-19.6013,0.0143116,-0.0762907,-23.1014,0.165375
146,73,Box,3.20547,-19.628,0.026673,-0.169465,-23.1202,-0.138502
146,74,Box,4.22001,-19.9183,0.0451565,-0.13824,-23.2164,-0.0376778
146,75,Box,5.23559,-20.24,0.0466435,-0.135048,-23.4,-0.0373865
146,76,Box,6.89166,-20.3347,-0.378641,0.141176,-23.5644,-0.246332
146,77,Box,8.01807,-20.1426,-0.0507012,0.233959,-23.3497,-0.0704117
146,78,Box,9.04622,-20.1048,-0.113046,0.322132,-23.4978,-0.220749
146,79,Box,10.32,-19.9064,-0.326302,0.987892,-23.4607,-0.851763
146,80,Box,-0.367567,-18.4114,-0.128089,-0.522144,-22.9344,-0.0359421
146,81,Box,0.640603,-18.4971,-0.105555,-0.532973,-23.0836,0.0378195
146,82,Box,1.6419,-18.5587,-0.0856075,-0.498767,-23.108,0.0636454
146,83,Box,2.63599,-18.5619,-0.0898997,-0.488647,-23.0966,0.0515759
146,84,Box,3.64005,-18.5063,-0.103174,-0.482722,-23.0814,0.0291893
146,85,Box,4.6174,-18.7856,-0.108494,-0.483336,-23.1986,0.0108955
146,86,Box,6.10202,-19.3743,0.395247,-0.106255,-23.451,0.0443866
146,87,Box,9.54807,-19.0045,-0.44454,1.49051,-22.9056,-1.13191
146,88,Box,10.8661,-18.869,0.0800722,2.14945,-23.4465,-0.447436
146,89,Box,14.0234,-18.7311,0.206368,3.93363,-23.2793,0.345428
146,90,Box,-1.09538,-13.319,3.18881,-0.879204,-20.0389,2.28378
146,91,Box,1.70586,-14.7849,-1.46303,0.487807,-21.1203,-1.31725
146,92,Box,2.04618,-16.9045,-1.47776,-0.254675,-22.4927,-1.26902
146,93,Box,4.48016,-17.2862,-0.0145316,1.05398,-22.9573,0.00815806
146,94,Box,23.7456,-1.0935,-26.0994,15.8267,-9.72903,-21.0805
146,95,Box,10.2651,-17.851,-4.03215,3.25978,-22.7647,-1.01335
146,96,Box,11.4458,-17.8031,-0.607329,3.22356,-23.8812,-1.46174
146,97,Box,13.7349,-17.5714,0.624852,5.09591,-23.2284,0.54886
146,98,Box,14.9892,-17.0825,0.382336,5.37154,-22.7693,0.306996
146,99,Box,16.3807,-17.3454,-0.44882,5.74186,-23.0052,-0.465199
146,100,Circle,10.8167,-17.9435,9.55055,3.35956,-23.5045,4.58305
147,0,Box,0,-27.662,0,0,-23.2064,0
147,1,Box,1.1,-27.662,0,0,-23.2064,0
147,2,Box,2.2,-27.662,0,0,-23.2064,0
147,3,Box,3.3,-27.662,0,0,-23.2064,0
147,4,Box,4.4,-27.662,0,0,-23.2064,0
147,5,Box,5.5,-27.662,0,0,-23.2064,0
147,6,Box,6.61321,-27.7321,0.121334,0.0425403,-23.4113,0.400384
147,7,Box,7.70092,-27.6666,0.00925978,0.0287033,-23.3499,0.289368
147,8,Box,8.8,-27.662,0,0,-23.2064,0
147,9,Box,9.9,-27.662,0,0,-23.2064,0
147,10,Box,0,-26.562,0,0,-23.2064,0
147,11,Box,1.1,-26.562,0,0,-23.2064,0
147,12,Box,2.2,-26.562,0,0,-23.2064,0
147,13,Box,3.3,-26.562,0,0,-23.2064,0
147,14,Box,4.4,-26.562,0,0,-23.2064,0
147,15,Box,5.50141,-26.6239,-0.0115179,-0.000499883,-23.4808,0.204702
147,16,Box,6.63425,-26.7253,0.174207,0.0614662,-23.4652,0.171969
147,17,Box,7.71192,-26.6203,0.106771,0.0464285,-23.4028,0.144263
147,18,Box,8.8,-26.562,0,0,-23.2064,0
147,19,Box,9.9,-26.562,0,0,-23.2064,0
147,20,Box,0,-25.462,0,0,-23.2064,0
147,21,Box,1.1,-25.462,0,0,-23.2064,0
147,22,Box,2.2,-25.462,0,0,-23.2064,0
147,23,Box,3.3,-25.462,0,0,-23.2064,0
147,24,Box,4.39641,-25.48,-0.0360686,-0.0203881,-23.3083,-0.204935
147,25,Box,5.47979,-25.6179,0.0416071,-0.00890928,-23.4443,0.268124
147,26,Box,6.65159,-25.7407,0.184859,0.0399803,-23.5045,0.0367617
147,27,Box,7.72906,-25.592,0.188894,0.0429704,-23.4308,0.0450669
147,28,Box,8.80595,-25.4926,0.058217,0.0383942,-23.3923,0.370463
147,29,Box,9.9,-25.462,0,0,-23.2064,0
147,30,Box,0,-24.362,0,0,-23.2064,0
147,31,Box,1.1,-24.362,0,0,-23.2064,0
147,32,Box,2.2,-24.362,0,0,-23.2064,0
147,33,Box,3.3,-24.362,0,0,-23.2064,0
147,34,Box,4.38764,-24.4301,-0.0782737,-0.0109845,-23.3401,0.291599
147,35,Box,5.48907,-24.5903,0.12191,0.0230074,-23.4713,0.182108
147,36,Box,6.66562,-24.7652,0.167553,0.0241357,-23.5127,0.0188815
147,37,Box,7.77438,-24.5731,0.220637,0.105088,-23.4623,-0.0644563
147,38,Box,8.82187,-24.4799,0.134865,0.0614613,-23.4589,0.174102
147,39,Box,9.90078,-24.3651,0.0114818,0.0242513,-23.3017,0.358806
147,40,Box,0,-23.262,0,0,-23.2064,0
147,41,Box,1.1,-23.262,0,0,-23.2064,0
147,42,Box,2.2,-23.262,0,0,-23.2064,0
147,43,Box,3.3,-23.262,0,0,-23.2064,0
147,44,Box,4.38005,-23.3889,-0.00858388,-0.0158978,-23.3005,0.0926499
147,45,Box,5.47052,-23.5963,0.150094,-0.0605802,-23.4968,0.112351
147,46,Box,6.66672,-23.7793,0.22563,0.000322149,-23.5175,0.0107714
147,47,Box,7.78787,-23.5606,0.252258,0.0732758,-23.4698,-0.0331257
147,48,Box,8.84135,-23.4818,0.184166,0.0237185,-23.4498,0.150901
147,49,Box,9.9116,-23.3035,0.149206,0.0307435,-23.3108,0.405451
147,50,Box,0,-22.162,0,0,-23.2064,0
147,51,Box,1.1,-22.162,0,0,-23.2064,0
147,52,Box,2.2,-22.162,0,0,-23.2064,0
147,53,Box,3.3,-22.162,0,0,-23.2064,0
147,54,Box,4.347,-22.36,0.0627903,-0.0982016,-23.3864,0.268895
147,55,Box,5.41824,-22.6133,0.168025,-0.120154,-23.5633,-0.0261925
147,56,Box,6.50261,-22.8269,0.273439,-0.114953,-23.575,-0.0545393
147,57,Box,7.71533,-22.5891,0.250266,-0.0378446,-23.5126,-0.0446264
147,58,Box,8.84415,-22.5026,0.216595,-0.0509917,-23.5005,0.0192773
147,59,Box,9.92281,-22.3195,0.0983431,0.0684676,-23.3667,0.196586
147,60,Box,0,-21.062,0,0,-23.2064,0
147,61,Box,1.1,-21.062,0,0,-23.2064,0
147,62,Box,2.19735,-21.0626,0.00522942,-0.0829577,-23.223,0.163419
147,63,Box,3.24722,-21.0731,0.110574,-0.0979939,-23.2339,-0.24087
147,64,Box,4.27751,-21.3388,0.108126,-0.146142,-23.4322,0.147515
147,65,Box,5.35422,-21.5871,0.0438136,-0.119218,-23.5635,-0.0278155
147,66,Box,6.46756,-21.7553,0.034171,-0.100357,-23.5809,-0.0711794
147,67,Box,7.79485,-21.5648,0.144121,-0.0120121,-23.5744,-0.126158
147,68,Box,8.81306,-21.5089,0.0905684,0.119052,-23.6168,-0.246428
147,69,Box,10.0567,-21.2417,-0.269144,0.177273,-23.6082,-0.855756
147,70,Box,0,-19.962,0,0,-23.2064,0
147,71,Box,1.1,-19.962,0,0,-23.2064,0
147,72,Box,2.19245,-19.9734,0.0169576,-0.0762907,-23.2582,0.165375
147,73,Box,3.20276,-20.0004,0.024457,-0.169465,-23.277,-0.138502
147,74,Box,4.21779,-20.2922,0.0445536,-0.13824,-23.3732,-0.0376778
147,75,Box,5.23343,-20.6169,0.0460453,-0.135048,-23.5568,-0.0373865
147,76,Box,6.89529,-20.7108,-0.382582,0.141176,-23.7212,-0.246332
147,77,Box,8.02182,-20.5187,-0.0518278,0.233959,-23.5065,-0.0704117
147,78,Box,9.05138,-20.4832,-0.116578,0.322132,-23.6546,-0.220749
147,79,Box,10.3358,-20.2843,-0.33993,0.987892,-23.6175,-0.851763
147,80,Box,-0.375921,-18.7808,-0.128664,-0.522144,-23.0912,-0.0359421
147,81,Box,0.632075,-18.869,-0.10495,-0.532973,-23.2404,0.0378195
147,82,Box,1.63392,-18.9309,-0.0845891,-0.498767,-23.2648,0.0636454
147,83,Box,2.62817,-18.9339,-0.0890745,-0.488647,-23.2534,0.0515759
147,84,Box,3.63233,-18.8781,-0.102707,-0.482722,-23.2382,0.0291893
147,85,Box,4.60967,-19.1593,-0.10832,-0.483336,-23.3554,0.0108955
147,86,Box,6.10032,-19.752,0.395957,-0.106255,-23.6078,0.0443866
147,87,Box,9.57192,-19.3735,-0.46265,1.49051,-23.0624,-1.13191
147,88,Box,10.9005,-19.2466,0.0729132,2.14945,-23.6033,-0.447436
147,89,Box,14.0864,-19.1061,0.211895,3.93363,-23.4361,0.345428
147,90,Box,-1.10944,-13.6422,3.22535,-0.879204,-20.1957,2.28378
147,91,Box,1.71366,-15.1253,-1.4841,0.487807,-21.2771,-1.31725
147,92,Box,2.0421,-17.2669,-1.49807,-0.254675,-22.6495,-1.26902
147,93,Box,4.49703,-17.656,-0.0144011,1.05398,-23.1141,0.00815806
147,94,Box,23.9988,-1.25168,-26.4367,15.8267,-9.88583,-21.0805
147,95,Box,10.2819,-18.2454,-4.04837,3.25978,-22.9215,-1.01335
147,96,Box,11.6108,-18.0531,-0.630717,3.22356,-24.038,-1.46174
147,97,Box,13.8165,-17.9456,0.633633,5.09591,-23.3852,0.54886
147,98,Box,15.0751,-17.4493,0.387248,5.37154,-22.9261,0.306996
147,99,Box,16.4726,-17.716,-0.456263,5.74186,-23.162,-0.465199
147,100,Circle,10.771,-18.4582,9.62388,3.35956,-23.6613,4.58305
148,0,Box,0,-28.0358,0,0,-23.3632,0
148,1,Box,1.1,-28.0358,0,0,-23.3632,0
148,2,Box,2.2,-28.0358,0,0,-23.3632,0
148,3,Box,3.3,-28.0358,0,0,-23.3632,0
148,4,Box,4.4,-28.0358,0,0,-23.3632,0
148,5,Box,5.5,-28.0358,0,0,-23.3632,0
148,6,Box,6.61424,-28.1119,0.12774,0.0435003,-23.5709,0.404473
148,7,Box,7.70138,-28.0427,0.0138897,0.0287033,-23.5067,0.289368
148,8,Box,8.8,-28.0358,0,0,-23.3632,0
148,9,Box,9.9,-28.0358,0,0,-23.3632,0
148,10,Box,0,-26.9358,0,0,-23.3632,0
148,11,Box,1.1,-26.9358,0,0,-23.3632,0
148,12,Box,2.2,-26.9358,0,0,-23.3632,0
148,13,Box,3.3,-26.9358,0,0,-23.3632,0
148,14,Box,4.4,-26.9358,0,0,-23.3632,0
148,15,Box,5.5014,-27.0021,-0.00824267,0.000192125,-23.6404,0.215194
148,16,Box,6.63587,-27.1061,0.176959,0.0616473,-23.6221,0.165641
148,17,Box,7.71267,-26.9973,0.109079,0.0466022,-23.5602,0.145052
148,18,Box,8.8,-26.9358,0,0,-23.3632,0
148,19,Box,9.9,-26.9358,0,0,-23.3632,0
148,20,Box,0,-25.8358,0,0,-23.3632,0
148,21,Box,1.1,-25.8358,0,0,-23.3632,0
148,22,Box,2.2,-25.8358,0,0,-23.3632,0
148,23,Box,3.3,-25.8358,0,0,-23.3632,0
148,24,Box,4.39609,-25.8554,-0.0393476,-0.0203881,-23.4651,-0.204935
148,25,Box,5.47965,-25.9956,0.0458971,-0.00764578,-23.6062,0.268362
148,26,Box,6.65272,-26.1225,0.185447,0.0389826,-23.6611,0.0327869
148,27,Box,7.72993,-25.9704,0.189615,0.0432632,-23.5882,0.0442549
148,28,Box,8.8067,-25.8715,0.0641444,0.0392387,-23.5523,0.375962
148,29,Box,9.9,-25.8358,0,0,-23.3632,0
148,30,Box,0,-24.7358,0,0,-23.3632,0
148,31,Box,1.1,-24.7358,0,0,-23.3632,0
148,32,Box,2.2,-24.7358,0,0,-23.3632,0
148,33,Box,3.3,-24.7358,0,0,-23.3632,0
148,34,Box,4.38746,-24.8061,-0.0736082,-0.0109845,-23.4969,0.291599
148,35,Box,5.48963,-24.9698,0.124824,0.0249753,-23.632,0.175993
148,36,Box,6.66636,-25.146,0.167855,0.0239258,-23.6691,0.0160554
148,37,Box,7.77656,-24.9531,0.219606,0.10466,-23.6197,-0.0651878
148,38,Box,8.82345,-24.8609,0.137651,0.0619212,-23.6163,0.168461
148,39,Box,9.90117,-24.7404,0.0172227,0.0290073,-23.4803,0.39791
148,40,Box,0,-23.6358,0,0,-23.3632,0
148,41,Box,1.1,-23.6358,0,0,-23.3632,0
148,42,Box,2.2,-23.6358,0,0,-23.3632,0
148,43,Box,3.3,-23.6358,0,0,-23.3632,0
148,44,Box,4.37979,-23.7642,-0.00710148,-0.0156556,-23.506,0.240579
148,45,Box,5.46977,-23.976,0.151892,-0.0651641,-23.6564,0.111307
148,46,Box,6.66748,-24.1586,0.225802,0.000425594,-23.6733,0.0098637
148,47,Box,7.78997,-23.9419,0.251728,0.073321,-23.6265,-0.0332612
148,48,Box,8.84288,-23.8642,0.186581,0.0226712,-23.6065,0.145084
148,49,Box,9.91302,-23.6879,0.155693,0.0308666,-23.4616,0.390922
148,50,Box,0,-22.5358,0,0,-23.3632,0
148,51,Box,1.1,-22.5358,0,0,-23.3632,0
148,52,Box,2.2,-22.5358,0,0,-23.3632,0
148,53,Box,3.3,-22.5358,0,0,-23.3632,0
148,54,Box,4.34542,-22.7367,0.0670927,-0.0984438,-23.4945,0.129521
148,55,Box,5.41603,-22.9931,0.167606,-0.120147,-23.7211,-0.023635
148,56,Box,6.49832,-23.1991,0.272566,-0.115149,-23.7315,-0.055967
148,57,Box,7.71434,-22.9701,0.249552,-0.0380012,-23.6691,-0.0456029
148,58,Box,8.84273,-22.886,0.216903,-0.0516194,-23.657,0.0163052
148,59,Box,9.91782,-22.7049,0.101488,0.0420387,-23.549,0.150419
148,60,Box,0,-21.4358,0,0,-23.3632,0
148,61,Box,1.1,-21.4358,0,0,-23.3632,0
148,62,Box,2.19602,-21.4366,0.00784413,-0.0829577,-23.3798,0.163419
148,63,Box,3.24565,-21.4474,0.10672,-0.168179,-23.4114,-0.227306
148,64,Box,4.27517,-21.7162,0.110486,-0.121687,-23.5829,-0.0946856
148,65,Box,5.35226,-21.9654,0.0433685,-0.115781,-23.716,-0.0128251
148,66,Box,6.46445,-22.1348,0.0330321,-0.100197,-23.7367,-0.0713654
148,67,Box,7.79659,-21.9401,0.142103,-0.0114638,-23.7302,-0.126501
148,68,Box,8.81275,-21.8819,0.0866255,0.119344,-23.771,-0.248415
148,69,Box,10.0636,-21.608,-0.282836,0.198823,-23.7236,-0.7906
148,70,Box,0,-20.3358,0,0,-23.3632,0
148,71,Box,1.1,-20.3358,0,0,-23.3632,0
148,72,Box,2.19123,-20.3481,0.0196036,-0.0762907,-23.415,0.165375
148,73,Box,3.20005,-20.3753,0.0222409,-0.169465,-23.4338,-0.138502
148,74,Box,4.21558,-20.6687,0.0439508,-0.13824,-23.53,-0.0376778
148,75,Box,5.23119,-20.9944,0.0454471,-0.103957,-23.6959,0.0295751
148,76,Box,6.89559,-21.0881,-0.386523,0.1407,-23.8777,-0.249486
148,77,Box,8.02573,-20.8945,-0.0529544,0.234001,-23.6629,-0.0691903
148,78,Box,9.05744,-20.8567,-0.12011,0.322167,-23.8111,-0.221634
148,79,Box,10.3528,-20.6608,-0.353558,0.987892,-23.7743,-0.851763
148,80,Box,-0.384276,-19.1528,-0.129239,-0.531933,-23.249,-0.0136756
148,81,Box,0.623548,-19.2433,-0.104344,-0.523513,-23.3963,0.00546538
148,82,Box,1.62594,-19.3057,-0.0835708,-0.498438,-23.4216,0.0625409
148,83,Box,2.62036,-19.3085,-0.0882493,-0.488647,-23.4102,0.0515759
148,84,Box,3.6246,-19.2524,-0.10224,-0.482722,-23.395,0.0291893
148,85,Box,4.60193,-19.5355,-0.108145,-0.483336,-23.5122,0.0108955
148,86,Box,6.09862,-20.1323,0.396667,-0.0943984,-23.7566,0.0499362
148,87,Box,9.59577,-19.745,-0.480761,1.49051,-23.2192,-1.13191
148,88,Box,10.9316,-19.5775,0.0657542,2.14945,-23.7601,-0.447436
148,89,Box,14.1493,-19.4836,0.217422,3.93363,-23.5929,0.345428
148,90,Box,-1.12351,-13.9678,3.26189,-0.879204,-20.3525,2.28378
148,91,Box,1.72147,-15.4683,-1.50518,0.487807,-21.4339,-1.31725
148,92,Box,2.03803,-17.6318,-1.51837,-0.254675,-22.8063,-1.26902
148,93,Box,4.51389,-18.0284,-0.0142706,1.05398,-23.2709,0.00815806
148,94,Box,24.2521,-1.41236,-26.774,15.8267,-10.0426,-21.0805
148,95,Box,10.2537,-18.5084,-4.06458,3.25978,-23.0783,-1.01335
148,96,Box,11.6377,-18.4724,-0.654104,3.1426,-24.2657,-1.25792
148,97,Box,13.898,-18.3222,0.642415,5.09591,-23.542,0.54886
148,98,Box,15.1611,-17.8186,0.39216,5.37154,-23.0829,0.306996
148,99,Box,16.5644,-18.0891,-0.463706,5.74186,-23.3188,-0.465199
148,100,Circle,10.9626,-18.9963,9.69721,3.46263,-23.7278,4.51289
149,0,Box,0,-28.4122,0,0,-23.52,0
149,1,Box,1.1,-28.4122,0,0,-23.52,0
149,2,Box,2.2,-28.4122,0,0,-23.52,0
149,3,Box,3.3,-28.4122,0,0,-23.52,0
149,4,Box,4.4,-28.4122,0,0,-23.52,0
149,5,Box,5.5,-28.4122,0,0,-23.52,0
149,6,Box,6.61493,-28.4915,0.134212,0.0435003,-23.7277,0.404473
149,7,Box,7.70184,-28.4213,0.0185196,0.0287033,-23.6635,0.289368
149,8,Box,8.8,-28.4122,0,0,-23.52,0
149,9,Box,9.9,-28.4122,0,0,-23.52,0
149,10,Box,0,-27.3122,0,0,-23.52,0
149,11,Box,1.1,-27.3122,0,0,-23.52,0
149,12,Box,2.2,-27.3122,0,0,-23.52,0
149,13,Box,3.3,-27.3122,0,0,-23.52,0
149,14,Box,4.4,-27.3122,0,0,-23.52,0
149,15,Box,5.50141,-27.3829,-0.00479957,0.000192125,-23.7972,0.215194
149,16,Box,6.63686,-27.4865,0.179609,0.0616473,-23.7789,0.165641
149,17,Box,7.71341,-27.3767,0.1114,0.0466022,-23.717,0.145052
149,18,Box,8.8,-27.3122,0,0,-23.52,0
149,19,Box,9.9,-27.3122,0,0,-23.52,0
149,20,Box,0,-26.2122,0,0,-23.52,0
149,21,Box,1.1,-26.2122,0,0,-23.52,0
149,22,Box,2.2,-26.2122,0,0,-23.52,0
149,23,Box,3.3,-26.2122,0,0,-23.52,0
149,24,Box,4.39576,-26.2334,-0.0426266,-0.0203881,-23.6219,-0.204935
149,25,Box,5.47953,-26.3758,0.0501909,-0.00764578,-23.763,0.268362
149,26,Box,6.65335,-26.5035,0.185972,0.0389826,-23.8179,0.0327869
149,27,Box,7.73062,-26.3503,0.190323,0.0432632,-23.745,0.0442549
149,28,Box,8.80732,-26.2508,0.0701598,0.0392387,-23.7091,0.375962
149,29,Box,9.9,-26.2122,0,0,-23.52,0
149,30,Box,0,-25.1122,0,0,-23.52,0
149,31,Box,1.1,-25.1122,0,0,-23.52,0
149,32,Box,2.2,-25.1122,0,0,-23.52,0
149,33,Box,3.3,-25.1122,0,0,-23.52,0
149,34,Box,4.38729,-25.1845,-0.0689426,-0.0109845,-23.6537,0.291599
149,35,Box,5.49003,-25.3505,0.12764,0.0249753,-23.7888,0.175993
149,36,Box,6.66674,-25.5272,0.168112,0.0239258,-23.8259,0.0160554
149,37,Box,7.77824,-25.3336,0.218563,0.10466,-23.7765,-0.0651878
149,38,Box,8.82444,-25.2413,0.140346,0.0619212,-23.7731,0.168461
149,39,Box,9.90163,-25.1186,0.0235892,0.0290073,-23.6371,0.39791
149,40,Box,0,-24.0122,0,0,-23.52,0
149,41,Box,1.1,-24.0122,0,0,-23.52,0
149,42,Box,2.2,-24.0122,0,0,-23.52,0
149,43,Box,3.3,-24.0122,0,0,-23.52,0
149,44,Box,4.37954,-24.1428,-0.00325223,-0.0156556,-23.6628,0.240579
149,45,Box,5.46873,-24.357,0.153673,-0.0651641,-23.8132,0.111307
149,46,Box,6.66749,-24.5399,0.22596,0.000425594,-23.8301,0.0098637
149,47,Box,7.79114,-24.3225,0.251196,0.073321,-23.7833,-0.0332612
149,48,Box,8.84324,-24.2444,0.188902,0.0226712,-23.7633,0.145084
149,49,Box,9.91351,-24.0658,0.161948,0.0308666,-23.6184,0.390922
149,50,Box,0,-22.9122,0,0,-23.52,0
149,51,Box,1.1,-22.9122,0,0,-23.52,0
149,52,Box,2.2,-22.9122,0,0,-23.52,0
149,53,Box,3.3,-22.9122,0,0,-23.52,0
149,54,Box,4.34385,-23.1151,0.069165,-0.0984438,-23.6513,0.129521
149,55,Box,5.41411,-23.3752,0.167228,-0.120147,-23.8779,-0.023635
149,56,Box,6.49648,-23.5813,0.271671,-0.115149,-23.8883,-0.055967
149,57,Box,7.71373,-23.3513,0.248822,-0.0380012,-23.8259,-0.0456029
149,58,Box,8.8419,-23.267,0.217164,-0.0516194,-23.8138,0.0163052
149,59,Box,9.9185,-23.0842,0.103895,0.0420387,-23.7058,0.150419
149,60,Box,0,-21.8122,0,0,-23.52,0
149,61,Box,1.1,-21.8122,0,0,-23.52,0
149,62,Box,2.19469,-21.8132,0.0104588,-0.0829577,-23.5366,0.163419
149,63,Box,3.24296,-21.8245,0.103083,-0.168179,-23.5682,-0.227306
149,64,Box,4.27323,-22.096,0.108971,-0.121687,-23.7397,-0.0946856
149,65,Box,5.35041,-22.3474,0.0431633,-0.115781,-23.8728,-0.0128251
149,66,Box,6.46285,-22.5171,0.0318903,-0.100197,-23.8935,-0.0713654
149,67,Box,7.7964,-22.3223,0.140079,-0.0114638,-23.887,-0.126501
149,68,Box,8.81466,-22.2647,0.0826509,0.119344,-23.9278,-0.248415
149,69,Box,10.0668,-21.9901,-0.295485,0.198823,-23.8804,-0.7906
149,70,Box,0,-20.7122,0,0,-23.52,0
149,71,Box,1.1,-20.7122,0,0,-23.52,0
149,72,Box,2.19,-20.7252,0.0222496,-0.0762907,-23.5718,0.165375
149,73,Box,3.19734,-20.7528,0.0200249,-0.169465,-23.5906,-0.138502
149,74,Box,4.21337,-21.0477,0.0433479,-0.13824,-23.6868,-0.0376778
149,75,Box,5.22952,-21.3761,0.0459203,-0.103957,-23.8527,0.0295751
149,76,Box,6.89784,-21.4727,-0.390515,0.1407,-24.0345,-0.249486
149,77,Box,8.02948,-21.2756,-0.0540614,0.234001,-23.8197,-0.0691903
149,78,Box,9.0626,-21.2402,-0.123656,0.322167,-23.9679,-0.221634
149,79,Box,10.3686,-21.0437,-0.367187,0.987892,-23.9311,-0.851763
149,80,Box,-0.392787,-19.5273,-0.129458,-0.531933,-23.4058,-0.0136756
149,81,Box,0.615172,-19.6202,-0.104257,-0.523513,-23.5531,0.00546538
149,82,Box,1.61796,-19.6829,-0.0825702,-0.498438,-23.5784,0.0625409
149,83,Box,2.61254,-19.6856,-0.0874241,-0.488647,-23.567,0.0515759
149,84,Box,3.61688,-19.6292,-0.101773,-0.482722,-23.5518,0.0291893
149,85,Box,4.5942,-19.9142,-0.107971,-0.483336,-23.669,0.0108955
149,86,Box,6.09711,-20.5149,0.397466,-0.0943984,-23.9134,0.0499362
149,87,Box,9.61962,-20.119,-0.498872,1.49051,-23.376,-1.13191
149,88,Box,10.9598,-19.8542,0.0585953,2.17056,-23.7658,-0.460008
149,89,Box,14.2122,-19.8636,0.222949,3.93363,-23.7497,0.345428
149,90,Box,-1.13758,-14.296,3.29843,-0.879204,-20.5093,2.28378
149,91,Box,1.72927,-15.8137,-1.52625,0.487807,-21.5907,-1.31725
149,92,Box,2.03395,-17.9992,-1.53868,-0.254675,-22.9631,-1.26902
149,93,Box,4.53075,-18.4032,-0.0141401,1.05398,-23.4277,0.00815806
149,94,Box,24.5053,-1.57555,-27.1113,15.8267,-10.1994,-21.0805
149,95,Box,10.3304,-18.9137,-4.08079,3.34408,-23.4169,-1.46206
149,96,Box,11.688,-18.8632,-0.674231,3.1426,-24.4225,-1.25792
149,97,Box,13.9795,-18.7014,0.651197,5.09591,-23.6988,0.54886
149,98,Box,15.247,-18.1904,0.397071,5.37154,-23.2397,0.306996
149,99,Box,16.6563,-18.4647,-0.471149,5.74186,-23.4756,-0.465199
149,100,Circle,10.9947,-19.4708,9.76941,3.32842,-23.8455,4.36006
150,0,Box,0,-28.791,0,0,-23.6768,0
150,1,Box,1.1,-28.791,0,0,-23.6768,0
150,2,Box,2.2,-28.791,0,0,-23.6768,0
150,3,Box,3.3,-28.791,0,0,-23.6768,0
150,4,Box,4.4,-28.791,0,0,-23.6768,0
150,5,Box,5.5,-28.791,0,0,-23.6768,0
150,6,Box,6.61563,-28.8737,0.140683,0.0435003,-23.8845,0.404473
150,7,Box,7.7023,-28.8025,0.0231494,0.0287033,-23.8203,0.289368
150,8,Box,8.8,-28.791,0,0,-23.6768,0
150,9,Box,9.9,-28.791,0,0,-23.6768,0
150,10,Box,0,-27.691,0,0,-23.6768,0
150,11,Box,1.1,-27.691,0,0,-23.6768,0
150,12,Box,2.2,-27.691,0,0,-23.6768,0
150,13,Box,3.3,-27.691,0,0,-23.6768,0
150,14,Box,4.4,-27.691,0,0,-23.6768,0
150,15,Box,5.50141,-27.7661,-0.00135646,0.000192125,-23.954,0.215194
150,16,Box,6.63785,-27.8695,0.182259,0.0616473,-23.9357,0.165641
150,17,Box,7.71416,-27.7587,0.113721,0.0466022,-23.8738,0.145052
150,18,Box,8.8,-27.691,0,0,-23.6768,0
150,19,Box,9.9,-27.691,0,0,-23.6768,0
150,20,Box,0,-26.591,0,0,-23.6768,0
150,21,Box,1.1,-26.591,0,0,-23.6768,0
150,22,Box,2.2,-26.591,0,0,-23.6768,0
150,23,Box,3.3,-26.591,0,0,-23.6768,0
150,24,Box,4.39543,-26.6138,-0.0459055,-0.0203881,-23.7787,-0.204935
150,25,Box,5.4794,-26.7585,0.0544847,-0.00764578,-23.9198,0.268362
150,26,Box,6.65397,-26.8871,0.186496,0.0389826,-23.9747,0.0327869
150,27,Box,7.73132,-26.7328,0.191031,0.0432632,-23.9018,0.0442549
150,28,Box,8.80795,-26.6327,0.0761752,0.0392387,-23.8659,0.375962
150,29,Box,9.9,-26.591,0,0,-23.6768,0
150,30,Box,0,-25.491,0,0,-23.6768,0
150,31,Box,1.1,-25.491,0,0,-23.6768,0
150,32,Box,2.2,-25.491,0,0,-23.6768,0
150,33,Box,3.3,-25.491,0,0,-23.6768,0
150,34,Box,4.38711,-25.5655,-0.064277,-0.0109845,-23.8105,0.291599
150,35,Box,5.49043,-25.7336,0.130456,0.0249753,-23.9456,0.175993
150,36,Box,6.66712,-25.9109,0.168369,0.0239258,-23.9827,0.0160554
150,37,Box,7.77991,-25.7165,0.21752,0.10466,-23.9333,-0.0651878
150,38,Box,8.82543,-25.6242,0.143042,0.0619212,-23.9299,0.168461
150,39,Box,9.90209,-25.4993,0.0299558,0.0290073,-23.7939,0.39791
150,40,Box,0,-24.391,0,0,-23.6768,0
150,41,Box,1.1,-24.391,0,0,-23.6768,0
150,42,Box,2.2,-24.391,0,0,-23.6768,0
150,43,Box,3.3,-24.391,0,0,-23.6768,0
150,44,Box,4.37929,-24.5239,0.00059703,-0.0156556,-23.8196,0.240579
150,45,Box,5.46768,-24.7405,0.155454,-0.0651641,-23.97,0.111307
150,46,Box,6.66749,-24.9237,0.226118,0.000425594,-23.9869,0.0098637
150,47,Box,7.79232,-24.7055,0.250664,0.073321,-23.9401,-0.0332612
150,48,Box,8.84361,-24.6271,0.191224,0.0226712,-23.9201,0.145084
150,49,Box,9.91401,-24.4462,0.168203,0.0308666,-23.7752,0.390922
150,50,Box,0,-23.291,0,0,-23.6768,0
150,51,Box,1.1,-23.291,0,0,-23.6768,0
150,52,Box,2.2,-23.291,0,0,-23.6768,0
150,53,Box,3.3,-23.291,0,0,-23.6768,0
150,54,Box,4.34227,-23.496,0.0712373,-0.0984438,-23.8081,0.129521
150,55,Box,5.41219,-23.7597,0.16685,-0.120147,-24.0347,-0.023635
150,56,Box,6.49482,-23.972,0.270775,-0.115153,-24.0451,-0.05593
150,57,Box,7.71312,-23.735,0.248092,-0.0380012,-23.9827,-0.0456029
150,58,Box,8.84108,-23.6505,0.217425,-0.0516194,-23.9706,0.0163052
150,59,Box,9.91917,-23.466,0.106302,0.0420387,-23.8626,0.150419
150,60,Box,0,-22.191,0,0,-23.6768,0
150,61,Box,1.1,-22.191,0,0,-23.6768,0
150,62,Box,2.19336,-22.1923,0.0130736,-0.0829577,-23.6934,0.163419
150,63,Box,3.24027,-22.2041,0.0994459,-0.168179,-23.725,-0.227306
150,64,Box,4.27128,-22.4784,0.107456,-0.121687,-23.8965,-0.0946856
150,65,Box,5.34856,-22.7319,0.0429581,-0.115781,-24.0296,-0.0128251
150,66,Box,6.4598,-22.899,0.0307484,-0.100193,-24.0503,-0.0713703
150,67,Box,7.79622,-22.707,0.138055,-0.0114638,-24.0438,-0.126501
150,68,Box,8.81657,-22.6501,0.0786762,0.119344,-24.0846,-0.248415
150,69,Box,10.07,-22.3747,-0.308135,0.198823,-24.0372,-0.7906
150,70,Box,0,-21.091,0,0,-23.6768,0
150,71,Box,1.1,-21.091,0,0,-23.6768,0
150,72,Box,2.18878,-21.1049,0.0248956,-0.0762907,-23.7286,0.165375
150,73,Box,3.19462,-21.1327,0.0178089,-0.169465,-23.7474,-0.138502
150,74,Box,4.21116,-21.4292,0.0427451,-0.13824,-23.8436,-0.0376778
150,75,Box,5.22786,-21.7602,0.0463935,-0.103957,-24.0095,0.0295751
150,76,Box,6.90135,-21.8567,-0.394507,0.1407,-24.1913,-0.249486
150,77,Box,8.03322,-21.6592,-0.0551685,0.234001,-23.9765,-0.0691903
150,78,Box,9.06775,-21.6262,-0.127202,0.322167,-24.1247,-0.221634
150,79,Box,10.3844,-21.4291,-0.380815,0.987892,-24.0879,-0.851763
150,80,Box,-0.401297,-19.9043,-0.129677,-0.531933,-23.5626,-0.0136756
150,81,Box,0.606795,-19.9996,-0.10417,-0.523513,-23.7099,0.00546538
150,82,Box,1.60999,-20.0627,-0.0815695,-0.498438,-23.7352,0.0625409
150,83,Box,2.60472,-20.0651,-0.0865989,-0.488647,-23.7238,0.0515759
150,84,Box,3.60916,-20.0086,-0.101306,-0.482722,-23.7086,0.0291893
150,85,Box,4.58647,-20.2954,-0.107797,-0.483336,-23.8258,0.0108955
150,86,Box,6.0956,-20.9,0.398265,-0.0943984,-24.0702,0.0499362
150,87,Box,9.64347,-20.4956,-0.516982,1.49051,-23.5328,-1.13191
150,88,Box,11.0027,-20.3954,0.0512351,2.18777,-23.9904,-0.521193
150,89,Box,14.2752,-20.2461,0.228476,3.93363,-23.9065,0.345428
150,90,Box,-1.15164,-14.6266,3.33498,-0.879204,-20.6661,2.28378
150,91,Box,1.73708,-16.1617,-1.54733,0.487807,-21.7475,-1.31725
150,92,Box,2.02988,-18.3692,-1.55898,-0.254675,-23.1199,-1.26902
150,93,Box,4.54762,-18.7806,-0.0140095,1.05398,-23.5845,0.00815806
150,94,Box,24.7585,-1.74125,-27.4486,15.8267,-10.3562,-21.0805
150,95,Box,10.4046,-19.3207,-4.10419,3.34408,-23.5737,-1.46206
150,96,Box,11.725,-19.2724,-0.694358,3.1426,-24.5793,-1.25792
150,97,Box,14.0611,-19.0831,0.659979,5.09591,-23.8556,0.54886
150,98,Box,15.333,-18.5648,0.401983,5.37154,-23.3965,0.306996
150,99,Box,16.7482,-18.8428,-0.478593,5.74186,-23.6324,-0.465199
150,100,Circle,11.0281,-19.5948,9.83917,3.30651,-23.916,4.36006
151,0,Box,0,-29.1723,0,0,-23.8336,0
151,1,Box,1.1,-29.1723,0,0,-23.8336,0
151,2,Box,2.2,-29.1723,0,0,-23.8336,0
151,3,Box,3.3,-29.1723,0,0,-23.8336,0
151,4,Box,4.4,-29.1723,0,0,-23.8336,0
151,5,Box,5.5,-29.1723,0,0,-23.8336,0
151,6,Box,6.61673,-29.2611,0.147155,0.0453791,-24.0466,0.411582
151,7,Box,7.70276,-29.1861,0.0277793,0.0287033,-23.9771,0.289368
151,8,Box,8.8,-29.1723,0,0,-23.8336,0
151,9,Box,9.9,-29.1723,0,0,-23.8336,0
151,10,Box,0,-28.0723,0,0,-23.8336,0
151,11,Box,1.1,-28.0723,0,0,-23.8336,0
151,12,Box,2.2,-28.0723,0,0,-23.8336,0
151,13,Box,3.3,-28.0723,0,0,-23.8336,0
151,14,Box,4.4,-28.0723,0,0,-23.8336,0
151,15,Box,5.50141,-28.1519,0.00208664,0.000192125,-24.1108,0.215194
151,16,Box,6.63947,-28.2578,0.18491,0.0634309,-24.0963,0.158685
151,17,Box,7.7149,-28.1432,0.116042,0.05045,-24.0424,0.161865
151,18,Box,8.8,-28.0723,0,0,-23.8336,0
151,19,Box,9.9,-28.0723,0,0,-23.8336,0
151,20,Box,0,-26.9723,0,0,-23.8336,0
151,21,Box,1.1,-26.9723,0,0,-23.8336,0
151,22,Box,2.2,-26.9723,0,0,-23.8336,0
151,23,Box,3.3,-26.9723,0,0,-23.8336,0
151,24,Box,4.39511,-26.9968,-0.0491845,-0.0203881,-23.9355,-0.204935
151,25,Box,5.47928,-27.1437,0.0587785,-0.0067463,-24.0801,0.27447
151,26,Box,6.65501,-27.2762,0.187021,0.0386109,-24.1325,0.034017
151,27,Box,7.73227,-27.119,0.19174,0.048928,-24.0705,0.0486846
151,28,Box,8.80878,-27.0195,0.0821906,0.0399453,-24.0251,0.380066
151,29,Box,9.9,-26.9723,0,0,-23.8336,0
151,30,Box,0,-25.8723,0,0,-23.8336,0
151,31,Box,1.1,-25.8723,0,0,-23.8336,0
151,32,Box,2.2,-25.8723,0,0,-23.8336,0
151,33,Box,3.3,-25.8723,0,0,-23.8336,0
151,34,Box,4.38694,-25.949,-0.0596114,-0.0109845,-23.9673,0.291599
151,35,Box,5.49102,-26.1206,0.133272,0.0260415,-24.1047,0.174266
151,36,Box,6.6678,-26.2988,0.168626,0.0137716,-24.1211,0.0480258
151,37,Box,7.78209,-26.1041,0.216477,0.104673,-24.0908,-0.0637766
151,38,Box,8.82706,-26.0128,0.145737,0.0620772,-24.0867,0.16316
151,39,Box,9.90256,-25.8825,0.0363223,0.0301021,-23.9553,0.405657
151,40,Box,0,-24.7723,0,0,-23.8336,0
151,41,Box,1.1,-24.7723,0,0,-23.8336,0
151,42,Box,2.2,-24.7723,0,0,-23.8336,0
151,43,Box,3.3,-24.7723,0,0,-23.8336,0
151,44,Box,4.37904,-24.9076,0.00444629,-0.0156556,-23.9764,0.240579
151,45,Box,5.46684,-25.1275,0.157235,-0.0674344,-24.1286,0.112239
151,46,Box,6.66815,-25.3101,0.226276,-0.00190823,-24.1391,-0.00106988
151,47,Box,7.79429,-25.0938,0.250132,0.0733569,-24.0972,-0.0325001
151,48,Box,8.84507,-25.0166,0.193545,0.0218008,-24.0765,0.14099
151,49,Box,9.91578,-24.8409,0.174457,0.0298286,-23.9358,0.396502
151,50,Box,0,-23.6723,0,0,-23.8336,0
151,51,Box,1.1,-23.6723,0,0,-23.8336,0
151,52,Box,2.2,-23.6723,0,0,-23.8336,0
151,53,Box,3.3,-23.6723,0,-0.0687091,-23.8551,0.14161
151,54,Box,4.3407,-23.8795,0.0733097,-0.0984438,-23.9649,0.129521
151,55,Box,5.40999,-24.1468,0.166472,-0.119505,-24.1919,-0.0206505
151,56,Box,6.49068,-24.3521,0.269881,-0.116769,-24.1987,-0.0686614
151,57,Box,7.71202,-24.1228,0.247363,-0.0381145,-24.1396,-0.0456718
151,58,Box,8.8394,-24.0412,0.217686,-0.0518265,-24.1271,0.0149433
151,59,Box,9.91275,-23.8561,0.108709,0.0288796,-24.0341,0.146957
151,60,Box,0,-22.5723,0,0,-23.8336,0
151,61,Box,1.1,-22.5723,0,0,-23.8336,0
151,62,Box,2.19204,-22.5739,0.0156883,-0.0829577,-23.8502,0.163419
151,63,Box,3.23758,-22.5862,0.095809,-0.168179,-23.8818,-0.227306
151,64,Box,4.26933,-22.8632,0.105941,-0.076833,-24.0392,-0.0216622
151,65,Box,5.34668,-23.1181,0.0427529,-0.114378,-24.1854,-0.00700953
151,66,Box,6.45681,-23.286,0.0296065,-0.0988927,-24.1994,-0.0726538
151,67,Box,7.79859,-23.0896,0.136031,-0.0108829,-24.1999,-0.126026
151,68,Box,8.81646,-23.0304,0.0747016,0.119528,-24.2399,-0.24955
151,69,Box,10.0775,-22.7488,-0.320784,0.211926,-24.171,-0.743882
151,70,Box,0,-21.4723,0,0,-23.8336,0
151,71,Box,1.1,-21.4723,0,0,-23.8336,0
151,72,Box,2.18756,-21.487,0.0275416,-0.152339,-23.8906,-0.0725005
151,73,Box,3.19191,-21.5152,0.0155928,-0.101126,-23.9006,0.0584181
151,74,Box,4.20895,-21.8132,0.0421422,-0.131948,-23.999,-0.0648367
151,75,Box,5.22612,-22.1452,0.0468667,-0.0877026,-24.1564,0.0560939
151,76,Box,6.90117,-22.2416,-0.398499,0.140183,-24.3478,-0.252883
151,77,Box,8.03706,-22.0437,-0.0562755,0.234032,-24.133,-0.0683795
151,78,Box,9.07384,-22.0076,-0.130748,0.322167,-24.2815,-0.221634
151,79,Box,10.4017,-21.8126,-0.394443,0.987892,-24.2447,-0.851763
151,80,Box,-0.409808,-20.2838,-0.129896,-0.531933,-23.7194,-0.0136756
151,81,Box,0.598419,-20.3814,-0.104082,-0.523513,-23.8667,0.00546538
151,82,Box,1.60201,-20.445,-0.0805688,-0.498438,-23.892,0.0625409
151,83,Box,2.5969,-20.4472,-0.0857737,-0.488647,-23.8806,0.0515759
151,84,Box,3.60143,-20.3904,-0.100839,-0.482722,-23.8654,0.0291893
151,85,Box,4.57873,-20.6792,-0.107622,-0.483336,-23.9826,0.0108955
151,86,Box,6.09409,-21.2876,0.399064,-0.0871203,-24.222,0.0530069
151,87,Box,9.66731,-20.8746,-0.535093,1.49051,-23.6896,-1.13191
151,88,Box,11.0377,-20.7818,0.0428961,2.18777,-24.1472,-0.521193
151,89,Box,14.3381,-20.6311,0.234003,3.93363,-24.0633,0.345428
151,90,Box,-1.16571,-14.9598,3.37152,-0.879204,-20.8229,2.28378
151,91,Box,1.74488,-16.5121,-1.56841,0.487807,-21.9043,-1.31725
151,92,Box,2.0258,-18.7416,-1.57929,-0.254675,-23.2767,-1.26902
151,93,Box,4.56448,-19.1604,-0.013879,1.05398,-23.7413,0.00815806
151,94,Box,25.0118,-1.90946,-27.7858,15.8267,-10.513,-21.0805
151,95,Box,10.4581,-19.7004,-4.12758,3.34408,-23.7305,-1.46206
151,96,Box,11.7753,-19.6682,-0.714485,3.1426,-24.7361,-1.25792
151,97,Box,14.1426,-19.4673,0.668761,5.09591,-24.0124,0.54886
151,98,Box,15.4189,-18.9416,0.406895,5.37154,-23.5533,0.306996
151,99,Box,16.84,-19.2235,-0.486036,5.74186,-23.7892,-0.465199
151,100,Circle,11.081,-19.98,9.90893,3.30651,-24.0728,4.36006
152,0,Box,0,-29.5562,0,0,-23.9904,0
152,1,Box,1.1,-29.5562,0,0,-23.9904,0
152,2,Box,2.2,-29.5562,0,0,-23.9904,0
152,3,Box,3.3,-29.5562,0,0,-23.9904,0
152,4,Box,4.4,-29.5562,0,0,-23.9904,0
152,5,Box,5.5,-29.5562,0,0,-23.9904,0
152,6,Box,6.61746,-29.6484,0.15374,0.0453791,-24.2034,0.411582
152,7,Box,7.70321,-29.5722,0.0324092,0.0287033,-24.1339,0.289368
152,8,Box,8.8,-29.5562,0,0,-23.9904,0
152,9,Box,9.9,-29.5562,0,0,-23.9904,0
152,10,Box,0,-28.4562,0,0,-23.9904,0
152,11,Box,1.1,-28.4562,0,0,-23.9904,0
152,12,Box,2.2,-28.4562,0,0,-23.9904,0
152,13,Box,3.3,-28.4562,0,0,-23.9904,0
152,14,Box,4.4,-28.4562,0,0,-23.9904,0
152,15,Box,5.50141,-28.5402,0.00552975,0.000192125,-24.2676,0.215194
152,16,Box,6.64048,-28.6459,0.187449,0.0634309,-24.2531,0.158685
152,17,Box,7.71571,-28.5304,0.118631,0.05045,-24.1992,0.161865
152,18,Box,8.8,-28.4562,0,0,-23.9904,0
152,19,Box,9.9,-28.4562,0,0,-23.9904,0
152,20,Box,0,-27.3562,0,0,-23.9904,0
152,21,Box,1.1,-27.3562,0,0,-23.9904,0
152,22,Box,2.2,-27.3562,0,0,-23.9904,0
152,23,Box,3.3,-27.3562,0,0,-23.9904,0
152,24,Box,4.39478,-27.3823,-0.0524635,-0.0203881,-24.0923,-0.204935
152,25,Box,5.47917,-27.5315,0.06317,-0.0067463,-24.2369,0.27447
152,26,Box,6.65563,-27.6649,0.187565,0.0386109,-24.2893,0.034017
152,27,Box,7.73305,-27.5067,0.192518,0.048928,-24.2273,0.0486846
152,28,Box,8.80942,-27.4064,0.0882717,0.0399453,-24.1819,0.380066
152,29,Box,9.9,-27.3562,0,0,-23.9904,0
152,30,Box,0,-26.2562,0,0,-23.9904,0
152,31,Box,1.1,-26.2562,0,0,-23.9904,0
152,32,Box,2.2,-26.2562,0,0,-23.9904,0
152,33,Box,3.3,-26.2562,0,0,-23.9904,0
152,34,Box,4.38676,-26.3349,-0.0549458,-0.0109845,-24.1241,0.291599
152,35,Box,5.49143,-26.5088,0.13606,0.0260415,-24.2615,0.174266
152,36,Box,6.66802,-26.6873,0.169394,0.0137716,-24.2779,0.0480258
152,37,Box,7.78376,-26.492,0.215456,0.104673,-24.2476,-0.0637766
152,38,Box,8.82805,-26.4007,0.148348,0.0620772,-24.2435,0.16316
152,39,Box,9.90304,-26.2683,0.0428128,0.0301021,-24.1121,0.405657
152,40,Box,0,-25.1562,0,0,-23.9904,0
152,41,Box,1.1,-25.1562,0,0,-23.9904,0
152,42,Box,2.2,-25.1562,0,0,-23.9904,0
152,43,Box,3.3,-25.1562,0,0,-23.9904,0
152,44,Box,4.37879,-25.2937,0.00829554,-0.0156556,-24.1332,0.240579
152,45,Box,5.46576,-25.5161,0.15903,-0.0674344,-24.2854,0.112239
152,46,Box,6.66812,-25.6988,0.226259,-0.00190823,-24.2959,-0.00106988
152,47,Box,7.79546,-25.4818,0.249612,0.0733569,-24.254,-0.0325001
152,48,Box,8.84542,-25.4043,0.195801,0.0218008,-24.2333,0.14099
152,49,Box,9.91626,-25.2263,0.180801,0.0298286,-24.0926,0.396502
152,50,Box,0,-24.0562,0,0,-23.9904,0
152,51,Box,1.1,-24.0562,0,0,-23.9904,0
152,52,Box,2.2,-24.0562,0,0,-23.9904,0
152,53,Box,3.2989,-24.0565,0.00226576,-0.0687091,-24.0119,0.14161
152,54,Box,4.33912,-24.2654,0.075382,-0.0984438,-24.1217,0.129521
152,55,Box,5.40808,-24.5364,0.166141,-0.119505,-24.3487,-0.0206505
152,56,Box,6.48881,-24.7418,0.268782,-0.116769,-24.3555,-0.0686614
152,57,Box,7.71141,-24.5116,0.246632,-0.0381145,-24.2964,-0.0456718
152,58,Box,8.83857,-24.4298,0.217925,-0.0518265,-24.2839,0.0149433
152,59,Box,9.91321,-24.2431,0.11106,0.0288796,-24.1909,0.146957
152,60,Box,0,-22.9562,0,0,-23.9904,0
152,61,Box,1.1,-22.9562,0,0,-23.9904,0
152,62,Box,2.19071,-22.958,0.018303,-0.0829577,-24.007,0.163419
152,63,Box,3.23489,-22.9708,0.0921721,-0.168179,-24.0386,-0.227306
152,64,Box,4.2681,-23.2503,0.105594,-0.076833,-24.196,-0.0216622
152,65,Box,5.34485,-23.5075,0.0426408,-0.114378,-24.3422,-0.00700953
152,66,Box,6.45523,-23.6757,0.028444,-0.0988927,-24.3562,-0.0726538
152,67,Box,7.79842,-23.4793,0.134014,-0.0108829,-24.3567,-0.126026
152,68,Box,8.81837,-23.4208,0.0707088,0.119528,-24.3967,-0.24955
152,69,Box,10.0809,-23.138,-0.332687,0.211926,-24.3278,-0.743882
152,70,Box,0,-21.8562,0,0,-23.9904,0
152,71,Box,1.1,-21.8562,0,0,-23.9904,0
152,72,Box,2.18513,-21.8718,0.0263816,-0.152339,-24.0474,-0.0725005
152,73,Box,3.19029,-21.9001,0.0165275,-0.101126,-24.0574,0.0584181
152,74,Box,4.20684,-22.1997,0.0411048,-0.131948,-24.1558,-0.0648367
152,75,Box,5.22472,-22.5342,0.0477642,-0.0877026,-24.3132,0.0560939
152,76,Box,6.90342,-22.6337,-0.402545,0.140183,-24.5046,-0.252883
152,77,Box,8.0408,-22.4323,-0.0573696,0.234032,-24.2898,-0.0683795
152,78,Box,9.07899,-22.3986,-0.134294,0.322167,-24.4383,-0.221634
152,79,Box,10.4175,-22.203,-0.408071,0.987892,-24.4015,-0.851763
152,80,Box,-0.418319,-20.6658,-0.130115,-0.531933,-23.8762,-0.0136756
152,81,Box,0.590043,-20.7658,-0.103995,-0.523513,-24.0235,0.00546538
152,82,Box,1.59404,-20.8297,-0.0795682,-0.498438,-24.0488,0.0625409
152,83,Box,2.58908,-20.8318,-0.0849485,-0.488647,-24.0374,0.0515759
152,84,Box,3.59371,-20.7748,-0.100371,-0.482722,-24.0222,0.0291893
152,85,Box,4.571,-21.0654,-0.107448,-0.483336,-24.1394,0.0108955
152,86,Box,6.0927,-21.6777,0.399912,-0.0871203,-24.3788,0.0530069
152,87,Box,9.69116,-21.2561,-0.553203,1.49051,-23.8464,-1.13191
152,88,Box,11.071,-21.1232,0.034557,2.19653,-24.2506,-0.524712
152,89,Box,14.4011,-21.0186,0.239529,3.93363,-24.2201,0.345428
152,90,Box,-1.17978,-15.2955,3.40806,-0.879204,-20.9797,2.28378
152,91,Box,1.75269,-16.8651,-1.58948,0.487807,-22.0611,-1.31725
152,92,Box,2.02173,-19.1165,-1.59959,-0.254675,-23.4335,-1.26902
152,93,Box,4.58135,-19.5428,-0.0137485,1.05398,-23.8981,0.00815806
152,94,Box,25.265,-2.08018,-28.1231,15.8267,-10.6698,-21.0805
152,95,Box,10.5689,-20.1736,-4.15097,3.34408,-23.8873,-1.46206
152,96,Box,11.8256,-20.0665,-0.734611,3.1426,-24.8929,-1.25792
152,97,Box,14.2241,-19.854,0.677542,5.09591,-24.1692,0.54886
152,98,Box,15.5048,-19.321,0.411807,5.37154,-23.7101,0.306996
152,99,Box,16.9319,-19.6066,-0.493479,5.74186,-23.946,-0.465199
152,100,Circle,11.0631,-20.3121,9.9787,3.29536,-24.2975,4.32764
153,0,Box,0,-29.9425,0,0,-24.1472,0
153,1,Box,1.1,-29.9425,0,0,-24.1472,0
153,2,Box,2.2,-29.9425,0,0,-24.1472,0
153,3,Box,3.3,-29.9425,0,0,-24.1472,0
153,4,Box,4.4,-29.9425,0,0,-24.1472,0
153,5,Box,5.5,-29.9425,0,0,-24.1472,0
153,6,Box,6.61819,-30.0381,0.160325,0.0453791,-24.3602,0.411582
153,7,Box,7.70367,-29.9609,0.0370391,0.0287033,-24.2907,0.289368
153,8,Box,8.8,-29.9425,0,0,-24.1472,0
153,9,Box,9.9,-29.9425,0,0,-24.1472,0
153,10,Box,0,-28.8425,0,0,-24.1472,0
153,11,Box,1.1,-28.8425,0,0,-24.1472,0
153,12,Box,2.2,-28.8425,0,0,-24.1472,0
153,13,Box,3.3,-28.8425,0,0,-24.1472,0
153,14,Box,4.4,-28.8425,0,0,-24.1472,0
153,15,Box,5.50142,-28.931,0.00897285,0.000192125,-24.4244,0.215194
153,16,Box,6.6415,-29.0364,0.189988,0.0634309,-24.4099,0.158685
153,17,Box,7.71652,-28.9201,0.121221,0.05045,-24.356,0.161865
153,18,Box,8.8,-28.8425,0,0,-24.1472,0
153,19,Box,9.9,-28.8425,0,0,-24.1472,0
153,20,Box,0,-27.7425,0,0,-24.1472,0
153,21,Box,1.1,-27.7425,0,0,-24.1472,0
153,22,Box,2.2,-27.7425,0,0,-24.1472,0
153,23,Box,3.3,-27.7425,0,0,-24.1472,0
153,24,Box,4.39446,-27.7703,-0.0557424,-0.0203881,-24.2491,-0.204935
153,25,Box,5.47907,-27.9218,0.0675615,-0.0067463,-24.3937,0.27447
153,26,Box,6.65625,-28.056,0.18811,0.0386109,-24.4461,0.034017
153,27,Box,7.73383,-27.8968,0.193297,0.048928,-24.3841,0.0486846
153,28,Box,8.81006,-27.7958,0.0943527,0.0399453,-24.3387,0.380066
153,29,Box,9.9,-27.7425,0,0,-24.1472,0
153,30,Box,0,-26.6425,0,0,-24.1472,0
153,31,Box,1.1,-26.6425,0,0,-24.1472,0
153,32,Box,2.2,-26.6425,0,0,-24.1472,0
153,33,Box,3.3,-26.6425,0,0,-24.1472,0
153,34,Box,4.38658,-26.7234,-0.0502802,-0.0109845,-24.2808,0.291599
153,35,Box,5.49185,-26.8995,0.138848,0.0260415,-24.4183,0.174266
153,36,Box,6.66824,-27.0782,0.170163,0.0137716,-24.4347,0.0480258
153,37,Box,7.78544,-26.8825,0.214436,0.104673,-24.4044,-0.0637766
153,38,Box,8.82904,-26.7911,0.150958,0.0620772,-24.4003,0.16316
153,39,Box,9.90352,-26.6566,0.0493033,0.0301021,-24.2689,0.405657
153,40,Box,0,-25.5425,0,0,-24.1472,0
153,41,Box,1.1,-25.5425,0,0,-24.1472,0
153,42,Box,2.2,-25.5425,0,0,-24.1472,0
153,43,Box,3.3,-25.5425,0,0,-24.1472,0
153,44,Box,4.37854,-25.6823,0.0121448,-0.0156556,-24.29,0.240579
153,45,Box,5.46468,-25.9072,0.160826,-0.0674344,-24.4422,0.112239
153,46,Box,6.66809,-26.0901,0.226242,-0.00190823,-24.4527,-0.00106988
153,47,Box,7.79664,-25.8724,0.249092,0.0733569,-24.4108,-0.0325001
153,48,Box,8.84577,-25.7945,0.198057,0.0218008,-24.3901,0.14099
153,49,Box,9.91674,-25.6143,0.187145,0.0298286,-24.2494,0.396502
153,50,Box,0,-24.4425,0,0,-24.1472,0
153,51,Box,1.1,-24.4425,0,0,-24.1472,0
153,52,Box,2.2,-24.4425,0,0,-24.1472,0
153,53,Box,3.2978,-24.4432,0.00453153,-0.0687091,-24.1687,0.14161
153,54,Box,4.33755,-24.6539,0.0774543,-0.0984438,-24.2785,0.129521
153,55,Box,5.40617,-24.9285,0.165811,-0.119505,-24.5055,-0.0206505
153,56,Box,6.48709,-25.1394,0.267683,-0.116772,-24.5123,-0.0686362
153,57,Box,7.7108,-24.9028,0.245901,-0.0381145,-24.4532,-0.0456718
153,58,Box,8.83774,-24.8208,0.218164,-0.0518265,-24.4407,0.0149433
153,59,Box,9.91368,-24.6327,0.113411,0.0288796,-24.3477,0.146957
153,60,Box,0,-23.3425,0,0,-24.1472,0
153,61,Box,1.1,-23.3425,0,0,-24.1472,0
153,62,Box,2.18938,-23.3446,0.0209177,-0.0829577,-24.1638,0.163419
153,63,Box,3.2322,-23.3579,0.0885352,-0.168179,-24.1954,-0.227306
153,64,Box,4.26687,-23.64,0.105248,-0.076833,-24.3528,-0.0216622
153,65,Box,5.34302,-23.8995,0.0425286,-0.114378,-24.499,-0.00700953
153,66,Box,6.45229,-24.0653,0.0272816,-0.0988898,-24.513,-0.0726567
153,67,Box,7.79824,-23.8716,0.131998,-0.0108829,-24.5135,-0.126026
153,68,Box,8.82028,-23.8137,0.066716,0.119528,-24.5535,-0.24955
153,69,Box,10.0843,-23.5298,-0.344589,0.211926,-24.4846,-0.743882
153,70,Box,0,-22.2425,0,0,-24.1472,0
153,71,Box,1.1,-22.2425,0,0,-24.1472,0
153,72,Box,2.18269,-22.2591,0.0252216,-0.152339,-24.2042,-0.0725005
153,73,Box,3.18868,-22.2876,0.0174622,-0.101126,-24.2142,0.0584181
153,74,Box,4.20472,-22.5887,0.0400675,-0.131948,-24.3126,-0.0648367
153,75,Box,5.22331,-22.9258,0.0486617,-0.0877026,-24.47,0.0560939
153,76,Box,6.90687,-23.0255,-0.406591,0.140183,-24.6614,-0.252883
153,77,Box,8.04455,-22.8235,-0.0584637,0.234032,-24.4466,-0.0683795
153,78,Box,9.08414,-22.7921,-0.13784,0.322167,-24.5951,-0.221634
153,79,Box,10.4333,-22.5959,-0.421699,0.987892,-24.5583,-0.851763
153,80,Box,-0.42683,-21.0503,-0.130333,-0.531933,-24.033,-0.0136756
153,81,Box,0.581667,-21.1527,-0.103907,-0.523513,-24.1803,0.00546538
153,82,Box,1.58606,-21.217,-0.0785675,-0.498438,-24.2056,0.0625409
153,83,Box,2.58126,-21.2189,-0.0841233,-0.488647,-24.1942,0.0515759
153,84,Box,3.58599,-21.1616,-0.0999044,-0.482722,-24.179,0.0291893
153,85,Box,4.56327,-21.4541,-0.107274,-0.483336,-24.2962,0.0108955
153,86,Box,6.0913,-22.0703,0.40076,-0.0871203,-24.5356,0.0530069
153,87,Box,9.71501,-21.6402,-0.571314,1.49051,-24.0032,-1.13191
153,88,Box,11.1062,-21.5137,0.0261616,2.19653,-24.4074,-0.524712
153,89,Box,14.464,-21.4087,0.245056,3.93363,-24.3769,0.345428
153,90,Box,-1.19385,-15.6337,3.4446,-0.879204,-21.1365,2.28378
153,91,Box,1.76049,-17.2206,-1.61056,0.487807,-22.2179,-1.31725
153,92,Box,2.01765,-19.494,-1.61989,-0.254675,-23.5903,-1.26902
153,93,Box,4.59821,-19.9277,-0.0136179,1.05398,-24.0549,0.00815806
153,94,Box,25.5182,-2.2534,-28.4604,15.8267,-10.8266,-21.0805
153,95,Box,10.6224,-20.5583,-4.17437,3.34408,-24.0441,-1.46206
153,96,Box,11.8239,-20.5225,-0.754738,3.1426,-25.0497,-1.25792
153,97,Box,14.3057,-20.2432,0.686324,5.09591,-24.326,0.54886
153,98,Box,15.5908,-19.7029,0.416719,5.37154,-23.8669,0.306996
153,99,Box,17.0238,-19.9922,-0.500922,5.74186,-24.1028,-0.465199
153,100,Circle,11.1819,-20.6331,10.0479,3.29536,-24.4543,4.32764
154,0,Box,0,-30.3314,0,0,-24.304,0
154,1,Box,1.1,-30.3314,0,0,-24.304,0
154,2,Box,2.2,-30.3314,0,0,-24.304,0
154,3,Box,3.3,-30.3314,0,0,-24.304,0
154,4,Box,4.4,-30.3314,0,0,-24.304,0
154,5,Box,5.5,-30.3314,0,0,-24.304,0
154,6,Box,6.61939,-30.4332,0.166911,0.0463308,-24.5195,0.414779
154,7,Box,7.70413,-30.3521,0.041669,0.0307839,-24.456,0.304929
154,8,Box,8.8,-30.3314,0,0,-24.304,0
154,9,Box,9.9,-30.3314,0,0,-24.304,0
154,10,Box,0,-29.2314,0,0,-24.304,0
154,11,Box,1.1,-29.2314,0,0,-24.304,0
154,12,Box,2.2,-29.2314,0,0,-24.304,0
154,13,Box,3.3,-29.2314,0,0,-24.304,0
154,14,Box,4.4,-29.2314,0,0,-24.304,0
154,15,Box,5.50142,-29.3243,0.012416,0.000192125,-24.5812,0.215194
154,16,Box,6.64328,-29.4332,0.192527,0.0624792,-24.5642,0.149421
154,17,Box,7.71736,-29.3126,0.123811,0.0506384,-24.5111,0.142136
154,18,Box,8.8,-29.2314,0,0.0270602,-24.4393,0.273934
154,19,Box,9.9,-29.2314,0,0,-24.304,0
154,20,Box,0,-28.1314,0,0,-24.304,0
154,21,Box,1.1,-28.1314,0,0,-24.304,0
154,22,Box,2.2,-28.1314,0,0,-24.304,0
154,23,Box,3.3,-28.1314,0,0,-24.304,0
154,24,Box,4.39413,-28.1607,-0.0590214,-0.0203881,-24.4059,-0.204935
154,25,Box,5.47896,-28.3146,0.071953,-0.00633428,-24.552,0.277023
154,26,Box,6.657,-28.4511,0.188654,0.0390844,-24.6041,0.0386043
154,27,Box,7.73485,-28.2906,0.194076,0.0476467,-24.5391,0.03686
154,28,Box,8.81097,-28.1905,0.100434,0.0403447,-24.4878,0.161646
154,29,Box,9.9,-28.1314,0,0,-24.304,0
154,30,Box,0,-27.0314,0,0,-24.304,0
154,31,Box,1.1,-27.0314,0,0,-24.304,0
154,32,Box,2.2,-27.0314,0,0,-24.304,0
154,33,Box,3.3,-27.0314,0,0,-24.304,0
154,34,Box,4.38641,-27.1144,-0.0456146,-0.0109845,-24.4376,0.291599
154,35,Box,5.49245,-27.294,0.141636,0.0259994,-24.5746,0.170916
154,36,Box,6.66878,-27.4736,0.170931,0.0126385,-24.5871,0.0590986
154,37,Box,7.78763,-27.2777,0.213415,0.104684,-24.5619,-0.0624022
154,38,Box,8.83069,-27.1873,0.153569,0.0425635,-24.5481,-0.00357549
154,39,Box,9.90406,-27.0485,0.0557939,0.0319584,-24.4329,0.416995
154,40,Box,0,-25.9314,0,0,-24.304,0
154,41,Box,1.1,-25.9314,0,0,-24.304,0
154,42,Box,2.2,-25.9314,0,0,-24.304,0
154,43,Box,3.3,-25.9314,0,0,-24.304,0
154,44,Box,4.37829,-26.0735,0.0159941,-0.0156556,-24.4468,0.240579
154,45,Box,5.46376,-26.3016,0.162622,-0.0678261,-24.5986,0.110194
154,46,Box,6.6686,-26.4837,0.226224,-0.00219651,-24.6089,-0.00218007
154,47,Box,7.79851,-26.2678,0.248572,0.0733918,-24.5679,-0.0317444
154,48,Box,8.8472,-26.1912,0.200312,0.0141356,-24.5245,0.058896
154,49,Box,9.91866,-26.0167,0.19349,0.0272954,-24.4103,0.397267
154,50,Box,0,-24.8314,0,0,-24.304,0
154,51,Box,1.1,-24.8314,0,0,-24.304,0
154,52,Box,2.2,-24.8314,0,0,-24.304,0
154,53,Box,3.2967,-24.8324,0.00679729,-0.0687091,-24.3255,0.14161
154,54,Box,4.33597,-25.0448,0.0795267,-0.0984438,-24.4353,0.129521
154,55,Box,5.404,-25.323,0.16548,-0.119463,-24.6621,-0.0208647
154,56,Box,6.48306,-25.5274,0.266585,-0.11699,-24.6688,-0.0701836
154,57,Box,7.70963,-25.2977,0.24517,-0.0382285,-24.6101,-0.0457129
154,58,Box,8.83578,-25.2186,0.218403,-0.0636213,-24.5863,-0.052899
154,59,Box,9.90629,-25.0289,0.115763,0.0164364,-24.5144,0.139083
154,60,Box,0,-23.7314,0,0,-24.304,0
154,61,Box,1.1,-23.7314,0,0,-24.304,0
154,62,Box,2.18805,-23.7338,0.0235324,-0.0829577,-24.3206,0.163419
154,63,Box,3.22951,-23.7476,0.0848983,-0.168179,-24.3522,-0.227306
154,64,Box,4.26565,-24.0321,0.104901,-0.0770267,-24.5097,-0.0216181
154,65,Box,5.34117,-24.2934,0.0424165,-0.114316,-24.6557,-0.00702395
154,66,Box,6.44939,-24.4599,0.026119,-0.0987115,-24.6688,-0.0728057
154,67,Box,7.80098,-24.2618,0.129982,-0.0103044,-24.6697,-0.125463
154,68,Box,8.82035,-24.2016,0.0627232,0.120225,-24.6677,-0.244778
154,69,Box,10.0922,-23.912,-0.356491,0.225046,-24.6202,-0.69154
154,70,Box,0,-22.6314,0,0,-24.304,0
154,71,Box,1.1,-22.6314,0,0,-24.304,0
154,72,Box,2.18025,-22.6488,0.0240616,-0.152339,-24.361,-0.0725005
154,73,Box,3.18706,-22.6775,0.0183969,-0.101126,-24.371,0.0584181
154,74,Box,4.20261,-22.9802,0.0390301,-0.131948,-24.4694,-0.0648367
154,75,Box,5.22184,-23.3184,0.0495592,-0.0880267,-24.6267,0.0556197
154,76,Box,6.90646,-23.418,-0.410637,0.139673,-24.8178,-0.256206
154,77,Box,8.04835,-23.2162,-0.0595578,0.234409,-24.5854,-0.0149802
154,78,Box,9.09026,-23.1814,-0.141386,0.332608,-24.7276,-0.24455
154,79,Box,10.4509,-22.9864,-0.435328,0.987892,-24.7151,-0.851763
154,80,Box,-0.435341,-21.4374,-0.130552,-0.531933,-24.1898,-0.0136756
154,81,Box,0.57329,-21.5421,-0.10382,-0.523513,-24.3371,0.00546538
154,82,Box,1.57809,-21.6068,-0.0775669,-0.498438,-24.3624,0.0625409
154,83,Box,2.57344,-21.6085,-0.083298,-0.488647,-24.351,0.0515759
154,84,Box,3.57826,-21.551,-0.0994374,-0.482722,-24.3358,0.0291893
154,85,Box,4.55553,-21.8454,-0.107099,-0.483336,-24.4529,0.0108955
154,86,Box,6.08991,-22.4653,0.401609,-0.0866844,-24.6921,0.0531684
154,87,Box,9.73886,-22.0267,-0.589424,1.49051,-24.16,-1.13191
154,88,Box,11.1408,-21.8799,0.0177662,2.19653,-24.5642,-0.524712
154,89,Box,14.5269,-21.8012,0.250583,4.02847,-24.731,0.323449
154,90,Box,-1.20791,-15.9743,3.48114,-0.879204,-21.2933,2.28378
154,91,Box,1.7683,-17.5786,-1.63163,0.487807,-22.3747,-1.31725
154,92,Box,2.01358,-19.8739,-1.6402,-0.254675,-23.7471,-1.26902
154,93,Box,4.61507,-20.3151,-0.0134874,1.05398,-24.2117,0.00815806
154,94,Box,25.7714,-2.42914,-28.7977,15.8267,-10.9834,-21.0805
154,95,Box,10.5533,-21.0149,-4.19776,3.34408,-24.2009,-1.46206
154,96,Box,11.7891,-21.0126,-0.774865,3.1426,-25.2065,-1.25792
154,97,Box,14.3872,-20.635,0.695106,5.00107,-24.2854,0.0726312
154,98,Box,15.6767,-20.0872,0.421631,5.37154,-24.0237,0.306996
154,99,Box,17.1157,-20.3804,-0.508365,5.74186,-24.2596,-0.465199
154,100,Circle,11.4996,-20.8622,10.1172,3.29536,-24.6111,4.32764
155,0,Box,0,-30.7228,0,0,-24.4608,0
155,1,Box,1.1,-30.7228,0,0,-24.4608,0
155,2,Box,2.2,-30.7228,0,0,-24.4608,0
155,3,Box,3.3,-30.7228,0,0,-24.4608,0
155,4,Box,4.4,-30.7228,0,0,-24.4608,0
155,5,Box,5.5,-30.7228,0,0,-24.4608,0
155,6,Box,6.62013,-30.828,0.173547,0.0463308,-24.6763,0.414779
155,7,Box,7.70463,-30.7459,0.0465479,0.0307839,-24.6128,0.304929
155,8,Box,8.8,-30.7228,0,0,-24.4608,0
155,9,Box,9.9,-30.7228,0,0,-24.4608,0
155,10,Box,0,-29.6228,0,0,-24.4608,0
155,11,Box,1.1,-29.6228,0,0,-24.4608,0
155,12,Box,2.2,-29.6228,0,0,-24.4608,0
155,13,Box,3.3,-29.6228,0,0,-24.4608,0
155,14,Box,4.4,-29.6228,0,0,-24.4608,0
155,15,Box,5.50142,-29.7201,0.0158591,0.000192125,-24.738,0.215194
155,16,Box,6.64428,-29.8287,0.194917,0.0624792,-24.721,0.149421
155,17,Box,7.71817,-29.7073,0.126085,0.0506384,-24.6679,0.142136
155,18,Box,8.80043,-29.6249,0.00438294,0.0270602,-24.5961,0.273934
155,19,Box,9.9,-29.6228,0,0,-24.4608,0
155,20,Box,0,-28.5228,0,0,-24.4608,0
155,21,Box,1.1,-28.5228,0,0,-24.4608,0
155,22,Box,2.2,-28.5228,0,0,-24.4608,0
155,23,Box,3.3,-28.5228,0,0,-24.4608,0
155,24,Box,4.3938,-28.5537,-0.0623004,-0.0203881,-24.5627,-0.204935
155,25,Box,5.47886,-28.71,0.0763854,-0.00633428,-24.7088,0.277023
155,26,Box,6.65762,-28.8473,0.189271,0.0390844,-24.7609,0.0386043
155,27,Box,7.73562,-28.6857,0.194666,0.0476467,-24.6959,0.03686
155,28,Box,8.81162,-28.5848,0.10302,0.0403447,-24.6446,0.161646
155,29,Box,9.9,-28.5228,0,0,-24.4608,0
155,30,Box,0,-27.4228,0,0,-24.4608,0
155,31,Box,1.1,-27.4228,0,0,-24.4608,0
155,32,Box,2.2,-27.4228,0,0,-24.4608,0
155,33,Box,3.3,-27.4228,0,0,-24.4608,0
155,34,Box,4.38623,-27.508,-0.040949,-0.0109845,-24.5944,0.291599
155,35,Box,5.49286,-27.6897,0.144371,0.0259994,-24.7314,0.170916
155,36,Box,6.66898,-27.8695,0.171877,0.0126385,-24.7439,0.0590986
155,37,Box,7.78931,-27.6732,0.212417,0.104684,-24.7187,-0.0624022
155,38,Box,8.83137,-27.5826,0.153511,0.0425635,-24.7049,-0.00357549
155,39,Box,9.90458,-27.442,0.0624658,0.0319584,-24.5897,0.416995
155,40,Box,0,-26.3228,0,0,-24.4608,0
155,41,Box,1.1,-26.3228,0,0,-24.4608,0
155,42,Box,2.2,-26.3228,0,0,-24.4608,0
155,43,Box,3.3,-26.3228,0,0,-24.4608,0
155,44,Box,4.37804,-26.4671,0.0198433,-0.0156556,-24.6036,0.240579
155,45,Box,5.46267,-26.6977,0.164385,-0.0678261,-24.7554,0.110194
155,46,Box,6.66856,-26.88,0.22619,-0.00219651,-24.7657,-0.00218007
155,47,Box,7.79969,-26.6634,0.248064,0.0733918,-24.7247,-0.0317444
155,48,Box,8.84743,-26.5861,0.201255,0.0141356,-24.6813,0.058896
155,49,Box,9.91909,-26.4098,0.199846,0.0272954,-24.5671,0.397267
155,50,Box,0,-25.2228,0,0,-24.4608,0
155,51,Box,1.1,-25.2228,0,0,-24.4608,0
155,52,Box,2.2,-25.2228,0,0,-24.4608,0
155,53,Box,3.2956,-25.2241,0.00906306,-0.0687091,-24.4823,0.14161
155,54,Box,4.3344,-25.4383,0.081599,-0.0984438,-24.5921,0.129521
155,55,Box,5.40209,-25.7201,0.165147,-0.119463,-24.8189,-0.0208647
155,56,Box,6.48119,-25.9246,0.265462,-0.11699,-24.8256,-0.0701836
155,57,Box,7.70902,-25.694,0.244439,-0.0382285,-24.7669,-0.0457129
155,58,Box,8.83477,-25.6145,0.217557,-0.0636213,-24.7431,-0.052899
155,59,Box,9.90655,-25.4236,0.117988,0.0164364,-24.6712,0.139083
155,60,Box,0,-24.1228,0,0,-24.4608,0
155,61,Box,1.1,-24.1228,0,0,-24.4608,0
155,62,Box,2.18673,-24.1254,0.0261471,-0.0829577,-24.4774,0.163419
155,63,Box,3.22682,-24.1397,0.0812614,-0.168179,-24.509,-0.227306
155,64,Box,4.26441,-24.4268,0.104555,-0.0770267,-24.6665,-0.0216181
155,65,Box,5.33934,-24.6904,0.0423041,-0.114316,-24.8125,-0.00702395
155,66,Box,6.44781,-24.8571,0.0249542,-0.0987115,-24.8256,-0.0728057
155,67,Box,7.80082,-24.659,0.127974,-0.0103044,-24.8265,-0.125463
155,68,Box,8.82228,-24.5988,0.0588067,0.120225,-24.8245,-0.244778
155,69,Box,10.0958,-24.3084,-0.367555,0.225046,-24.777,-0.69154
155,70,Box,0,-23.0228,0,0,-24.4608,0
155,71,Box,1.1,-23.0228,0,0,-24.4608,0
155,72,Box,2.17781,-23.0411,0.0229016,-0.152339,-24.5178,-0.0725005
155,73,Box,3.18544,-23.0699,0.0193316,-0.101126,-24.5278,0.0584181
155,74,Box,4.2005,-23.3742,0.0379927,-0.131948,-24.6262,-0.0648367
155,75,Box,5.22043,-23.7149,0.0504492,-0.0880267,-24.7835,0.0556197
155,76,Box,6.90869,-23.8176,-0.414737,0.139673,-24.9746,-0.256206
155,77,Box,8.0521,-23.6121,-0.0597974,0.234409,-24.7422,-0.0149802
155,78,Box,9.09558,-23.5796,-0.145299,0.332608,-24.8844,-0.24455
155,79,Box,10.4667,-23.3844,-0.448956,0.987892,-24.8719,-0.851763
155,80,Box,-0.443852,-21.8269,-0.130771,-0.531933,-24.3466,-0.0136756
155,81,Box,0.564914,-21.934,-0.103732,-0.523513,-24.4939,0.00546538
155,82,Box,1.57011,-21.9991,-0.0765662,-0.498438,-24.5192,0.0625409
155,83,Box,2.56563,-22.0007,-0.0824728,-0.488647,-24.5078,0.0515759
155,84,Box,3.57054,-21.9429,-0.0989704,-0.482722,-24.4926,0.0291893
155,85,Box,4.5478,-22.2391,-0.106925,-0.483336,-24.6097,0.0108955
155,86,Box,6.08852,-22.8629,0.402459,-0.0866844,-24.8489,0.0531684
155,87,Box,9.76271,-22.4158,-0.607535,1.49051,-24.3168,-1.13191
155,88,Box,11.1685,-22.3305,0.00937081,2.19653,-24.721,-0.524712
155,89,Box,14.5914,-22.1994,0.255758,4.02847,-24.8878,0.323449
155,90,Box,-1.22198,-16.3175,3.51768,-0.879204,-21.4501,2.28378
155,91,Box,1.7761,-17.9391,-1.65271,0.487807,-22.5315,-1.31725
155,92,Box,2.0095,-20.2564,-1.6605,-0.254675,-23.9039,-1.26902
155,93,Box,4.63194,-20.705,-0.0133569,1.05398,-24.3685,0.00815806
155,94,Box,26.0247,-2.60738,-29.135,15.8267,-11.1402,-21.0805
155,95,Box,10.6028,-21.3665,-4.22115,3.45446,-24.3243,-1.31287
155,96,Box,11.9918,-21.5171,-0.794991,3.14791,-25.3617,-1.26495
155,97,Box,14.4672,-21.026,0.696268,5.00107,-24.4422,0.0726312
155,98,Box,15.7627,-20.4741,0.426543,5.37154,-24.1805,0.306996
155,99,Box,17.2075,-20.7711,-0.515809,5.74186,-24.4164,-0.465199
155,100,Circle,11.373,-21.1113,10.1864,3.14806,-24.8125,4.23042
156,0,Box,0,-31.1166,0,0,-24.6176,0
156,1,Box,1.1,-31.1166,0,0,-24.6176,0
156,2,Box,2.2,-31.1166,0,0,-24.6176,0
156,3,Box,3.3,-31.1166,0,0,-24.6176,0
156,4,Box,4.4,-31.1166,0,0,-24.6176,0
156,5,Box,5.5,-31.1166,0,0,-24.6176,0
156,6,Box,6.62087,-31.2254,0.180184,0.0463308,-24.8331,0.414779
156,7,Box,7.70512,-31.1422,0.0514267,0.0307839,-24.7696,0.304929
156,8,Box,8.8,-31.1166,0,0,-24.6176,0
156,9,Box,9.9,-31.1166,0,0,-24.6176,0
156,10,Box,0,-30.0166,0,0,-24.6176,0
156,11,Box,1.1,-30.0166,0,0,-24.6176,0
156,12,Box,2.2,-30.0166,0,0,-24.6176,0
156,13,Box,3.3,-30.0166,0,0,-24.6176,0
156,14,Box,4.4,-30.0166,0,0,-24.6176,0
156,15,Box,5.50143,-30.1184,0.0193022,0.000192125,-24.8948,0.215194
156,16,Box,6.64528,-30.2268,0.197308,0.0624792,-24.8778,0.149421
156,17,Box,7.71898,-30.1045,0.128359,0.0506384,-24.8247,0.142136
156,18,Box,8.80087,-30.021,0.00876588,0.0270602,-24.7529,0.273934
156,19,Box,9.9,-30.0166,0,0,-24.6176,0
156,20,Box,0,-28.9166,0,0,-24.6176,0
156,21,Box,1.1,-28.9166,0,0,-24.6176,0
156,22,Box,2.2,-28.9166,0,0,-24.6176,0
156,23,Box,3.3,-28.9166,0,0,-24.6176,0
156,24,Box,4.39348,-28.9493,-0.0655793,-0.0203881,-24.7195,-0.204935
156,25,Box,5.47875,-29.1078,0.0808177,-0.00633428,-24.8656,0.277023
156,26,Box,6.65825,-29.246,0.189889,0.0390844,-24.9177,0.0386043
156,27,Box,7.73638,-29.0833,0.195256,0.0476467,-24.8527,0.03686
156,28,Box,8.81227,-28.9816,0.105606,0.0403447,-24.8014,0.161646
156,29,Box,9.9,-28.9166,0,0,-24.6176,0
156,30,Box,0,-27.8166,0,0,-24.6176,0
156,31,Box,1.1,-27.8166,0,0,-24.6176,0
156,32,Box,2.2,-27.8166,0,0,-24.6176,0
156,33,Box,3.3,-27.8166,0,0,-24.6176,0
156,34,Box,4.38606,-27.904,-0.0362834,-0.0109845,-24.7512,0.291599
156,35,Box,5.49328,-28.0879,0.147106,0.0259994,-24.8882,0.170916
156,36,Box,6.66918,-28.2679,0.172822,0.0126385,-24.9007,0.0590986
156,37,Box,7.79098,-28.0712,0.211418,0.104684,-24.8755,-0.0624022
156,38,Box,8.83205,-27.9804,0.153454,0.0425635,-24.8617,-0.00357549
156,39,Box,9.90509,-27.8379,0.0691377,0.0319584,-24.7465,0.416995
156,40,Box,0,-26.7166,0,0,-24.6176,0
156,41,Box,1.1,-26.7166,0,0,-24.6176,0
156,42,Box,2.2,-26.7166,0,0,-24.6176,0
156,43,Box,3.3,-26.7166,0,0,-24.6176,0
156,44,Box,4.37779,-26.8633,0.0236926,-0.0156556,-24.7604,0.240579
156,45,Box,5.46159,-27.0963,0.166148,-0.0678261,-24.9122,0.110194
156,46,Box,6.66853,-27.2787,0.226155,-0.00219651,-24.9225,-0.00218007
156,47,Box,7.80086,-27.0615,0.247556,0.0733918,-24.8815,-0.0317444
156,48,Box,8.84765,-26.9835,0.202197,0.0141356,-24.8381,0.058896
156,49,Box,9.91953,-26.8053,0.206202,0.0272954,-24.7239,0.397267
156,50,Box,0,-25.6166,0,0,-24.6176,0
156,51,Box,1.1,-25.6166,0,0,-24.6176,0
156,52,Box,2.2,-25.6166,0,0,-24.6176,0
156,53,Box,3.2945,-25.6184,0.0113288,-0.0687091,-24.6391,0.14161
156,54,Box,4.33282,-25.8343,0.0836713,-0.0984438,-24.7489,0.129521
156,55,Box,5.40017,-26.1198,0.164813,-0.119463,-24.9757,-0.0208647
156,56,Box,6.47943,-26.3294,0.264339,-0.116992,-24.9824,-0.070162
156,57,Box,7.70841,-26.0928,0.243708,-0.0382285,-24.9237,-0.0457129
156,58,Box,8.83375,-26.0129,0.21671,-0.0636213,-24.8999,-0.052899
156,59,Box,9.90681,-25.8209,0.120213,0.0164364,-24.828,0.139083
156,60,Box,0,-24.5166,0,0,-24.6176,0
156,61,Box,1.1,-24.5166,0,0,-24.6176,0
156,62,Box,2.1854,-24.5196,0.0287618,-0.0829577,-24.6342,0.163419
156,63,Box,3.22413,-24.5344,0.0776245,-0.168179,-24.6658,-0.227306
156,64,Box,4.26318,-24.824,0.104209,-0.0770267,-24.8233,-0.0216181
156,65,Box,5.33751,-25.0899,0.0421917,-0.114316,-24.9693,-0.00702395
156,66,Box,6.44495,-25.2544,0.0237893,-0.098709,-24.9823,-0.0728079
156,67,Box,7.80065,-25.0587,0.125967,-0.0103044,-24.9833,-0.125463
156,68,Box,8.8242,-24.9985,0.0548903,0.120225,-24.9813,-0.244778
156,69,Box,10.0994,-24.7073,-0.37862,0.225046,-24.9338,-0.69154
156,70,Box,0,-23.4166,0,0,-24.6176,0
156,71,Box,1.1,-23.4166,0,0,-24.6176,0
156,72,Box,2.17538,-23.4359,0.0217416,-0.152339,-24.6746,-0.0725005
156,73,Box,3.18382,-23.4649,0.0202663,-0.101126,-24.6846,0.0584181
156,74,Box,4.19839,-23.7708,0.0369553,-0.131948,-24.783,-0.0648367
156,75,Box,5.21902,-24.114,0.0513391,-0.0880267,-24.9403,0.0556197
156,76,Box,6.91209,-24.2171,-0.418836,0.139673,-25.1314,-0.256206
156,77,Box,8.05585,-24.0105,-0.0600371,0.234409,-24.899,-0.0149802
156,78,Box,9.1009,-23.9802,-0.149212,0.332608,-25.0412,-0.24455
156,79,Box,10.4826,-23.7848,-0.462584,0.987892,-25.0287,-0.851763
156,80,Box,-0.452363,-22.219,-0.13099,-0.531933,-24.5034,-0.0136756
156,81,Box,0.556538,-22.3284,-0.103645,-0.523513,-24.6507,0.00546538
156,82,Box,1.56214,-22.3939,-0.0755655,-0.498438,-24.676,0.0625409
156,83,Box,2.55781,-22.3953,-0.0816476,-0.488647,-24.6646,0.0515759
156,84,Box,3.56281,-22.3373,-0.0985033,-0.482722,-24.6494,0.0291893
156,85,Box,4.54007,-22.6354,-0.106751,-0.483336,-24.7665,0.0108955
156,86,Box,6.08713,-23.263,0.40331,-0.0866844,-25.0057,0.0531684
156,87,Box,9.78656,-22.8074,-0.625646,1.49051,-24.4736,-1.13191
156,88,Box,11.198,-22.7339,0.000975415,2.19653,-24.8778,-0.524712
156,89,Box,14.6558,-22.6001,0.260933,4.02847,-25.0446,0.323449
156,90,Box,-1.23605,-16.6633,3.55422,-0.879204,-21.6069,2.28378
156,91,Box,1.78391,-18.3021,-1.67378,0.487807,-22.6883,-1.31725
156,92,Box,2.00543,-20.6413,-1.68081,-0.254675,-24.0607,-1.26902
156,93,Box,4.6488,-21.0974,-0.0132264,1.05398,-24.5253,0.00815806
156,94,Box,26.2779,-2.78813,-29.4723,15.8267,-11.297,-21.0805
156,95,Box,10.7018,-21.7359,-4.24216,3.45446,-24.4811,-1.31287
156,96,Box,12.0018,-21.8713,-0.81523,3.08498,-25.4177,-1.45102
156,97,Box,14.5473,-21.4196,0.69743,5.00107,-24.599,0.0726312
156,98,Box,15.8486,-20.8635,0.431455,5.37154,-24.3373,0.306996
156,99,Box,17.2994,-21.1642,-0.523252,5.74186,-24.5732,-0.465199
156,100,Circle,11.4262,-21.6012,10.2541,3.22819,-25.0976,4.17676
157,0,Box,0,-31.513,0,0,-24.7744,0
157,1,Box,1.1,-31.513,0,0,-24.7744,0
157,2,Box,2.2,-31.513,0,0,-24.7744,0
157,3,Box,3.3,-31.513,0,0,-24.7744,0
157,4,Box,4.4,-31.513,0,0,-24.7744,0
157,5,Box,5.5,-31.513,0,0.0231109,-24.9076,0.322377
157,6,Box,6.6222,-31.6283,0.18682,0.0467591,-24.9909,0.416056
157,7,Box,7.70561,-31.541,0.0563056,0.0310684,-24.9275,0.306858
157,8,Box,8.8,-31.513,0,0,-24.7744,0
157,9,Box,9.9,-31.513,0,0,-24.7744,0
157,10,Box,0,-30.413,0,0,-24.7744,0
157,11,Box,1.1,-30.413,0,0,-24.7744,0
157,12,Box,2.2,-30.413,0,0,-24.7744,0
157,13,Box,3.3,-30.413,0,0,-24.7744,0
157,14,Box,4.4,-30.413,0,0,-24.7744,0
157,15,Box,5.50143,-30.5192,0.0227453,-0.0056392,-25.0397,0.0533328
157,16,Box,6.64709,-30.6315,0.199699,0.0620509,-25.0336,0.145422
157,17,Box,7.71986,-30.5047,0.130634,0.0505997,-24.9811,0.139335
157,18,Box,8.8013,-30.4195,0.0131488,0.0275949,-24.9122,0.278846
157,19,Box,9.9,-30.413,0,0,-24.7744,0
157,20,Box,0,-29.313,0,0,-24.7744,0
157,21,Box,1.1,-29.313,0,0,-24.7744,0
157,22,Box,2.2,-29.313,0,0,-24.7744,0
157,23,Box,3.3,-29.313,0,0,-24.7744,0
157,24,Box,4.39315,-29.3473,-0.0688583,-0.0203881,-24.8763,-0.204935
157,25,Box,5.47865,-29.5082,0.0852501,0.0100375,-25.0228,0.0941334
157,26,Box,6.65885,-29.6478,0.190507,0.0390844,-25.0745,0.0386043
157,27,Box,7.7374,-29.4846,0.195846,0.047401,-25.0088,0.0342902
157,28,Box,8.81323,-29.3839,0.108193,0.0408738,-24.9591,0.158536
157,29,Box,9.9,-29.313,0,0,-24.7744,0
157,30,Box,0,-28.213,0,0,-24.7744,0
157,31,Box,1.1,-28.213,0,0,-24.7744,0
157,32,Box,2.2,-28.213,0,0,-24.7744,0
157,33,Box,3.3,-28.213,0,0,-24.7744,0
157,34,Box,4.38588,-28.3025,-0.0316179,-0.0109845,-24.908,0.291599
157,35,Box,5.49387,-28.4898,0.14984,-0.0111806,-25.0355,0.0563456
157,36,Box,6.66964,-28.6702,0.173768,0.0126385,-25.0575,0.0590986
157,37,Box,7.79311,-28.4738,0.21042,0.104693,-25.033,-0.0609887
157,38,Box,8.83337,-28.384,0.153397,0.0420779,-25.0188,-0.00869448
157,39,Box,9.90593,-28.2407,0.0758096,0.0338596,-24.9101,0.427008
157,40,Box,0,-27.113,0,0,-24.7744,0
157,41,Box,1.1,-27.113,0,0,-24.7744,0
157,42,Box,2.2,-27.113,0,0,-24.7744,0
157,43,Box,3.3,-27.113,0,0,-24.7744,0
157,44,Box,4.37754,-27.262,0.0275418,-0.0156556,-24.9172,0.240579
157,45,Box,5.46078,-27.4989,0.167911,-0.0671504,-25.0433,0.0494226
157,46,Box,6.66896,-27.6798,0.22612,-0.00219651,-25.0793,-0.00218007
157,47,Box,7.80267,-27.4642,0.247048,0.0734277,-25.0386,-0.0309558
157,48,Box,8.84895,-27.3871,0.203139,0.0135742,-24.9941,0.055069
157,49,Box,9.92132,-27.2127,0.212558,0.0246504,-24.8838,0.395012
157,50,Box,0,-26.013,0,0,-24.7744,0
157,51,Box,1.1,-26.013,0,0,-24.7744,0
157,52,Box,2.2,-26.013,0,0,-24.7744,0
157,53,Box,3.2934,-26.0151,0.0135946,-0.0687091,-24.7959,0.14161
157,54,Box,4.33125,-26.2328,0.0857437,-0.0984438,-24.9057,0.129521
157,55,Box,5.39788,-26.5208,0.164479,-0.118374,-25.1033,-0.0390077
157,56,Box,6.47553,-26.7253,0.263217,-0.117002,-25.1392,-0.0700792
157,57,Box,7.70719,-26.4949,0.242976,-0.0383497,-25.0805,-0.0457134
157,58,Box,8.83136,-26.4169,0.215864,-0.0639476,-25.0558,-0.0559819
157,59,Box,9.89878,-26.223,0.122439,0.00597577,-24.9917,0.130615
157,60,Box,0,-24.913,0,0,-24.7744,0
157,61,Box,1.1,-24.913,0,0,-24.7744,0
157,62,Box,2.18407,-24.9162,0.0313765,-0.0829577,-24.791,0.163419
157,63,Box,3.22144,-24.9315,0.0739876,-0.168179,-24.8226,-0.227306
157,64,Box,4.26195,-25.2237,0.103863,-0.096669,-24.9862,-0.017753
157,65,Box,5.33567,-25.4914,0.0420793,-0.106228,-25.0934,-0.0193344
157,66,Box,6.44212,-25.6565,0.0226243,-0.098699,-25.1391,-0.0728148
157,67,Box,7.80365,-25.4562,0.123959,-0.00969253,-25.1394,-0.124777
157,68,Box,8.8245,-25.3961,0.0509738,0.120534,-25.136,-0.246509
157,69,Box,10.1074,-25.098,-0.389685,0.23625,-25.0738,-0.643093
157,70,Box,0,-23.813,0,0,-24.7744,0
157,71,Box,1.1,-23.813,0,0,-24.7744,0
157,72,Box,2.17294,-23.8332,0.0205816,-0.152339,-24.8314,-0.0725005
157,73,Box,3.1822,-23.8624,0.021201,-0.101126,-24.8414,0.0584181
157,74,Box,4.19628,-24.1698,0.0359179,-0.131948,-24.9398,-0.0648367
157,75,Box,5.21755,-24.5144,0.052229,-0.0907613,-25.0772,0.009082
157,76,Box,6.91153,-24.6173,-0.422935,0.139138,-25.2878,-0.259657
157,77,Box,8.05952,-24.4098,-0.0602768,0.234409,-25.0558,-0.0149802
157,78,Box,9.10727,-24.3766,-0.153125,0.332608,-25.198,-0.24455
157,79,Box,10.5005,-24.1825,-0.476212,0.987892,-25.1855,-0.851763
157,80,Box,-0.460874,-22.6135,-0.131209,-0.531933,-24.6602,-0.0136756
157,81,Box,0.548162,-22.7253,-0.103557,-0.523589,-24.8075,0.00563639
157,82,Box,1.55416,-22.7913,-0.0745649,-0.498363,-24.8328,0.0622838
157,83,Box,2.54999,-22.7924,-0.0808224,-0.488647,-24.8214,0.0515759
157,84,Box,3.55509,-22.7342,-0.0980363,-0.482722,-24.8062,0.0291893
157,85,Box,4.53233,-23.0342,-0.106576,-0.483336,-24.9233,0.0108955
157,86,Box,6.08575,-23.6656,0.404161,-0.0706318,-25.1515,0.058315
157,87,Box,9.8104,-23.2015,-0.643756,1.49051,-24.6304,-1.13191
157,88,Box,11.2332,-23.1344,-0.00741998,2.19653,-25.0346,-0.524712
157,89,Box,14.7203,-23.0033,0.266109,4.02847,-25.2014,0.323449
157,90,Box,-1.25012,-17.0115,3.59076,-0.879204,-21.7637,2.28378
157,91,Box,1.79171,-18.6676,-1.69486,0.487807,-22.8451,-1.31725
157,92,Box,2.00135,-21.0288,-1.70111,-0.254675,-24.2175,-1.26902
157,93,Box,4.66566,-21.4923,-0.0130958,1.05398,-24.6821,0.00815806
157,94,Box,26.5311,-2.97139,-29.8096,15.8267,-11.4538,-21.0805
157,95,Box,10.757,-22.1302,-4.26316,3.45446,-24.6379,-1.31287
157,96,Box,12.0512,-22.2805,-0.838447,3.08498,-25.5745,-1.45102
157,97,Box,14.6273,-21.8157,0.698592,5.00107,-24.7558,0.0726312
157,98,Box,15.9346,-21.2554,0.436367,5.37154,-24.4941,0.306996
157,99,Box,17.3913,-21.5599,-0.530695,5.74186,-24.73,-0.465199
157,100,Circle,11.4779,-22.0053,10.3209,3.22819,-25.2544,4.17676
158,0,Box,0,-31.9119,0,0,-24.9312,0
158,1,Box,1.1,-31.9119,0,0,-24.9312,0
158,2,Box,2.2,-31.9119,0,0,-24.9312,0
158,3,Box,3.3,-31.9119,0,0,-24.9312,0
158,4,Box,4.4,-31.9119,0,0,-24.9312,0
158,5,Box,5.50037,-31.9141,0.00515803,0.0231109,-25.0644,0.322377
158,6,Box,6.62294,-32.0307,0.193477,0.0467591,-25.1477,0.416056
158,7,Box,7.70611,-31.9423,0.0612153,0.0310684,-25.0843,0.306858
158,8,Box,8.8,-31.9119,0,0,-24.9312,0
158,9,Box,9.9,-31.9119,0,0,-24.9312,0
158,10,Box,0,-30.8119,0,0,-24.9312,0
158,11,Box,1.1,-30.8119,0,0,-24.9312,0
158,12,Box,2.2,-30.8119,0,0,-24.9312,0
158,13,Box,3.3,-30.8119,0,0,-24.9312,0
158,14,Box,4.4,-30.8119,0,0,-24.9312,0
158,15,Box,5.50134,-30.9224,0.0235986,-0.0056392,-25.1965,0.0533328
158,16,Box,6.64809,-31.0345,0.202025,0.0620509,-25.1904,0.145422
158,17,Box,7.72067,-30.9069,0.132863,0.0505997,-25.1379,0.139335
158,18,Box,8.80174,-30.8206,0.0176104,0.0275949,-25.069,0.278846
158,19,Box,9.9,-30.8119,0,0,-24.9312,0
158,20,Box,0,-29.7119,0,0,-24.9312,0
158,21,Box,1.1,-29.7119,0,0,-24.9312,0
158,22,Box,2.2,-29.7119,0,0,-24.9312,0
158,23,Box,3.3,-29.7119,0,0,-24.9312,0
158,24,Box,4.39282,-29.7478,-0.0721373,-0.0203881,-25.0331,-0.204935
158,25,Box,5.47881,-29.911,0.0867563,0.0100375,-25.1796,0.0941334
158,26,Box,6.65948,-30.0515,0.191124,0.0390844,-25.2313,0.0386043
158,27,Box,7.73816,-29.8873,0.196394,0.047401,-25.1656,0.0342902
158,28,Box,8.81388,-29.7857,0.110729,0.0408738,-25.1159,0.158536
158,29,Box,9.9,-29.7119,0,0,-24.9312,0
158,30,Box,0,-28.6119,0,0,-24.9312,0
158,31,Box,1.1,-28.6119,0,0,-24.9312,0
158,32,Box,2.2,-28.6119,0,0,-24.9312,0
158,33,Box,3.3,-28.6119,0,0,-24.9312,0
158,34,Box,4.3857,-28.7035,-0.0269523,-0.0109845,-25.0648,0.291599
158,35,Box,5.49369,-28.8928,0.150742,-0.0111806,-25.1923,0.0563456
158,36,Box,6.66984,-29.0737,0.174714,0.0126385,-25.2143,0.0590986
158,37,Box,7.79479,-28.8768,0.209444,0.104693,-25.1898,-0.0609887
158,38,Box,8.83405,-28.7868,0.153258,0.0420779,-25.1756,-0.00869448
158,39,Box,9.90647,-28.6418,0.0826417,0.0338596,-25.0669,0.427008
158,40,Box,0,-27.5119,0,0,-24.9312,0
158,41,Box,1.1,-27.5119,0,0,-24.9312,0
158,42,Box,2.2,-27.5119,0,0,-24.9312,0
158,43,Box,3.3,-27.5119,0,0,-24.9312,0
158,44,Box,4.37729,-27.6632,0.0313911,-0.0156556,-25.074,0.240579
158,45,Box,5.45971,-27.9021,0.168702,-0.0671504,-25.2001,0.0494226
158,46,Box,6.66892,-28.0836,0.226085,-0.00219651,-25.2361,-0.00218007
158,47,Box,7.80385,-27.8673,0.246553,0.0734277,-25.1954,-0.0309558
158,48,Box,8.84917,-27.7895,0.204021,0.0135742,-25.1509,0.055069
158,49,Box,9.92171,-27.6134,0.218879,0.0246504,-25.0406,0.395012
158,50,Box,0,-26.4119,0,0,-24.9312,0
158,51,Box,1.1,-26.4119,0,0,-24.9312,0
158,52,Box,2.2,-26.4119,0,0,-24.9312,0
158,53,Box,3.2923,-26.4143,0.0158604,-0.0687091,-24.9527,0.14161
158,54,Box,4.32967,-26.6338,0.087816,-0.0984438,-25.0625,0.129521
158,55,Box,5.39599,-26.925,0.163855,-0.118374,-25.2601,-0.0390077
158,56,Box,6.47366,-27.13,0.262096,-0.117002,-25.296,-0.0700792
158,57,Box,7.70657,-26.8987,0.242245,-0.0383497,-25.2373,-0.0457134
158,58,Box,8.83034,-26.8203,0.214968,-0.0639476,-25.2126,-0.0559819
158,59,Box,9.89888,-26.6254,0.124528,0.00597577,-25.1485,0.130615
158,60,Box,0,-25.3119,0,0,-24.9312,0
158,61,Box,1.1,-25.3119,0,0,-24.9312,0
158,62,Box,2.18275,-25.3154,0.0339912,-0.0829577,-24.9478,0.163419
158,63,Box,3.21874,-25.3312,0.0703508,-0.168179,-24.9794,-0.227306
158,64,Box,4.2604,-25.626,0.103579,-0.096669,-25.143,-0.017753
158,65,Box,5.33397,-25.8954,0.04177,-0.106228,-25.2502,-0.0193344
158,66,Box,6.44054,-26.0612,0.0214593,-0.098699,-25.2959,-0.0728148
158,67,Box,7.80349,-25.8609,0.121963,-0.00969253,-25.2962,-0.124777
158,68,Box,8.82643,-25.8008,0.0470297,0.120534,-25.2928,-0.246509
158,69,Box,10.1112,-25.5017,-0.399974,0.23625,-25.2306,-0.643093
158,70,Box,0,-24.2119,0,0,-24.9312,0
158,71,Box,1.1,-24.2119,0,0,-24.9312,0
158,72,Box,2.1705,-24.233,0.0194216,-0.152339,-24.9882,-0.0725005
158,73,Box,3.18059,-24.2623,0.0221357,-0.101126,-24.9982,0.0584181
158,74,Box,4.19417,-24.5714,0.0348805,-0.131948,-25.0966,-0.0648367
158,75,Box,5.2161,-24.9181,0.0523743,-0.0907613,-25.234,0.009082
158,76,Box,6.91376,-25.0244,-0.42709,0.139138,-25.4446,-0.259657
158,77,Box,8.06327,-24.8132,-0.0605165,0.234409,-25.2126,-0.0149802
158,78,Box,9.11259,-24.7823,-0.157038,0.332608,-25.3548,-0.24455
158,79,Box,10.5164,-24.5879,-0.489841,0.987892,-25.3423,-0.851763
158,80,Box,-0.469385,-23.0106,-0.131427,-0.531933,-24.817,-0.0136756
158,81,Box,0.539784,-23.1247,-0.103467,-0.523589,-24.9643,0.00563639
158,82,Box,1.54619,-23.1911,-0.0735683,-0.498363,-24.9896,0.0622838
158,83,Box,2.54217,-23.1921,-0.0799972,-0.488647,-24.9782,0.0515759
158,84,Box,3.54737,-23.1336,-0.0975693,-0.482722,-24.963,0.0291893
158,85,Box,4.5246,-23.4355,-0.106402,-0.483336,-25.0801,0.0108955
158,86,Box,6.08462,-24.0705,0.405094,-0.0706318,-25.3083,0.058315
158,87,Box,9.83425,-23.5981,-0.661867,1.49051,-24.7872,-1.13191
158,88,Box,11.2721,-23.5485,-0.0158154,2.19653,-25.1914,-0.524712
158,89,Box,14.7847,-23.4091,0.271284,4.02847,-25.3582,0.323449
158,90,Box,-1.26418,-17.3622,3.6273,-0.879204,-21.9205,2.28378
158,91,Box,1.79952,-19.0357,-1.71594,0.487807,-23.0019,-1.31725
158,92,Box,1.99728,-21.4188,-1.72142,-0.254675,-24.3743,-1.26902
158,93,Box,4.68253,-21.8897,-0.0129653,1.05398,-24.8389,0.00815806
158,94,Box,26.7843,-3.15716,-30.1469,15.8267,-11.6106,-21.0805
158,95,Box,10.8748,-22.4859,-4.28417,3.45446,-24.7947,-1.31287
158,96,Box,12.0335,-22.6123,-0.861663,3.08498,-25.7313,-1.45102
158,97,Box,14.7073,-22.2143,0.699754,5.00107,-24.9126,0.0726312
158,98,Box,16.0205,-21.6499,0.441279,5.37154,-24.6509,0.306996
158,99,Box,17.4831,-21.9581,-0.538138,5.74186,-24.8868,-0.465199
158,100,Circle,11.5305,-22.5517,10.3878,3.22819,-25.4112,4.17676
159,0,Box,0,-32.3133,0,0,-25.088,0
159,1,Box,1.1,-32.3133,0,0,-25.088,0
159,2,Box,2.2,-32.3133,0,0,-25.088,0
159,3,Box,3.3,-32.3133,0,0,-25.088,0
159,4,Box,4.4,-32.3133,0,0,-25.088,0
159,5,Box,5.50074,-32.3176,0.0103161,0.0231109,-25.2212,0.322377
159,6,Box,6.62369,-32.4355,0.200134,0.0467591,-25.3045,0.416056
159,7,Box,7.7066,-32.3462,0.066125,0.0310684,-25.2411,0.306858
159,8,Box,8.8,-32.3133,0,0,-25.088,0
159,9,Box,9.9,-32.3133,0,0,-25.088,0
159,10,Box,0,-31.2133,0,0,-25.088,0
159,11,Box,1.1,-31.2133,0,0,-25.088,0
159,12,Box,2.2,-31.2133,0,0,-25.088,0
159,13,Box,3.3,-31.2133,0,0,-25.088,0
159,14,Box,4.4,-31.2133,0,0,-25.088,0
159,15,Box,5.50125,-31.328,0.0244519,-0.0056392,-25.3533,0.0533328
159,16,Box,6.64908,-31.4401,0.204352,0.0620509,-25.3472,0.145422
159,17,Box,7.72148,-31.3116,0.135092,0.0505997,-25.2947,0.139335
159,18,Box,8.80218,-31.2242,0.0220719,0.0275949,-25.2258,0.278846
159,19,Box,9.9,-31.2133,0,0,-25.088,0
159,20,Box,0,-30.1133,0,0,-25.088,0
159,21,Box,1.1,-30.1133,0,0,-25.088,0
159,22,Box,2.2,-30.1133,0,0,-25.088,0
159,23,Box,3.3,-30.1133,0,0,-25.088,0
159,24,Box,4.3925,-30.1509,-0.0754162,-0.0203881,-25.1899,-0.204935
159,25,Box,5.47897,-30.3164,0.0882624,0.0100375,-25.3364,0.0941334
159,26,Box,6.6601,-30.4577,0.191742,0.0390844,-25.3881,0.0386043
159,27,Box,7.73892,-30.2924,0.196943,0.047401,-25.3224,0.0342902
159,28,Box,8.81454,-30.1901,0.113266,0.0408738,-25.2727,0.158536
159,29,Box,9.9,-30.1133,0,0,-25.088,0
159,30,Box,0,-29.0133,0,0,-25.088,0
159,31,Box,1.1,-29.0133,0,0,-25.088,0
159,32,Box,2.2,-29.0133,0,0,-25.088,0
159,33,Box,3.3,-29.0133,0,0,-25.088,0
159,34,Box,4.38553,-29.1071,-0.0222867,-0.0109845,-25.2216,0.291599
159,35,Box,5.49351,-29.2984,0.151643,-0.0111806,-25.3491,0.0563456
159,36,Box,6.67004,-29.4796,0.175659,0.0126385,-25.3711,0.0590986
159,37,Box,7.79646,-29.2824,0.208468,0.104693,-25.3466,-0.0609887
159,38,Box,8.83472,-29.1921,0.153119,0.0420779,-25.3324,-0.00869448
159,39,Box,9.90701,-29.0454,0.0894739,0.0338596,-25.2237,0.427008
159,40,Box,0,-27.9133,0,0,-25.088,0
159,41,Box,1.1,-27.9133,0,0,-25.088,0
159,42,Box,2.2,-27.9133,0,0,-25.088,0
159,43,Box,3.3,-27.9133,0,0,-25.088,0
159,44,Box,4.37704,-28.0669,0.0352403,-0.0156556,-25.2308,0.240579
159,45,Box,5.45863,-28.3079,0.169493,-0.0671504,-25.3569,0.0494226
159,46,Box,6.66889,-28.4899,0.22605,-0.00219651,-25.3929,-0.00218007
159,47,Box,7.80502,-28.2729,0.246057,0.0734277,-25.3522,-0.0309558
159,48,Box,8.84938,-28.1944,0.204902,0.0135742,-25.3077,0.055069
159,49,Box,9.92211,-28.0165,0.225199,0.0246504,-25.1974,0.395012
159,50,Box,0,-26.8133,0,0,-25.088,0
159,51,Box,1.1,-26.8133,0,0,-25.088,0
159,52,Box,2.2,-26.8133,0,0,-25.088,0
159,53,Box,3.29121,-26.8161,0.0181261,-0.0687091,-25.1095,0.14161
159,54,Box,4.3281,-27.0373,0.0898883,-0.0984438,-25.2193,0.129521
159,55,Box,5.39409,-27.3317,0.163231,-0.118374,-25.4169,-0.0390077
159,56,Box,6.47188,-27.5419,0.260974,-0.117005,-25.4528,-0.0700534
159,57,Box,7.70596,-27.305,0.241513,-0.0383497,-25.3941,-0.0457134
159,58,Box,8.82931,-27.2262,0.214072,-0.0639476,-25.3694,-0.0559819
159,59,Box,9.89898,-27.0303,0.126618,0.00597577,-25.3053,0.130615
159,60,Box,0,-25.7133,0,0,-25.088,0
159,61,Box,1.1,-25.7133,0,0,-25.088,0
159,62,Box,2.18142,-25.7171,0.0366059,-0.0829577,-25.1046,0.163419
159,63,Box,3.21605,-25.7334,0.0667139,-0.168179,-25.1362,-0.227306
159,64,Box,4.25885,-26.0307,0.103295,-0.096669,-25.2998,-0.017753
159,65,Box,5.33227,-26.3019,0.0414606,-0.106228,-25.407,-0.0193344
159,66,Box,6.43775,-26.4662,0.0202943,-0.0986958,-25.4527,-0.072817
159,67,Box,7.80334,-26.2682,0.119966,-0.00969253,-25.453,-0.124777
159,68,Box,8.82836,-26.208,0.0430855,0.120534,-25.4496,-0.246509
159,69,Box,10.1149,-25.9079,-0.410264,0.23625,-25.3874,-0.643093
159,70,Box,0,-24.6133,0,0,-25.088,0
159,71,Box,1.1,-24.6133,0,0,-25.088,0
159,72,Box,2.16806,-24.6354,0.0182616,-0.152339,-25.145,-0.0725005
159,73,Box,3.17897,-24.6648,0.0230704,-0.101126,-25.155,0.0584181
159,74,Box,4.19206,-24.9754,0.0338432,-0.131948,-25.2534,-0.0648367
159,75,Box,5.21465,-25.3244,0.0525196,-0.0907613,-25.3908,0.009082
159,76,Box,6.9171,-25.4316,-0.431244,0.139138,-25.6014,-0.259657
159,77,Box,8.06702,-25.2191,-0.0607562,0.234409,-25.3694,-0.0149802
159,78,Box,9.11791,-25.1905,-0.16095,0.332608,-25.5116,-0.24455
159,79,Box,10.5322,-24.9959,-0.503469,0.987892,-25.4991,-0.851763
159,80,Box,-0.477896,-23.4102,-0.131646,-0.531933,-24.9738,-0.0136756
159,81,Box,0.531407,-23.5267,-0.103377,-0.523589,-25.1211,0.00563639
159,82,Box,1.53821,-23.5934,-0.0725718,-0.498363,-25.1464,0.0622838
159,83,Box,2.53435,-23.5943,-0.079172,-0.488647,-25.135,0.0515759
159,84,Box,3.53964,-23.5355,-0.0971022,-0.482722,-25.1198,0.0291893
159,85,Box,4.51687,-23.8393,-0.106228,-0.483336,-25.2369,0.0108955
159,86,Box,6.08349,-24.478,0.406027,-0.0706318,-25.4651,0.058315
159,87,Box,9.8581,-23.9972,-0.679977,1.49051,-24.944,-1.13191
159,88,Box,11.3073,-23.9541,-0.0242108,2.17891,-25.3576,-0.547505
159,89,Box,14.8492,-23.8173,0.276459,4.02847,-25.515,0.323449
159,90,Box,-1.27825,-17.7154,3.66384,-0.879204,-22.0773,2.28378
159,91,Box,1.80732,-19.4062,-1.73701,0.487807,-23.1587,-1.31725
159,92,Box,1.99321,-21.8113,-1.74172,-0.254675,-24.5311,-1.26902
159,93,Box,4.69939,-22.2896,-0.0128348,1.05398,-24.9957,0.00815806
159,94,Box,27.0376,-3.34544,-30.4841,15.8267,-11.7674,-21.0805
159,95,Box,10.9037,-22.8965,-4.30518,3.44502,-24.9535,-1.32232
159,96,Box,12.2115,-23.1401,-0.884879,3.18898,-26.0174,-0.994012
159,97,Box,14.7873,-22.6154,0.700917,5.00107,-25.0694,0.0726312
159,98,Box,16.1065,-22.0468,0.446191,5.37154,-24.8077,0.306996
159,99,Box,17.575,-22.3588,-0.545581,5.74186,-25.0436,-0.465199
159,100,Circle,11.4519,-22.8016,10.4546,3.13022,-25.3889,4.17676
160,0,Box,0,-32.7173,0,0,-25.2448,0
160,1,Box,1.1,-32.7173,0,0,-25.2448,0
160,2,Box,2.2,-32.7173,0,0,-25.2448,0
160,3,Box,3.3,-32.7173,0,0,-25.2448,0
160,4,Box,4.4,-32.7173,0,0,-25.2448,0
160,5,Box,5.50111,-32.7236,0.0154741,0.023685,-25.3806,0.328504
160,6,Box,6.62516,-32.8463,0.206791,0.0467591,-25.4613,0.416056
160,7,Box,7.7071,-32.7526,0.0710348,0.0314591,-25.3993,0.309264
160,8,Box,8.8,-32.7173,0,0,-25.2448,0
160,9,Box,9.9,-32.7173,0,0,-25.2448,0
160,10,Box,0,-31.6173,0,0,-25.2448,0
160,11,Box,1.1,-31.6173,0,0,-25.2448,0
160,12,Box,2.2,-31.6173,0,0,-25.2448,0
160,13,Box,3.3,-31.6173,0,0,-25.2448,0
160,14,Box,4.4,-31.6173,0,0,-25.2448,0
160,15,Box,5.50116,-31.7362,0.0253052,-0.00523887,-25.5118,0.0533291
160,16,Box,6.65081,-31.8522,0.206679,0.0620509,-25.504,0.145422
160,17,Box,7.72239,-31.7196,0.137322,0.0505346,-25.451,0.135639
160,18,Box,8.80262,-31.6304,0.0265334,0.0280152,-25.3844,0.282359
160,19,Box,9.9,-31.6173,0,0,-25.2448,0
160,20,Box,0,-30.5173,0,0,-25.2448,0
160,21,Box,1.1,-30.5173,0,0,-25.2448,0
160,22,Box,2.2,-30.5173,0,0,-25.2448,0
160,23,Box,3.3,-30.5173,0,0,-25.2448,0
160,24,Box,4.39217,-30.5564,-0.0786952,-0.0203881,-25.3467,-0.204935
160,25,Box,5.47914,-30.7243,0.0897685,0.0107396,-25.4946,0.0885194
160,26,Box,6.66065,-30.8667,0.19236,0.0390844,-25.5449,0.0386043
160,27,Box,7.73996,-30.7013,0.197492,0.0471184,-25.4785,0.0314635
160,28,Box,8.81555,-30.6,0.115803,0.0412166,-25.43,0.155947
160,29,Box,9.9,-30.5173,0,0.0193645,-25.3237,0.294933
160,30,Box,0,-29.4173,0,0,-25.2448,0
160,31,Box,1.1,-29.4173,0,0,-25.2448,0
160,32,Box,2.2,-29.4173,0,0,-25.2448,0
160,33,Box,3.3,-29.4173,0,0,-25.2448,0
160,34,Box,4.38535,-29.5131,-0.0176211,-0.0109845,-25.3784,0.291599
160,35,Box,5.49353,-29.7078,0.152545,-0.0125258,-25.5056,0.0496202
160,36,Box,6.67043,-29.8891,0.176605,0.0125962,-25.5277,0.0597503
160,37,Box,7.79854,-29.6923,0.207493,0.1047,-25.504,-0.0595453
160,38,Box,8.83602,-29.6032,0.15298,0.0298507,-25.4295,0.114675
160,39,Box,9.90812,-29.4574,0.096306,0.0348243,-25.3837,0.431363
160,40,Box,0,-28.3173,0,0,-25.2448,0
160,41,Box,1.1,-28.3173,0,0,-25.2448,0
160,42,Box,2.2,-28.3173,0,0,-25.2448,0
160,43,Box,3.3,-28.3173,0,0,-25.2448,0
160,44,Box,4.37679,-28.4731,0.0390896,-0.0156556,-25.3876,0.240579
160,45,Box,5.45789,-28.718,0.170284,-0.0675936,-25.5116,0.0428097
160,46,Box,6.66924,-28.8984,0.226015,-0.00219728,-25.5497,-0.00219265
160,47,Box,7.80677,-28.6829,0.245562,0.0734645,-25.5093,-0.0301207
160,48,Box,8.85062,-28.605,0.205783,0.00581803,-25.46,0.018126
160,49,Box,9.92383,-28.431,0.231519,0.0235176,-25.3534,0.38926
160,50,Box,0,-27.2173,0,0,-25.2448,0
160,51,Box,1.1,-27.2173,0,0,-25.2448,0
160,52,Box,2.2,-27.2173,0,0,-25.2448,0
160,53,Box,3.29011,-27.2204,0.0203919,-0.0941733,-25.2719,0.159947
160,54,Box,4.32652,-27.4433,0.0919607,-0.0907399,-25.3757,0.0387374
160,55,Box,5.39174,-27.7392,0.162607,-0.101756,-25.5813,-0.0712678
160,56,Box,6.4681,-27.9457,0.259853,-0.117015,-25.6097,-0.0699728
160,57,Box,7.70471,-27.7143,0.240782,-0.038479,-25.551,-0.0456558
160,58,Box,8.8268,-27.6379,0.213177,-0.0658255,-25.5199,-0.0771797
160,59,Box,9.89051,-27.4379,0.128708,0.0168619,-25.4833,0.080296
160,60,Box,0,-26.1173,0,0,-25.2448,0
160,61,Box,1.1,-26.1173,0,0,-25.2448,0
160,62,Box,2.18009,-26.1212,0.0392207,-0.0829577,-25.2614,0.163419
160,63,Box,3.21336,-26.1381,0.063077,-0.168179,-25.293,-0.227306
160,64,Box,4.25731,-26.4381,0.103011,-0.10259,-25.4584,-0.0166983
160,65,Box,5.33056,-26.7103,0.0411513,-0.103368,-25.5544,-0.0170098
160,66,Box,6.43498,-26.8758,0.0191292,-0.0986859,-25.6094,-0.0728225
160,67,Box,7.80653,-26.6738,0.11797,-0.0090403,-25.6091,-0.123953
160,68,Box,8.82889,-26.6133,0.0391414,0.0986594,-25.6071,-0.280693
160,69,Box,10.123,-26.3071,-0.420553,0.250257,-25.5245,-0.578821
160,70,Box,0,-25.0173,0,0,-25.2448,0
160,71,Box,1.1,-25.0173,0,0,-25.2448,0
160,72,Box,2.16563,-25.0402,0.0171015,-0.152339,-25.3018,-0.0725005
160,73,Box,3.17735,-25.0698,0.0240051,-0.101126,-25.3118,0.0584181
160,74,Box,4.18995,-25.382,0.0328058,-0.131948,-25.4102,-0.0648367
160,75,Box,5.21315,-25.7322,0.0526649,-0.0910107,-25.5423,-0.000849643
160,76,Box,6.91641,-25.8394,-0.435399,0.138571,-25.7578,-0.263269
160,77,Box,8.07067,-25.625,-0.0609959,0.230787,-25.5152,0.00528181
160,78,Box,9.12422,-25.5952,-0.164863,0.335114,-25.6639,-0.248453
160,79,Box,10.5504,-25.401,-0.517097,0.987892,-25.6559,-0.851763
160,80,Box,-0.486407,-23.8123,-0.131865,-0.531933,-25.1306,-0.0136756
160,81,Box,0.523029,-23.9311,-0.103287,-0.52363,-25.2779,0.00573008
160,82,Box,1.53024,-23.9983,-0.0715753,-0.498321,-25.3032,0.0621417
160,83,Box,2.52653,-23.9989,-0.0783468,-0.488647,-25.2918,0.0515759
160,84,Box,3.53192,-23.9399,-0.0966352,-0.482722,-25.2766,0.0291893
160,85,Box,4.50913,-24.2456,-0.106053,-0.483336,-25.3937,0.0108955
160,86,Box,6.08236,-24.8879,0.40696,-0.0660673,-25.6188,0.059575
160,87,Box,9.88195,-24.3988,-0.698088,1.49051,-25.1008,-1.13191
160,88,Box,11.3422,-24.3623,-0.0329708,2.17891,-25.5144,-0.547505
160,89,Box,14.9137,-24.2281,0.281634,4.02847,-25.6718,0.323449
160,90,Box,-1.29232,-18.0712,3.70038,-0.879204,-22.2341,2.28378
160,91,Box,1.81513,-19.7793,-1.75809,0.487807,-23.3155,-1.31725
160,92,Box,1.98913,-22.2063,-1.76202,-0.254675,-24.6879,-1.26902
160,93,Box,4.71626,-22.6921,-0.0127042,1.05398,-25.1525,0.00815806
160,94,Box,27.2908,-3.53623,-30.8214,15.8267,-11.9242,-21.0805
160,95,Box,10.9588,-23.2983,-4.32633,3.44502,-25.1103,-1.32232
160,96,Box,12.2625,-23.5589,-0.900784,3.18898,-26.1742,-0.994012
160,97,Box,14.8673,-23.019,0.702079,5.00107,-25.2262,0.0726312
160,98,Box,16.1924,-22.4462,0.451103,5.37154,-24.9645,0.306996
160,99,Box,17.6669,-22.762,-0.553024,5.74186,-25.2004,-0.465199
160,100,Circle,11.502,-23.2104,10.5214,3.13022,-25.5457,4.17676
161,0,Box,0,-33.1237,0,0,-25.4016,0
161,1,Box,1.1,-33.1237,0,0,-25.4016,0
161,2,Box,2.2,-33.1237,0,0,-25.4016,0
161,3,Box,3.3,-33.1237,0,0,-25.4016,0
161,4,Box,4.4,-33.1237,0,0,-25.4016,0
161,5,Box,5.50149,-33.1322,0.0207301,0.023685,-25.5374,0.328504
161,6,Box,6.62591,-33.2562,0.213448,0.0467591,-25.6181,0.416056
161,7,Box,7.7076,-33.1615,0.075983,0.0314591,-25.5561,0.309264
161,8,Box,8.8,-33.1237,0,0,-25.4016,0
161,9,Box,9.9,-33.1237,0,0,-25.4016,0
161,10,Box,0,-32.0237,0,0,-25.4016,0
161,11,Box,1.1,-32.0237,0,0,-25.4016,0
161,12,Box,2.2,-32.0237,0,0,-25.4016,0
161,13,Box,3.3,-32.0237,0,0,-25.4016,0
161,14,Box,4.4,-32.0237,0,0,-25.4016,0
161,15,Box,5.50107,-32.1469,0.0261585,-0.00523887,-25.6686,0.0533291
161,16,Box,6.65181,-32.2628,0.209006,0.0620509,-25.6608,0.145422
161,17,Box,7.7232,-32.1293,0.139492,0.0505346,-25.6078,0.135639
161,18,Box,8.80307,-32.039,0.0310512,0.0280152,-25.5412,0.282359
161,19,Box,9.9,-32.0237,0,0,-25.4016,0
161,20,Box,0,-30.9237,0,0,-25.4016,0
161,21,Box,1.1,-30.9237,0,0,-25.4016,0
161,22,Box,2.2,-30.9237,0,0,-25.4016,0
161,23,Box,3.3,-30.9237,0,0,-25.4016,0
161,24,Box,4.39185,-30.9645,-0.0819741,-0.0203881,-25.5035,-0.204935
161,25,Box,5.47931,-31.1347,0.0911848,0.0107396,-25.6514,0.0885194
161,26,Box,6.66128,-31.2779,0.192977,0.0390844,-25.7017,0.0386043
161,27,Box,7.74071,-31.1114,0.197995,0.0471184,-25.6353,0.0314635
161,28,Box,8.81621,-31.0094,0.118298,0.0412166,-25.5868,0.155947
161,29,Box,9.90031,-30.9249,0.00471892,0.0193645,-25.4805,0.294933
161,30,Box,0,-29.8237,0,0,-25.4016,0
161,31,Box,1.1,-29.8237,0,0,-25.4016,0
161,32,Box,2.2,-29.8237,0,0,-25.4016,0
161,33,Box,3.3,-29.8237,0,0,-25.4016,0
161,34,Box,4.38518,-29.9217,-0.0129555,-0.0109845,-25.5352,0.291599
161,35,Box,5.49333,-30.1184,0.153339,-0.0125258,-25.6623,0.0496202
161,36,Box,6.67063,-30.3,0.177561,0.0125962,-25.6845,0.0597503
161,37,Box,7.80022,-30.1028,0.20654,0.1047,-25.6608,-0.0595453
161,38,Box,8.8365,-30.0126,0.154814,0.0298507,-25.5863,0.114675
161,39,Box,9.90868,-29.866,0.103208,0.0348243,-25.5405,0.431363
161,40,Box,0,-28.7237,0,0,-25.4016,0
161,41,Box,1.1,-28.7237,0,0,-25.4016,0
161,42,Box,2.2,-28.7237,0,0,-25.4016,0
161,43,Box,3.3,-28.7237,0,0,-25.4016,0
161,44,Box,4.37654,-28.8818,0.0429389,-0.0156556,-25.5444,0.240579
161,45,Box,5.45681,-29.1287,0.170969,-0.0675936,-25.6684,0.0428097
161,46,Box,6.6692,-29.3097,0.22598,-0.00219728,-25.7065,-0.00219265
161,47,Box,7.80795,-29.0936,0.24508,0.0734645,-25.6661,-0.0301207
161,48,Box,8.85071,-29.0149,0.206073,0.00581803,-25.6168,0.018126
161,49,Box,9.92421,-28.8391,0.237747,0.0235176,-25.5102,0.38926
161,50,Box,0,-27.6237,0,0,-25.4016,0
161,51,Box,1.1,-27.6237,0,0,-25.4016,0
161,52,Box,2.2,-27.6237,0,0,-25.4016,0
161,53,Box,3.2886,-27.6272,0.022951,-0.0941733,-25.4287,0.159947
161,54,Box,4.32507,-27.8518,0.0925805,-0.0907399,-25.5325,0.0387374
161,55,Box,5.39011,-28.151,0.161466,-0.101756,-25.7381,-0.0712678
161,56,Box,6.46622,-28.358,0.258734,-0.117015,-25.7665,-0.0699728
161,57,Box,7.70409,-28.1257,0.240051,-0.038479,-25.7078,-0.0456558
161,58,Box,8.82575,-28.0488,0.211942,-0.0658255,-25.6767,-0.0771797
161,59,Box,9.89078,-27.8482,0.129993,0.0168619,-25.6401,0.080296
161,60,Box,0,-26.5237,0,0,-25.4016,0
161,61,Box,1.1,-26.5237,0,0,-25.4016,0
161,62,Box,2.17876,-26.5279,0.0418354,-0.0829577,-25.4182,0.163419
161,63,Box,3.21067,-26.5453,0.0594401,-0.168179,-25.4498,-0.227306
161,64,Box,4.25567,-26.8479,0.102744,-0.10259,-25.6152,-0.0166983
161,65,Box,5.3289,-27.1216,0.0408791,-0.103368,-25.7112,-0.0170098
161,66,Box,6.4334,-27.2881,0.017964,-0.0986859,-25.7662,-0.0728225
161,67,Box,7.80638,-27.086,0.115987,-0.0090403,-25.7659,-0.123953
161,68,Box,8.83046,-27.0255,0.0346503,0.0986594,-25.7639,-0.280693
161,69,Box,10.127,-26.718,-0.429814,0.250257,-25.6813,-0.578821
161,70,Box,0,-25.4237,0,0,-25.4016,0
161,71,Box,1.1,-25.4237,0,0,-25.4016,0
161,72,Box,2.16319,-25.4475,0.0159415,-0.152339,-25.4586,-0.0725005
161,73,Box,3.17573,-25.4773,0.0249397,-0.101126,-25.4686,0.0584181
161,74,Box,4.18784,-25.7911,0.0317684,-0.131948,-25.567,-0.0648367
161,75,Box,5.21169,-26.1434,0.0526513,-0.0910107,-25.6991,-0.000849643
161,76,Box,6.91863,-26.254,-0.439611,0.138571,-25.9146,-0.263269
161,77,Box,8.07437,-26.0358,-0.0609114,0.230787,-25.672,0.00528181
161,78,Box,9.12958,-26.0084,-0.168839,0.335114,-25.8207,-0.248453
161,79,Box,10.5662,-25.814,-0.530725,0.987892,-25.8127,-0.851763
161,80,Box,-0.494918,-24.2169,-0.132084,-0.531933,-25.2874,-0.0136756
161,81,Box,0.514651,-24.3381,-0.103195,-0.52363,-25.4347,0.00573008
161,82,Box,1.52227,-24.4057,-0.070581,-0.498321,-25.46,0.0621417
161,83,Box,2.51872,-24.4061,-0.0775216,-0.488647,-25.4486,0.0515759
161,84,Box,3.5242,-24.3469,-0.0961682,-0.482722,-25.4334,0.0291893
161,85,Box,4.5014,-24.6544,-0.105879,-0.483336,-25.5505,0.0108955
161,86,Box,6.0813,-25.3003,0.407913,-0.0660673,-25.7756,0.059575
161,87,Box,9.9058,-24.8029,-0.716199,1.49051,-25.2576,-1.13191
161,88,Box,11.3778,-24.7751,-0.0417309,2.17891,-25.6712,-0.547505
161,89,Box,14.9781,-24.6413,0.286809,4.02847,-25.8286,0.323449
161,90,Box,-1.30639,-18.4294,3.73692,-0.879204,-22.3909,2.28378
161,91,Box,1.82293,-20.1548,-1.77916,0.487807,-23.4723,-1.31725
161,92,Box,1.98506,-22.6038,-1.78233,-0.254675,-24.8447,-1.26902
161,93,Box,4.73312,-23.097,-0.0125737,1.05398,-25.3093,0.00815806
161,94,Box,27.544,-3.72953,-31.1587,15.8267,-12.081,-21.0805
161,95,Box,11.1237,-23.6583,-4.34749,3.44502,-25.2671,-1.32232
161,96,Box,12.2763,-23.9316,-0.916688,3.1569,-26.2657,-1.20208
161,97,Box,14.9473,-23.4252,0.703241,5.00107,-25.383,0.0726312
161,98,Box,16.2783,-22.8482,0.456015,5.37154,-25.1213,0.306996
161,99,Box,17.7587,-23.1677,-0.560468,5.74186,-25.3572,-0.465199
161,100,Circle,11.4587,-23.7373,10.5882,3.17107,-25.7857,4.14073
162,0,Box,0,-33.5326,0,0,-25.5584,0
162,1,Box,1.1,-33.5326,0,0,-25.5584,0
162,2,Box,2.2,-33.5326,0,0,-25.5584,0
162,3,Box,3.3,-33.5326,0,0,-25.5584,0
162,4,Box,4.4,-33.5326,0,0,-25.5584,0
162,5,Box,5.50187,-33.5434,0.0259862,0.023685,-25.6942,0.328504
162,6,Box,6.62666,-33.6686,0.220105,0.0467591,-25.7749,0.416056
162,7,Box,7.70811,-33.5729,0.0809312,0.0314591,-25.7129,0.309264
162,8,Box,8.8,-33.5326,0,0,-25.5584,0
162,9,Box,9.9,-33.5326,0,0,-25.5584,0
162,10,Box,0,-32.4326,0,0,-25.5584,0
162,11,Box,1.1,-32.4326,0,0,-25.5584,0
162,12,Box,2.2,-32.4326,0,0,-25.5584,0
162,13,Box,3.3,-32.4326,0,0,-25.5584,0
162,14,Box,4.4,-32.4326,0,0,-25.5584,0
162,15,Box,5.50099,-32.5601,0.0270118,-0.00523887,-25.8254,0.0533291
162,16,Box,6.6528,-32.6759,0.211333,0.0620509,-25.8176,0.145422
162,17,Box,7.72401,-32.5415,0.141662,0.0505346,-25.7646,0.135639
162,18,Box,8.80352,-32.4502,0.0355689,0.0280152,-25.698,0.282359
162,19,Box,9.9,-32.4326,0,0,-25.5584,0
162,20,Box,0,-31.3326,0,0,-25.5584,0
162,21,Box,1.1,-31.3326,0,0,-25.5584,0
162,22,Box,2.2,-31.3326,0,0,-25.5584,0
162,23,Box,3.3,-31.3326,0,0,-25.5584,0
162,24,Box,4.39152,-31.375,-0.0852531,-0.0203881,-25.6603,-0.204935
162,25,Box,5.47948,-31.5477,0.0926011,0.0107396,-25.8082,0.0885194
162,26,Box,6.6619,-31.6916,0.193595,0.0390844,-25.8585,0.0386043
162,27,Box,7.74146,-31.5241,0.198498,0.0471184,-25.7921,0.0314635
162,28,Box,8.81686,-31.4213,0.120793,0.0412166,-25.7436,0.155947
162,29,Box,9.90062,-31.3351,0.00943785,0.0193645,-25.6373,0.294933
162,30,Box,0,-30.2326,0,0,-25.5584,0
162,31,Box,1.1,-30.2326,0,0,-25.5584,0
162,32,Box,2.2,-30.2326,0,0,-25.5584,0
162,33,Box,3.3,-30.2326,0,0,-25.5584,0
162,34,Box,4.385,-30.3328,-0.00828992,-0.0109845,-25.692,0.291599
162,35,Box,5.49313,-30.5315,0.154133,-0.0125258,-25.8191,0.0496202
162,36,Box,6.67083,-30.7135,0.178517,0.0125962,-25.8413,0.0597503
162,37,Box,7.80189,-30.5159,0.205587,0.1047,-25.8176,-0.0595453
162,38,Box,8.83697,-30.4245,0.156649,0.0298507,-25.7431,0.114675
162,39,Box,9.90924,-30.2772,0.11011,0.0348243,-25.6973,0.431363
162,40,Box,0,-29.1326,0,0,-25.5584,0
162,41,Box,1.1,-29.1326,0,0,-25.5584,0
162,42,Box,2.2,-29.1326,0,0,-25.5584,0
162,43,Box,3.3,-29.1326,0,0,-25.5584,0
162,44,Box,4.37629,-29.293,0.0467881,-0.0156556,-25.7012,0.240579
162,45,Box,5.45573,-29.5419,0.171654,-0.0675936,-25.8252,0.0428097
162,46,Box,6.66917,-29.7235,0.225945,-0.00219728,-25.8633,-0.00219265
162,47,Box,7.80912,-29.5067,0.244598,0.0734645,-25.8229,-0.0301207
162,48,Box,8.8508,-29.4273,0.206363,0.00581803,-25.7736,0.018126
162,49,Box,9.92458,-29.2498,0.243975,0.0235176,-25.667,0.38926
162,50,Box,0,-28.0326,0,0,-25.5584,0
162,51,Box,1.1,-28.0326,0,0,-25.5584,0
162,52,Box,2.2,-28.0326,0,0,-25.5584,0
162,53,Box,3.28709,-28.0366,0.0255102,-0.0941733,-25.5855,0.159947
162,54,Box,4.32362,-28.2628,0.0932003,-0.0907399,-25.6893,0.0387374
162,55,Box,5.38848,-28.5653,0.160326,-0.101756,-25.8949,-0.0712678
162,56,Box,6.46443,-28.7771,0.257614,-0.117018,-25.9233,-0.069948
162,57,Box,7.70348,-28.5395,0.239321,-0.038479,-25.8646,-0.0456558
162,58,Box,8.82469,-28.4621,0.210707,-0.0658255,-25.8335,-0.0771797
162,59,Box,9.89105,-28.2609,0.131278,0.0168619,-25.7969,0.080296
162,60,Box,0,-26.9326,0,0,-25.5584,0
162,61,Box,1.1,-26.9326,0,0,-25.5584,0
162,62,Box,2.17744,-26.9371,0.0444501,-0.0829577,-25.575,0.163419
162,63,Box,3.20798,-26.955,0.0558032,-0.168179,-25.6066,-0.227306
162,64,Box,4.25402,-27.2602,0.102477,-0.10259,-25.772,-0.0166983
162,65,Box,5.32725,-27.5355,0.040607,-0.103368,-25.868,-0.0170098
162,66,Box,6.43066,-27.7008,0.0167989,-0.0986829,-25.923,-0.0728242
162,67,Box,7.80624,-27.5008,0.114004,-0.0090403,-25.9227,-0.123953
162,68,Box,8.83204,-27.4402,0.0301592,0.0986594,-25.9207,-0.280693
162,69,Box,10.131,-27.1314,-0.439075,0.250257,-25.8381,-0.578821
162,70,Box,0,-25.8326,0,0,-25.5584,0
162,71,Box,1.1,-25.8326,0,0,-25.5584,0
162,72,Box,2.16075,-25.8574,0.0147815,-0.152339,-25.6154,-0.0725005
162,73,Box,3.17412,-25.8873,0.0258744,-0.101126,-25.6254,0.0584181
162,74,Box,4.18573,-26.2026,0.030731,-0.131948,-25.7238,-0.0648367
162,75,Box,5.21024,-26.5571,0.0526377,-0.0910107,-25.8559,-0.000849643
162,76,Box,6.92193,-26.6689,-0.443823,0.138571,-26.0714,-0.263269
162,77,Box,8.07806,-26.449,-0.0608268,0.230787,-25.8288,0.00528181
162,78,Box,9.13494,-26.424,-0.172814,0.335114,-25.9775,-0.248453
162,79,Box,10.582,-26.2295,-0.544353,0.987892,-25.9695,-0.851763
162,80,Box,-0.503428,-24.624,-0.132303,-0.531933,-25.4442,-0.0136756
162,81,Box,0.506273,-24.7475,-0.103104,-0.52363,-25.5915,0.00573008
162,82,Box,1.51429,-24.8155,-0.0695867,-0.498321,-25.6168,0.0621417
162,83,Box,2.5109,-24.8158,-0.0766964,-0.488647,-25.6054,0.0515759
162,84,Box,3.51647,-24.7563,-0.0957012,-0.482722,-25.5902,0.0291893
162,85,Box,4.49367,-25.0657,-0.105705,-0.483336,-25.7073,0.0108955
162,86,Box,6.08024,-25.7153,0.408866,-0.0660673,-25.9324,0.059575
162,87,Box,9.92965,-25.2095,-0.734309,1.49051,-25.4144,-1.13191
162,88,Box,11.4127,-25.1884,-0.050491,2.17891,-25.828,-0.547505
162,89,Box,15.0426,-25.0571,0.291984,4.02847,-25.9854,0.323449
162,90,Box,-1.32045,-18.7902,3.77346,-0.879204,-22.5477,2.28378
162,91,Box,1.83074,-20.5329,-1.80024,0.487807,-23.6291,-1.31725
162,92,Box,1.98098,-23.0039,-1.80263,-0.254675,-25.0015,-1.26902
162,93,Box,4.74998,-23.5045,-0.0124432,1.05398,-25.4661,0.00815806
162,94,Box,27.7973,-3.92533,-31.496,15.8267,-12.2378,-21.0805
162,95,Box,11.1788,-24.065,-4.36865,3.44502,-25.4239,-1.32232
162,96,Box,12.3268,-24.3544,-0.935921,3.1569,-26.4225,-1.20208
162,97,Box,15.0274,-23.8338,0.704403,5.00107,-25.5398,0.0726312
162,98,Box,16.3643,-23.2526,0.460927,5.37154,-25.2781,0.306996
162,99,Box,17.8506,-23.576,-0.567911,5.74186,-25.514,-0.465199
162,100,Circle,11.5095,-24.1524,10.6545,3.17107,-25.9425,4.14073
163,0,Box,0,-33.9441,0,0,-25.7152,0
163,1,Box,1.1,-33.9441,0,0,-25.7152,0
163,2,Box,2.2,-33.9441,0,0,-25.7152,0
163,3,Box,3.3,-33.9441,0,0,-25.7152,0
163,4,Box,4.4,-33.9441,0,0,-25.7152,0
163,5,Box,5.50225,-33.9572,0.0312423,0.023685,-25.851,0.328504
163,6,Box,6.62884,-34.0902,0.226761,0.0467591,-25.9317,0.416056
163,7,Box,7.70861,-33.9868,0.0858795,0.0318576,-25.8711,0.311497
163,8,Box,8.8,-33.9441,0,0,-25.7152,0
163,9,Box,9.9,-33.9441,0,0,-25.7152,0
163,10,Box,0,-32.8441,0,0,-25.7152,0
163,11,Box,1.1,-32.8441,0,0,-25.7152,0
163,12,Box,2.2,-32.8441,0,0,-25.7152,0
163,13,Box,3.3,-32.8441,0,0,-25.7152,0
163,14,Box,4.4,-32.8441,0,0,-25.7152,0
163,15,Box,5.5009,-32.9756,0.027865,-0.0052189,-25.9823,0.0535199
163,16,Box,6.65388,-33.0926,0.213659,0.0620509,-25.9744,0.145422
163,17,Box,7.72494,-32.9571,0.143832,0.0505733,-25.9213,0.132449
163,18,Box,8.80397,-32.8639,0.0400867,0.0283445,-25.8562,0.284867
163,19,Box,9.9,-32.8441,0,0,-25.7152,0
163,20,Box,0,-31.7441,0,0,-25.7152,0
163,21,Box,1.1,-31.7441,0,0,-25.7152,0
163,22,Box,2.2,-31.7441,0,0,-25.7152,0
163,23,Box,3.3,-31.7441,0,0,-25.7152,0
163,24,Box,4.39119,-31.7881,-0.0885321,-0.0203881,-25.8171,-0.204935
163,25,Box,5.47965,-31.9631,0.0940175,0.0107782,-25.9651,0.0885347
163,26,Box,6.66241,-32.1079,0.194213,0.0391155,-26.0154,0.0388997
163,27,Box,7.74251,-31.9405,0.199002,0.0471724,-25.9491,0.0293663
163,28,Box,8.81791,-31.8388,0.123288,0.0412838,-25.9002,0.153116
163,29,Box,9.90093,-31.7478,0.0141568,0.0193645,-25.7941,0.294933
163,30,Box,0,-30.6441,0,0,-25.7152,0
163,31,Box,1.1,-30.6441,0,0,-25.7152,0
163,32,Box,2.2,-30.6441,0,0,-25.7152,0
163,33,Box,3.3,-30.6441,0,0,-25.7152,0
163,34,Box,4.38482,-30.7464,-0.00362434,-0.0109845,-25.8488,0.291599
163,35,Box,5.49316,-30.9486,0.154927,-0.0125586,-25.976,0.0495413
163,36,Box,6.67116,-31.1302,0.179473,0.0124602,-25.9975,0.061385
163,37,Box,7.80393,-30.9332,0.204634,0.104346,-25.975,-0.0597321
163,38,Box,8.83808,-30.8421,0.158484,0.0298019,-25.8997,0.111591
163,39,Box,9.9106,-30.6977,0.117011,0.0360264,-25.8578,0.435999
163,40,Box,0,-29.5441,0,0,-25.7152,0
163,41,Box,1.1,-29.5441,0,0,-25.7152,0
163,42,Box,2.2,-29.5441,0,0,-25.7152,0
163,43,Box,3.3,-29.5441,0,0,-25.7152,0
163,44,Box,4.37604,-29.7067,0.0506374,-0.0156556,-25.858,0.240579
163,45,Box,5.45501,-29.9599,0.172338,-0.0676333,-25.9821,0.042945
163,46,Box,6.66944,-30.1394,0.22591,-0.00221731,-26.0201,-0.00229251
163,47,Box,7.81082,-29.924,0.244116,0.0735158,-25.9797,-0.0298626
163,48,Box,8.85186,-29.8453,0.206653,0.00547564,-25.9301,0.0161742
163,49,Box,9.92625,-29.6718,0.250203,0.0221269,-25.823,0.38247
163,50,Box,0,-28.4441,0,0,-25.7152,0
163,51,Box,1.1,-28.4441,0,0,-25.7152,0
163,52,Box,2.2,-28.4441,0,0,-25.7152,0
163,53,Box,3.28559,-28.4485,0.0280693,-0.0984695,-25.7433,0.162788
163,54,Box,4.32217,-28.6764,0.0938201,-0.0868524,-25.8623,0.0781748
163,55,Box,5.38629,-28.9796,0.159186,-0.101742,-26.0514,-0.0718785
163,56,Box,6.46075,-29.1888,0.256495,-0.11704,-26.0801,-0.0699675
163,57,Box,7.70222,-28.9563,0.23859,-0.0386534,-26.0212,-0.0460671
163,58,Box,8.822,-28.8814,0.209472,-0.0658874,-25.9901,-0.0780199
163,59,Box,9.8828,-28.6739,0.132562,0.0167928,-25.9512,0.0764159
163,60,Box,0,-27.3441,0,0,-25.7152,0
163,61,Box,1.1,-27.3441,0,0,-25.7152,0
163,62,Box,2.17611,-27.3488,0.0470648,-0.0829577,-25.7318,0.163419
163,63,Box,3.20529,-27.3672,0.0521663,-0.168179,-25.7634,-0.227306
163,64,Box,4.25238,-27.6751,0.10221,-0.105289,-25.9126,-0.0608344
163,65,Box,5.32559,-27.9516,0.0403348,-0.103368,-26.0248,-0.0170098
163,66,Box,6.42795,-28.1179,0.0156337,-0.0986637,-26.0797,-0.0728326
163,67,Box,7.8095,-27.9142,0.11202,-0.00834494,-26.0787,-0.123461
163,68,Box,8.83247,-27.8524,0.0256681,0.0987157,-26.0771,-0.280918
163,69,Box,10.1388,-27.5394,-0.448337,0.250514,-25.9945,-0.577588
163,70,Box,0,-26.2441,0,0,-25.7152,0
163,71,Box,1.1,-26.2441,0,0,-25.7152,0
163,72,Box,2.15831,-26.2697,0.0136215,-0.152339,-25.7722,-0.0725005
163,73,Box,3.1725,-26.2998,0.0268091,-0.101126,-25.7822,0.0584181
163,74,Box,4.18362,-26.6167,0.0296936,-0.131948,-25.8806,-0.0648367
163,75,Box,5.20874,-26.9725,0.0526241,-0.0884824,-26.0121,0.00690925
163,76,Box,6.92119,-27.0843,-0.448036,0.137988,-26.2278,-0.266942
163,77,Box,8.08168,-26.8619,-0.0607423,0.230787,-25.9856,0.00528181
163,78,Box,9.1412,-26.8372,-0.176789,0.335114,-26.1343,-0.248453
163,79,Box,10.6004,-26.6421,-0.557981,0.987892,-26.1263,-0.851763
163,80,Box,-0.511939,-25.0336,-0.132522,-0.531933,-25.601,-0.0136756
163,81,Box,0.497895,-25.1595,-0.103012,-0.523688,-25.7483,0.00586044
163,82,Box,1.50632,-25.2279,-0.0685925,-0.498263,-25.7736,0.0619421
163,83,Box,2.50308,-25.228,-0.0758711,-0.488647,-25.7622,0.0515759
163,84,Box,3.50875,-25.1683,-0.0952341,-0.482722,-25.747,0.0291893
163,85,Box,4.48593,-25.4795,-0.10553,-0.483336,-25.8641,0.0108955
163,86,Box,6.07918,-26.1327,0.409819,-0.0654885,-26.0888,0.0597101
163,87,Box,9.9535,-25.6187,-0.75242,1.49051,-25.5711,-1.13191
163,88,Box,11.4475,-25.6041,-0.0592511,2.17891,-25.9848,-0.547505
163,89,Box,15.107,-25.4754,0.29716,4.02847,-26.1422,0.323449
163,90,Box,-1.33452,-19.1535,3.81,-0.879204,-22.7045,2.28378
163,91,Box,1.83854,-20.9135,-1.82132,0.487807,-23.7859,-1.31725
163,92,Box,1.97691,-23.4064,-1.82294,-0.254675,-25.1583,-1.26902
163,93,Box,4.76685,-23.9144,-0.0123127,1.05398,-25.6229,0.00815806
163,94,Box,28.0505,-4.12365,-31.8333,15.8267,-12.3946,-21.0805
163,95,Box,11.0585,-24.533,-4.3898,3.34965,-25.6126,-1.43943
163,96,Box,12.3077,-24.7274,-0.955154,3.1569,-26.5793,-1.20208
163,97,Box,15.1074,-24.245,0.705565,5.00107,-25.6966,0.0726312
163,98,Box,16.4502,-23.6596,0.465838,5.37154,-25.4349,0.306996
163,99,Box,17.9425,-23.9867,-0.575354,5.74186,-25.6708,-0.465199
163,100,Circle,11.8722,-24.5618,10.7208,3.29249,-26.0587,4.14073
164,0,Box,0,-34.358,0,0,-25.872,0
164,1,Box,1.1,-34.358,0,0,-25.872,0
164,2,Box,2.2,-34.358,0,0,-25.872,0
164,3,Box,3.3,-34.358,0,0,-25.872,0
164,4,Box,4.4,-34.358,0,0,-25.872,0
164,5,Box,5.50263,-34.3734,0.0364983,0.023685,-26.0078,0.328504
164,6,Box,6.62959,-34.5076,0.233418,0.0467591,-26.0885,0.416056
164,7,Box,7.70912,-34.4032,0.0908634,0.0318576,-26.0279,0.311497
164,8,Box,8.8,-34.358,0,0,-25.872,0
164,9,Box,9.9,-34.358,0,0,-25.872,0
164,10,Box,0,-33.258,0,0,-25.872,0
164,11,Box,1.1,-33.258,0,0,-25.872,0
164,12,Box,2.2,-33.258,0,0,-25.872,0
164,13,Box,3.3,-33.258,0,0,-25.872,0
164,14,Box,4.4,-33.258,0,0,-25.872,0
164,15,Box,5.50082,-33.3938,0.0287214,-0.0052189,-26.1391,0.0535199
164,16,Box,6.65487,-33.5107,0.215986,0.0620509,-26.1312,0.145422
164,17,Box,7.72575,-33.3744,0.145952,0.0505733,-26.0781,0.132449
164,18,Box,8.80442,-33.2801,0.0446445,0.0283445,-26.013,0.284867
164,19,Box,9.9,-33.258,0,0,-25.872,0
164,20,Box,0,-32.158,0,0,-25.872,0
164,21,Box,1.1,-32.158,0,0,-25.872,0
164,22,Box,2.2,-32.158,0,0,-25.872,0
164,23,Box,3.3,-32.158,0,0,-25.872,0
164,24,Box,4.39087,-32.2037,-0.091811,-0.0203881,-25.9739,-0.204935
164,25,Box,5.47982,-32.3811,0.095434,0.0107782,-26.1219,0.0885347
164,26,Box,6.66303,-32.5266,0.194835,0.0391155,-26.1722,0.0388997
164,27,Box,7.74327,-32.3582,0.199472,0.0471724,-26.1059,0.0293663
164,28,Box,8.81857,-32.2557,0.125738,0.0412838,-26.057,0.153116
164,29,Box,9.90124,-32.1631,0.0188757,0.0193645,-25.9509,0.294933
164,30,Box,0,-31.058,0,0,-25.872,0
164,31,Box,1.1,-31.058,0,0,-25.872,0
164,32,Box,2.2,-31.058,0,0,-25.872,0
164,33,Box,3.3,-31.058,0,0,-25.872,0
164,34,Box,4.38465,-31.1625,0.00104125,-0.0109845,-26.0056,0.291599
164,35,Box,5.49296,-31.3668,0.155719,-0.0125586,-26.1328,0.0495413
164,36,Box,6.67136,-31.5487,0.180455,0.0124602,-26.1543,0.061385
164,37,Box,7.8056,-31.3513,0.203679,0.104346,-26.1318,-0.0597321
164,38,Box,8.83855,-31.259,0.160269,0.0298019,-26.0565,0.111591
164,39,Box,9.91117,-31.1139,0.123987,0.0360264,-26.0146,0.435999
164,40,Box,0,-29.958,0,0,-25.872,0
164,41,Box,1.1,-29.958,0,0,-25.872,0
164,42,Box,2.2,-29.958,0,0,-25.872,0
164,43,Box,3.3,-29.958,0,0,-25.872,0
164,44,Box,4.37579,-30.123,0.0544866,-0.0156556,-26.0148,0.240579
164,45,Box,5.45393,-30.3781,0.173026,-0.0676333,-26.1389,0.042945
164,46,Box,6.66941,-30.5582,0.225873,-0.00221731,-26.1769,-0.00229251
164,47,Box,7.81199,-30.3422,0.243638,0.0735158,-26.1365,-0.0298626
164,48,Box,8.85195,-30.2627,0.206912,0.00547564,-26.0869,0.0161742
164,49,Box,9.9266,-30.0875,0.256323,0.0221269,-25.9798,0.38247
164,50,Box,0,-28.858,0,0,-25.872,0
164,51,Box,1.1,-28.858,0,0,-25.872,0
164,52,Box,2.2,-28.858,0,0,-25.872,0
164,53,Box,3.28401,-28.8629,0.0306739,-0.0984695,-25.9001,0.162788
164,54,Box,4.32078,-29.0927,0.0950709,-0.0868524,-26.0191,0.0781748
164,55,Box,5.38467,-29.3989,0.158036,-0.101742,-26.2082,-0.0718785
164,56,Box,6.45888,-29.6086,0.255376,-0.11704,-26.2369,-0.0699675
164,57,Box,7.7016,-29.3752,0.237853,-0.0386534,-26.178,-0.0460671
164,58,Box,8.82094,-29.2998,0.208224,-0.0658874,-26.1469,-0.0780199
164,59,Box,9.88307,-29.0916,0.133785,0.0167928,-26.108,0.0764159
164,60,Box,0,-27.758,0,0,-25.872,0
164,61,Box,1.1,-27.758,0,0,-25.872,0
164,62,Box,2.17478,-27.763,0.0496795,-0.0829577,-25.8886,0.163419
164,63,Box,3.2026,-27.7819,0.0485294,-0.168179,-25.9202,-0.227306
164,64,Box,4.2507,-28.0922,0.101236,-0.105289,-26.0694,-0.0608344
164,65,Box,5.32394,-28.3705,0.0400627,-0.103368,-26.1816,-0.0170098
164,66,Box,6.42637,-28.5377,0.0144684,-0.0986637,-26.2365,-0.0728326
164,67,Box,7.80936,-28.334,0.110045,-0.00834494,-26.2355,-0.123461
164,68,Box,8.83405,-28.2722,0.0211734,0.0987157,-26.2339,-0.280918
164,69,Box,10.1428,-27.9579,-0.457578,0.250514,-26.1513,-0.577588
164,70,Box,0,-26.658,0,0,-25.872,0
164,71,Box,1.1,-26.658,0,0,-25.872,0
164,72,Box,2.15588,-26.6846,0.0124615,-0.152339,-25.929,-0.0725005
164,73,Box,3.17088,-26.7148,0.0277438,-0.101126,-25.939,0.0584181
164,74,Box,4.1815,-27.0333,0.0286562,-0.131948,-26.0374,-0.0648367
164,75,Box,5.20732,-27.3912,0.0527347,-0.0884824,-26.1689,0.00690925
164,76,Box,6.9234,-27.5065,-0.452307,0.137988,-26.3846,-0.266942
164,77,Box,8.08537,-27.2802,-0.0606578,0.230787,-26.1424,0.00528181
164,78,Box,9.14656,-27.2578,-0.180764,0.335114,-26.2911,-0.248453
164,79,Box,10.6162,-27.0626,-0.57161,0.987892,-26.2831,-0.851763
164,80,Box,-0.52045,-25.4457,-0.13274,-0.531933,-25.7577,-0.0136756
164,81,Box,0.489516,-25.574,-0.102918,-0.523688,-25.9051,0.00586044
164,82,Box,1.49835,-25.6428,-0.0676014,-0.498263,-25.9304,0.0619421
164,83,Box,2.49526,-25.6427,-0.0750459,-0.488647,-25.919,0.0515759
164,84,Box,3.50103,-25.5827,-0.0947671,-0.482722,-25.9038,0.0291893
164,85,Box,4.4782,-25.8958,-0.105356,-0.483336,-26.0209,0.0108955
164,86,Box,6.07814,-26.5526,0.410775,-0.0654885,-26.2456,0.0597101
164,87,Box,9.97734,-26.0303,-0.77053,1.49051,-25.7279,-1.13191
164,88,Box,11.4824,-26.0224,-0.0680112,2.17891,-26.1416,-0.547505
164,89,Box,15.1715,-25.8962,0.302335,4.02847,-26.299,0.323449
164,90,Box,-1.34859,-19.5193,3.84654,-0.879204,-22.8613,2.28378
164,91,Box,1.84635,-21.2965,-1.84239,0.487807,-23.9427,-1.31725
164,92,Box,1.97283,-23.8114,-1.84324,-0.254675,-25.3151,-1.26902
164,93,Box,4.78371,-24.3269,-0.0121821,1.05398,-25.7797,0.00815806
164,94,Box,28.3037,-4.32447,-32.1706,15.8267,-12.5514,-21.0805
164,95,Box,11.1661,-24.9286,-4.41284,3.46608,-25.7574,-1.31947
164,96,Box,12.4461,-25.2846,-0.974388,3.1569,-26.7361,-1.20208
164,97,Box,15.1874,-24.6586,0.706727,5.00107,-25.8534,0.0726312
164,98,Box,16.5362,-24.069,0.47075,5.37154,-25.5917,0.306996
164,99,Box,18.0344,-24.3999,-0.582797,5.74186,-25.8276,-0.465199
164,100,Circle,11.7443,-24.8377,10.787,3.14425,-26.2307,4.07854
165,0,Box,0,-34.7745,0,0,-26.0288,0
165,1,Box,1.1,-34.7745,0,0,-26.0288,0
165,2,Box,2.2,-34.7745,0,0,-26.0288,0
165,3,Box,3.3,-34.7745,0,0,-26.0288,0
165,4,Box,4.4,-34.7745,0,0,-26.0288,0
165,5,Box,5.50301,-34.792,0.0417544,0.023685,-26.1646,0.328504
165,6,Box,6.63034,-34.9275,0.240075,0.0467591,-26.2453,0.416056
165,7,Box,7.70963,-34.8222,0.0958474,0.0318576,-26.1847,0.311497
165,8,Box,8.8,-34.7745,0,0,-26.0288,0
165,9,Box,9.9,-34.7745,0,0,-26.0288,0
165,10,Box,0,-33.6745,0,0,-26.0288,0
165,11,Box,1.1,-33.6745,0,0,-26.0288,0
165,12,Box,2.2,-33.6745,0,0,-26.0288,0
165,13,Box,3.3,-33.6745,0,0,-26.0288,0
165,14,Box,4.4,-33.6745,0,0,-26.0288,0
165,15,Box,5.50073,-33.8145,0.0295777,-0.0052189,-26.2959,0.0535199
165,16,Box,6.65586,-33.9313,0.218313,0.0620509,-26.288,0.145422
165,17,Box,7.72656,-33.7941,0.148071,0.0505733,-26.2349,0.132449
165,18,Box,8.80488,-33.6988,0.0492024,0.0283445,-26.1698,0.284867
165,19,Box,9.9,-33.6745,0,0,-26.0288,0
165,20,Box,0,-32.5745,0,0,-26.0288,0
165,21,Box,1.1,-32.5745,0,0,-26.0288,0
165,22,Box,2.2,-32.5745,0,0,-26.0288,0
165,23,Box,3.3,-32.5745,0,0,-26.0288,0
165,24,Box,4.39054,-32.6218,-0.09509,-0.0203881,-26.1307,-0.204935
165,25,Box,5.48,-32.8015,0.0968506,0.0107782,-26.2787,0.0885347
165,26,Box,6.66366,-32.9479,0.195458,0.0391155,-26.329,0.0388997
165,27,Box,7.74402,-32.7784,0.199942,0.0471724,-26.2627,0.0293663
165,28,Box,8.81923,-32.6751,0.128188,0.0412838,-26.2138,0.153116
165,29,Box,9.90155,-32.5808,0.0235946,0.0193645,-26.1077,0.294933
165,30,Box,0,-31.4745,0,0,-26.0288,0
165,31,Box,1.1,-31.4745,0,0,-26.0288,0
165,32,Box,2.2,-31.4745,0,0,-26.0288,0
165,33,Box,3.3,-31.4745,0,0,-26.0288,0
165,34,Box,4.38447,-31.5811,0.00570684,-0.0109845,-26.1624,0.291599
165,35,Box,5.49276,-31.7874,0.156512,-0.0125586,-26.2896,0.0495413
165,36,Box,6.67156,-31.9696,0.181437,0.0124602,-26.3111,0.061385
165,37,Box,7.80726,-31.7719,0.202723,0.104346,-26.2886,-0.0597321
165,38,Box,8.83903,-31.6784,0.162055,0.0298019,-26.2133,0.111591
165,39,Box,9.91175,-31.5326,0.130963,0.0360264,-26.1714,0.435999
165,40,Box,0,-30.3745,0,0,-26.0288,0
165,41,Box,1.1,-30.3745,0,0,-26.0288,0
165,42,Box,2.2,-30.3745,0,0,-26.0288,0
165,43,Box,3.3,-30.3745,0,0,-26.0288,0
165,44,Box,4.37554,-30.5417,0.0583359,-0.0156556,-26.1716,0.240579
165,45,Box,5.45285,-30.7988,0.173713,-0.0676333,-26.2957,0.042945
165,46,Box,6.66937,-30.9796,0.225836,-0.00221731,-26.3337,-0.00229251
165,47,Box,7.81317,-30.7629,0.243161,0.0735158,-26.2933,-0.0298626
165,48,Box,8.85204,-30.6826,0.20717,0.00547564,-26.2437,0.0161742
165,49,Box,9.92695,-30.5057,0.262442,0.0221269,-26.1366,0.38247
165,50,Box,0,-29.2745,0,0,-26.0288,0
165,51,Box,1.1,-29.2745,0,0,-26.0288,0
165,52,Box,2.2,-29.2745,0,0,-26.0288,0
165,53,Box,3.28243,-29.2798,0.0332785,-0.0984695,-26.0569,0.162788
165,54,Box,4.31939,-29.5115,0.0963217,-0.0868524,-26.1759,0.0781748
165,55,Box,5.38304,-29.8207,0.156886,-0.101742,-26.365,-0.0718785
165,56,Box,6.45706,-30.035,0.254256,-0.117044,-26.3938,-0.069933
165,57,Box,7.70098,-29.7965,0.237116,-0.0386534,-26.3348,-0.0460671
165,58,Box,8.81989,-29.7206,0.206975,-0.0658874,-26.3037,-0.0780199
165,59,Box,9.88333,-29.5119,0.135008,0.0167928,-26.2648,0.0764159
165,60,Box,0,-28.1745,0,0,-26.0288,0
165,61,Box,1.1,-28.1745,0,0,-26.0288,0
165,62,Box,2.17345,-28.1798,0.0522942,-0.0829577,-26.0454,0.163419
165,63,Box,3.19991,-28.1991,0.0448925,-0.168179,-26.077,-0.227306
165,64,Box,4.24901,-28.5118,0.100263,-0.105289,-26.2262,-0.0608344
165,65,Box,5.32228,-28.7919,0.0397905,-0.103368,-26.3384,-0.0170098
165,66,Box,6.42369,-28.958,0.013303,-0.0986593,-26.3933,-0.0728344
165,67,Box,7.80923,-28.7563,0.10807,-0.00834494,-26.3923,-0.123461
165,68,Box,8.83563,-28.6944,0.0166788,0.0987157,-26.3907,-0.280918
165,69,Box,10.1468,-28.3788,-0.466819,0.250514,-26.3081,-0.577588
165,70,Box,0,-27.0745,0,0,-26.0288,0
165,71,Box,1.1,-27.0745,0,0,-26.0288,0
165,72,Box,2.15344,-27.102,0.0113015,-0.152339,-26.0858,-0.0725005
165,73,Box,3.16926,-27.1324,0.0286785,-0.101126,-26.0958,0.0584181
165,74,Box,4.17939,-27.4524,0.0276188,-0.131948,-26.1942,-0.0648367
165,75,Box,5.20591,-27.8124,0.0528452,-0.0884824,-26.3257,0.00690925
165,76,Box,6.92665,-27.929,-0.456578,0.137988,-26.5414,-0.266942
165,77,Box,8.08906,-27.701,-0.0605733,0.230787,-26.2992,0.00528181
165,78,Box,9.15192,-27.681,-0.18474,0.335114,-26.4479,-0.248453
165,79,Box,10.632,-27.4856,-0.585238,0.987892,-26.4399,-0.851763
165,80,Box,-0.528961,-25.8604,-0.132959,-0.531933,-25.9145,-0.0136756
165,81,Box,0.481137,-25.991,-0.102824,-0.523688,-26.0619,0.00586044
165,82,Box,1.49038,-26.0602,-0.0666103,-0.498263,-26.0872,0.0619421
165,83,Box,2.48744,-26.0599,-0.0742207,-0.488647,-26.0758,0.0515759
165,84,Box,3.4933,-25.9997,-0.0943001,-0.482722,-26.0606,0.0291893
165,85,Box,4.47047,-26.3147,-0.105182,-0.483336,-26.1777,0.0108955
165,86,Box,6.07709,-26.9751,0.41173,-0.0654885,-26.4024,0.0597101
165,87,Box,10.0012,-26.4445,-0.788641,1.49051,-25.8847,-1.13191
165,88,Box,11.5173,-26.4432,-0.0767713,2.17891,-26.2984,-0.547505
165,89,Box,15.2359,-26.3194,0.30751,4.02847,-26.4558,0.323449
165,90,Box,-1.36265,-19.8876,3.88308,-0.879204,-23.0181,2.28378
165,91,Box,1.85415,-21.6821,-1.86347,0.487807,-24.0995,-1.31725
165,92,Box,1.96876,-24.219,-1.86355,-0.254675,-25.4719,-1.26902
165,93,Box,4.80058,-24.7419,-0.0120516,1.05398,-25.9365,0.00815806
165,94,Box,28.5569,-4.5278,-32.5079,15.8267,-12.7082,-21.0805
165,95,Box,11.3246,-25.3138,-4.43395,3.46608,-25.9142,-1.31947
165,96,Box,12.4656,-25.6672,-0.993621,3.15275,-26.8825,-1.23106
165,97,Box,15.2674,-25.0748,0.707889,5.00107,-26.0102,0.0726312
165,98,Box,16.6221,-24.481,0.475662,5.37154,-25.7485,0.306996
165,99,Box,18.1262,-24.8157,-0.59024,5.74186,-25.9844,-0.465199
165,100,Circle,11.7029,-25.3581,10.8523,3.14953,-26.4007,4.07263
166,0,Box,0,-35.1934,0,0,-26.1856,0
166,1,Box,1.1,-35.1934,0,0,-26.1856,0
166,2,Box,2.2,-35.1934,0,0,-26.1856,0
166,3,Box,3.3,-35.1934,0,0,-26.1856,0
166,4,Box,4.4,-35.1934,0,0,-26.1856,0
166,5,Box,5.50351,-35.2171,0.0470105,0.023685,-26.3214,0.328504
166,6,Box,6.63287,-35.3579,0.246732,0.0467591,-26.4021,0.416056
166,7,Box,7.71014,-35.2437,0.100831,0.0324094,-26.3433,0.314314
166,8,Box,8.8,-35.1934,0,0,-26.1856,0
166,9,Box,9.9,-35.1934,0,0,-26.1856,0
166,10,Box,0,-34.0934,0,0,-26.1856,0
166,11,Box,1.1,-34.0934,0,0,-26.1856,0
166,12,Box,2.2,-34.0934,0,0,-26.1856,0
166,13,Box,3.3,-34.0934,0,0,-26.1856,0
166,14,Box,4.4,-34.0934,0,0,-26.1856,0
166,15,Box,5.50053,-34.2338,0.030434,-0.00518594,-26.4528,0.0538277
166,16,Box,6.65681,-34.3552,0.22064,0.0620509,-26.4448,0.145422
166,17,Box,7.72751,-34.2174,0.15019,0.0507516,-26.3919,0.12869
166,18,Box,8.80533,-34.12,0.0537603,0.0287165,-26.328,0.287455
166,19,Box,9.9,-34.0934,0,0,-26.1856,0
166,20,Box,0,-32.9934,0,0,-26.1856,0
166,21,Box,1.1,-32.9934,0,0,-26.1856,0
166,22,Box,2.2,-32.9934,0,0,-26.1856,0
166,23,Box,3.3,-32.9934,0,0,-26.1856,0
166,24,Box,4.39022,-33.0424,-0.098369,-0.0187984,-26.3686,0.0652484
166,25,Box,5.48019,-33.2247,0.0982671,0.010825,-26.4356,0.0884663
166,26,Box,6.66396,-33.3705,0.19608,0.0391868,-26.486,0.0395718
166,27,Box,7.74508,-33.2024,0.200411,0.0473315,-26.42,0.025418
166,28,Box,8.82031,-33.1002,0.130638,0.0413632,-26.3705,0.150096
166,29,Box,9.90186,-33.001,0.0283135,0.0307916,-26.3143,0.386033
166,30,Box,0,-31.8934,0,0,-26.1856,0
166,31,Box,1.1,-31.8934,0,0,-26.1856,0
166,32,Box,2.2,-31.8934,0,0,-26.1856,0
166,33,Box,3.3,-31.8934,0,0,-26.1856,0
166,34,Box,4.3843,-32.0022,0.0103724,-0.0125743,-26.2382,0.0143728
166,35,Box,5.49281,-32.212,0.157305,-0.0126152,-26.4464,0.0493915
166,36,Box,6.67185,-32.3936,0.182419,0.0122964,-26.4673,0.062973
166,37,Box,7.80925,-32.1965,0.201767,0.103613,-26.446,-0.061429
166,38,Box,8.84013,-32.1035,0.16384,0.0297379,-26.3698,0.10812
166,39,Box,9.91336,-31.9614,0.137939,0.0408621,-26.3251,0.323339
166,40,Box,0,-30.7934,0,0,-26.1856,0
166,41,Box,1.1,-30.7934,0,0,-26.1856,0
166,42,Box,2.2,-30.7934,0,0,-26.1856,0
166,43,Box,3.3,-30.7934,0,0,-26.1856,0
166,44,Box,4.37529,-30.963,0.0621851,-0.0156556,-26.3284,0.240579
166,45,Box,5.45211,-31.2242,0.1744,-0.0676731,-26.4526,0.0430193
166,46,Box,6.66958,-31.4029,0.2258,-0.00226441,-26.4904,-0.00240747
166,47,Box,7.81483,-31.1875,0.242683,0.0735886,-26.4499,-0.0300995
166,48,Box,8.85313,-31.1084,0.207429,0.00508837,-26.3995,0.0124222
166,49,Box,9.92843,-30.9347,0.268562,0.00333993,-26.288,0.301748
166,50,Box,0,-29.6934,0,0,-26.1856,0
166,51,Box,1.1,-29.6934,0,0,-26.1856,0
166,52,Box,2.2,-29.6934,0,0,-26.1856,0
166,53,Box,3.28086,-29.6992,0.0358831,-0.0984695,-26.2137,0.162788
166,54,Box,4.318,-29.9328,0.0975725,-0.0868524,-26.3327,0.0781748
166,55,Box,5.38084,-30.2423,0.155736,-0.101725,-26.5213,-0.0725257
166,56,Box,6.45348,-30.4545,0.253137,-0.117088,-26.5505,-0.0701209
166,57,Box,7.69972,-30.2208,0.236379,-0.0388912,-26.4911,-0.0468851
166,58,Box,8.81695,-30.1469,0.205727,-0.0659132,-26.4606,-0.0777908
166,59,Box,9.87539,-29.9315,0.13623,-0.00258279,-26.4078,0.0215302
166,60,Box,0,-28.5934,0,0,-26.1856,0
166,61,Box,1.1,-28.5934,0,0,-26.1856,0
166,62,Box,2.17213,-28.599,0.0549089,-0.0829577,-26.2022,0.163419
166,63,Box,3.19722,-28.6189,0.0412556,-0.168179,-26.2338,-0.227306
166,64,Box,4.24733,-28.934,0.0992898,-0.105289,-26.383,-0.0608344
166,65,Box,5.32062,-29.2154,0.0395183,-0.103368,-26.4952,-0.0170098
166,66,Box,6.42103,-29.3827,0.0121377,-0.0986214,-26.5499,-0.0728462
166,67,Box,7.81255,-29.1775,0.106094,-0.00751742,-26.5479,-0.123171
166,68,Box,8.83575,-29.1143,0.0121841,0.0987416,-26.5474,-0.281003
166,69,Box,10.1549,-28.7943,-0.476061,0.272414,-26.4375,-0.469181
166,70,Box,0,-27.4934,0,0,-26.1856,0
166,71,Box,1.1,-27.4934,0,0,-26.1856,0
166,72,Box,2.151,-27.5218,0.0101415,-0.152339,-26.2426,-0.0725005
166,73,Box,3.16764,-27.5524,0.0296132,-0.130857,-26.2594,-0.0490031
166,74,Box,4.17728,-27.874,0.0265814,-0.102218,-26.3443,-0.0558147
166,75,Box,5.20445,-28.2355,0.0529558,-0.0885863,-26.4826,0.00703101
166,76,Box,6.92587,-28.352,-0.460849,0.137315,-26.6976,-0.271132
166,77,Box,8.09271,-28.1209,-0.0604888,0.230787,-26.456,0.00528181
166,78,Box,9.15813,-28.1022,-0.188715,0.335114,-26.6047,-0.248453
166,79,Box,10.6503,-27.9065,-0.598866,0.987892,-26.5967,-0.851763
166,80,Box,-0.537472,-26.2775,-0.133178,-0.531933,-26.0713,-0.0136756
166,81,Box,0.472758,-26.4105,-0.102731,-0.523738,-26.2187,0.00597179
166,82,Box,1.4824,-26.4801,-0.0656192,-0.498214,-26.2439,0.0617701
166,83,Box,2.47962,-26.4796,-0.0733955,-0.488647,-26.2326,0.0515759
166,84,Box,3.48558,-26.4192,-0.093833,-0.482722,-26.2174,0.0291893
166,85,Box,4.46273,-26.736,-0.105007,-0.483336,-26.3345,0.0108955
166,86,Box,6.07604,-27.4,0.412686,-0.0653846,-26.5591,0.0597298
166,87,Box,10.025,-26.8611,-0.806751,1.49051,-26.0415,-1.13191
166,88,Box,11.5521,-26.8664,-0.0855314,2.17891,-26.4552,-0.547505
166,89,Box,15.3004,-26.7453,0.312685,4.02847,-26.6126,0.323449
166,90,Box,-1.37672,-20.2583,3.91962,-0.879204,-23.1749,2.28378
166,91,Box,1.86196,-22.0702,-1.88454,0.487807,-24.2563,-1.31725
166,92,Box,1.96468,-24.629,-1.88385,-0.254675,-25.6287,-1.26902
166,93,Box,4.81744,-25.1594,-0.0119211,1.05398,-26.0933,0.00815806
166,94,Box,28.8102,-4.73364,-32.8452,15.8267,-12.865,-21.0805
166,95,Box,11.1894,-25.7811,-4.45506,3.3146,-26.0801,-1.38718
166,96,Box,12.5452,-26.0921,-1.01332,3.15275,-27.0393,-1.23106
166,97,Box,15.3474,-25.4934,0.709051,5.00107,-26.167,0.0726312
166,98,Box,16.7081,-24.8955,0.480574,5.37154,-25.9053,0.306996
166,99,Box,18.2181,-25.2339,-0.597684,5.74186,-26.1412,-0.465199
166,100,Circle,11.9588,-25.7289,10.9174,3.3424,-26.5459,4.07263
167,0,Box,0,-35.6149,0,0,-26.3424,0
167,1,Box,1.1,-35.6149,0,0,-26.3424,0
167,2,Box,2.2,-35.6149,0,0,-26.3424,0
167,3,Box,3.3,-35.6149,0,0,-26.3424,0
167,4,Box,4.4,-35.6149,0,0,-26.3424,0
167,5,Box,5.50389,-35.6408,0.0522665,0.023685,-26.4782,0.328504
167,6,Box,6.63361,-35.7828,0.253389,0.0467591,-26.5589,0.416056
167,7,Box,7.71066,-35.6677,0.10586,0.0324094,-26.5001,0.314314
167,8,Box,8.8,-35.6149,0,0,-26.3424,0
167,9,Box,9.9,-35.6149,0,0,-26.3424,0
167,10,Box,0,-34.5149,0,0,-26.3424,0
167,11,Box,1.1,-34.5149,0,0,-26.3424,0
167,12,Box,2.2,-34.5149,0,0,-26.3424,0
167,13,Box,3.3,-34.5149,0,0,-26.3424,0
167,14,Box,4.4,-34.5149,0,0,-26.3424,0
167,15,Box,5.50045,-34.6596,0.0312952,-0.00518594,-26.6096,0.0538277
167,16,Box,6.6578,-34.7808,0.222966,0.0620509,-26.6016,0.145422
167,17,Box,7.72832,-34.6421,0.152249,0.0507516,-26.5487,0.12869
167,18,Box,8.80579,-34.5438,0.0583596,0.0287165,-26.4848,0.287455
167,19,Box,9.9,-34.5149,0,0,-26.3424,0
167,20,Box,0,-33.4149,0,0,-26.3424,0
167,21,Box,1.1,-33.4149,0,0,-26.3424,0
167,22,Box,2.2,-33.4149,0,0,-26.3424,0
167,23,Box,3.3,-33.4149,0,0,-26.3424,0
167,24,Box,4.38991,-33.4668,-0.097325,-0.0187984,-26.5254,0.0652484
167,25,Box,5.48036,-33.6502,0.0996826,0.010825,-26.5924,0.0884663
167,26,Box,6.66458,-33.7968,0.196713,0.0391868,-26.6428,0.0395718
167,27,Box,7.74583,-33.6276,0.200818,0.0473315,-26.5768,0.025418
167,28,Box,8.82097,-33.5247,0.133039,0.0413632,-26.5273,0.150096
167,29,Box,9.90235,-33.4246,0.0344901,0.0307916,-26.4711,0.386033
167,30,Box,0,-32.3149,0,0,-26.3424,0
167,31,Box,1.1,-32.3149,0,0,-26.3424,0
167,32,Box,2.2,-32.3149,0,0,-26.3424,0
167,33,Box,3.3,-32.3149,0,0,-26.3424,0
167,34,Box,4.38409,-32.4245,0.0106024,-0.0125743,-26.395,0.0143728
167,35,Box,5.49261,-32.6377,0.158095,-0.0126152,-26.6032,0.0493915
167,36,Box,6.67205,-32.8196,0.183427,0.0122964,-26.6241,0.062973
167,37,Box,7.81091,-32.6222,0.200784,0.103613,-26.6028,-0.061429
167,38,Box,8.84061,-32.5279,0.16557,0.0297379,-26.5266,0.10812
167,39,Box,9.91402,-32.3851,0.143113,0.0408621,-26.4819,0.323339
167,40,Box,0,-31.2149,0,0,-26.3424,0
167,41,Box,1.1,-31.2149,0,0,-26.3424,0
167,42,Box,2.2,-31.2149,0,0,-26.3424,0
167,43,Box,3.3,-31.2149,0,0,-26.3424,0
167,44,Box,4.37504,-31.3867,0.0660344,-0.0156556,-26.4852,0.240579
167,45,Box,5.45103,-31.65,0.175088,-0.0676731,-26.6094,0.0430193
167,46,Box,6.66954,-31.8292,0.225761,-0.00226441,-26.6472,-0.00240747
167,47,Box,7.816,-31.6132,0.242201,0.0735886,-26.6067,-0.0300995
167,48,Box,8.85321,-31.5333,0.207628,0.00508837,-26.5563,0.0124222
167,49,Box,9.92849,-31.3578,0.27339,0.00333993,-26.4448,0.301748
167,50,Box,0,-30.1149,0,0,-26.3424,0
167,51,Box,1.1,-30.1149,0,0,-26.3424,0
167,52,Box,2.2,-30.1149,0,0,-26.3424,0
167,53,Box,3.27928,-30.1211,0.0384877,-0.0984695,-26.3705,0.162788
167,54,Box,4.31661,-30.3567,0.0988232,-0.0868524,-26.4895,0.0781748
167,55,Box,5.37921,-30.6692,0.154575,-0.101725,-26.6781,-0.0725257
167,56,Box,6.4516,-30.8818,0.252015,-0.117088,-26.7073,-0.0701209
167,57,Box,7.6991,-30.6472,0.235629,-0.0388912,-26.6479,-0.0468851
167,58,Box,8.81589,-30.5728,0.204482,-0.0659132,-26.6174,-0.0777908
167,59,Box,9.87535,-30.3566,0.136575,-0.00258279,-26.5646,0.0215302
167,60,Box,0,-29.0149,0,0,-26.3424,0
167,61,Box,1.1,-29.0149,0,0,-26.3424,0
167,62,Box,2.1708,-29.0208,0.0575236,-0.0829577,-26.359,0.163419
167,63,Box,3.19453,-29.0411,0.0376188,-0.168179,-26.3906,-0.227306
167,64,Box,4.24564,-29.3586,0.0983164,-0.105289,-26.5398,-0.0608344
167,65,Box,5.31897,-29.6418,0.0392462,-0.103368,-26.652,-0.0170098
167,66,Box,6.41945,-29.81,0.0109722,-0.0986214,-26.7067,-0.0728462
167,67,Box,7.81243,-29.6047,0.104123,-0.00751742,-26.7047,-0.123171
167,68,Box,8.83733,-29.5415,0.00768802,0.0987416,-26.7042,-0.281003
167,69,Box,10.1593,-29.2198,-0.483568,0.272414,-26.5943,-0.469181
167,70,Box,0,-27.9149,0,0,-26.3424,0
167,71,Box,1.1,-27.9149,0,0,-26.3424,0
167,72,Box,2.14857,-27.9442,0.00898149,-0.152339,-26.3994,-0.0725005
167,73,Box,3.16555,-27.9751,0.0288292,-0.130857,-26.4162,-0.0490031
167,74,Box,4.17565,-28.2981,0.0256884,-0.102218,-26.5011,-0.0558147
167,75,Box,5.20304,-28.6617,0.0530683,-0.0885863,-26.6394,0.00703101
167,76,Box,6.92807,-28.7817,-0.465187,0.137315,-26.8544,-0.271132
167,77,Box,8.09641,-28.5467,-0.0604043,0.230787,-26.6128,0.00528181
167,78,Box,9.1635,-28.5304,-0.19269,0.335114,-26.7615,-0.248453
167,79,Box,10.6661,-28.3345,-0.612494,0.987892,-26.7535,-0.851763
167,80,Box,-0.545983,-26.6971,-0.133397,-0.531933,-26.2281,-0.0136756
167,81,Box,0.464378,-26.8325,-0.102635,-0.523738,-26.3755,0.00597179
167,82,Box,1.47443,-26.9025,-0.0646309,-0.498214,-26.4007,0.0617701
167,83,Box,2.4718,-26.9019,-0.0725703,-0.488647,-26.3894,0.0515759
167,84,Box,3.47786,-26.8411,-0.093366,-0.482722,-26.3742,0.0291893
167,85,Box,4.455,-27.1599,-0.104833,-0.483336,-26.4913,0.0108955
167,86,Box,6.075,-27.8275,0.413641,-0.0653846,-26.7159,0.0597298
167,87,Box,10.0489,-27.2803,-0.824862,1.49051,-26.1983,-1.13191
167,88,Box,11.587,-27.2922,-0.0942914,2.17891,-26.612,-0.547505
167,89,Box,15.3648,-27.1736,0.31786,4.02847,-26.7694,0.323449
167,90,Box,-1.39079,-20.6317,3.95616,-0.879204,-23.3317,2.28378
167,91,Box,1.86976,-22.4608,-1.90562,0.487807,-24.4131,-1.31725
167,92,Box,1.96061,-25.0416,-1.90415,-0.254675,-25.7855,-1.26902
167,93,Box,4.8343,-25.5794,-0.0117905,1.05398,-26.2501,0.00815806
167,94,Box,29.0634,-4.94199,-33.1824,15.8267,-13.0218,-21.0805
167,95,Box,11.2991,-26.1873,-4.47725,3.38323,-26.2343,-1.37268
167,96,Box,12.5467,-26.4451,-1.03301,3.15275,-27.1961,-1.23106
167,97,Box,15.4274,-25.9146,0.710213,5.00107,-26.3238,0.0726312
167,98,Box,16.794,-25.3125,0.485486,5.37154,-26.0621,0.306996
167,99,Box,18.31,-25.6547,-0.605127,5.74186,-26.298,-0.465199
167,100,Circle,12.0025,-26.2781,10.9826,3.25502,-26.706,4.03709
168,0,Box,0,-36.0389,0,0,-26.4992,0
168,1,Box,1.1,-36.0389,0,0,-26.4992,0
168,2,Box,2.2,-36.0389,0,0,-26.4992,0
168,3,Box,3.3,-36.0389,0,0,-26.4992,0
168,4,Box,4.4,-36.0389,0,0,-26.4992,0
168,5,Box,5.50427,-36.0669,0.0575226,0.023685,-26.635,0.328504
168,6,Box,6.63436,-36.2103,0.260046,0.0467591,-26.7157,0.416056
168,7,Box,7.71118,-36.0942,0.110889,0.0324094,-26.6569,0.314314
168,8,Box,8.8,-36.0389,0,0,-26.4992,0
168,9,Box,9.9,-36.0389,0,0,-26.4992,0
168,10,Box,0,-34.9389,0,0,-26.4992,0
168,11,Box,1.1,-34.9389,0,0,-26.4992,0
168,12,Box,2.2,-34.9389,0,0,-26.4992,0
168,13,Box,3.3,-34.9389,0,0,-26.4992,0
168,14,Box,4.4,-34.9389,0,0,-26.4992,0
168,15,Box,5.50036,-35.0878,0.0321565,-0.00518594,-26.7664,0.0538277
168,16,Box,6.6588,-35.2089,0.225293,0.0620509,-26.7584,0.145422
168,17,Box,7.72914,-35.0694,0.154308,0.0507516,-26.7055,0.12869
168,18,Box,8.80625,-34.97,0.0629589,0.0287165,-26.6416,0.287455
168,19,Box,9.9,-34.9389,0,0,-26.4992,0
168,20,Box,0,-33.8389,0,0,-26.4992,0
168,21,Box,1.1,-33.8389,0,0,-26.4992,0
168,22,Box,2.2,-33.8389,0,0,-26.4992,0
168,23,Box,3.3,-33.8389,0,0,-26.4992,0
168,24,Box,4.38961,-33.8937,-0.096281,-0.0187984,-26.6822,0.0652484
168,25,Box,5.48054,-34.0782,0.101098,0.010825,-26.7492,0.0884663
168,26,Box,6.66521,-34.2256,0.197346,0.0391868,-26.7996,0.0395718
168,27,Box,7.74659,-34.0553,0.201225,0.0473315,-26.7336,0.025418
168,28,Box,8.82163,-33.9516,0.135441,0.0413632,-26.6841,0.150096
168,29,Box,9.90285,-33.8506,0.0406666,0.0307916,-26.6279,0.386033
168,30,Box,0,-32.7389,0,0,-26.4992,0
168,31,Box,1.1,-32.7389,0,0,-26.4992,0
168,32,Box,2.2,-32.7389,0,0,-26.4992,0
168,33,Box,3.3,-32.7389,0,0,-26.4992,0
168,34,Box,4.38389,-32.8493,0.0108324,-0.0125743,-26.5518,0.0143728
168,35,Box,5.49241,-33.0658,0.158885,-0.0126152,-26.76,0.0493915
168,36,Box,6.67225,-33.2481,0.184434,0.0122964,-26.7809,0.062973
168,37,Box,7.81256,-33.0503,0.199801,0.103613,-26.7596,-0.061429
168,38,Box,8.84109,-32.9548,0.1673,0.0297379,-26.6834,0.10812
168,39,Box,9.91467,-32.8113,0.148286,0.0408621,-26.6387,0.323339
168,40,Box,0,-31.6389,0,0,-26.4992,0
168,41,Box,1.1,-31.6389,0,0,-26.4992,0
168,42,Box,2.2,-31.6389,0,0,-26.4992,0
168,43,Box,3.3,-31.6389,0,0,-26.4992,0
168,44,Box,4.37479,-31.813,0.0698836,-0.0156556,-26.642,0.240579
168,45,Box,5.44994,-32.0783,0.175776,-0.0676731,-26.7662,0.0430193
168,46,Box,6.66951,-32.2581,0.225723,-0.00226441,-26.804,-0.00240747
168,47,Box,7.81718,-32.0414,0.24172,0.0735886,-26.7635,-0.0300995
168,48,Box,8.85329,-31.9608,0.207827,0.00508837,-26.7131,0.0124222
168,49,Box,9.92854,-31.7834,0.278218,0.00333993,-26.6016,0.301748
168,50,Box,0,-30.5389,0,0,-26.4992,0
168,51,Box,1.1,-30.5389,0,0,-26.4992,0
168,52,Box,2.2,-30.5389,0,0,-26.4992,0
168,53,Box,3.27771,-30.5456,0.0410924,-0.0984695,-26.5273,0.162788
168,54,Box,4.31522,-30.783,0.100074,-0.0868524,-26.6463,0.0781748
168,55,Box,5.37759,-31.0985,0.153415,-0.101725,-26.8349,-0.0725257
168,56,Box,6.44977,-31.3155,0.250893,-0.117092,-26.8642,-0.0700887
168,57,Box,7.69848,-31.0761,0.234879,-0.0388912,-26.8047,-0.0468851
168,58,Box,8.81484,-31.0012,0.203238,-0.0659132,-26.7742,-0.0777908
168,59,Box,9.8753,-30.7841,0.136919,-0.00258279,-26.7214,0.0215302
168,60,Box,0,-29.4389,0,0,-26.4992,0
168,61,Box,1.1,-29.4389,0,0,-26.4992,0
168,62,Box,2.16947,-29.445,0.0601383,-0.0829577,-26.5158,0.163419
168,63,Box,3.19184,-29.4659,0.0339819,-0.168179,-26.5474,-0.227306
168,64,Box,4.24396,-29.7858,0.0973431,-0.105289,-26.6966,-0.0608344
168,65,Box,5.31731,-30.0707,0.038974,-0.103368,-26.8088,-0.0170098
168,66,Box,6.41682,-30.238,0.00980661,-0.0986172,-26.8634,-0.0728475
168,67,Box,7.81231,-30.0345,0.102153,-0.00751742,-26.8615,-0.123171
168,68,Box,8.83891,-29.9713,0.00319197,0.0987416,-26.861,-0.281003
168,69,Box,10.1636,-29.6478,-0.491075,0.272414,-26.7511,-0.469181
168,70,Box,0,-28.3389,0,0,-26.4992,0
168,71,Box,1.1,-28.3389,0,0,-26.4992,0
168,72,Box,2.14613,-28.3691,0.00782148,-0.152339,-26.5562,-0.0725005
168,73,Box,3.16346,-28.4002,0.0280451,-0.130857,-26.573,-0.0490031
168,74,Box,4.17401,-28.7246,0.0247954,-0.102218,-26.6579,-0.0558147
168,75,Box,5.20162,-29.0904,0.0531808,-0.0885863,-26.7962,0.00703101
168,76,Box,6.93128,-29.2119,-0.469525,0.137315,-27.0112,-0.271132
168,77,Box,8.1001,-28.9751,-0.0603198,0.230787,-26.7696,0.00528181
168,78,Box,9.16886,-28.9611,-0.196665,0.335114,-26.9183,-0.248453
168,79,Box,10.6819,-28.7651,-0.626122,0.987892,-26.9103,-0.851763
168,80,Box,-0.554494,-27.1193,-0.133616,-0.531933,-26.3849,-0.0136756
168,81,Box,0.455999,-27.257,-0.102539,-0.523738,-26.5323,0.00597179
168,82,Box,1.46646,-27.3274,-0.0636426,-0.498214,-26.5575,0.0617701
168,83,Box,2.46399,-27.3266,-0.0717451,-0.488647,-26.5462,0.0515759
168,84,Box,3.47013,-27.2656,-0.092899,-0.482722,-26.531,0.0291893
168,85,Box,4.44727,-27.5863,-0.104659,-0.483336,-26.6481,0.0108955
168,86,Box,6.07395,-28.2574,0.414597,-0.0653846,-26.8727,0.0597298
168,87,Box,10.0727,-27.702,-0.842973,1.49051,-26.3551,-1.13191
168,88,Box,11.6219,-27.7205,-0.103052,2.17891,-26.7688,-0.547505
168,89,Box,15.4293,-27.6044,0.323036,4.02847,-26.9262,0.323449
168,90,Box,-1.40486,-21.0075,3.9927,-0.879204,-23.4885,2.28378
168,91,Box,1.87757,-22.854,-1.9267,0.487807,-24.5699,-1.31725
168,92,Box,1.95653,-25.4567,-1.92446,-0.254675,-25.9423,-1.26902
168,93,Box,4.85117,-26.0019,-0.01166,1.05398,-26.4069,0.00815806
168,94,Box,29.3166,-5.15285,-33.5197,15.8267,-13.1786,-21.0805
168,95,Box,11.3533,-26.6095,-4.49922,3.38323,-26.3911,-1.37268
168,96,Box,12.5971,-26.8827,-1.05271,3.15275,-27.3529,-1.23106
168,97,Box,15.5075,-26.3383,0.711376,5.00107,-26.4806,0.0726312
168,98,Box,16.88,-25.732,0.490398,5.37154,-26.2189,0.306996
168,99,Box,18.4018,-26.078,-0.61257,5.74186,-26.4548,-0.465199
168,100,Circle,12.0545,-26.7079,11.0472,3.25502,-26.8628,4.03709
169,0,Box,0,-36.4654,0,0,-26.656,0
169,1,Box,1.1,-36.4654,0,0,-26.656,0
169,2,Box,2.2,-36.4654,0,0,-26.656,0
169,3,Box,3.3,-36.4654,0,0,-26.656,0
169,4,Box,4.4,-36.4654,0,0,-26.656,0
169,5,Box,5.50483,-36.501,0.0627787,0.023685,-26.7918,0.328504
169,6,Box,6.63713,-36.649,0.266703,0.0467591,-26.8725,0.416056
169,7,Box,7.7117,-36.5232,0.115918,0.0329135,-26.8153,0.31666
169,8,Box,8.8,-36.4654,0,0,-26.656,0
169,9,Box,9.9,-36.4654,0,0,-26.656,0
169,10,Box,0,-35.3654,0,0,-26.656,0
169,11,Box,1.1,-35.3654,0,0,-26.656,0
169,12,Box,2.2,-35.3654,0,0,-26.656,0
169,13,Box,3.3,-35.3654,0,0,-26.656,0
169,14,Box,4.4,-35.3654,0,0.00480934,-26.7086,-0.153245
169,15,Box,5.50014,-35.5142,0.0330177,-0.00512169,-26.9235,0.0544153
169,16,Box,6.65967,-35.6404,0.22762,0.0620509,-26.9152,0.145422
169,17,Box,7.73011,-35.5003,0.156367,0.050761,-26.8622,0.124878
169,18,Box,8.80671,-35.3988,0.0675582,0.0291029,-26.7998,0.289915
169,19,Box,9.9,-35.3654,0,0,-26.656,0
169,20,Box,0,-34.2654,0,0,-26.656,0
169,21,Box,1.1,-34.2654,0,0,-26.656,0
169,22,Box,2.2,-34.2654,0,0,-26.656,0
169,23,Box,3.3,-34.2654,0,0,-26.656,0
169,24,Box,4.38931,-34.3231,-0.095237,-0.0236078,-26.7863,0.191794
169,25,Box,5.48074,-34.5082,0.102514,0.010919,-26.9063,0.088341
169,26,Box,6.66539,-34.6552,0.197979,0.0395803,-26.9574,0.043259
169,27,Box,7.74776,-34.4874,0.201632,0.0470022,-26.8899,0.0225551
169,28,Box,8.82274,-34.3842,0.137842,0.0414338,-26.8408,0.147059
169,29,Box,9.90334,-34.2792,0.0468431,0.0315807,-26.7878,0.391522
169,30,Box,0,-33.1654,0,0,-26.656,0
169,31,Box,1.1,-33.1654,0,0,-26.656,0
169,32,Box,2.2,-33.1654,0,0,-26.656,0
169,33,Box,3.3,-33.1654,0,0,-26.656,0
169,34,Box,4.38369,-33.2766,0.0110623,-0.0125743,-26.7086,0.0143728
169,35,Box,5.49245,-33.4978,0.159676,-0.0127221,-26.917,0.049222
169,36,Box,6.67245,-33.6791,0.185442,0.0123333,-26.9391,0.0656517
169,37,Box,7.81439,-33.4818,0.198819,0.103614,-26.9172,-0.0597872
169,38,Box,8.84221,-33.3875,0.16903,0.0294646,-26.8393,0.103954
169,39,Box,9.91652,-33.2478,0.15346,0.0415791,-26.7964,0.317087
169,40,Box,0,-32.0654,0,0,-26.656,0
169,41,Box,1.1,-32.0654,0,0,-26.656,0
169,42,Box,2.2,-32.0654,0,0,-26.656,0
169,43,Box,3.3,-32.0654,0,0,-26.656,0
169,44,Box,4.37454,-32.2418,0.0737329,-0.0156556,-26.7988,0.240579
169,45,Box,5.44917,-32.5111,0.176465,-0.0677607,-26.9232,0.0430646
169,46,Box,6.66965,-32.6888,0.225684,-0.00230047,-26.978,-0.0321971
169,47,Box,7.81881,-32.4735,0.241238,0.0736294,-26.9207,-0.0291121
169,48,Box,8.85444,-32.3948,0.208025,0.00490466,-26.8694,0.0106606
169,49,Box,9.92953,-32.2193,0.283046,0.00162688,-26.7577,0.293998
169,50,Box,0,-30.9654,0,0,-26.656,0
169,51,Box,1.1,-30.9654,0,0,-26.656,0
169,52,Box,2.2,-30.9654,0,0,-26.656,0
169,53,Box,3.27613,-30.9725,0.043697,-0.0986545,-26.6841,0.162884
169,54,Box,4.31383,-31.2119,0.101325,-0.0873121,-26.8033,0.0773297
169,55,Box,5.37538,-31.5275,0.152254,-0.106018,-26.9905,-0.0711766
169,56,Box,6.44626,-31.7428,0.249772,-0.113286,-27.0038,-0.0313993
169,57,Box,7.6972,-31.5079,0.234129,-0.0390519,-26.9616,-0.0466793
169,58,Box,8.8116,-31.4341,0.201993,-0.0659489,-26.9312,-0.0775028
169,59,Box,9.86968,-31.2097,0.137264,-0.00188151,-26.8749,0.0166852
169,60,Box,0,-29.8654,0,0,-26.656,0
169,61,Box,1.1,-29.8654,0,0,-26.656,0
169,62,Box,2.16815,-29.8718,0.062753,-0.0829577,-26.6726,0.163419
169,63,Box,3.18915,-29.8931,0.030345,-0.168179,-26.7042,-0.227306
169,64,Box,4.24227,-30.2154,0.0963697,-0.105289,-26.8534,-0.0608344
169,65,Box,5.31565,-30.5017,0.0387019,-0.103345,-26.9657,-0.0166727
169,66,Box,6.4142,-30.6702,0.00864105,-0.0980286,-27.0172,-0.0729628
169,67,Box,7.81569,-30.4634,0.100182,-0.0067538,-27.0176,-0.12205
169,68,Box,8.83716,-30.3985,-0.00130408,0.0982831,-27.0175,-0.281956
169,69,Box,10.1712,-30.0724,-0.498581,0.272414,-26.9079,-0.469181
169,70,Box,0,-28.7654,0,0,-26.656,0
169,71,Box,1.1,-28.7654,0,0,-26.656,0
169,72,Box,2.14369,-28.7965,0.00666147,-0.152339,-26.713,-0.0725005
169,73,Box,3.16136,-28.8279,0.0272611,-0.130857,-26.7298,-0.0490031
169,74,Box,4.17238,-29.1536,0.0239023,-0.102218,-26.8147,-0.0558147
169,75,Box,5.20017,-29.5211,0.0532933,-0.0888656,-26.9531,0.00691643
169,76,Box,6.93045,-29.6425,-0.473863,0.136671,-27.1675,-0.275098
169,77,Box,8.1038,-29.4023,-0.0602353,0.230787,-26.9264,0.00528181
169,78,Box,9.17503,-29.3903,-0.20064,0.335114,-27.0751,-0.248453
169,79,Box,10.7004,-29.1931,-0.639751,0.987892,-27.0671,-0.851763
169,80,Box,-0.563005,-27.544,-0.133834,-0.531933,-26.5417,-0.0136756
169,81,Box,0.447619,-27.684,-0.102444,-0.523791,-26.6891,0.00609105
169,82,Box,1.45849,-27.7548,-0.0626543,-0.49816,-26.7143,0.0615842
169,83,Box,2.45617,-27.7538,-0.0709199,-0.488647,-26.703,0.0515759
169,84,Box,3.46241,-27.6926,-0.0924319,-0.482722,-26.6878,0.0291893
169,85,Box,4.43953,-28.0151,-0.104484,-0.483336,-26.8049,0.0108955
169,86,Box,6.0729,-28.6899,0.415553,-0.0651287,-27.0293,0.0597674
169,87,Box,10.0966,-28.1262,-0.861083,1.49051,-26.5119,-1.13191
169,88,Box,11.6567,-28.1513,-0.111812,2.17891,-26.9256,-0.547505
169,89,Box,15.4938,-28.0377,0.328211,4.02847,-27.083,0.323449
169,90,Box,-1.41892,-21.3858,4.02924,-0.879204,-23.6453,2.28378
169,91,Box,1.88537,-23.2496,-1.94777,0.487807,-24.7267,-1.31725
169,92,Box,1.95246,-25.8743,-1.94476,-0.254675,-26.0991,-1.26902
169,93,Box,4.86803,-26.4269,-0.0115295,1.05398,-26.5637,0.00815806
169,94,Box,29.5698,-5.36622,-33.857,15.8267,-13.3354,-21.0805
169,95,Box,11.4887,-27.0186,-4.52118,3.44749,-26.5483,-1.32093
169,96,Box,12.7183,-27.4529,-1.07241,3.16079,-27.5356,-1.15577
169,97,Box,15.5875,-26.7645,0.712538,5.00107,-26.6374,0.0726312
169,98,Box,16.9659,-26.154,0.49531,5.37154,-26.3757,0.306996
169,99,Box,18.4937,-26.5038,-0.620013,5.74186,-26.6116,-0.465199
169,100,Circle,11.913,-26.9947,11.1118,3.16297,-26.9861,4.01573
170,0,Box,0,-36.8944,0,0,-26.8128,0
170,1,Box,1.1,-36.8944,0,0,-26.8128,0
170,2,Box,2.2,-36.8944,0,0,-26.8128,0
170,3,Box,3.3,-36.8944,0,0,-26.8128,0
170,4,Box,4.4,-36.8944,0,0,-26.8128,0
170,5,Box,5.50521,-36.9322,0.0680347,0.023685,-26.9486,0.328504
170,6,Box,6.63788,-37.0814,0.27336,0.0467591,-27.0293,0.416056
170,7,Box,7.71222,-36.9547,0.120985,0.0329135,-26.972,0.31666
170,8,Box,8.8,-36.8944,0,0,-26.8128,0
170,9,Box,9.9,-36.8944,0,0,-26.8128,0
170,10,Box,0,-35.7944,0,0,-26.8128,0
170,11,Box,1.1,-35.7944,0,0,-26.8128,0
170,12,Box,2.2,-35.7944,0,0,-26.8128,0
170,13,Box,3.3,-35.7944,0,0,-26.8128,0
170,14,Box,4.40008,-35.7952,-0.00245191,0.00480934,-26.8654,-0.153245
170,15,Box,5.50005,-35.9475,0.0338884,-0.00512169,-27.0803,0.0544153
170,16,Box,6.66067,-36.0735,0.229947,0.0620509,-27.072,0.145422
170,17,Box,7.73092,-35.9326,0.158365,0.050761,-27.019,0.124878
170,18,Box,8.80717,-35.8301,0.0721968,0.0291029,-26.9566,0.289915
170,19,Box,9.9,-35.7944,0,0,-26.8128,0
170,20,Box,0,-34.6944,0,0,-26.8128,0
170,21,Box,1.1,-34.6944,0,0,-26.8128,0
170,22,Box,2.2,-34.6944,0,0,-26.8128,0
170,23,Box,3.3,-34.6944,0,0,-26.8128,0
170,24,Box,4.38894,-34.7542,-0.0921683,-0.0236078,-26.9431,0.191794
170,25,Box,5.48091,-34.9413,0.103927,0.010919,-27.0631,0.088341
170,26,Box,6.66602,-35.089,0.198672,0.0395803,-27.1142,0.043259
170,27,Box,7.74852,-34.9202,0.201992,0.0470022,-27.0467,0.0225551
170,28,Box,8.8234,-34.8162,0.140195,0.0414338,-26.9976,0.147059
170,29,Box,9.90384,-34.7103,0.0531075,0.0315807,-26.9446,0.391522
170,30,Box,0,-33.5944,0,0,-26.8128,0
170,31,Box,1.1,-33.5944,0,0,-26.8128,0
170,32,Box,2.2,-33.5944,0,0,-26.8128,0
170,33,Box,3.3,-33.5944,0,0,-26.8128,0
170,34,Box,4.38349,-33.7065,0.0112923,-0.0125743,-26.8654,0.0143728
170,35,Box,5.49225,-33.931,0.160463,-0.0127221,-27.0738,0.049222
170,36,Box,6.67265,-34.1127,0.186492,0.0123333,-27.0959,0.0656517
170,37,Box,7.81604,-33.915,0.197862,0.103614,-27.074,-0.0597872
170,38,Box,8.84268,-33.8195,0.170693,0.0294646,-26.9961,0.103954
170,39,Box,9.91719,-33.679,0.158533,0.0415791,-26.9532,0.317087
170,40,Box,0,-32.4944,0,0,-26.8128,0
170,41,Box,1.1,-32.4944,0,0,-26.8128,0
170,42,Box,2.2,-32.4944,0,0,-26.8128,0
170,43,Box,3.3,-32.4944,0,0,-26.8128,0
170,44,Box,4.37429,-32.6731,0.0775822,-0.0156556,-26.9556,0.240579
170,45,Box,5.44808,-32.9444,0.177154,-0.0677607,-27.08,0.0430646
170,46,Box,6.66962,-33.123,0.225169,-0.00230047,-27.1348,-0.0321971
170,47,Box,7.81999,-32.9067,0.240772,0.0736294,-27.0775,-0.0291121
170,48,Box,8.85452,-32.8273,0.208196,0.00490466,-27.0262,0.0106606
170,49,Box,9.92956,-32.6499,0.28775,0.00162688,-26.9145,0.293998
170,50,Box,0,-31.3944,0,0,-26.8128,0
170,51,Box,1.1,-31.3944,0,0,-26.8128,0
170,52,Box,2.2,-31.3944,0,0,-26.8128,0
170,53,Box,3.27455,-31.402,0.0463031,-0.0986545,-26.8409,0.162884
170,54,Box,4.31243,-31.6432,0.102562,-0.0873121,-26.9601,0.0773297
170,55,Box,5.37369,-31.9618,0.151116,-0.106018,-27.1473,-0.0711766
170,56,Box,6.44445,-32.1774,0.24927,-0.113286,-27.1606,-0.0313993
170,57,Box,7.69658,-31.9418,0.233382,-0.0390519,-27.1184,-0.0466793
170,58,Box,8.81055,-31.8676,0.200753,-0.0659489,-27.088,-0.0775028
170,59,Box,9.86965,-31.6422,0.137531,-0.00188151,-27.0317,0.0166852
170,60,Box,0,-30.2944,0,0,-26.8128,0
170,61,Box,1.1,-30.2944,0,0,-26.8128,0
170,62,Box,2.16682,-30.301,0.0653678,-0.0829577,-26.8294,0.163419
170,63,Box,3.18645,-30.3229,0.0267081,-0.168179,-26.861,-0.227306
170,64,Box,4.24059,-30.6476,0.0953964,-0.105289,-27.0102,-0.0608344
170,65,Box,5.314,-30.9356,0.0384351,-0.103345,-27.1225,-0.0166727
170,66,Box,6.41263,-31.1049,0.00747365,-0.0980286,-27.174,-0.0729628
170,67,Box,7.81558,-30.8982,0.0982292,-0.0067538,-27.1744,-0.12205
170,68,Box,8.83873,-30.8333,-0.00581537,0.0982831,-27.1743,-0.281956
170,69,Box,10.1756,-30.5054,-0.506088,0.272414,-27.0647,-0.469181
170,70,Box,0,-29.1944,0,0,-26.8128,0
170,71,Box,1.1,-29.1944,0,0,-26.8128,0
170,72,Box,2.14125,-29.2265,0.00550146,-0.152339,-26.8698,-0.0725005
170,73,Box,3.15927,-29.2581,0.026477,-0.130857,-26.8866,-0.0490031
170,74,Box,4.17074,-29.5852,0.0230093,-0.102218,-26.9715,-0.0558147
170,75,Box,5.19875,-29.9548,0.0534039,-0.0888656,-27.1099,0.00691643
170,76,Box,6.93264,-30.0797,-0.478265,0.136671,-27.3243,-0.275098
170,77,Box,8.10749,-29.8357,-0.0601508,0.230787,-27.0832,0.00528181
170,78,Box,9.18039,-29.826,-0.204616,0.335114,-27.2319,-0.248453
170,79,Box,10.7163,-29.6287,-0.653379,0.987892,-27.2239,-0.851763
170,80,Box,-0.571516,-27.9711,-0.134053,-0.531933,-26.6985,-0.0136756
170,81,Box,0.439238,-28.1136,-0.102346,-0.523791,-26.8459,0.00609105
170,82,Box,1.45052,-28.1848,-0.0616689,-0.49816,-26.8711,0.0615842
170,83,Box,2.44835,-28.1836,-0.0700947,-0.488647,-26.8598,0.0515759
170,84,Box,3.45468,-28.1222,-0.0919649,-0.482722,-26.8446,0.0291893
170,85,Box,4.4318,-28.4465,-0.10431,-0.483336,-26.9617,0.0108955
170,86,Box,6.07186,-29.1249,0.416509,-0.0651287,-27.1861,0.0597674
170,87,Box,10.1204,-28.5529,-0.879194,1.49051,-26.6687,-1.13191
170,88,Box,11.6916,-28.5847,-0.120572,2.17891,-27.0824,-0.547505
170,89,Box,15.5582,-28.4735,0.333386,4.02847,-27.2398,0.323449
170,90,Box,-1.43299,-21.7666,4.06578,-0.879204,-23.8021,2.28378
170,91,Box,1.89318,-23.6477,-1.96885,0.487807,-24.8835,-1.31725
170,92,Box,1.94838,-26.2944,-1.96507,-0.254675,-26.2559,-1.26902
170,93,Box,4.88489,-26.8545,-0.011399,1.05398,-26.7205,0.00815806
170,94,Box,29.8231,-5.58209,-34.1943,15.8267,-13.4922,-21.0805
170,95,Box,11.3973,-27.471,-4.54231,3.25882,-26.7,-1.2888
170,96,Box,12.7453,-27.8506,-1.0909,3.16079,-27.6924,-1.15577
170,97,Box,15.6675,-27.1932,0.7137,5.00107,-26.7942,0.0726312
170,98,Box,17.0519,-26.5785,0.500222,5.37154,-26.5325,0.306996
170,99,Box,18.5856,-26.9321,-0.627456,5.74186,-26.7684,-0.465199
170,100,Circle,12.1803,-27.4547,11.176,3.40319,-27.1495,4.01573
171,0,Box,0,-37.3259,0,0,-26.9696,0
171,1,Box,1.1,-37.3259,0,0,-26.9696,0
171,2,Box,2.2,-37.3259,0,0,-26.9696,0
171,3,Box,3.3,-37.3259,0,0,-26.9696,0
171,4,Box,4.4,-37.3259,0,0,-26.9696,0
171,5,Box,5.50559,-37.3659,0.0732908,0.023685,-27.1054,0.328504
171,6,Box,6.63863,-37.5164,0.280017,0.0467591,-27.1861,0.416056
171,7,Box,7.71275,-37.3888,0.126052,0.0329135,-27.1288,0.31666
171,8,Box,8.8,-37.3259,0,0,-26.9696,0
171,9,Box,9.9,-37.3259,0,0,-26.9696,0
171,10,Box,0,-36.2259,0,0,-26.9696,0
171,11,Box,1.1,-36.2259,0,0,-26.9696,0
171,12,Box,2.2,-36.2259,0,0,-26.9696,0
171,13,Box,3.3,-36.2259,0,0,-26.9696,0
171,14,Box,4.40015,-36.2276,-0.00490383,0.00480934,-27.0222,-0.153245
171,15,Box,5.49997,-36.3833,0.034759,-0.00512169,-27.2371,0.0544153
171,16,Box,6.66166,-36.5092,0.232273,0.0620509,-27.2288,0.145422
171,17,Box,7.73174,-36.3674,0.160363,0.050761,-27.1758,0.124878
171,18,Box,8.80764,-36.2639,0.0768354,0.0291029,-27.1134,0.289915
171,19,Box,9.9,-36.2259,0,0,-26.9696,0
171,20,Box,0,-35.1259,0,0,-26.9696,0
171,21,Box,1.1,-35.1259,0,0,-26.9696,0
171,22,Box,2.2,-35.1259,0,0,-26.9696,0
171,23,Box,3.3,-35.1259,0,0,-26.9696,0
171,24,Box,4.38856,-35.1878,-0.0890996,-0.0236078,-27.0999,0.191794
171,25,Box,5.48109,-35.3768,0.10534,0.010919,-27.2199,0.088341
171,26,Box,6.66666,-35.5254,0.199364,0.0395803,-27.271,0.043259
171,27,Box,7.74927,-35.3554,0.202353,0.0470022,-27.2035,0.0225551
171,28,Box,8.82406,-35.2507,0.142548,0.0414338,-27.1544,0.147059
171,29,Box,9.90435,-35.1439,0.0593718,0.0315807,-27.1014,0.391522
171,30,Box,0,-34.0259,0,0,-26.9696,0
171,31,Box,1.1,-34.0259,0,0,-26.9696,0
171,32,Box,2.2,-34.0259,0,0,-26.9696,0
171,33,Box,3.3,-34.0259,0,0,-26.9696,0
171,34,Box,4.38329,-34.1388,0.0115222,-0.0125743,-27.0222,0.0143728
171,35,Box,5.49205,-34.3667,0.161251,-0.0127221,-27.2306,0.049222
171,36,Box,6.67285,-34.5487,0.187543,0.0123333,-27.2527,0.0656517
171,37,Box,7.8177,-34.3507,0.196905,0.103614,-27.2308,-0.0597872
171,38,Box,8.84316,-34.2539,0.172357,0.0294646,-27.1529,0.103954
171,39,Box,9.91785,-34.1128,0.163606,0.0415791,-27.11,0.317087
171,40,Box,0,-32.9259,0,0,-26.9696,0
171,41,Box,1.1,-32.9259,0,0,-26.9696,0
171,42,Box,2.2,-32.9259,0,0,-26.9696,0
171,43,Box,3.3,-32.9259,0,0,-26.9696,0
171,44,Box,4.37403,-33.1069,0.0814314,-0.0156556,-27.1124,0.240579
171,45,Box,5.447,-33.3802,0.177843,-0.0677607,-27.2367,0.0430646
171,46,Box,6.66958,-33.5597,0.224654,-0.00230047,-27.2916,-0.0321971
171,47,Box,7.82117,-33.3425,0.240306,0.0736294,-27.2343,-0.0291121
171,48,Box,8.8546,-33.2622,0.208367,0.00490466,-27.183,0.0106606
171,49,Box,9.92958,-33.0831,0.292454,0.00162688,-27.0713,0.293998
171,50,Box,0,-31.8259,0,0,-26.9696,0
171,51,Box,1.1,-31.8259,0,0,-26.9696,0
171,52,Box,2.2,-31.8259,0,0,-26.9696,0
171,53,Box,3.27298,-31.8339,0.0489093,-0.0986545,-26.9977,0.162884
171,54,Box,4.31104,-32.0771,0.103799,-0.0873121,-27.1169,0.0773297
171,55,Box,5.37199,-32.3987,0.149977,-0.106018,-27.3041,-0.0711766
171,56,Box,6.44266,-32.6184,0.248767,-0.113291,-27.3174,-0.0313618
171,57,Box,7.69595,-32.3782,0.232635,-0.0390519,-27.2752,-0.0466793
171,58,Box,8.80949,-32.3035,0.199513,-0.0659489,-27.2448,-0.0775028
171,59,Box,9.86962,-32.0772,0.137798,-0.00188151,-27.1885,0.0166852
171,60,Box,0,-30.7259,0,0,-26.9696,0
171,61,Box,1.1,-30.7259,0,0,-26.9696,0
171,62,Box,2.16549,-30.7328,0.0679825,-0.0829577,-26.9862,0.163419
171,63,Box,3.18376,-30.7552,0.0230712,-0.168179,-27.0178,-0.227306
171,64,Box,4.23891,-31.0822,0.094423,-0.105289,-27.167,-0.0608344
171,65,Box,5.31234,-31.3721,0.0381683,-0.103345,-27.2793,-0.0166727
171,66,Box,6.41004,-31.5402,0.00630624,-0.0980237,-27.3307,-0.0729636
171,67,Box,7.81547,-31.3355,0.0962764,-0.0067538,-27.3312,-0.12205
171,68,Box,8.84031,-31.2706,-0.0103267,0.0982831,-27.3311,-0.281956
171,69,Box,10.18,-30.9409,-0.513595,0.272414,-27.2215,-0.469181
171,70,Box,0,-29.6259,0,0,-26.9696,0
171,71,Box,1.1,-29.6259,0,0,-26.9696,0
171,72,Box,2.13882,-29.6589,0.00434145,-0.152339,-27.0266,-0.0725005
171,73,Box,3.15717,-29.6908,0.025693,-0.130857,-27.0434,-0.0490031
171,74,Box,4.1691,-30.0192,0.0221163,-0.102218,-27.1283,-0.0558147
171,75,Box,5.19733,-30.3911,0.0535146,-0.0888656,-27.2667,0.00691643
171,76,Box,6.93582,-30.5175,-0.482666,0.136671,-27.4811,-0.275098
171,77,Box,8.11118,-30.2715,-0.0600663,0.230787,-27.24,0.00528181
171,78,Box,9.18575,-30.2642,-0.208591,0.335114,-27.3887,-0.248453
171,79,Box,10.7321,-30.0668,-0.667007,0.987892,-27.3807,-0.851763
171,80,Box,-0.580027,-28.4008,-0.134272,-0.531933,-26.8553,-0.0136756
171,81,Box,0.430857,-28.5456,-0.102249,-0.523791,-27.0027,0.00609105
171,82,Box,1.44255,-28.6172,-0.0606836,-0.49816,-27.0279,0.0615842
171,83,Box,2.44053,-28.6159,-0.0692694,-0.488647,-27.0166,0.0515759
171,84,Box,3.44696,-28.5542,-0.0914979,-0.482722,-27.0014,0.0291893
171,85,Box,4.42407,-28.8804,-0.104136,-0.483336,-27.1185,0.0108955
171,86,Box,6.07082,-29.5624,0.417465,-0.0651287,-27.3429,0.0597674
171,87,Box,10.1443,-28.9821,-0.897304,1.49051,-26.8255,-1.13191
171,88,Box,11.7264,-29.0205,-0.129332,2.17891,-27.2392,-0.547505
171,89,Box,15.6227,-28.9119,0.338561,4.02847,-27.3966,0.323449
171,90,Box,-1.44706,-22.15,4.10233,-0.879204,-23.9589,2.28378
171,91,Box,1.90098,-24.0484,-1.98992,0.487807,-25.0403,-1.31725
171,92,Box,1.94431,-26.717,-1.98537,-0.254675,-26.4127,-1.26902
171,93,Box,4.90176,-27.2845,-0.0112684,1.05398,-26.8773,0.00815806
171,94,Box,30.0763,-5.80048,-34.5316,15.8267,-13.649,-21.0805
171,95,Box,11.5022,-27.8928,-4.56293,3.39896,-26.8635,-1.28227
171,96,Box,12.7526,-28.2093,-1.10939,3.148,-27.8019,-1.27759
171,97,Box,15.7475,-27.6244,0.714862,5.00107,-26.951,0.0726312
171,98,Box,17.1378,-27.0056,0.505134,5.37154,-26.6893,0.306996
171,99,Box,18.6774,-27.3629,-0.6349,5.74186,-26.9252,-0.465199
171,100,Circle,12.2227,-28.0124,11.2403,3.24105,-27.358,3.92685
172,0,Box,0,-37.7599,0,0,-27.1264,0
172,1,Box,1.1,-37.7599,0,0,-27.1264,0
172,2,Box,2.2,-37.7599,0,0,-27.1264,0
172,3,Box,3.3,-37.7599,0,0,-27.1264,0
172,4,Box,4.4,-37.7599,0,0,-27.1264,0
172,5,Box,5.50619,-37.8083,0.0785469,0.023611,-27.2627,0.329514
172,6,Box,6.64159,-37.9632,0.286673,0.0467591,-27.3429,0.416056
172,7,Box,7.71328,-37.8254,0.131118,0.0334502,-27.2872,0.318938
172,8,Box,8.8,-37.7599,0,0,-27.1264,0
172,9,Box,9.9,-37.7599,0,0,-27.1264,0
172,10,Box,0,-36.6599,0,0,-27.1264,0
172,11,Box,1.1,-36.6599,0,0,-27.1264,0
172,12,Box,2.2,-36.6599,0,0,-27.1264,0
172,13,Box,3.3,-36.6599,0,0,-27.1264,0
172,14,Box,4.40023,-36.6625,-0.00735574,0.00480934,-27.179,-0.153245
172,15,Box,5.49974,-36.8176,0.0356297,-0.00498222,-27.3937,0.0544432
172,16,Box,6.66248,-36.9482,0.2346,0.0620509,-27.3856,0.145422
172,17,Box,7.73276,-36.806,0.162361,0.0507761,-27.3325,0.121009
172,18,Box,8.80817,-36.7011,0.0814741,0.0294861,-27.2716,0.29215
172,19,Box,9.9,-36.6599,0,0,-27.1264,0
172,20,Box,0,-35.5599,0,0,-27.1264,0
172,21,Box,1.1,-35.5599,0,0,-27.1264,0
172,22,Box,2.2,-35.5599,0,0,-27.1264,0
172,23,Box,3.3,-35.5599,0,0,-27.1264,0
172,24,Box,4.38818,-35.6239,-0.0860309,-0.0236078,-27.2567,0.191794
172,25,Box,5.48131,-35.8137,0.106754,0.0109452,-27.3767,0.0878548
172,26,Box,6.66677,-35.9621,0.200056,0.0397394,-27.4282,0.0447396
172,27,Box,7.7505,-35.7954,0.202714,0.0466759,-27.3599,0.0198609
172,28,Box,8.82512,-35.69,0.144901,0.0413974,-27.3108,0.143753
172,29,Box,9.90487,-35.5803,0.0656362,0.0325494,-27.2618,0.397415
172,30,Box,0,-34.4599,0,0,-27.1264,0
172,31,Box,1.1,-34.4599,0,0,-27.1264,0
172,32,Box,2.2,-34.4599,0,0,-27.1264,0
172,33,Box,3.3,-34.4599,0,0,-27.1264,0
172,34,Box,4.38309,-34.5737,0.0117522,0.00103353,-27.2431,0.153217
172,35,Box,5.49207,-34.8059,0.162038,-0.0128216,-27.3873,0.0487936
172,36,Box,6.67297,-34.9869,0.188593,0.0120336,-27.4085,0.0673495
172,37,Box,7.81944,-34.7893,0.195949,0.103613,-27.3883,-0.058187
172,38,Box,8.84434,-34.6944,0.17402,0.0293142,-27.3093,0.101042
172,39,Box,9.91981,-34.5565,0.16868,0.0423545,-27.2678,0.309412
172,40,Box,0,-33.3599,0,0,-27.1264,0
172,41,Box,1.1,-33.3599,0,0,-27.1264,0
172,42,Box,2.2,-33.3599,0,0,-27.1264,0
172,43,Box,3.3,-33.3599,0,0,-27.1264,0
172,44,Box,4.37378,-33.5432,0.0852807,-0.0292634,-27.2051,0.0211732
172,45,Box,5.44618,-33.8204,0.178532,-0.0677627,-27.3935,0.0430132
172,46,Box,6.66983,-33.9981,0.224139,-0.00238525,-27.4479,-0.0335047
172,47,Box,7.82275,-33.7818,0.239841,0.073669,-27.3914,-0.0281227
172,48,Box,8.85569,-33.7038,0.208537,0.00470831,-27.3393,0.0087959
172,49,Box,9.93037,-33.5259,0.297158,-0.000349825,-27.2275,0.285331
172,50,Box,0,-32.2599,0,0,-27.1264,0
172,51,Box,1.1,-32.2599,0,0,-27.1264,0
172,52,Box,2.2,-32.2599,0,0,-27.1264,0
172,53,Box,3.2714,-32.2684,0.0515154,-0.0998975,-27.1548,0.163448
172,54,Box,4.30964,-32.5135,0.105037,-0.0871941,-27.2737,0.0725799
172,55,Box,5.36941,-32.8351,0.148838,-0.105439,-27.4609,-0.0727976
172,56,Box,6.43943,-33.0533,0.248265,-0.112641,-27.4745,-0.0323709
172,57,Box,7.69467,-32.8175,0.231888,-0.0392143,-27.4321,-0.0464242
172,58,Box,8.80606,-32.7438,0.198273,-0.0659909,-27.4018,-0.0771934
172,59,Box,9.86481,-32.5102,0.138065,-0.000547889,-27.3416,0.0105605
172,60,Box,0,-31.1599,0,0,-27.1264,0
172,61,Box,1.1,-31.1599,0,0,-27.1264,0
172,62,Box,2.16416,-31.1671,0.0705972,-0.170822,-27.1417,-0.0767613
172,63,Box,3.18107,-31.19,0.0194343,-0.080315,-27.1759,0.0087297
172,64,Box,4.23722,-31.5194,0.0934497,-0.105289,-27.3238,-0.0608344
172,65,Box,5.31068,-31.8105,0.0379016,-0.10337,-27.4359,-0.0176595
172,66,Box,6.40742,-31.9797,0.00513883,-0.0979719,-27.4873,-0.0729657
172,67,Box,7.8179,-31.7722,0.0943236,-0.00599516,-27.4873,-0.120886
172,68,Box,8.83904,-31.7047,-0.014838,0.097224,-27.4875,-0.283881
172,69,Box,10.1878,-31.373,-0.521102,0.272414,-27.3783,-0.469181
172,70,Box,0,-30.0599,0,0,-27.1264,0
172,71,Box,1.1,-30.0599,0,-0.00784154,-27.1562,0.0659525
172,72,Box,2.13638,-30.0938,0.00318144,-0.152339,-27.1834,-0.0725005
172,73,Box,3.15508,-30.126,0.0249089,-0.130857,-27.2002,-0.0490031
172,74,Box,4.16747,-30.4558,0.0212232,-0.102218,-27.2851,-0.0558147
172,75,Box,5.19588,-30.8293,0.0536253,-0.0895888,-27.4235,0.00550762
172,76,Box,6.93498,-30.9556,-0.487068,0.136036,-27.6374,-0.278954
172,77,Box,8.11493,-30.7061,-0.0599818,0.230787,-27.3968,0.00528181
172,78,Box,9.19187,-30.7014,-0.212566,0.335114,-27.5455,-0.248453
172,79,Box,10.7503,-30.5031,-0.680635,0.987892,-27.5375,-0.851763
172,80,Box,-0.588538,-28.833,-0.134491,-0.531933,-27.0121,-0.0136756
172,81,Box,0.422477,-28.9802,-0.102152,-0.523791,-27.1595,0.00609105
172,82,Box,1.43458,-29.0522,-0.0596982,-0.490319,-27.1549,-0.0168288
172,83,Box,2.43271,-29.0506,-0.0684442,-0.488647,-27.1734,0.0515759
172,84,Box,3.43924,-28.9887,-0.0910308,-0.482722,-27.1582,0.0291893
172,85,Box,4.41633,-29.3168,-0.103961,-0.483336,-27.2753,0.0108955
172,86,Box,6.06978,-30.0023,0.418421,-0.0645253,-27.4993,0.0598305
172,87,Box,10.1681,-29.4138,-0.915415,1.49051,-26.9823,-1.13191
172,88,Box,11.7613,-29.4588,-0.138092,2.17891,-27.396,-0.547505
172,89,Box,15.6871,-29.3527,0.343736,4.02847,-27.5534,0.323449
172,90,Box,-1.46113,-22.5358,4.13887,-0.879204,-24.1157,2.28378
172,91,Box,1.90879,-24.4515,-2.011,0.487807,-25.1971,-1.31725
172,92,Box,1.94023,-27.1421,-2.00568,-0.254675,-26.5695,-1.26902
172,93,Box,4.91862,-27.717,-0.0111379,1.05398,-27.0341,0.00815806
172,94,Box,30.3295,-6.02137,-34.8689,15.8267,-13.8058,-21.0805
172,95,Box,11.5565,-28.3251,-4.58345,3.39896,-27.0203,-1.28227
172,96,Box,12.803,-28.6566,-1.12983,3.148,-27.9587,-1.27759
172,97,Box,15.8275,-28.0582,0.716024,5.00107,-27.1078,0.0726312
172,98,Box,17.2237,-27.4351,0.510046,5.37154,-26.8461,0.306996
172,99,Box,18.7693,-27.7962,-0.642343,5.74186,-27.082,-0.465199
172,100,Circle,12.2745,-28.4527,11.3031,3.24105,-27.5148,3.92685
173,0,Box,0,-38.1965,0,0,-27.2832,0
173,1,Box,1.1,-38.1965,0,0,-27.2832,0
173,2,Box,2.2,-38.1965,0,0,-27.2832,0
173,3,Box,3.3,-38.1965,0,0,-27.2832,0
173,4,Box,4.4,-38.1965,0,0,-27.2832,0
173,5,Box,5.50657,-38.247,0.0838191,0.023611,-27.4195,0.329514
173,6,Box,6.64234,-38.4032,0.29333,0.0467591,-27.4997,0.416056
173,7,Box,7.71381,-38.2645,0.136221,0.0334502,-27.444,0.318938
173,8,Box,8.8,-38.1965,0,0,-27.2832,0
173,9,Box,9.9,-38.1965,0,0,-27.2832,0
173,10,Box,0,-37.0965,0,0,-27.2832,0
173,11,Box,1.1,-37.0965,0,0,-27.2832,0
173,12,Box,2.2,-37.0965,0,0,-27.2832,0
173,13,Box,3.3,-37.0965,0,0,-27.2832,0
173,14,Box,4.40031,-37.0998,-0.00980765,0.00480934,-27.3358,-0.153245
173,15,Box,5.49967,-37.2584,0.0365008,-0.00498222,-27.5505,0.0544432
173,16,Box,6.66348,-37.3889,0.236927,0.0620509,-27.5424,0.145422
173,17,Box,7.73357,-37.2458,0.164297,0.0507761,-27.4893,0.121009
173,18,Box,8.80865,-37.1399,0.0861485,0.0294861,-27.4284,0.29215
173,19,Box,9.9,-37.0965,0,0,-27.2832,0
173,20,Box,0,-35.9965,0,0,-27.2832,0
173,21,Box,1.1,-35.9965,0,0,-27.2832,0
173,22,Box,2.2,-35.9965,0,0,-27.2832,0
173,23,Box,3.3,-35.9965,0,0,-27.2832,0
173,24,Box,4.3878,-36.0625,-0.0829622,-0.0236078,-27.4135,0.191794
173,25,Box,5.48148,-36.2542,0.10816,0.0109452,-27.5335,0.0878548
173,26,Box,6.6674,-36.4035,0.200772,0.0397394,-27.585,0.0447396
173,27,Box,7.75124,-36.2356,0.203032,0.0466759,-27.5167,0.0198609
173,28,Box,8.82578,-36.1295,0.147201,0.0413974,-27.4676,0.143753
173,29,Box,9.90539,-36.019,0.0719948,0.0325494,-27.4186,0.397415
173,30,Box,0,-34.8965,0,0,-27.2832,0
173,31,Box,1.1,-34.8965,0,0,-27.2832,0
173,32,Box,2.2,-34.8965,0,0,-27.2832,0
173,33,Box,3.3,-34.8965,0,0,-27.2832,0
173,34,Box,4.38311,-35.0121,0.0142037,0.00103353,-27.3999,0.153217
173,35,Box,5.49187,-35.2466,0.162819,-0.0128216,-27.5441,0.0487936
173,36,Box,6.67317,-35.4279,0.189671,0.0120336,-27.5653,0.0673495
173,37,Box,7.8211,-35.23,0.195018,0.103613,-27.5451,-0.058187
173,38,Box,8.84481,-35.1338,0.175637,0.0293142,-27.4661,0.101042
173,39,Box,9.92049,-34.9953,0.17363,0.0423545,-27.4246,0.309412
173,40,Box,0,-33.7965,0,0,-27.2832,0
173,41,Box,1.1,-33.7965,0,0,-27.2832,0
173,42,Box,2.2,-33.7965,0,0,-27.2832,0
173,43,Box,3.3,-33.7965,0,0,-27.2832,0
173,44,Box,4.37332,-33.981,0.0856194,-0.0292634,-27.3619,0.0211732
173,45,Box,5.44509,-34.2612,0.17922,-0.0677627,-27.5503,0.0430132
173,46,Box,6.6698,-34.4398,0.223603,-0.00238525,-27.6047,-0.0335047
173,47,Box,7.82393,-34.2226,0.239391,0.073669,-27.5482,-0.0281227
173,48,Box,8.85577,-34.1438,0.208678,0.00470831,-27.4961,0.0087959
173,49,Box,9.93036,-33.9641,0.301723,-0.000349825,-27.3843,0.285331
173,50,Box,0,-32.6965,0,0,-27.2832,0
173,51,Box,1.1,-32.6965,0,0,-27.2832,0
173,52,Box,2.2,-32.6965,0,0,-27.2832,0
173,53,Box,3.2698,-32.7054,0.0541306,-0.0998975,-27.3116,0.163448
173,54,Box,4.30825,-32.9523,0.106198,-0.0871941,-27.4305,0.0725799
173,55,Box,5.36772,-33.277,0.147673,-0.105439,-27.6177,-0.0727976
173,56,Box,6.43762,-33.4954,0.247747,-0.112641,-27.6313,-0.0323709
173,57,Box,7.69404,-33.259,0.231145,-0.0392143,-27.5889,-0.0464242
173,58,Box,8.805,-33.1847,0.197038,-0.0659909,-27.5586,-0.0771934
173,59,Box,9.8648,-32.9502,0.138234,-0.000547889,-27.4984,0.0105605
173,60,Box,0,-31.5965,0,0,-27.2832,0
173,61,Box,1.1,-31.5965,0,0,-27.2832,0
173,62,Box,2.16143,-31.6039,0.069369,-0.170822,-27.2985,-0.0767613
173,63,Box,3.17979,-31.6273,0.019574,-0.080315,-27.3327,0.0087297
173,64,Box,4.23554,-31.9591,0.0924763,-0.105289,-27.4806,-0.0608344
173,65,Box,5.30902,-32.252,0.037619,-0.10337,-27.5927,-0.0176595
173,66,Box,6.40585,-32.422,0.00397138,-0.0979719,-27.6441,-0.0729657
173,67,Box,7.81781,-32.2145,0.0923894,-0.00599516,-27.6441,-0.120886
173,68,Box,8.8406,-32.147,-0.0193801,0.097224,-27.6443,-0.283881
173,69,Box,10.1921,-31.8135,-0.528609,0.272414,-27.5351,-0.469181
173,70,Box,0,-30.4965,0,0,-27.2832,0
173,71,Box,1.09987,-30.4969,0.00105524,-0.00784154,-27.313,0.0659525
173,72,Box,2.13394,-30.5313,0.00202144,-0.152339,-27.3402,-0.0725005
173,73,Box,3.15299,-30.5637,0.0241249,-0.130857,-27.357,-0.0490031
173,74,Box,4.16583,-30.8948,0.0203302,-0.102218,-27.4419,-0.0558147
173,75,Box,5.19444,-31.2706,0.0537134,-0.0895888,-27.5803,0.00550762
173,76,Box,6.93715,-31.4003,-0.491531,0.136036,-27.7942,-0.278954
173,77,Box,8.11862,-31.147,-0.0598973,0.230787,-27.5536,0.00528181
173,78,Box,9.19723,-31.1447,-0.216541,0.335114,-27.7023,-0.248453
173,79,Box,10.7662,-30.9462,-0.694263,0.987892,-27.6943,-0.851763
173,80,Box,-0.597049,-29.2677,-0.13471,-0.531933,-27.1689,-0.0136756
173,81,Box,0.414096,-29.4172,-0.102054,-0.523791,-27.3163,0.00609105
173,82,Box,1.42673,-29.4892,-0.0599675,-0.490319,-27.3117,-0.0168288
173,83,Box,2.42489,-29.4879,-0.067619,-0.488647,-27.3302,0.0515759
173,84,Box,3.43151,-29.4258,-0.0905638,-0.482722,-27.315,0.0291893
173,85,Box,4.4086,-29.7557,-0.103787,-0.483336,-27.4321,0.0108955
173,86,Box,6.06875,-30.4448,0.419379,-0.0645253,-27.6561,0.0598305
173,87,Box,10.192,-29.848,-0.933525,1.49051,-27.1391,-1.13191
173,88,Box,11.7962,-29.8997,-0.146852,2.17891,-27.5528,-0.547505
173,89,Box,15.7516,-29.7961,0.348911,4.02847,-27.7102,0.323449
173,90,Box,-1.47519,-22.9242,4.17541,-0.879204,-24.2725,2.28378
173,91,Box,1.91659,-24.8572,-2.03208,0.487807,-25.3539,-1.31725
173,92,Box,1.93616,-27.5697,-2.02598,-0.254675,-26.7263,-1.26902
173,93,Box,4.93549,-28.1521,-0.0110074,1.05398,-27.1909,0.00815806
173,94,Box,30.5828,-6.24477,-35.2062,15.8267,-13.9626,-21.0805
173,95,Box,11.6853,-28.7519,-4.60397,3.43578,-27.1804,-1.2579
173,96,Box,12.915,-29.2443,-1.15028,3.16006,-28.1686,-1.12476
173,97,Box,15.9075,-28.4944,0.717186,5.00107,-27.2646,0.0726312
173,98,Box,17.3097,-27.8671,0.514958,5.37154,-27.0029,0.306996
173,99,Box,18.8612,-28.232,-0.649786,5.74186,-27.2388,-0.465199
173,100,Circle,12.1532,-28.7302,11.3659,3.17881,-27.5997,3.91233
174,0,Box,0,-38.6355,0,0,-27.44,0
174,1,Box,1.1,-38.6355,0,0,-27.44,0
174,2,Box,2.2,-38.6355,0,0,-27.44,0
174,3,Box,3.3,-38.6355,0,0,-27.44,0
174,4,Box,4.4,-38.6355,0,0,-27.44,0
174,5,Box,5.50694,-38.6883,0.0890913,0.023611,-27.5763,0.329514
174,6,Box,6.64309,-38.8457,0.299987,0.0467591,-27.6565,0.416056
174,7,Box,7.71435,-38.7061,0.141324,0.0334502,-27.6008,0.318938
174,8,Box,8.8,-38.6355,0,0,-27.44,0
174,9,Box,9.9,-38.6355,0,0,-27.44,0
174,10,Box,0,-37.5355,0,0,-27.44,0
174,11,Box,1.1,-37.5355,0,0,-27.44,0
174,12,Box,2.2,-37.5355,0,0,-27.44,0
174,13,Box,3.3,-37.5355,0,0,-27.44,0
174,14,Box,4.40038,-37.5397,-0.0122596,0.00480934,-27.4926,-0.153245
174,15,Box,5.49959,-37.7017,0.0373718,-0.00498222,-27.7073,0.0544432
174,16,Box,6.66447,-37.832,0.239254,0.0620509,-27.6992,0.145422
174,17,Box,7.73439,-37.6882,0.166234,0.0507761,-27.646,0.121009
174,18,Box,8.80912,-37.5813,0.0908229,0.0294861,-27.5852,0.29215
174,19,Box,9.9,-37.5355,0,0,-27.44,0
174,20,Box,0,-36.4355,0,0,-27.44,0
174,21,Box,1.1,-36.4355,0,0,-27.44,0
174,22,Box,2.2,-36.4355,0,0,-27.44,0
174,23,Box,3.3,-36.4355,0,0,-27.44,0
174,24,Box,4.38742,-36.5036,-0.0798935,-0.0236078,-27.5703,0.191794
174,25,Box,5.48166,-36.6973,0.109565,0.0109452,-27.6903,0.0878548
174,26,Box,6.66804,-36.8473,0.201488,0.0397394,-27.7418,0.0447396
174,27,Box,7.75199,-36.6784,0.20335,0.0466759,-27.6735,0.0198609
174,28,Box,8.82645,-36.5715,0.149501,0.0413974,-27.6244,0.143753
174,29,Box,9.90592,-36.4602,0.0783535,0.0325494,-27.5754,0.397415
174,30,Box,0,-35.3355,0,0,-27.44,0
174,31,Box,1.1,-35.3355,0,0,-27.44,0
174,32,Box,2.2,-35.3355,0,0,-27.44,0
174,33,Box,3.3,-35.3355,0,0,-27.44,0
174,34,Box,4.38312,-35.453,0.0166552,0.00103353,-27.5567,0.153217
174,35,Box,5.49166,-35.6898,0.1636,-0.0128216,-27.7009,0.0487936
174,36,Box,6.67336,-35.8715,0.190748,0.0120336,-27.7221,0.0673495
174,37,Box,7.82275,-35.6732,0.194087,0.103613,-27.7019,-0.058187
174,38,Box,8.84527,-35.5758,0.177253,0.0293142,-27.6229,0.101042
174,39,Box,9.92117,-35.4366,0.178581,0.0423545,-27.5814,0.309412
174,40,Box,0,-34.2355,0,0,-27.44,0
174,41,Box,1.1,-34.2355,0,0,-27.44,0
174,42,Box,2.2,-34.2355,0,0,-27.44,0
174,43,Box,3.3,-34.2355,0,0,-27.44,0
174,44,Box,4.37285,-34.4213,0.0859582,-0.0292634,-27.5187,0.0211732
174,45,Box,5.44401,-34.7045,0.179908,-0.0677627,-27.7071,0.0430132
174,46,Box,6.66976,-34.8839,0.223067,-0.00238525,-27.7615,-0.0335047
174,47,Box,7.82511,-34.6658,0.238941,0.073669,-27.705,-0.0281227
174,48,Box,8.85584,-34.5862,0.208819,0.00470831,-27.6529,0.0087959
174,49,Box,9.93036,-34.4047,0.306288,-0.000349825,-27.5411,0.285331
174,50,Box,0,-33.1355,0,0,-27.44,0
174,51,Box,1.1,-33.1355,0,0,-27.44,0
174,52,Box,2.2,-33.1355,0,0,-27.44,0
174,53,Box,3.2682,-33.1449,0.0567457,-0.0998975,-27.4684,0.163448
174,54,Box,4.30685,-33.3937,0.107359,-0.0871941,-27.5873,0.0725799
174,55,Box,5.36604,-33.7214,0.146508,-0.105439,-27.7745,-0.0727976
174,56,Box,6.43583,-33.9439,0.24723,-0.112647,-27.7882,-0.0323298
174,57,Box,7.69341,-33.7029,0.230403,-0.0392143,-27.7457,-0.0464242
174,58,Box,8.80395,-33.6281,0.195803,-0.0659909,-27.7154,-0.0771934
174,59,Box,9.86479,-33.3927,0.138403,-0.000547889,-27.6552,0.0105605
174,60,Box,0,-32.0355,0,0,-27.44,0
174,61,Box,1.1,-32.0355,0,0,-27.44,0
174,62,Box,2.1587,-32.0432,0.0681408,-0.170822,-27.4553,-0.0767613
174,63,Box,3.1785,-32.0672,0.0197137,-0.080315,-27.4895,0.0087297
174,64,Box,4.23385,-32.4013,0.0915029,-0.105289,-27.6374,-0.0608344
174,65,Box,5.30737,-32.696,0.0373365,-0.10337,-27.7495,-0.0176595
174,66,Box,6.40326,-32.8648,0.00280392,-0.0979664,-27.8008,-0.0729657
174,67,Box,7.81771,-32.6593,0.0904552,-0.00599516,-27.8009,-0.120886
174,68,Box,8.84215,-32.5918,-0.0239222,0.097224,-27.8011,-0.283881
174,69,Box,10.1965,-32.2566,-0.536116,0.272414,-27.6919,-0.469181
174,70,Box,0,-30.9355,0,0,-27.44,0
174,71,Box,1.09975,-30.9365,0.00211048,-0.00784154,-27.4698,0.0659525
174,72,Box,2.1315,-30.9712,0.000861428,-0.152339,-27.497,-0.0725005
174,73,Box,3.15089,-31.0039,0.0233408,-0.130857,-27.5138,-0.0490031
174,74,Box,4.1642,-31.3364,0.0194372,-0.102218,-27.5987,-0.0558147
174,75,Box,5.19301,-31.7144,0.0538015,-0.0895888,-27.7371,0.00550762
174,76,Box,6.94035,-31.8456,-0.495994,0.136036,-27.951,-0.278954
174,77,Box,8.12232,-31.5903,-0.0598128,0.230787,-27.7104,0.00528181
174,78,Box,9.2026,-31.5904,-0.220517,0.335114,-27.8591,-0.248453
174,79,Box,10.782,-31.3918,-0.707892,0.987892,-27.8511,-0.851763
174,80,Box,-0.60556,-29.7049,-0.134928,-0.531933,-27.3257,-0.0136756
174,81,Box,0.405715,-29.8568,-0.101957,-0.523791,-27.4731,0.00609105
174,82,Box,1.41889,-29.9287,-0.0602368,-0.490319,-27.4685,-0.0168288
174,83,Box,2.41708,-29.9277,-0.0667938,-0.488647,-27.487,0.0515759
174,84,Box,3.42379,-29.8653,-0.0900968,-0.482722,-27.4718,0.0291893
174,85,Box,4.40087,-30.1972,-0.103613,-0.483336,-27.5889,0.0108955
174,86,Box,6.06771,-30.8898,0.420336,-0.0645253,-27.8129,0.0598305
174,87,Box,10.2158,-30.2848,-0.951636,1.49051,-27.2959,-1.13191
174,88,Box,11.831,-30.343,-0.155612,2.17891,-27.7096,-0.547505
174,89,Box,15.816,-30.242,0.354087,4.02847,-27.867,0.323449
174,90,Box,-1.48926,-23.3151,4.21195,-0.879204,-24.4293,2.28378
174,91,Box,1.9244,-25.2654,-2.05315,0.487807,-25.5107,-1.31725
174,92,Box,1.93208,-27.9998,-2.04628,-0.254675,-26.8831,-1.26902
174,93,Box,4.95235,-28.5897,-0.0108768,1.05398,-27.3477,0.00815806
174,94,Box,30.836,-6.47068,-35.5435,15.8267,-14.1194,-21.0805
174,95,Box,11.6044,-29.2013,-4.62409,3.26199,-27.3181,-1.1893
174,96,Box,12.9449,-29.6489,-1.16827,3.16006,-28.3254,-1.12476
174,97,Box,15.9876,-28.9331,0.718348,5.00107,-27.4214,0.0726312
174,98,Box,17.3956,-28.3017,0.51987,5.37154,-27.1597,0.306996
174,99,Box,18.953,-28.6703,-0.657229,5.74186,-27.3956,-0.465199
174,100,Circle,12.4034,-29.2209,11.4285,3.40009,-27.7808,3.91233
175,0,Box,0,-39.0771,0,0,-27.5968,0
175,1,Box,1.1,-39.0771,0,0,-27.5968,0
175,2,Box,2.2,-39.0771,0,0,-27.5968,0
175,3,Box,3.3,-39.0771,0,0,-27.5968,0
175,4,Box,4.4,-39.0771,0,0,-27.5968,0
175,5,Box,5.50759,-39.139,0.0943635,0.0234867,-27.7338,0.331201
175,6,Box,6.64621,-39.3003,0.306644,0.0467591,-27.8133,0.416056
175,7,Box,7.71488,-39.1502,0.146427,0.0339884,-27.7591,0.321024
175,8,Box,8.8,-39.0771,0,0,-27.5968,0
175,9,Box,9.9,-39.0771,0,0,-27.5968,0
175,10,Box,0,-37.9771,0,0,-27.5968,0
175,11,Box,1.1,-37.9771,0,0,-27.5968,0
175,12,Box,2.2,-37.9771,0,0,-27.5968,0
175,13,Box,3.3,-37.9771,0,0,-27.5968,0
175,14,Box,4.40046,-37.9821,-0.0147115,0.00480934,-27.6494,-0.153245
175,15,Box,5.49936,-38.1437,0.0382429,-0.00474958,-27.8638,0.054476
175,16,Box,6.66525,-38.2787,0.24158,0.0620509,-27.856,0.145422
175,17,Box,7.73546,-38.1346,0.16817,0.0507148,-27.8026,0.117031
175,18,Box,8.80972,-38.0265,0.0954973,0.0298643,-27.7432,0.294171
175,19,Box,9.9,-37.9771,0,0,-27.5968,0
175,20,Box,0,-36.8771,0,0,-27.5968,0
175,21,Box,1.1,-36.8771,0,0,-27.5968,0
175,22,Box,2.2,-36.8771,0,0,-27.5968,0
175,23,Box,3.3,-36.8771,0,0,-27.5968,0
175,24,Box,4.38705,-36.9473,-0.0768248,-0.0236078,-27.7271,0.191794
175,25,Box,5.48191,-37.1415,0.110971,0.0109617,-27.847,0.0869211
175,26,Box,6.6681,-37.2913,0.202203,0.0397394,-27.8986,0.0447396
175,27,Box,7.75322,-37.1259,0.203667,0.0461989,-27.8291,0.0152656
175,28,Box,8.82752,-37.0182,0.151801,0.0413907,-27.781,0.140738
175,29,Box,9.90665,-36.9064,0.0847121,0.0335664,-27.7357,0.40283
175,30,Box,0,-35.7771,0,0,-27.5968,0
175,31,Box,1.1,-35.7771,0,0,-27.5968,0
175,32,Box,2.2,-35.7771,0,0,-27.5968,0
175,33,Box,3.3,-35.7771,0,0,-27.5968,0
175,34,Box,4.38314,-35.8964,0.0191066,0.00103353,-27.7135,0.153217
175,35,Box,5.49166,-36.1362,0.16438,-0.0129534,-27.8575,0.0479827
175,36,Box,6.67342,-36.3169,0.191826,0.0120336,-27.8789,0.0673495
175,37,Box,7.82447,-36.1193,0.193156,0.10361,-27.8595,-0.0565342
175,38,Box,8.84645,-36.0236,0.17887,0.0291453,-27.7792,0.0979526
175,39,Box,9.92305,-35.8855,0.183532,0.0430546,-27.739,0.301362
175,40,Box,0,-34.6771,0,0,-27.5968,0
175,41,Box,1.1,-34.6771,0,0,-27.5968,0
175,42,Box,2.2,-34.6771,0,0,-27.5968,0
175,43,Box,3.3,-34.6771,0,0,-27.5968,0
175,44,Box,4.37238,-34.8641,0.086297,-0.061874,-27.685,0.0159349
175,45,Box,5.44314,-35.1522,0.180597,-0.036438,-27.879,-0.0139724
175,46,Box,6.66996,-35.3299,0.222531,-0.00238525,-27.9183,-0.0335047
175,47,Box,7.82664,-35.1125,0.238491,0.0737095,-27.8623,-0.0270722
175,48,Box,8.85687,-35.0354,0.208959,0.00450566,-27.8092,0.00688894
175,49,Box,9.93096,-34.8547,0.310854,-0.00229291,-27.6974,0.277126
175,50,Box,0,-33.5771,0,0,-27.5968,0
175,51,Box,1.1,-33.5771,0,0,-27.5968,0
175,52,Box,2.2,-33.5771,0,0,-27.5968,0
175,53,Box,3.2666,-33.5869,0.0593609,-0.10083,-27.6255,0.163807
175,54,Box,4.30545,-33.8377,0.10852,-0.0876526,-27.7443,0.0687596
175,55,Box,5.36322,-34.1653,0.145344,-0.105932,-27.922,-0.0732934
175,56,Box,6.43289,-34.3864,0.246712,-0.110359,-27.9459,-0.0360592
175,57,Box,7.6921,-34.1497,0.22966,-0.0393885,-27.9026,-0.0460964
175,58,Box,8.80033,-34.0757,0.194568,-0.0659909,-27.8722,-0.0771934
175,59,Box,9.86074,-33.833,0.138571,0.000728612,-27.8084,0.00496085
175,60,Box,0,-32.4771,0,0,-27.5968,0
175,61,Box,1.1,-32.4771,0,0,-27.5968,0
175,62,Box,2.15596,-32.485,0.0669126,-0.170822,-27.6121,-0.0767613
175,63,Box,3.17722,-32.5095,0.0198533,-0.100217,-27.6507,0.0219366
175,64,Box,4.23217,-32.846,0.0905296,-0.109105,-27.7953,-0.0604941
175,65,Box,5.3057,-33.1419,0.0370539,-0.101731,-27.8977,-0.0212812
175,66,Box,6.40064,-33.3118,0.00163647,-0.0978138,-27.9569,-0.0729478
175,67,Box,7.81941,-33.1039,0.088521,-0.00521901,-27.957,-0.119736
175,68,Box,8.84143,-33.0334,-0.0284642,0.0961633,-27.9576,-0.285583
175,69,Box,10.2045,-32.6961,-0.543623,0.272424,-27.8486,-0.469128
175,70,Box,0,-31.377,0,0,-27.5968,0
175,71,Box,1.09962,-31.3785,0.00316572,-0.00784154,-27.6266,0.0659525
175,72,Box,2.12907,-31.4137,-0.000298581,-0.152339,-27.6538,-0.0725005
175,73,Box,3.1488,-31.4467,0.0225568,-0.130857,-27.6706,-0.0490031
175,74,Box,4.16256,-31.7805,0.0185441,-0.0823155,-27.7511,-0.00794418
175,75,Box,5.19155,-32.1601,0.0538896,-0.090686,-27.8881,-0.00563269
175,76,Box,6.93924,-32.291,-0.500458,0.135396,-28.1073,-0.282791
175,77,Box,8.12612,-32.0322,-0.0597282,0.230787,-27.8672,0.00528181
175,78,Box,9.20871,-32.0354,-0.224492,0.335114,-28.0159,-0.248453
175,79,Box,10.7999,-31.8364,-0.72152,0.987892,-28.0079,-0.851763
175,80,Box,-0.614071,-30.1447,-0.135147,-0.531933,-27.4825,-0.0136756
175,81,Box,0.397335,-30.2989,-0.101859,-0.523791,-27.6299,0.00609105
175,82,Box,1.41104,-30.3707,-0.060506,-0.490319,-27.6253,-0.0168288
175,83,Box,2.40926,-30.37,-0.0659686,-0.488647,-27.6438,0.0515759
175,84,Box,3.41607,-30.3074,-0.0896297,-0.482742,-27.6286,0.0291202
175,85,Box,4.39313,-30.6411,-0.103438,-0.483316,-27.7457,0.0109144
175,86,Box,6.06668,-31.3374,0.421293,-0.0605145,-27.9668,0.0600806
175,87,Box,10.2397,-30.724,-0.969747,1.49051,-27.4527,-1.13191
175,88,Box,11.8659,-30.7889,-0.164372,2.17891,-27.8664,-0.547505
175,89,Box,15.8805,-30.6904,0.359262,4.02847,-28.0238,0.323449
175,90,Box,-1.50333,-23.7084,4.24849,-0.879204,-24.5861,2.28378
175,91,Box,1.9322,-25.676,-2.07423,0.487807,-25.6675,-1.31725
175,92,Box,1.92801,-28.4325,-2.06659,-0.254675,-27.0399,-1.26902
175,93,Box,4.96921,-29.0297,-0.0107463,1.05398,-27.5045,0.00815806
175,94,Box,31.0892,-6.6991,-35.8808,15.8267,-14.2762,-21.0805
175,95,Box,11.7047,-29.6376,-4.64312,3.39557,-27.4922,-1.20326
175,96,Box,12.9585,-30.0132,-1.18627,3.14821,-28.4196,-1.28768
175,97,Box,16.0676,-29.3744,0.71951,5.00107,-27.5782,0.0726312
175,98,Box,17.4816,-28.7388,0.524782,5.37154,-27.3165,0.306996
175,99,Box,19.0449,-29.1112,-0.664672,5.74186,-27.5524,-0.465199
175,100,Circle,12.4437,-29.7885,11.4911,3.2451,-27.9954,3.81876
176,0,Box,0,-39.5211,0,0,-27.7536,0
176,1,Box,1.1,-39.5211,0,0,-27.7536,0
176,2,Box,2.2,-39.5211,0,0,-27.7536,0
176,3,Box,3.3,-39.5211,0,0,-27.7536,0
176,4,Box,4.4,-39.5211,0,0,-27.7536,0
176,5,Box,5.50796,-39.5852,0.0996627,0.0234867,-27.8906,0.331201
176,6,Box,6.64696,-39.7478,0.313301,0.0467591,-27.9701,0.416056
176,7,Box,7.71542,-39.5969,0.151563,0.0339884,-27.9159,0.321024
176,8,Box,8.8,-39.5211,0,0,-27.7536,0
176,9,Box,9.9,-39.5211,0,0,-27.7536,0
176,10,Box,0,-38.4211,0,0,-27.7536,0
176,11,Box,1.1,-38.4211,0,0,-27.7536,0
176,12,Box,2.2,-38.4211,0,0,-27.7536,0
176,13,Box,3.3,-38.4211,0,0,-27.7536,0
176,14,Box,4.40054,-38.427,-0.0171634,0.00480934,-27.8062,-0.153245
176,15,Box,5.49928,-38.592,0.0391146,-0.00474958,-28.0206,0.054476
176,16,Box,6.66625,-38.7269,0.243907,0.0620509,-28.0128,0.145422
176,17,Box,7.73628,-38.5819,0.170042,0.0507148,-27.9594,0.117031
176,18,Box,8.81019,-38.4729,0.100204,0.0298643,-27.9,0.294171
176,19,Box,9.9,-38.4211,0,0,-27.7536,0
176,20,Box,0,-37.3211,0,0,-27.7536,0
176,21,Box,1.1,-37.3211,0,0,-27.7536,0
176,22,Box,2.2,-37.3211,0,0,-27.7536,0
176,23,Box,3.3,-37.3211,0,0,-27.7536,0
176,24,Box,4.38667,-37.3934,-0.0737561,-0.0236078,-27.8839,0.191794
176,25,Box,5.48208,-37.5896,0.112362,0.0109617,-28.0038,0.0869211
176,26,Box,6.66874,-37.7402,0.202919,0.0397394,-28.0554,0.0447396
176,27,Box,7.75396,-37.5737,0.203912,0.0461989,-27.9859,0.0152656
176,28,Box,8.82819,-37.4652,0.154053,0.0413907,-27.9378,0.140738
176,29,Box,9.90718,-37.3527,0.0911574,0.0335664,-27.8925,0.40283
176,30,Box,0,-36.2211,0,0,-27.7536,0
176,31,Box,1.1,-36.2211,0,0,-27.7536,0
176,32,Box,2.2,-36.2211,0,0,-27.7536,0
176,33,Box,3.3,-36.2211,0,0,-27.7536,0
176,34,Box,4.38316,-36.3424,0.0215581,0.00103353,-27.8703,0.153217
176,35,Box,5.49146,-36.5844,0.165148,-0.0129534,-28.0143,0.0479827
176,36,Box,6.67361,-36.7654,0.192904,0.0120336,-28.0357,0.0673495
176,37,Box,7.82612,-36.5675,0.192251,0.10361,-28.0163,-0.0565342
176,38,Box,8.84692,-36.4706,0.180437,0.0291453,-27.936,0.0979526
176,39,Box,9.92374,-36.3318,0.188353,0.0430546,-27.8958,0.301362
176,40,Box,0,-35.1211,0,0,-27.7536,0
176,41,Box,1.1,-35.1211,0,0,-27.7536,0
176,42,Box,2.2,-35.1211,0,0,-27.7536,0
176,43,Box,3.3,-35.1211,0,0,-27.7536,0
176,44,Box,4.37139,-35.3095,0.0865519,-0.061874,-27.8418,0.0159349
176,45,Box,5.44256,-35.6007,0.180373,-0.036438,-28.0358,-0.0139724
176,46,Box,6.66992,-35.7791,0.221995,-0.00238525,-28.0751,-0.0335047
176,47,Box,7.82782,-35.5608,0.238058,0.0737095,-28.0191,-0.0270722
176,48,Box,8.85694,-35.4829,0.20907,0.00450566,-27.966,0.00688894
176,49,Box,9.93092,-35.3004,0.315288,-0.00229291,-27.8542,0.277126
176,50,Box,0,-34.0211,0,0,-27.7536,0
176,51,Box,1.1,-34.0211,0,0,-27.7536,0
176,52,Box,2.2,-34.0211,0,0,-27.7536,0
176,53,Box,3.26499,-34.0314,0.0619818,-0.10083,-27.7823,0.163807
176,54,Box,4.30405,-34.2841,0.109621,-0.0876526,-27.9011,0.0687596
176,55,Box,5.36152,-34.6146,0.144171,-0.105932,-28.0788,-0.0732934
176,56,Box,6.43113,-34.8361,0.246135,-0.110359,-28.1027,-0.0360592
176,57,Box,7.69147,-34.5986,0.228922,-0.0393885,-28.0594,-0.0460964
176,58,Box,8.79928,-34.5242,0.193333,-0.0659909,-28.029,-0.0771934
176,59,Box,9.86075,-34.2804,0.138651,0.000728612,-27.9652,0.00496085
176,60,Box,0,-32.9211,0,0,-27.7536,0
176,61,Box,1.1,-32.9211,0,0,-27.7536,0
176,62,Box,2.15323,-32.9293,0.0656844,-0.170822,-27.7689,-0.0767613
176,63,Box,3.17561,-32.9544,0.0202043,-0.100217,-27.8075,0.0219366
176,64,Box,4.23042,-33.2933,0.0895617,-0.109105,-27.9521,-0.0604941
176,65,Box,5.30407,-33.5908,0.0367134,-0.101731,-28.0545,-0.0212812
176,66,Box,6.39907,-33.7617,0.000469309,-0.0978138,-28.1137,-0.0729478
176,67,Box,7.81932,-33.5537,0.0866053,-0.00521901,-28.1138,-0.119736
176,68,Box,8.84297,-33.4832,-0.0330336,0.0961633,-28.1144,-0.285583
176,69,Box,10.2089,-33.1441,-0.551129,0.272424,-28.0054,-0.469128
176,70,Box,0,-31.8211,0,0,-27.7536,0
176,71,Box,1.0995,-31.823,0.00422096,-0.00784154,-27.7834,0.0659525
176,72,Box,2.12663,-31.8586,-0.00145859,-0.152339,-27.8106,-0.0725005
176,73,Box,3.14671,-31.8919,0.0217727,-0.130857,-27.8274,-0.0490031
176,74,Box,4.16125,-32.227,0.018417,-0.0823155,-27.9079,-0.00794418
176,75,Box,5.19009,-32.6089,0.0537995,-0.090686,-28.0449,-0.00563269
176,76,Box,6.94141,-32.7433,-0.504982,0.135396,-28.2641,-0.282791
176,77,Box,8.12981,-32.4806,-0.0596437,0.230787,-28.024,0.00528181
176,78,Box,9.21408,-32.4861,-0.228467,0.335114,-28.1727,-0.248453
176,79,Box,10.8157,-32.287,-0.735148,0.987892,-28.1647,-0.851763
176,80,Box,-0.622582,-30.5869,-0.135366,-0.531933,-27.6393,-0.0136756
176,81,Box,0.388954,-30.7435,-0.101762,-0.523791,-27.7867,0.00609105
176,82,Box,1.4032,-30.8152,-0.0607753,-0.490319,-27.7821,-0.0168288
176,83,Box,2.40144,-30.8148,-0.0651434,-0.488647,-27.8006,0.0515759
176,84,Box,3.40834,-30.7519,-0.0891638,-0.482747,-27.7854,0.0291035
176,85,Box,4.3854,-31.0875,-0.103264,-0.483312,-27.9025,0.0109189
176,86,Box,6.06571,-31.7873,0.422254,-0.0605145,-28.1236,0.0600806
176,87,Box,10.2635,-31.1658,-0.987857,1.49051,-27.6095,-1.13191
176,88,Box,11.9008,-31.2373,-0.173132,2.17891,-28.0232,-0.547505
176,89,Box,15.9449,-31.1413,0.364437,4.02847,-28.1806,0.323449
176,90,Box,-1.51739,-24.1043,4.28503,-0.879204,-24.7429,2.28378
176,91,Box,1.94001,-26.0892,-2.0953,0.487807,-25.8243,-1.31725
176,92,Box,1.92393,-28.8676,-2.08689,-0.254675,-27.1967,-1.26902
176,93,Box,4.98608,-29.4723,-0.0106158,1.05398,-27.6613,0.00815806
176,94,Box,31.3424,-6.93003,-36.218,15.8267,-14.433,-21.0805
176,95,Box,11.8255,-30.0766,-4.66237,3.4318,-27.6543,-1.18265
176,96,Box,13.0634,-30.6137,-1.20687,3.15818,-28.6358,-1.11875
176,97,Box,16.1476,-29.8182,0.720672,5.00107,-27.735,0.0726312
176,98,Box,17.5675,-29.1783,0.529694,5.37154,-27.4733,0.306996
176,99,Box,19.1368,-29.5545,-0.672116,5.74186,-27.7092,-0.465199
176,100,Circle,12.3414,-30.0607,11.5522,3.18627,-28.0697,3.8021
177,0,Box,0,-39.9677,0,0,-27.9104,0
177,1,Box,1.1,-39.9677,0,0,-27.9104,0
177,2,Box,2.2,-39.9677,0,0,-27.9104,0
177,3,Box,3.3,-39.9677,0,0,-27.9104,0
177,4,Box,4.4,-39.9677,0,0,-27.9104,0
177,5,Box,5.50834,-40.034,0.104962,0.0234867,-28.0474,0.331201
177,6,Box,6.64771,-40.1979,0.319958,0.0467591,-28.1269,0.416056
177,7,Box,7.71597,-40.046,0.1567,0.0339884,-28.0727,0.321024
177,8,Box,8.8,-39.9677,0,0,-27.9104,0
177,9,Box,9.9,-39.9677,0,0,-27.9104,0
177,10,Box,0,-38.8677,0,0,-27.9104,0
177,11,Box,1.1,-38.8677,0,0,-27.9104,0
177,12,Box,2.2,-38.8677,0,0,-27.9104,0
177,13,Box,3.3,-38.8677,0,0,-27.9104,0
177,14,Box,4.40061,-38.8744,-0.0196153,0.00480934,-27.963,-0.153245
177,15,Box,5.49921,-39.0428,0.0399862,-0.00474958,-28.1774,0.054476
177,16,Box,6.66724,-39.1776,0.246234,0.0620509,-28.1696,0.145422
177,17,Box,7.73709,-39.0318,0.171915,0.0507148,-28.1162,0.117031
177,18,Box,8.81067,-38.9218,0.104911,0.0298643,-28.0568,0.294171
177,19,Box,9.9,-38.8677,0,0,-27.9104,0
177,20,Box,0,-37.7677,0,0,-27.9104,0
177,21,Box,1.1,-37.7677,0,0,-27.9104,0
177,22,Box,2.2,-37.7677,0,0,-27.9104,0
177,23,Box,3.3,-37.7677,0,0,-27.9104,0
177,24,Box,4.38629,-37.8421,-0.0706874,-0.0236078,-28.0407,0.191794
177,25,Box,5.48226,-38.0401,0.113752,0.0109617,-28.1606,0.0869211
177,26,Box,6.66937,-38.1916,0.203635,0.0397394,-28.2122,0.0447396
177,27,Box,7.7547,-38.024,0.204156,0.0461989,-28.1427,0.0152656
177,28,Box,8.82885,-37.9147,0.156305,0.0413907,-28.0946,0.140738
177,29,Box,9.90772,-37.8015,0.0976027,0.0335664,-28.0493,0.40283
177,30,Box,0,-36.6677,0,0,-27.9104,0
177,31,Box,1.1,-36.6677,0,0,-27.9104,0
177,32,Box,2.2,-36.6677,0,0,-27.9104,0
177,33,Box,3.3,-36.6677,0,0,-27.9104,0
177,34,Box,4.38317,-36.7908,0.0240096,0.00103353,-28.0271,0.153217
177,35,Box,5.49125,-37.0352,0.165916,-0.0129534,-28.1711,0.0479827
177,36,Box,6.67381,-37.2165,0.193981,0.0120336,-28.1925,0.0673495
177,37,Box,7.82778,-37.0183,0.191347,0.10361,-28.1731,-0.0565342
177,38,Box,8.84738,-36.9201,0.182004,0.0291453,-28.0928,0.0979526
177,39,Box,9.92443,-36.7807,0.193175,0.0430546,-28.0526,0.301362
177,40,Box,0,-35.5677,0,0,-27.9104,0
177,41,Box,1.1,-35.5677,0,0,-27.9104,0
177,42,Box,2.2,-35.5677,0,0,-27.9104,0
177,43,Box,3.3,-35.5677,0,0,-27.9104,0
177,44,Box,4.3704,-35.7575,0.0868069,-0.061874,-27.9986,0.0159349
177,45,Box,5.44197,-36.0518,0.180149,-0.036438,-28.1926,-0.0139724
177,46,Box,6.66988,-36.2308,0.221458,-0.00238525,-28.2319,-0.0335047
177,47,Box,7.829,-36.0116,0.237624,0.0737095,-28.1758,-0.0270722
177,48,Box,8.85701,-35.9328,0.20918,0.00450566,-28.1228,0.00688894
177,49,Box,9.93088,-35.7486,0.319722,-0.00229291,-28.011,0.277126
177,50,Box,0,-34.4677,0,0,-27.9104,0
177,51,Box,1.1,-34.4677,0,0,-27.9104,0
177,52,Box,2.2,-34.4677,0,0,-27.9104,0
177,53,Box,3.26338,-34.4784,0.0646027,-0.10083,-27.9391,0.163807
177,54,Box,4.30265,-34.733,0.110721,-0.0876526,-28.0579,0.0687596
177,55,Box,5.35983,-35.0663,0.142998,-0.105932,-28.2356,-0.0732934
177,56,Box,6.42936,-35.292,0.245558,-0.110359,-28.2595,-0.0360592
177,57,Box,7.69084,-35.0501,0.228185,-0.0393885,-28.2162,-0.0460964
177,58,Box,8.79822,-34.9751,0.192098,-0.0659909,-28.1858,-0.0771934
177,59,Box,9.86077,-34.7304,0.13873,0.000728612,-28.122,0.00496085
177,60,Box,0,-33.3677,0,0,-27.9104,0
177,61,Box,1.1,-33.3677,0,0,-27.9104,0
177,62,Box,2.1505,-33.3761,0.0644562,-0.170822,-27.9256,-0.0767613
177,63,Box,3.17401,-33.4018,0.0205553,-0.100217,-27.9643,0.0219366
177,64,Box,4.22868,-33.743,0.0885938,-0.109105,-28.1089,-0.0604941
177,65,Box,5.30245,-34.0421,0.0363729,-0.101731,-28.2113,-0.0212812
177,66,Box,6.39649,-34.212,-0.000697856,-0.0978138,-28.2705,-0.0729478
177,67,Box,7.81924,-34.006,0.0846895,-0.00521901,-28.2706,-0.119736
177,68,Box,8.84451,-33.9356,-0.0376029,0.0961633,-28.2712,-0.285583
177,69,Box,10.2133,-33.5947,-0.558635,0.272424,-28.1622,-0.469128
177,70,Box,0,-32.2677,0,0,-27.9104,0
177,71,Box,1.09937,-32.2701,0.0052762,-0.00784154,-27.9402,0.0659525
177,72,Box,2.12419,-32.3061,-0.0026186,-0.152339,-27.9674,-0.0725005
177,73,Box,3.14461,-32.3397,0.0209887,-0.130857,-27.9842,-0.0490031
177,74,Box,4.15993,-32.6761,0.0182899,-0.0823155,-28.0647,-0.00794418
177,75,Box,5.18864,-33.0601,0.0537094,-0.090686,-28.2017,-0.00563269
177,76,Box,6.94459,-33.1962,-0.509507,0.135396,-28.4209,-0.282791
177,77,Box,8.13351,-32.9315,-0.0595592,0.230787,-28.1808,0.00528181
177,78,Box,9.21944,-32.9394,-0.232442,0.335114,-28.3295,-0.248453
177,79,Box,10.8315,-32.7401,-0.748776,0.987892,-28.3215,-0.851763
177,80,Box,-0.631093,-31.0316,-0.135585,-0.531933,-27.7961,-0.0136756
177,81,Box,0.380573,-31.1906,-0.101664,-0.523791,-27.9435,0.00609105
177,82,Box,1.39535,-31.2622,-0.0610445,-0.490319,-27.9389,-0.0168288
177,83,Box,2.39362,-31.2621,-0.0643182,-0.488647,-27.9574,0.0515759
177,84,Box,3.40062,-31.199,-0.0886982,-0.482747,-27.9422,0.0291035
177,85,Box,4.37767,-31.5365,-0.103089,-0.483312,-28.0593,0.0109189
177,86,Box,6.06474,-32.2398,0.423216,-0.0605145,-28.2804,0.0600806
177,87,Box,10.2874,-31.61,-1.00597,1.49051,-27.7663,-1.13191
177,88,Box,11.9356,-31.6881,-0.181892,2.17891,-28.18,-0.547505
177,89,Box,16.0094,-31.5947,0.369612,4.02847,-28.3374,0.323449
177,90,Box,-1.53146,-24.5027,4.32157,-0.879204,-24.8997,2.28378
177,91,Box,1.94781,-26.5049,-2.11638,0.487807,-25.9811,-1.31725
177,92,Box,1.91986,-29.3053,-2.1072,-0.254675,-27.3535,-1.26902
177,93,Box,5.00294,-29.9174,-0.0104853,1.05398,-27.8181,0.00815806
177,94,Box,31.5957,-7.16347,-36.5553,15.8267,-14.5898,-21.0805
177,95,Box,11.8804,-30.5216,-4.6813,3.4318,-27.8111,-1.18265
177,96,Box,13.1139,-31.0744,-1.22477,3.15818,-28.7926,-1.11875
177,97,Box,16.2276,-30.2644,0.721835,5.00107,-27.8918,0.0726312
177,98,Box,17.6535,-29.6204,0.534606,5.37154,-27.6301,0.306996
177,99,Box,19.2287,-30.0004,-0.679559,5.74186,-27.866,-0.465199
177,100,Circle,12.3924,-30.5123,11.6131,3.18627,-28.2265,3.8021
178,0,Box,0,-40.4168,0,0,-28.0672,0
178,1,Box,1.1,-40.4168,0,0,-28.0672,0
178,2,Box,2.2,-40.4168,0,0,-28.0672,0
178,3,Box,3.3,-40.4168,0,0,-28.0672,0
178,4,Box,4.4,-40.4168,0,0,-28.0672,0
178,5,Box,5.50902,-40.4927,0.110261,0.0233609,-28.205,0.332898
178,6,Box,6.65097,-40.6603,0.326615,0.0467591,-28.2837,0.416056
178,7,Box,7.71651,-40.4977,0.161836,0.0345248,-28.2309,0.322921
178,8,Box,8.8,-40.4168,0,0.0201302,-28.1678,0.200971
178,9,Box,9.9,-40.4168,0,0,-28.0672,0
178,10,Box,0,-39.3168,0,0,-28.0672,0
178,11,Box,1.1,-39.3168,0,0,-28.0672,0
178,12,Box,2.2,-39.3168,0,0,-28.0672,0
178,13,Box,3.3,-39.3168,0,0,-28.0672,0
178,14,Box,4.40069,-39.3243,-0.0220672,0.00480934,-28.1198,-0.153245
178,15,Box,5.49899,-39.4926,0.0408578,-0.00451684,-28.3338,0.0544882
178,16,Box,6.66798,-39.6318,0.248561,0.0620509,-28.3264,0.145422
178,17,Box,7.73821,-39.4859,0.173787,0.0503892,-28.2721,0.112366
178,18,Box,8.81133,-39.3748,0.109617,0.0294202,-28.2017,0.120241
178,19,Box,9.9,-39.3168,0,0,-28.0672,0
178,20,Box,0,-38.2168,0,0,-28.0672,0
178,21,Box,1.1,-38.2168,0,0,-28.0672,0
178,22,Box,2.2,-38.2168,0,0,-28.0672,0
178,23,Box,3.3,-38.2168,0,0,-28.0672,0
178,24,Box,4.38591,-38.2932,-0.0676187,-0.0236078,-28.1975,0.191794
178,25,Box,5.48255,-38.4917,0.115143,0.0109535,-28.3173,0.0858871
178,26,Box,6.6694,-38.643,0.204351,0.0397394,-28.369,0.0447396
178,27,Box,7.75592,-38.4791,0.2044,0.0459881,-28.2989,0.0132563
178,28,Box,8.82995,-38.369,0.158557,0.0285018,-28.2391,0.010748
178,29,Box,9.90861,-38.2561,0.104048,0.0346668,-28.2097,0.407941
178,30,Box,0,-37.1168,0,0,-28.0672,0
178,31,Box,1.1,-37.1168,0,0,-28.0672,0
178,32,Box,2.2,-37.1168,0,0,-28.0672,0
178,33,Box,3.3,-37.1168,0,0,-28.0672,0
178,34,Box,4.38319,-37.2417,0.026461,0.00103353,-28.1839,0.153217
178,35,Box,5.49121,-37.4887,0.166683,-0.0130522,-28.3276,0.0468895
178,36,Box,6.67383,-37.6692,0.195059,0.0120336,-28.3493,0.0673495
178,37,Box,7.82948,-37.4718,0.190442,0.103605,-28.3306,-0.0548376
178,38,Box,8.84856,-37.3753,0.183572,0.0215341,-28.232,0.0252222
178,39,Box,9.92639,-37.2368,0.197997,0.0438497,-28.2104,0.293029
178,40,Box,0,-36.0168,0,0,-28.0672,0
178,41,Box,1.1,-36.0168,0,0,-28.0672,0
178,42,Box,2.2,-36.0168,0,0,-28.0672,0
178,43,Box,3.3,-36.0168,0,0,-28.0672,0
178,44,Box,4.36941,-36.208,0.0870618,-0.061874,-28.1554,0.0159349
178,45,Box,5.44145,-36.5063,0.179926,-0.036439,-28.3494,-0.013933
178,46,Box,6.67002,-36.6841,0.220922,-0.00238525,-28.3887,-0.0335047
178,47,Box,7.83052,-36.4657,0.237191,0.0737506,-28.3331,-0.0259784
178,48,Box,8.85795,-36.3895,0.20929,0.00505899,-28.2606,-0.0350269
178,49,Box,9.93119,-36.2052,0.324156,-0.00446711,-28.168,0.269261
178,50,Box,0,-34.9168,0,0,-28.0672,0
178,51,Box,1.1,-34.9168,0,0,-28.0672,0
178,52,Box,2.2,-34.9168,0,0,-28.0672,0
178,53,Box,3.26176,-34.9279,0.0672236,-0.102023,-28.0962,0.164184
178,54,Box,4.30125,-35.1844,0.111821,-0.0871242,-28.2146,0.0642556
178,55,Box,5.35706,-35.5183,0.141826,-0.105205,-28.3924,-0.0748726
178,56,Box,6.42654,-35.7421,0.244981,-0.110371,-28.4163,-0.0359765
178,57,Box,7.68949,-35.5044,0.227447,-0.0395737,-28.3731,-0.0456868
178,58,Box,8.79444,-35.4301,0.190862,-0.072182,-28.3291,-0.112525
178,59,Box,9.85748,-35.178,0.13881,-0.00014861,-28.2793,-0.0078133
178,60,Box,0,-33.8167,0,0,-28.0672,0
178,61,Box,1.1,-33.8167,0,0,-28.0672,0
178,62,Box,2.14776,-33.8254,0.0632281,-0.170822,-28.0824,-0.0767613
178,63,Box,3.17241,-33.8518,0.0209063,-0.100217,-28.1211,0.0219366
178,64,Box,4.22693,-34.1952,0.0876259,-0.109105,-28.2657,-0.0604941
178,65,Box,5.3008,-34.4954,0.0360324,-0.101767,-28.368,-0.0220732
178,66,Box,6.39389,-34.6665,-0.00186502,-0.0978022,-28.4272,-0.0729446
178,67,Box,7.82063,-34.4584,0.0827737,-0.00442569,-28.4266,-0.118576
178,68,Box,8.84403,-34.3845,-0.0421722,0.0987585,-28.4041,-0.290588
178,69,Box,10.2216,-34.0416,-0.566141,0.276742,-28.3145,-0.446289
178,70,Box,0,-32.7167,0,0,-28.0672,0
178,71,Box,1.09925,-32.7196,0.00633144,-0.00784154,-28.097,0.0659525
178,72,Box,2.12175,-32.7561,-0.00377861,-0.152339,-28.1242,-0.0725005
178,73,Box,3.14252,-32.7899,0.0202046,-0.130857,-28.141,-0.0490031
178,74,Box,4.15861,-33.1276,0.0181628,-0.0823155,-28.2215,-0.00794418
178,75,Box,5.18716,-33.5133,0.0536193,-0.0909581,-28.3586,-0.00578588
178,76,Box,6.94313,-33.6489,-0.514031,0.134752,-28.5771,-0.286612
178,77,Box,8.13737,-33.3808,-0.0594747,0.230806,-28.3372,0.00659017
178,78,Box,9.22556,-33.392,-0.236418,0.335789,-28.4835,-0.257612
178,79,Box,10.8491,-33.193,-0.762404,0.987892,-28.4783,-0.851763
178,80,Box,-0.639604,-31.4789,-0.135804,-0.531933,-27.9529,-0.0136756
178,81,Box,0.372193,-31.6402,-0.101567,-0.523791,-28.1003,0.00609105
178,82,Box,1.38751,-31.7117,-0.0613138,-0.490319,-28.0957,-0.0168288
178,83,Box,2.3858,-31.712,-0.063493,-0.488647,-28.1142,0.0515759
178,84,Box,3.39289,-31.6486,-0.0882325,-0.482776,-28.099,0.0290015
178,85,Box,4.36994,-31.988,-0.102914,-0.483283,-28.2161,0.0109456
178,86,Box,6.06378,-32.6948,0.424177,-0.0602669,-28.437,0.0600858
178,87,Box,10.3112,-32.0568,-1.02408,1.49051,-27.9231,-1.13191
178,88,Box,11.9705,-32.1415,-0.190652,2.17891,-28.3368,-0.547505
178,89,Box,16.0738,-32.0506,0.374787,4.02847,-28.4942,0.323449
178,90,Box,-1.54553,-24.9036,4.35811,-0.879204,-25.0565,2.28378
178,91,Box,1.95562,-26.9231,-2.13746,0.487807,-26.1379,-1.31725
178,92,Box,1.91578,-29.7454,-2.1275,-0.254675,-27.5103,-1.26902
178,93,Box,5.0198,-30.365,-0.0103547,1.05398,-27.9749,0.00815806
178,94,Box,31.8489,-7.39941,-36.8926,15.8267,-14.7466,-21.0805
178,95,Box,11.8108,-30.9706,-4.70022,3.26887,-27.9374,-1.08861
178,96,Box,13.1469,-31.4859,-1.24267,3.15818,-28.9494,-1.11875
178,97,Box,16.3076,-30.7132,0.722997,5.00107,-28.0486,0.0726312
178,98,Box,17.7394,-30.065,0.539518,5.37154,-27.7869,0.306996
178,99,Box,19.3205,-30.4487,-0.687002,5.74186,-28.0228,-0.465199
178,100,Circle,12.6244,-31.0304,11.6739,3.39371,-28.4222,3.80475
179,0,Box,0,-40.8683,0,0,-28.224,0
179,1,Box,1.1,-40.8683,0,0,-28.224,0
179,2,Box,2.2,-40.8683,0,0,-28.224,0
179,3,Box,3.3,-40.8683,0,0,-28.224,0
179,4,Box,4.4,-40.8683,0,0,-28.224,0
179,5,Box,5.50939,-40.9465,0.115588,0.0233609,-28.3618,0.332898
179,6,Box,6.65172,-41.1154,0.333272,0.0467591,-28.4405,0.416056
179,7,Box,7.71706,-40.9519,0.167003,0.0345248,-28.3877,0.322921
179,8,Box,8.80032,-40.87,0.00321554,0.0201302,-28.3246,0.200971
179,9,Box,9.9,-40.8683,0,0,-28.224,0
179,10,Box,0,-39.7683,0,0,-28.224,0
179,11,Box,1.1,-39.7683,0,0,-28.224,0
179,12,Box,2.2,-39.7683,0,0,-28.224,0
179,13,Box,3.3,-39.7683,0,0,-28.224,0
179,14,Box,4.40077,-39.7768,-0.0245191,0.00480934,-28.2766,-0.153245
179,15,Box,5.49891,-39.9484,0.0417296,-0.00451684,-28.4906,0.0544882
179,16,Box,6.66898,-40.0876,0.250887,0.0620509,-28.4832,0.145422
179,17,Box,7.73901,-39.9408,0.175585,0.0503892,-28.4289,0.112366
179,18,Box,8.8118,-39.8286,0.111541,0.0294202,-28.3585,0.120241
179,19,Box,9.9,-39.7683,0,0,-28.224,0
179,20,Box,0,-38.6683,0,0,-28.224,0
179,21,Box,1.1,-38.6683,0,0,-28.224,0
179,22,Box,2.2,-38.6683,0,0,-28.224,0
179,23,Box,3.3,-38.6683,0,0,-28.224,0
179,24,Box,4.38554,-38.7469,-0.06455,-0.0236078,-28.3543,0.191794
179,25,Box,5.48273,-38.9473,0.116517,0.0109535,-28.4741,0.0858871
179,26,Box,6.67004,-39.0994,0.205067,0.0397394,-28.5258,0.0447396
179,27,Box,7.75665,-38.9344,0.204612,0.0459881,-28.4557,0.0132563
179,28,Box,8.83041,-38.8233,0.158729,0.0285018,-28.3959,0.010748
179,29,Box,9.90916,-38.71,0.110575,0.0346668,-28.3665,0.407941
179,30,Box,0,-37.5683,0,0,-28.224,0
179,31,Box,1.1,-37.5683,0,0,-28.224,0
179,32,Box,2.2,-37.5683,0,0,-28.224,0
179,33,Box,3.3,-37.5683,0,0,-28.224,0
179,34,Box,4.38321,-37.6952,0.0289125,0.00103353,-28.3407,0.153217
179,35,Box,5.491,-37.9444,0.167434,-0.0130522,-28.4844,0.0468895
179,36,Box,6.67402,-38.1253,0.196136,0.0120336,-28.5061,0.0673495
179,37,Box,7.83114,-37.9276,0.189565,0.103605,-28.4874,-0.0548376
179,38,Box,8.8489,-37.8296,0.183975,0.0215341,-28.3888,0.0252222
179,39,Box,9.92709,-37.6906,0.202685,0.0438497,-28.3672,0.293029
179,40,Box,0,-36.4683,0,0,-28.224,0
179,41,Box,1.1,-36.4683,0,0,-28.224,0
179,42,Box,2.2,-36.4683,0,0,-28.224,0
179,43,Box,3.3,-36.4683,0,0,-28.224,0
179,44,Box,4.36842,-36.661,0.0873168,-0.061874,-28.3122,0.0159349
179,45,Box,5.44087,-36.9624,0.179703,-0.036439,-28.5062,-0.013933
179,46,Box,6.66998,-37.1408,0.220386,-0.00238525,-28.5455,-0.0335047
179,47,Box,7.8317,-36.9215,0.236776,0.0737506,-28.4899,-0.0259784
179,48,Box,8.85803,-36.8442,0.20873,0.00505899,-28.4174,-0.0350269
179,49,Box,9.93112,-36.6584,0.328464,-0.00446711,-28.3248,0.269261
179,50,Box,0,-35.3683,0,0,-28.224,0
179,51,Box,1.1,-35.3683,0,0,-28.224,0
179,52,Box,2.2,-35.3683,0,0,-28.224,0
179,53,Box,3.26013,-35.38,0.0698506,-0.102023,-28.253,0.164184
179,54,Box,4.29986,-35.6384,0.112849,-0.0871242,-28.3714,0.0642556
179,55,Box,5.35537,-35.9751,0.140628,-0.105205,-28.5492,-0.0748726
179,56,Box,6.42477,-36.1993,0.244406,-0.110371,-28.5731,-0.0359765
179,57,Box,7.68886,-35.9609,0.226716,-0.0395737,-28.5299,-0.0456868
179,58,Box,8.79328,-35.8858,0.189062,-0.072182,-28.4859,-0.112525
179,59,Box,9.85748,-35.633,0.138685,-0.00014861,-28.4361,-0.0078133
179,60,Box,0,-34.2683,0,0,-28.224,0
179,61,Box,1.1,-34.2683,0,0,-28.224,0
179,62,Box,2.14503,-34.2772,0.0619999,-0.170822,-28.2392,-0.0767613
179,63,Box,3.1708,-34.3042,0.0212573,-0.100217,-28.2779,0.0219366
179,64,Box,4.22518,-34.65,0.086658,-0.109105,-28.4225,-0.0604941
179,65,Box,5.29918,-34.9518,0.0356793,-0.101767,-28.5248,-0.0220732
179,66,Box,6.39232,-35.1239,-0.00303213,-0.0978022,-28.584,-0.0729446
179,67,Box,7.82056,-34.9157,0.0808765,-0.00442569,-28.5834,-0.118576
179,68,Box,8.84561,-34.8415,-0.0468216,0.0987585,-28.5609,-0.290588
179,69,Box,10.226,-34.4972,-0.573282,0.276742,-28.4713,-0.446289
179,70,Box,0,-33.1683,0,0,-28.224,0
179,71,Box,1.09912,-33.1717,0.00738668,-0.00784154,-28.2538,0.0659525
179,72,Box,2.11932,-33.2086,-0.00493861,-0.152339,-28.281,-0.0725005
179,73,Box,3.14042,-33.2427,0.0194206,-0.130857,-28.2978,-0.0490031
179,74,Box,4.15729,-33.5817,0.0180357,-0.0823155,-28.3783,-0.00794418
179,75,Box,5.18571,-33.9695,0.0535267,-0.0909581,-28.5154,-0.00578588
179,76,Box,6.94528,-34.1087,-0.518617,0.134752,-28.7339,-0.286612
179,77,Box,8.14107,-33.8367,-0.0593693,0.230806,-28.4939,0.00659017
179,78,Box,9.23093,-33.8503,-0.240539,0.335789,-28.6403,-0.257612
179,79,Box,10.8649,-33.6512,-0.776032,0.987892,-28.6351,-0.851763
179,80,Box,-0.648115,-31.9286,-0.136022,-0.531933,-28.1097,-0.0136756
179,81,Box,0.363812,-32.0923,-0.101469,-0.523791,-28.2571,0.00609105
179,82,Box,1.37966,-32.1638,-0.0615831,-0.490319,-28.2525,-0.0168288
179,83,Box,2.37798,-32.1643,-0.0626678,-0.488647,-28.271,0.0515759
179,84,Box,3.38517,-32.1007,-0.0877685,-0.482776,-28.2558,0.0290015
179,85,Box,4.3622,-32.4419,-0.102739,-0.483283,-28.3729,0.0109456
179,86,Box,6.06281,-33.1523,0.425138,-0.0602669,-28.5938,0.0600858
179,87,Box,10.3351,-32.5061,-1.04219,1.49051,-28.0799,-1.13191
179,88,Box,12.0053,-32.5974,-0.199412,2.17891,-28.4936,-0.547505
179,89,Box,16.1383,-32.509,0.379962,4.02847,-28.651,0.323449
179,90,Box,-1.5596,-25.307,4.39465,-0.879204,-25.2133,2.28378
179,91,Box,1.96342,-27.3439,-2.15853,0.487807,-26.2947,-1.31725
179,92,Box,1.91171,-30.1881,-2.14781,-0.254675,-27.6671,-1.26902
179,93,Box,5.03667,-30.8151,-0.0102242,1.05398,-28.1317,0.00815806
179,94,Box,32.1021,-7.63787,-37.2299,15.8267,-14.9034,-21.0805
179,95,Box,11.9064,-31.4203,-4.71764,3.39688,-28.1205,-1.11686
179,96,Box,13.1668,-31.8561,-1.26057,3.14034,-29.0505,-1.24229
179,97,Box,16.3876,-31.1645,0.724159,5.00107,-28.2054,0.0726312
179,98,Box,17.8254,-30.5121,0.54443,5.37154,-27.9437,0.306996
179,99,Box,19.4124,-30.8996,-0.694445,5.74186,-28.1796,-0.465199
179,100,Circle,12.6625,-31.6089,11.7348,3.25345,-28.6164,3.72228
180,0,Box,0,-41.3224,0,0,-28.3808,0
180,1,Box,1.1,-41.3224,0,0,-28.3808,0
180,2,Box,2.2,-41.3224,0,0,-28.3808,0
180,3,Box,3.3,-41.3224,0,0,-28.3808,0
180,4,Box,4.4,-41.3224,0,0,-28.3808,0
180,5,Box,5.50977,-41.4028,0.120914,0.0233609,-28.5186,0.332898
180,6,Box,6.65247,-41.5729,0.339929,0.0467591,-28.5973,0.416056
180,7,Box,7.71762,-41.4086,0.17217,0.0345248,-28.5445,0.322921
180,8,Box,8.80064,-41.3257,0.00643108,0.0201302,-28.4814,0.200971
180,9,Box,9.9,-41.3224,0,0,-28.3808,0
180,10,Box,0,-40.2224,0,0,-28.3808,0
180,11,Box,1.1,-40.2224,0,0,-28.3808,0
180,12,Box,2.2,-40.2224,0,0,-28.3808,0
180,13,Box,3.3,-40.2224,0,0,-28.3808,0
180,14,Box,4.40084,-40.2317,-0.026971,0.00480934,-28.4334,-0.153245
180,15,Box,5.49884,-40.4068,0.0426014,-0.00451684,-28.6474,0.0544882
180,16,Box,6.66997,-40.5458,0.253214,0.0620509,-28.64,0.145422
180,17,Box,7.73982,-40.3981,0.177383,0.0503892,-28.5857,0.112366
180,18,Box,8.81227,-40.2848,0.113465,0.0294202,-28.5153,0.120241
180,19,Box,9.9,-40.2224,0,0,-28.3808,0
180,20,Box,0,-39.1224,0,0,-28.3808,0
180,21,Box,1.1,-39.1224,0,0,-28.3808,0
180,22,Box,2.2,-39.1224,0,0,-28.3808,0
180,23,Box,3.3,-39.1224,0,0,-28.3808,0
180,24,Box,4.38516,-39.2031,-0.0614812,-0.0236078,-28.5111,0.191794
180,25,Box,5.4829,-39.4054,0.117892,0.0109535,-28.6309,0.0858871
180,26,Box,6.67067,-39.5583,0.205783,0.0397394,-28.6826,0.0447396
180,27,Box,7.75739,-39.3922,0.204824,0.0459881,-28.6125,0.0132563
180,28,Box,8.83086,-39.2802,0.1589,0.0285018,-28.5527,0.010748
180,29,Box,9.90972,-39.1664,0.117102,0.0346668,-28.5233,0.407941
180,30,Box,0,-38.0224,0,0,-28.3808,0
180,31,Box,1.1,-38.0224,0,0,-28.3808,0
180,32,Box,2.2,-38.0224,0,0,-28.3808,0
180,33,Box,3.3,-38.0224,0,0,-28.3808,0
180,34,Box,4.38322,-38.1511,0.031364,0.00103353,-28.4975,0.153217
180,35,Box,5.4908,-38.4027,0.168184,-0.0130522,-28.6412,0.0468895
180,36,Box,6.67421,-38.5839,0.197214,0.0120336,-28.6628,0.0673495
180,37,Box,7.83279,-38.3859,0.188687,0.103605,-28.6442,-0.0548376
180,38,Box,8.84925,-38.2863,0.184379,0.0215341,-28.5456,0.0252222
180,39,Box,9.92779,-38.147,0.207374,0.0438497,-28.524,0.293029
180,40,Box,0,-36.9224,0,0,-28.3808,0
180,41,Box,1.1,-36.9224,0,0,-28.3808,0
180,42,Box,2.2,-36.9224,0,0,-28.3808,0
180,43,Box,3.3,-36.9224,0,0,-28.3808,0
180,44,Box,4.36743,-37.1165,0.0875718,-0.061874,-28.469,0.0159349
180,45,Box,5.44029,-37.421,0.17948,-0.036439,-28.663,-0.013933
180,46,Box,6.66994,-37.6001,0.21985,-0.00238525,-28.7023,-0.0335047
180,47,Box,7.83288,-37.3799,0.23636,0.0737506,-28.6467,-0.0259784
180,48,Box,8.85811,-37.3014,0.208169,0.00505899,-28.5742,-0.0350269
180,49,Box,9.93104,-37.1141,0.332772,-0.00446711,-28.4816,0.269261
180,50,Box,0,-35.8224,0,0,-28.3808,0
180,51,Box,1.1,-35.8224,0,0,-28.3808,0
180,52,Box,2.2,-35.8224,0,0,-28.3808,0
180,53,Box,3.2585,-35.8346,0.0724775,-0.102023,-28.4098,0.164184
180,54,Box,4.29846,-36.0948,0.113877,-0.0871242,-28.5282,0.0642556
180,55,Box,5.35369,-36.4344,0.13943,-0.105205,-28.706,-0.0748726
180,56,Box,6.42299,-36.6627,0.24383,-0.110383,-28.73,-0.0358904
180,57,Box,7.68822,-36.4199,0.225985,-0.0395737,-28.6867,-0.0456868
180,58,Box,8.79213,-36.3441,0.187262,-0.072182,-28.6427,-0.112525
180,59,Box,9.85747,-36.0904,0.13856,-0.00014861,-28.5929,-0.0078133
180,60,Box,0,-34.7224,0,0,-28.3808,0
180,61,Box,1.1,-34.7224,0,0,-28.3808,0
180,62,Box,2.1423,-34.7315,0.0607717,-0.170822,-28.396,-0.0767613
180,63,Box,3.1692,-34.7592,0.0216083,-0.100217,-28.4347,0.0219366
180,64,Box,4.22344,-35.1073,0.0856901,-0.109105,-28.5793,-0.0604941
180,65,Box,5.29755,-35.4107,0.0353261,-0.101767,-28.6816,-0.0220732
180,66,Box,6.38977,-35.5818,-0.00419925,-0.09779,-28.7407,-0.0729405
180,67,Box,7.82049,-35.3756,0.0789793,-0.00442569,-28.7402,-0.118576
180,68,Box,8.84719,-35.301,-0.051471,0.0987585,-28.7177,-0.290588
180,69,Box,10.2304,-34.9552,-0.580422,0.276742,-28.6281,-0.446289
180,70,Box,0,-33.6224,0,0,-28.3808,0
180,71,Box,1.099,-33.6262,0.00844192,-0.00784154,-28.4106,0.0659525
180,72,Box,2.11688,-33.6636,-0.00609862,-0.152339,-28.4378,-0.0725005
180,73,Box,3.13833,-33.698,0.0186365,-0.130857,-28.4546,-0.0490031
180,74,Box,4.15598,-34.0382,0.0179086,-0.0823155,-28.5351,-0.00794418
180,75,Box,5.18425,-34.4283,0.0534341,-0.0909581,-28.6722,-0.00578588
180,76,Box,6.94845,-34.5692,-0.523203,0.134752,-28.8907,-0.286612
180,77,Box,8.14476,-34.2951,-0.0592638,0.230806,-28.6507,0.00659017
180,78,Box,9.2363,-34.311,-0.244661,0.335789,-28.7971,-0.257612
180,79,Box,10.8807,-34.1118,-0.789661,0.987892,-28.7919,-0.851763
180,80,Box,-0.656626,-32.3809,-0.136241,-0.531933,-28.2665,-0.0136756
180,81,Box,0.355432,-32.5469,-0.101372,-0.523791,-28.4139,0.00609105
180,82,Box,1.37182,-32.6183,-0.0618523,-0.490319,-28.4093,-0.0168288
180,83,Box,2.37016,-32.6192,-0.0618425,-0.488647,-28.4278,0.0515759
180,84,Box,3.37745,-32.5553,-0.0873045,-0.482776,-28.4126,0.0290015
180,85,Box,4.35447,-32.8984,-0.102564,-0.483283,-28.5297,0.0109456
180,86,Box,6.06185,-33.6123,0.4261,-0.0602669,-28.7506,0.0600858
180,87,Box,10.3589,-32.9579,-1.0603,1.49051,-28.2367,-1.13191
180,88,Box,12.0402,-33.0558,-0.208173,2.17891,-28.6504,-0.547505
180,89,Box,16.2028,-32.9699,0.385138,4.02847,-28.8078,0.323449
180,90,Box,-1.57366,-25.713,4.43119,-0.879204,-25.3701,2.28378
180,91,Box,1.97123,-27.7671,-2.17961,0.487807,-26.4515,-1.31725
180,92,Box,1.90763,-30.6333,-2.16811,-0.254675,-27.8239,-1.26902
180,93,Box,5.05353,-31.2677,-0.0100937,1.05398,-28.2885,0.00815806
180,94,Box,32.3553,-7.87883,-37.5672,15.8267,-15.0602,-21.0805
180,95,Box,11.9607,-31.8728,-4.73551,3.39688,-28.2773,-1.11686
180,96,Box,13.217,-32.3235,-1.28045,3.14034,-29.2073,-1.24229
180,97,Box,16.4677,-31.6183,0.725321,5.00107,-28.3622,0.0726312
180,98,Box,17.9113,-30.9617,0.549342,5.37154,-28.1005,0.306996
180,99,Box,19.5043,-31.353,-0.701888,5.74186,-28.3364,-0.465199
180,100,Circle,12.7146,-32.0693,11.7943,3.25345,-28.7732,3.72228
181,0,Box,0,-41.779,0,0,-28.5376,0
181,1,Box,1.1,-41.779,0,0,-28.5376,0
181,2,Box,2.2,-41.779,0,0,-28.5376,0
181,3,Box,3.3,-41.779,0,0,-28.5376,0
181,4,Box,4.4,-41.779,0,0,-28.5376,0
181,5,Box,5.51048,-41.8694,0.12624,0.0232386,-28.6762,0.334536
181,6,Box,6.65585,-42.0431,0.346585,0.0467591,-28.7541,0.416056
181,7,Box,7.71817,-41.8678,0.177336,0.0349262,-28.7024,0.324218
181,8,Box,8.80097,-41.7839,0.00964662,0.0204538,-28.6397,0.203977
181,9,Box,9.9,-41.779,0,0,-28.5376,0
181,10,Box,0,-40.679,0,0,-28.5376,0
181,11,Box,1.1,-40.679,0,0,-28.5376,0
181,12,Box,2.2,-40.679,0,0,-28.5376,0
181,13,Box,3.3,-40.679,0,0,-28.5376,0
181,14,Box,4.40092,-40.6891,-0.029423,0.00480934,-28.5902,-0.153245
181,15,Box,5.49862,-40.8643,0.0434732,-0.00430258,-28.8038,0.0544036
181,16,Box,6.67067,-41.0077,0.255541,0.0620509,-28.7968,0.145422
181,17,Box,7.74097,-40.8599,0.179181,0.0502235,-28.7421,0.109238
181,18,Box,8.81295,-40.7454,0.115389,0.0299041,-28.6731,0.118949
181,19,Box,9.9,-40.679,0,0.0227723,-28.6514,0.222073
181,20,Box,0,-39.579,0,0,-28.5376,0
181,21,Box,1.1,-39.579,0,0,-28.5376,0
181,22,Box,2.2,-39.579,0,0,-28.5376,0
181,23,Box,3.3,-39.579,0,0,-28.5376,0
181,24,Box,4.38478,-39.6618,-0.0584125,-0.0236078,-28.6679,0.191794
181,25,Box,5.48323,-39.8644,0.119266,0.0109301,-28.7875,0.0849275
181,26,Box,6.67068,-40.0171,0.206498,0.0397394,-28.8394,0.0447396
181,27,Box,7.75859,-39.8549,0.205036,0.0457525,-28.7688,0.0110346
181,28,Box,8.83178,-39.7419,0.159072,0.0284888,-28.7106,0.00800645
181,29,Box,9.91075,-39.6291,0.123629,0.0422488,-28.6575,0.157507
181,30,Box,0,-38.479,0,0,-28.5376,0
181,31,Box,1.1,-38.479,0,0,-28.5376,0
181,32,Box,2.2,-38.479,0,0,-28.5376,0
181,33,Box,3.3,-38.479,0,0,-28.5376,0
181,34,Box,4.38324,-38.6096,0.0338154,0.00103353,-28.6543,0.153217
181,35,Box,5.49071,-38.8633,0.168934,-0.0131206,-28.7978,0.04614
181,36,Box,6.67419,-39.044,0.198292,0.0120336,-28.8196,0.0673495
181,37,Box,7.83448,-38.8468,0.18781,0.103597,-28.8018,-0.0531052
181,38,Box,8.8503,-38.7488,0.184782,0.0206873,-28.7029,0.0233842
181,39,Box,9.92982,-38.6104,0.212062,0.0391198,-28.6619,0.0458918
181,40,Box,0,-37.379,0,0,-28.5376,0
181,41,Box,1.1,-37.379,0,0,-28.5376,0
181,42,Box,2.2,-37.379,0,0,-28.5376,0
181,43,Box,3.3,-37.379,0,0,-28.5376,0
181,44,Box,4.36644,-37.5745,0.0878267,-0.061874,-28.6258,0.0159349
181,45,Box,5.43971,-37.8828,0.179257,-0.0364434,-28.8199,-0.0137676
181,46,Box,6.67002,-38.0609,0.219314,-0.0023811,-28.8592,-0.033284
181,47,Box,7.83438,-37.8414,0.235944,0.0737919,-28.8039,-0.0248465
181,48,Box,8.85895,-37.7651,0.207609,0.00506493,-28.7307,-0.035611
181,49,Box,9.9311,-37.5778,0.33708,-0.0336395,-28.6261,0.135111
181,50,Box,0,-36.279,0,0,-28.5376,0
181,51,Box,1.1,-36.279,0,0,-28.5376,0
181,52,Box,2.2,-36.279,0,0,-28.5376,0
181,53,Box,3.25686,-36.2916,0.0751045,-0.102793,-28.5668,0.164375
181,54,Box,4.2972,-36.5554,0.114905,-0.0867204,-28.6849,0.0613491
181,55,Box,5.35093,-36.8939,0.138232,-0.104796,-28.8628,-0.0757417
181,56,Box,6.42022,-37.1203,0.243256,-0.110409,-28.8868,-0.0358441
181,57,Box,7.68684,-36.8817,0.225254,-0.0397685,-28.8436,-0.0452088
181,58,Box,8.78813,-36.8059,0.185461,-0.0728062,-28.7982,-0.115692
181,59,Box,9.85495,-36.5449,0.138435,-0.0189183,-28.712,-0.0749469
181,60,Box,0,-35.179,0,0,-28.5376,0
181,61,Box,1.1,-35.179,0,0,-28.5376,0
181,62,Box,2.13956,-35.1884,0.0595435,-0.170822,-28.5528,-0.0767613
181,63,Box,3.1676,-35.2166,0.0219593,-0.100217,-28.5915,0.0219366
181,64,Box,4.22156,-35.5655,0.0847222,-0.109105,-28.7361,-0.0604941
181,65,Box,5.29591,-35.8717,0.0349729,-0.101771,-28.8384,-0.0223145
181,66,Box,6.38718,-36.0438,-0.00536629,-0.0977679,-28.8974,-0.0729309
181,67,Box,7.82173,-35.8356,0.0770821,-0.00361107,-28.8963,-0.117346
181,68,Box,8.84685,-35.758,-0.0561204,0.0994292,-28.8719,-0.291145
181,69,Box,10.2387,-35.4099,-0.587563,0.29906,-28.7626,-0.326503
181,70,Box,0,-34.079,0,0,-28.5376,0
181,71,Box,1.09887,-34.0833,0.00949716,-0.00806026,-28.5682,0.067738
181,72,Box,2.11444,-34.1211,-0.00725863,-0.152339,-28.5946,-0.0725005
181,73,Box,3.13624,-34.1557,0.0178525,-0.130857,-28.6114,-0.0490031
181,74,Box,4.15466,-34.4973,0.0177815,-0.0823155,-28.6919,-0.00794418
181,75,Box,5.18277,-34.889,0.0533415,-0.0913229,-28.8291,-0.00604718
181,76,Box,6.94665,-35.0293,-0.527789,0.134099,-29.0469,-0.290447
181,77,Box,8.14871,-34.7514,-0.0591584,0.230806,-28.8075,0.00659017
181,78,Box,9.24252,-34.7709,-0.248783,0.335789,-28.9539,-0.257612
181,79,Box,10.898,-34.5728,-0.803289,0.987892,-28.9487,-0.851763
181,80,Box,-0.665136,-32.8357,-0.13646,-0.531933,-28.4233,-0.0136756
181,81,Box,0.347051,-33.004,-0.101274,-0.523791,-28.5707,0.00609105
181,82,Box,1.36397,-33.0754,-0.0621216,-0.499306,-28.5665,0.00323008
181,83,Box,2.36235,-33.0765,-0.0610173,-0.479441,-28.5833,0.0221149
181,84,Box,3.36972,-33.0124,-0.0868404,-0.482807,-28.5694,0.0288911
181,85,Box,4.34674,-33.3574,-0.102389,-0.483251,-28.6865,0.0109733
181,86,Box,6.06088,-34.0749,0.427061,-0.0599376,-28.9072,0.060079
181,87,Box,10.3828,-33.4122,-1.07841,1.49051,-28.3935,-1.13191
181,88,Box,12.0751,-33.5167,-0.216933,2.17891,-28.8072,-0.547505
181,89,Box,16.2672,-33.4333,0.390313,4.02847,-28.9646,0.323449
181,90,Box,-1.58773,-26.1214,4.46773,-0.879204,-25.5269,2.28378
181,91,Box,1.97903,-28.1928,-2.20068,0.487807,-26.6083,-1.31725
181,92,Box,1.90356,-31.081,-2.18841,-0.254675,-27.9807,-1.26902
181,93,Box,5.0704,-31.7228,-0.00996314,1.05398,-28.4453,0.00815806
181,94,Box,32.6086,-8.12231,-37.9045,15.8267,-15.217,-21.0805
181,95,Box,12.0733,-32.3301,-4.75338,3.43974,-28.4445,-1.09779
181,96,Box,13.4116,-32.7533,-1.30032,3.14034,-29.3641,-1.24229
181,97,Box,16.5477,-32.0746,0.726483,5.00107,-28.519,0.0726312
181,98,Box,17.9972,-31.4138,0.554254,5.37154,-28.2573,0.306996
181,99,Box,19.5961,-31.8089,-0.709331,5.74186,-28.4932,-0.465199
181,100,Circle,12.5088,-32.58,11.8539,3.19887,-28.9167,3.69943
182,0,Box,0,-42.2381,0,0,-28.6944,0
182,1,Box,1.1,-42.2381,0,0,-28.6944,0
182,2,Box,2.2,-42.2381,0,0,-28.6944,0
182,3,Box,3.3,-42.2381,0,0,-28.6944,0
182,4,Box,4.4,-42.2381,0,0,-28.6944,0
182,5,Box,5.51085,-42.3308,0.131593,0.0232386,-28.833,0.334536
182,6,Box,6.6566,-42.5056,0.353242,0.0467591,-28.9109,0.416056
182,7,Box,7.71873,-42.3296,0.182524,0.0349262,-28.8592,0.324218
182,8,Box,8.80129,-42.2446,0.0129103,0.0204538,-28.7965,0.203977
182,9,Box,9.9,-42.2381,0,0,-28.6944,0
182,10,Box,0,-41.1381,0,0,-28.6944,0
182,11,Box,1.1,-41.1381,0,0,-28.6944,0
182,12,Box,2.2,-41.1381,0,0,-28.6944,0
182,13,Box,3.3,-41.1381,0,0,-28.6944,0
182,14,Box,4.401,-41.1491,-0.0318749,0.00480934,-28.747,-0.153245
182,15,Box,5.49855,-41.3277,0.0443437,-0.00430258,-28.9606,0.0544036
182,16,Box,6.67166,-41.4709,0.257868,0.0620509,-28.9536,0.145422
182,17,Box,7.74178,-41.3223,0.180929,0.0502235,-28.8989,0.109238
182,18,Box,8.81343,-41.2067,0.117292,0.0299041,-28.8299,0.118949
182,19,Box,9.90036,-41.14,0.00355317,0.0227723,-28.8082,0.222073
182,20,Box,0,-40.0381,0,0,-28.6944,0
182,21,Box,1.1,-40.0381,0,0,-28.6944,0
182,22,Box,2.2,-40.0381,0,0,-28.6944,0
182,23,Box,3.3,-40.0381,0,0,-28.6944,0
182,24,Box,4.3844,-40.123,-0.0553438,-0.0236078,-28.8247,0.191794
182,25,Box,5.4834,-40.3275,0.120625,0.0109301,-28.9443,0.0849275
182,26,Box,6.67132,-40.481,0.207214,0.0397394,-28.9962,0.0447396
182,27,Box,7.75933,-40.3177,0.205213,0.0457525,-28.9256,0.0110346
182,28,Box,8.83224,-40.2038,0.159201,0.0284888,-28.8674,0.00800645
182,29,Box,9.91143,-40.0901,0.126149,0.0422488,-28.8143,0.157507
182,30,Box,0,-38.9381,0,0,-28.6944,0
182,31,Box,1.1,-38.9381,0,0,-28.6944,0
182,32,Box,2.2,-38.9381,0,0,-28.6944,0
182,33,Box,3.3,-38.9381,0,0,-28.6944,0
182,34,Box,4.38326,-39.0706,0.0362669,0.00103353,-28.8111,0.153217
182,35,Box,5.4905,-39.3266,0.169672,-0.0131206,-28.9546,0.04614
182,36,Box,6.67439,-39.5076,0.199369,0.0120336,-28.9764,0.0673495
182,37,Box,7.83614,-39.3102,0.18696,0.103597,-28.9586,-0.0531052
182,38,Box,8.85063,-39.2105,0.185157,0.0206873,-28.8597,0.0233842
182,39,Box,9.93044,-39.0715,0.212797,0.0391198,-28.8187,0.0458918
182,40,Box,0,-37.8381,0,0,-28.6944,0
182,41,Box,1.1,-37.8381,0,0,-28.6944,0
182,42,Box,2.2,-37.8381,0,0,-28.6944,0
182,43,Box,3.3,-37.8381,0,0,-28.6944,0
182,44,Box,4.36545,-38.035,0.0880817,-0.061874,-28.7826,0.0159349
182,45,Box,5.43913,-38.3465,0.179037,-0.0364434,-28.9767,-0.0137676
182,46,Box,6.66998,-38.5251,0.218782,-0.0023811,-29.016,-0.033284
182,47,Box,7.83556,-38.3047,0.235547,0.0737919,-28.9607,-0.0248465
182,48,Box,8.85903,-38.2273,0.207039,0.00506493,-28.8875,-0.035611
182,49,Box,9.93056,-38.0383,0.339242,-0.0336395,-28.7829,0.135111
182,50,Box,0,-36.7381,0,0,-28.6944,0
182,51,Box,1.1,-36.7381,0,0,-28.6944,0
182,52,Box,2.2,-36.7381,0,0,-28.6944,0
182,53,Box,3.25522,-36.7512,0.0777344,-0.102793,-28.7236,0.164375
182,54,Box,4.29581,-37.0168,0.115887,-0.0867204,-28.8417,0.0613491
182,55,Box,5.34926,-37.3582,0.13702,-0.104796,-29.0196,-0.0757417
182,56,Box,6.41846,-37.585,0.242682,-0.110409,-29.0436,-0.0358441
182,57,Box,7.6862,-37.3457,0.224531,-0.0397685,-29.0004,-0.0452088
182,58,Box,8.78696,-37.2692,0.18361,-0.0728062,-28.955,-0.115692
182,59,Box,9.85465,-37.0068,0.137235,-0.0189183,-28.8688,-0.0749469
182,60,Box,0,-35.6381,0,0,-28.6944,0
182,61,Box,1.1,-35.6381,0,0,-28.6944,0
182,62,Box,2.13683,-35.6477,0.0583153,-0.170822,-28.7096,-0.0767613
182,63,Box,3.16599,-35.6766,0.0223102,-0.100217,-28.7483,0.0219366
182,64,Box,4.21981,-36.0278,0.0837543,-0.109105,-28.8929,-0.0604941
182,65,Box,5.29429,-36.3356,0.0346159,-0.101771,-28.9951,-0.0223145
182,66,Box,6.38562,-36.5086,-0.00653319,-0.0977679,-29.0542,-0.0729309
182,67,Box,7.82167,-36.3005,0.0752046,-0.00361107,-29.0531,-0.117346
182,68,Box,8.84844,-36.2224,-0.0607787,0.0994292,-29.0287,-0.291145
182,69,Box,10.2435,-35.8727,-0.592787,0.29906,-28.9194,-0.326503
182,70,Box,0,-34.5381,0,0,-28.6944,0
182,71,Box,1.09874,-34.5429,0.010581,-0.00806026,-28.725,0.067738
182,72,Box,2.11201,-34.5811,-0.00841864,-0.152339,-28.7514,-0.0725005
182,73,Box,3.13414,-34.616,0.0170684,-0.130857,-28.7682,-0.0490031
182,74,Box,4.15334,-34.9589,0.0176544,-0.0823155,-28.8487,-0.00794418
182,75,Box,5.1813,-35.3527,0.0532448,-0.0913229,-28.9859,-0.00604718
182,76,Box,6.94879,-35.4965,-0.532436,0.134099,-29.2037,-0.290447
182,77,Box,8.1524,-35.2148,-0.0590529,0.230806,-28.9643,0.00659017
182,78,Box,9.2479,-35.2367,-0.252905,0.335789,-29.1107,-0.257612
182,79,Box,10.9138,-35.0385,-0.816917,0.987892,-29.1055,-0.851763
182,80,Box,-0.673647,-33.293,-0.136679,-0.531933,-28.5801,-0.0136756
182,81,Box,0.33867,-33.4637,-0.101177,-0.523791,-28.7275,0.00609105
182,82,Box,1.35598,-33.535,-0.0620699,-0.499306,-28.7233,0.00323008
182,83,Box,2.35468,-33.5363,-0.0606635,-0.479441,-28.7401,0.0221149
182,84,Box,3.362,-33.472,-0.0863782,-0.482807,-28.7262,0.0288911
182,85,Box,4.33901,-33.8189,-0.102213,-0.483251,-28.8433,0.0109733
182,86,Box,6.05992,-34.5399,0.428022,-0.0599376,-29.064,0.060079
182,87,Box,10.4066,-33.869,-1.09652,1.49051,-28.5503,-1.13191
182,88,Box,12.1099,-33.9802,-0.225693,2.17891,-28.964,-0.547505
182,89,Box,16.3317,-33.8993,0.395488,4.02847,-29.1214,0.323449
182,90,Box,-1.6018,-26.5323,4.50427,-0.879204,-25.6837,2.28378
182,91,Box,1.98683,-28.6211,-2.22176,0.487807,-26.7651,-1.31725
182,92,Box,1.89948,-31.5312,-2.20872,-0.254675,-28.1375,-1.26902
182,93,Box,5.08726,-32.1805,-0.00983262,1.05398,-28.6021,0.00815806
182,94,Box,32.8618,-8.36829,-38.2418,15.8267,-15.3738,-21.0805
182,95,Box,11.9876,-32.7795,-4.77094,3.43974,-28.6013,-1.09779
182,96,Box,13.4232,-33.2355,-1.3202,2.98535,-29.5292,-0.969801
182,97,Box,16.6277,-32.5334,0.727645,5.00107,-28.6758,0.0726312
182,98,Box,18.0832,-31.8685,0.559166,5.37154,-28.4141,0.306996
182,99,Box,19.688,-32.2673,-0.716775,5.74186,-28.65,-0.465199
182,100,Circle,12.7883,-33.0431,11.9131,3.39621,-29.063,3.59743
183,0,Box,0,-42.6998,0,0,-28.8512,0
183,1,Box,1.1,-42.6998,0,0,-28.8512,0
183,2,Box,2.2,-42.6998,0,0,-28.8512,0
183,3,Box,3.3,-42.6998,0,0,-28.8512,0
183,4,Box,4.4,-42.6998,0,0,-28.8512,0
183,5,Box,5.51123,-42.7946,0.136945,0.0232386,-28.9898,0.334536
183,6,Box,6.65735,-42.9707,0.359899,0.0467591,-29.0677,0.416056
183,7,Box,7.71929,-42.7938,0.187711,0.0349262,-29.016,0.324218
183,8,Box,8.80162,-42.7079,0.0161739,0.0204538,-28.9533,0.203977
183,9,Box,9.9,-42.6998,0,0,-28.8512,0
183,10,Box,0,-41.5998,0,0,-28.8512,0
183,11,Box,1.1,-41.5998,0,0,-28.8512,0
183,12,Box,2.2,-41.5998,0,0,-28.8512,0
183,13,Box,3.3,-41.5998,0,0,-28.8512,0
183,14,Box,4.40107,-41.6116,-0.0343268,0.00480934,-28.9038,-0.153245
183,15,Box,5.49849,-41.7936,0.0452141,-0.00430258,-29.1174,0.0544036
183,16,Box,6.67266,-41.9367,0.260194,0.0620509,-29.1103,0.145422
183,17,Box,7.74258,-41.7872,0.182676,0.0502235,-29.0557,0.109238
183,18,Box,8.81391,-41.6705,0.119195,0.0299041,-28.9867,0.118949
183,19,Box,9.90073,-41.6034,0.00710634,0.0227723,-28.965,0.222073
183,20,Box,0,-40.4998,0,0,-28.8512,0
183,21,Box,1.1,-40.4998,0,0,-28.8512,0
183,22,Box,2.2,-40.4998,0,0,-28.8512,0
183,23,Box,3.3,-40.4998,0,0,-28.8512,0
183,24,Box,4.38403,-40.5867,-0.0522751,-0.0236078,-28.9815,0.191794
183,25,Box,5.48358,-40.7931,0.121983,0.0109301,-29.1011,0.0849275
183,26,Box,6.67195,-40.9475,0.20793,0.0397394,-29.153,0.0447396
183,27,Box,7.76006,-40.7831,0.20539,0.0457525,-29.0823,0.0110346
183,28,Box,8.83269,-40.6682,0.159329,0.0284888,-29.0242,0.00800645
183,29,Box,9.9121,-40.5537,0.128669,0.0422488,-28.9711,0.157507
183,30,Box,0,-39.3998,0,0,-28.8512,0
183,31,Box,1.1,-39.3998,0,0,-28.8512,0
183,32,Box,2.2,-39.3998,0,0,-28.8512,0
183,33,Box,3.3,-39.3998,0,0,-28.8512,0
183,34,Box,4.38327,-39.5341,0.0387184,0.00103353,-28.9679,0.153217
183,35,Box,5.49029,-39.7924,0.170411,-0.0131206,-29.1114,0.04614
183,36,Box,6.67458,-39.9738,0.200447,0.0120336,-29.1332,0.0673495
183,37,Box,7.83779,-39.776,0.186111,0.103597,-29.1154,-0.0531052
183,38,Box,8.85097,-39.6748,0.185531,0.0206873,-29.0165,0.0233842
183,39,Box,9.93107,-39.5351,0.213531,0.0391198,-28.9755,0.0458918
183,40,Box,0,-38.2998,0,0,-28.8512,0
183,41,Box,1.1,-38.2998,0,0,-28.8512,0
183,42,Box,2.2,-38.2998,0,0,-28.8512,0
183,43,Box,3.3,-38.2998,0,0,-28.8512,0
183,44,Box,4.36446,-38.4981,0.0883366,-0.061874,-28.9394,0.0159349
183,45,Box,5.43855,-38.8126,0.178816,-0.0364434,-29.1335,-0.0137676
183,46,Box,6.66994,-38.9919,0.218249,-0.0023811,-29.1728,-0.033284
183,47,Box,7.83674,-38.7706,0.235149,0.0737919,-29.1175,-0.0248465
183,48,Box,8.85911,-38.692,0.206469,0.00506493,-29.0443,-0.035611
183,49,Box,9.93002,-38.5014,0.341404,-0.0336395,-28.9397,0.135111
183,50,Box,0,-37.1998,0,0,-28.8512,0
183,51,Box,1.1,-37.1998,0,0,-28.8512,0
183,52,Box,2.2,-37.1998,0,0,-28.8512,0
183,53,Box,3.25358,-37.2133,0.0803644,-0.102793,-28.8804,0.164375
183,54,Box,4.29443,-37.4808,0.116868,-0.0867204,-28.9985,0.0613491
183,55,Box,5.34758,-37.8251,0.135808,-0.104796,-29.1764,-0.0757417
183,56,Box,6.41666,-38.0559,0.242109,-0.110423,-29.2005,-0.035748
183,57,Box,7.68557,-37.8122,0.223807,-0.0397685,-29.1572,-0.0452088
183,58,Box,8.7858,-37.735,0.181759,-0.0728062,-29.1118,-0.115692
183,59,Box,9.85434,-37.4712,0.136036,-0.0189183,-29.0256,-0.0749469
183,60,Box,0,-36.0998,0,0,-28.8512,0
183,61,Box,1.1,-36.0998,0,0,-28.8512,0
183,62,Box,2.1341,-36.1096,0.0570872,-0.170822,-28.8664,-0.0767613
183,63,Box,3.16439,-36.1391,0.0226612,-0.100217,-28.9051,0.0219366
183,64,Box,4.21807,-36.4925,0.0827864,-0.109105,-29.0497,-0.0604941
183,65,Box,5.29266,-36.802,0.0342589,-0.101771,-29.1519,-0.0223145
183,66,Box,6.38309,-36.974,-0.00770008,-0.097754,-29.211,-0.0729241
183,67,Box,7.82161,-36.7678,0.073327,-0.00361107,-29.2099,-0.117346
183,68,Box,8.85003,-36.6894,-0.065437,0.0994292,-29.1855,-0.291145
183,69,Box,10.2483,-36.3379,-0.598011,0.29906,-29.0762,-0.326503
183,70,Box,0,-34.9998,0,0,-28.8512,0
183,71,Box,1.09861,-35.005,0.0116648,-0.00806026,-28.8818,0.067738
183,72,Box,2.10957,-35.0437,-0.00957865,-0.152339,-28.9082,-0.0725005
183,73,Box,3.13205,-35.0788,0.0162844,-0.130857,-28.925,-0.0490031
183,74,Box,4.15203,-35.423,0.0175273,-0.0823155,-29.0055,-0.00794418
183,75,Box,5.17984,-35.819,0.053148,-0.0913229,-29.1427,-0.00604718
183,76,Box,6.95193,-35.9646,-0.537083,0.134099,-29.3605,-0.290447
183,77,Box,8.1561,-35.6808,-0.0589475,0.230806,-29.1211,0.00659017
183,78,Box,9.25327,-35.705,-0.257027,0.335789,-29.2675,-0.257612
183,79,Box,10.9296,-35.5067,-0.830545,0.987892,-29.2623,-0.851763
183,80,Box,-0.682158,-33.7527,-0.136898,-0.531933,-28.7369,-0.0136756
183,81,Box,0.33029,-33.9258,-0.10108,-0.523791,-28.8843,0.00609105
183,82,Box,1.34799,-33.997,-0.0620182,-0.499306,-28.8801,0.00323008
183,83,Box,2.347,-33.9987,-0.0603096,-0.479441,-28.8969,0.0221149
183,84,Box,3.35427,-33.9341,-0.0859159,-0.482807,-28.883,0.0288911
183,85,Box,4.33127,-34.2829,-0.102038,-0.483251,-29.0001,0.0109733
183,86,Box,6.05896,-35.0074,0.428984,-0.0599376,-29.2208,0.060079
183,87,Box,10.4305,-34.3283,-1.11463,1.49051,-28.7071,-1.13191
183,88,Box,12.1448,-34.4461,-0.234453,2.17891,-29.1208,-0.547505
183,89,Box,16.3961,-34.3677,0.400663,4.02847,-29.2782,0.323449
183,90,Box,-1.61587,-26.9458,4.54081,-0.879204,-25.8405,2.28378
183,91,Box,1.99464,-29.0518,-2.24284,0.487807,-26.9219,-1.31725
183,92,Box,1.89541,-31.9839,-2.22902,-0.254675,-28.2943,-1.26902
183,93,Box,5.10412,-32.6406,-0.00970209,1.05398,-28.7589,0.00815806
183,94,Box,33.115,-8.61678,-38.5791,15.8267,-15.5306,-21.0805
183,95,Box,12.0852,-33.2428,-4.78851,3.56843,-28.7942,-1.01174
183,96,Box,13.3643,-33.736,-1.33572,2.98535,-29.686,-0.969801
183,97,Box,16.7077,-32.9947,0.728807,5.00107,-28.8326,0.0726312
183,98,Box,18.1691,-32.3256,0.564077,5.37154,-28.5709,0.306996
183,99,Box,19.7799,-32.7282,-0.724218,5.74186,-28.8068,-0.465199
183,100,Circle,12.9243,-33.474,11.9706,3.23236,-29.1738,3.51245
184,0,Box,0,-43.1639,0,0,-29.008,0
184,1,Box,1.1,-43.1639,0,0,-29.008,0
184,2,Box,2.2,-43.1639,0,0,-29.008,0
184,3,Box,3.3,-43.1639,0,0,-29.008,0
184,4,Box,4.4,-43.1639,0,0,-29.008,0
184,5,Box,5.51197,-43.2691,0.142298,0.0231125,-29.1475,0.336213
184,6,Box,6.66084,-43.4485,0.366556,0.0289262,-29.2318,0.35685
184,7,Box,7.71984,-43.2606,0.192899,0.0527591,-29.1654,0.355702
184,8,Box,8.80195,-43.1736,0.0194375,0.0214531,-29.1147,0.212624
184,9,Box,9.9,-43.1639,0,0,-29.008,0
184,10,Box,0,-42.0639,0,0,-29.008,0
184,11,Box,1.1,-42.0639,0,0,-29.008,0
184,12,Box,2.2,-42.0639,0,0,-29.008,0
184,13,Box,3.3,-42.0639,0,0,-29.008,0
184,14,Box,4.40115,-42.0765,-0.0367787,0.00480934,-29.0606,-0.153245
184,15,Box,5.49827,-42.2588,0.0460846,-0.00407586,-29.2738,0.0543726
184,16,Box,6.67332,-42.4061,0.262521,0.0620509,-29.2671,0.145422
184,17,Box,7.74376,-42.2567,0.184424,0.0502235,-29.2125,0.109238
184,18,Box,8.81463,-42.1388,0.121099,0.0326173,-29.1502,0.120917
184,19,Box,9.90109,-42.0694,0.0106595,0.0227723,-29.1218,0.222073
184,20,Box,0,-40.9639,0,0,-29.008,0
184,21,Box,1.1,-40.9639,0,0,-29.008,0
184,22,Box,2.2,-40.9639,0,0,-29.008,0
184,23,Box,3.3,-40.9639,0,0,-29.008,0
184,24,Box,4.38365,-41.0529,-0.0492064,-0.0236078,-29.1383,0.191794
184,25,Box,5.48393,-41.2595,0.123342,0.0109064,-29.2577,0.0838973
184,26,Box,6.67195,-41.4137,0.208646,0.0397394,-29.3098,0.0447396
184,27,Box,7.76125,-41.2533,0.205566,0.0457525,-29.2391,0.0110346
184,28,Box,8.83362,-41.1375,0.159457,0.0302312,-29.1924,0.00563848
184,29,Box,9.91327,-41.0234,0.131189,0.0422488,-29.1279,0.157507
184,30,Box,0,-39.8639,0,0,-29.008,0
184,31,Box,1.1,-39.8639,0,0,-29.008,0
184,32,Box,2.2,-39.8639,0,0,-29.008,0
184,33,Box,3.3,-39.8639,0,0,-29.008,0
184,34,Box,4.38329,-40.0001,0.0411699,0.00103353,-29.1247,0.153217
184,35,Box,5.49016,-40.2602,0.171149,-0.0131975,-29.268,0.0453075
184,36,Box,6.67453,-40.4412,0.201524,0.0120336,-29.29,0.0673495
184,37,Box,7.83948,-40.2445,0.185261,0.103588,-29.273,-0.0513439
184,38,Box,8.85202,-40.1447,0.185905,0.0148343,-29.1853,0.0297924
184,39,Box,9.93306,-40.0061,0.214265,0.0391198,-29.1323,0.0458918
184,40,Box,0,-38.7639,0,0,-29.008,0
184,41,Box,1.1,-38.7639,0,0,-29.008,0
184,42,Box,2.2,-38.7639,0,0,-29.008,0
184,43,Box,3.3,-38.7639,0,0,-29.008,0
184,44,Box,4.36347,-38.9636,0.0885916,-0.061874,-29.0962,0.0159349
184,45,Box,5.43792,-39.2817,0.178596,-0.0364566,-29.2905,-0.0133054
184,46,Box,6.66997,-39.4601,0.217717,-0.00237051,-29.3299,-0.0326991
184,47,Box,7.83825,-39.2396,0.234752,0.0738334,-29.2748,-0.023664
184,48,Box,8.85985,-39.1631,0.205899,0.00472413,-29.2087,-0.0191519
184,49,Box,9.92937,-38.9712,0.343566,-0.0336693,-29.097,0.13586
184,50,Box,0,-37.6639,0,0,-29.008,0
184,51,Box,1.1,-37.6639,0,0,-29.008,0
184,52,Box,2.2,-37.6639,0,0,-29.008,0
184,53,Box,3.25193,-37.6779,0.0829944,-0.103804,-29.0375,0.164547
184,54,Box,4.29322,-37.9495,0.11785,-0.0862108,-29.1552,0.0574863
184,55,Box,5.34482,-38.292,0.134596,-0.104264,-29.3333,-0.0765118
184,56,Box,6.41393,-38.5211,0.241537,-0.110473,-29.3572,-0.0357523
184,57,Box,7.68414,-38.2816,0.223084,-0.0399733,-29.3141,-0.0446626
184,58,Box,8.78166,-38.2042,0.179908,-0.087447,-29.2824,-0.106223
184,59,Box,9.85267,-37.9324,0.134837,0.00433901,-29.1882,-0.113488
184,60,Box,0,-36.5639,0,0,-29.008,0
184,61,Box,1.1,-36.5639,0,0,-29.008,0
184,62,Box,2.13136,-36.574,0.055859,-0.170822,-29.0232,-0.0767613
184,63,Box,3.16279,-36.6041,0.0230122,-0.100217,-29.0619,0.0219366
184,64,Box,4.21614,-36.9577,0.0818185,-0.109167,-29.2066,-0.0604919
184,65,Box,5.29103,-37.2706,0.0339018,-0.10171,-29.3086,-0.0224573
184,66,Box,6.38052,-37.4435,-0.00886687,-0.0977142,-29.3676,-0.0729008
184,67,Box,7.82268,-37.2355,0.0714495,-0.00277217,-29.3659,-0.116027
184,68,Box,8.85004,-37.1545,-0.0700954,0.0974492,-29.3219,-0.180212
184,69,Box,10.256,-36.8013,-0.603235,0.29906,-29.233,-0.326503
184,70,Box,0,-35.4639,0,0,-29.008,0
184,71,Box,1.09848,-35.4696,0.0127486,-0.0813103,-29.0642,-0.0908305
184,72,Box,2.10713,-35.5087,-0.0107387,-0.0851366,-29.0621,0.102163
184,73,Box,3.12996,-35.5441,0.0155003,-0.130857,-29.0818,-0.0490031
184,74,Box,4.15071,-35.8896,0.0174002,-0.0823155,-29.1623,-0.00794418
184,75,Box,5.17835,-36.2873,0.0530513,-0.0917424,-29.2995,-0.00685313
184,76,Box,6.94984,-36.432,-0.54173,0.133433,-29.5167,-0.29431
184,77,Box,8.16011,-36.1437,-0.0588421,0.224938,-29.2359,-0.00538311
184,78,Box,9.25949,-36.1726,-0.261148,0.335789,-29.4242,-0.257612
184,79,Box,10.9471,-35.9749,-0.844173,0.987892,-29.4191,-0.851763
184,80,Box,-0.690669,-34.215,-0.137117,-0.531933,-28.8937,-0.0136756
184,81,Box,0.321909,-34.3905,-0.100982,-0.523791,-29.0411,0.00609105
184,82,Box,1.34,-34.4616,-0.0619665,-0.498044,-29.0148,-0.0310113
184,83,Box,2.33933,-34.4636,-0.0599558,-0.474656,-29.0531,0.00675542
184,84,Box,3.34655,-34.3988,-0.0854537,-0.482838,-29.0398,0.0287837
184,85,Box,4.32354,-34.7494,-0.101862,-0.48322,-29.1569,0.010999
184,86,Box,6.05801,-35.4775,0.429945,-0.059535,-29.3773,0.0600538
184,87,Box,10.4543,-34.7901,-1.13274,1.49051,-28.8639,-1.13191
184,88,Box,12.1797,-34.9145,-0.243213,2.17891,-29.2776,-0.547505
184,89,Box,16.4606,-34.8387,0.405838,4.02847,-29.435,0.323449
184,90,Box,-1.62993,-27.3617,4.57735,-0.879204,-25.9973,2.28378
184,91,Box,2.00244,-29.4851,-2.26391,0.487807,-27.0787,-1.31725
184,92,Box,1.89134,-32.4391,-2.24933,-0.254675,-28.4511,-1.26902
184,93,Box,5.12099,-33.1033,-0.00957156,1.05398,-28.9157,0.00815806
184,94,Box,33.3683,-8.86778,-38.9163,15.8267,-15.6874,-21.0805
184,95,Box,12.1423,-33.7061,-4.80469,3.56843,-28.951,-1.01174
184,96,Box,13.57,-34.1782,-1.35124,2.98753,-29.8418,-0.975857
184,97,Box,16.7877,-33.4586,0.729969,5.00107,-28.9894,0.0726312
184,98,Box,18.2551,-32.7852,0.568989,5.37154,-28.7277,0.306996
184,99,Box,19.8717,-33.1916,-0.731661,5.74186,-28.9636,-0.465199
184,100,Circle,12.7748,-33.9882,12.0268,3.22958,-29.3319,3.51245
185,0,Box,0,-43.6305,0,0,-29.1648,0
185,1,Box,1.1,-43.6305,0,0,-29.1648,0
185,2,Box,2.2,-43.6305,0,0,-29.1648,0
185,3,Box,3.3,-43.6305,0,0,-29.1648,0
185,4,Box,4.4,-43.6305,0,0,-29.1648,0
185,5,Box,5.51234,-43.738,0.147677,0.0231125,-29.3043,0.336213
185,6,Box,6.66131,-43.9188,0.372266,0.0289262,-29.3886,0.35685
185,7,Box,7.72069,-43.7298,0.19859,0.0527591,-29.3222,0.355702
185,8,Box,8.80229,-43.642,0.0228395,0.0214531,-29.2715,0.212624
185,9,Box,9.9,-43.6305,0,0,-29.1648,0
185,10,Box,0,-42.5305,0,0,-29.1648,0
185,11,Box,1.1,-42.5305,0,0,-29.1648,0
185,12,Box,2.2,-42.5305,0,0,-29.1648,0
185,13,Box,3.3,-42.5305,0,0,-29.1648,0
185,14,Box,4.40123,-42.544,-0.0392306,0.00480934,-29.2174,-0.153245
185,15,Box,5.49821,-42.7297,0.0469546,-0.00407586,-29.4306,0.0543726
185,16,Box,6.67431,-42.8769,0.264848,0.0620509,-29.4239,0.145422
185,17,Box,7.74457,-42.7266,0.186172,0.0502235,-29.3693,0.109238
185,18,Box,8.81515,-42.6077,0.123033,0.0326173,-29.307,0.120917
185,19,Box,9.90146,-42.5378,0.0142127,0.0227723,-29.2786,0.222073
185,20,Box,0,-41.4305,0,0,-29.1648,0
185,21,Box,1.1,-41.4305,0,0,-29.1648,0
185,22,Box,2.2,-41.4305,0,0,-29.1648,0
185,23,Box,3.3,-41.4305,0,0,-29.1648,0
185,24,Box,4.38327,-41.5216,-0.0461377,-0.0236078,-29.2951,0.191794
185,25,Box,5.48411,-41.7302,0.124685,0.0109064,-29.4145,0.0838973
185,26,Box,6.67259,-41.8852,0.209362,0.0397394,-29.4666,0.0447396
185,27,Box,7.76198,-41.7237,0.205743,0.0457525,-29.3959,0.0110346
185,28,Box,8.8341,-41.6071,0.159547,0.0302312,-29.3492,0.00563848
185,29,Box,9.91395,-41.492,0.13371,0.0422488,-29.2847,0.157507
185,30,Box,0,-40.3305,0,0,-29.1648,0
185,31,Box,1.1,-40.3305,0,0,-29.1648,0
185,32,Box,2.2,-40.3305,0,0,-29.1648,0
185,33,Box,3.3,-40.3305,0,0,-29.1648,0
185,34,Box,4.38331,-40.4686,0.0436213,0.00103353,-29.2815,0.153217
185,35,Box,5.48995,-40.731,0.171874,-0.0131975,-29.4248,0.0453075
185,36,Box,6.67472,-40.9124,0.202602,0.0120336,-29.4468,0.0673495
185,37,Box,7.84113,-40.7154,0.184439,0.103588,-29.4298,-0.0513439
185,38,Box,8.85226,-40.6142,0.186382,0.0148343,-29.3421,0.0297924
185,39,Box,9.93369,-40.4747,0.214999,0.0391198,-29.2891,0.0458918
185,40,Box,0,-39.2305,0,0,-29.1648,0
185,41,Box,1.1,-39.2305,0,0,-29.1648,0
185,42,Box,2.2,-39.2305,0,0,-29.1648,0
185,43,Box,3.3,-39.2305,0,0,-29.1648,0
185,44,Box,4.36248,-39.4317,0.0888466,-0.061874,-29.253,0.0159349
185,45,Box,5.43734,-39.7529,0.178383,-0.0364566,-29.4473,-0.0133054
185,46,Box,6.66993,-39.9319,0.217193,-0.00237051,-29.4867,-0.0326991
185,47,Box,7.83943,-39.7105,0.234373,0.0738334,-29.4316,-0.023664
185,48,Box,8.85992,-39.6329,0.205593,0.00472413,-29.3655,-0.0191519
185,49,Box,9.92883,-39.4393,0.345739,-0.0336693,-29.2538,0.13586
185,50,Box,0,-38.1305,0,0,-29.1648,0
185,51,Box,1.1,-38.1305,0,0,-29.1648,0
185,52,Box,2.2,-38.1305,0,0,-29.1648,0
185,53,Box,3.25027,-38.145,0.0856272,-0.103804,-29.1943,0.164547
185,54,Box,4.29184,-38.4185,0.11877,-0.0862108,-29.312,0.0574863
185,55,Box,5.34315,-38.7639,0.133372,-0.104264,-29.4901,-0.0765118
185,56,Box,6.41216,-38.9933,0.240965,-0.110473,-29.514,-0.0357523
185,57,Box,7.6835,-38.7531,0.22237,-0.0399733,-29.4709,-0.0446626
185,58,Box,8.78026,-38.6753,0.178208,-0.087447,-29.4392,-0.106223
185,59,Box,9.85274,-38.4019,0.133021,0.00433901,-29.345,-0.113488
185,60,Box,0,-37.0305,0,0,-29.1648,0
185,61,Box,1.1,-37.0305,0,0,-29.1648,0
185,62,Box,2.12863,-37.0409,0.0546308,-0.170822,-29.18,-0.0767613
185,63,Box,3.16118,-37.0716,0.0233632,-0.100217,-29.2187,0.0219366
185,64,Box,4.2144,-37.4275,0.0808506,-0.109167,-29.3634,-0.0604919
185,65,Box,5.2894,-37.742,0.0335425,-0.10171,-29.4654,-0.0224573
185,66,Box,6.37895,-37.9159,-0.0100333,-0.0977142,-29.5244,-0.0729008
185,67,Box,7.82264,-37.7079,0.0695931,-0.00277217,-29.5227,-0.116027
185,68,Box,8.8516,-37.6262,-0.0729787,0.0974492,-29.4787,-0.180212
185,69,Box,10.2608,-37.2716,-0.608459,0.29906,-29.3898,-0.326503
185,70,Box,0,-35.9305,0,0,-29.1648,0
185,71,Box,1.09718,-35.9372,0.0112953,-0.0813103,-29.221,-0.0908305
185,72,Box,2.10577,-35.9762,-0.00910404,-0.0851366,-29.2189,0.102163
185,73,Box,3.12786,-36.012,0.0147163,-0.130857,-29.2386,-0.0490031
185,74,Box,4.14939,-36.3587,0.0172731,-0.0823155,-29.3191,-0.00794418
185,75,Box,5.17689,-36.7586,0.0529416,-0.0917424,-29.4563,-0.00685313
185,76,Box,6.95198,-36.9068,-0.546439,0.133433,-29.6735,-0.29431
185,77,Box,8.16371,-36.614,-0.0589282,0.224938,-29.3927,-0.00538311
185,78,Box,9.26487,-36.6459,-0.26527,0.335789,-29.581,-0.257612
185,79,Box,10.963,-36.4481,-0.857802,0.987892,-29.5759,-0.851763
185,80,Box,-0.69918,-34.6799,-0.137335,-0.531933,-29.0505,-0.0136756
185,81,Box,0.313528,-34.8577,-0.100885,-0.523791,-29.1979,0.00609105
185,82,Box,1.33204,-34.9284,-0.0624627,-0.498044,-29.1716,-0.0310113
185,83,Box,2.33174,-34.9309,-0.0598477,-0.474656,-29.2099,0.00675542
185,84,Box,3.33882,-34.8659,-0.0849931,-0.482838,-29.1966,0.0287837
185,85,Box,4.31581,-35.2184,-0.101686,-0.48322,-29.3137,0.010999
185,86,Box,6.05705,-35.95,0.430906,-0.059535,-29.5341,0.0600538
185,87,Box,10.4782,-35.2544,-1.15085,1.49051,-29.0207,-1.13191
185,88,Box,12.2145,-35.3855,-0.251973,2.17891,-29.4344,-0.547505
185,89,Box,16.525,-35.3122,0.411013,4.02847,-29.5918,0.323449
185,90,Box,-1.644,-27.7802,4.61389,-0.879204,-26.1541,2.28378
185,91,Box,2.01025,-29.9208,-2.28499,0.487807,-27.2355,-1.31725
185,92,Box,1.88726,-32.8968,-2.26963,-0.254675,-28.6079,-1.26902
185,93,Box,5.13785,-33.5684,-0.00944103,1.05398,-29.0725,0.00815806
185,94,Box,33.6215,-9.12128,-39.2536,15.8267,-15.8442,-21.0805
185,95,Box,12.2848,-34.1811,-4.82088,3.56843,-29.1078,-1.01174
185,96,Box,13.5545,-34.6713,-1.36685,2.98474,-29.9986,-0.971682
185,97,Box,16.8677,-33.9249,0.731131,5.00107,-29.1462,0.0726312
185,98,Box,18.341,-33.2474,0.573901,5.37154,-28.8845,0.306996
185,99,Box,19.9636,-33.6575,-0.739104,5.74186,-29.1204,-0.465199
185,100,Circle,12.7985,-34.4315,12.083,3.23314,-29.4886,3.51114
186,0,Box,0,-44.0997,0,0,-29.3216,0
186,1,Box,1.1,-44.0997,0,0,-29.3216,0
186,2,Box,2.2,-44.0997,0,0,-29.3216,0
186,3,Box,3.3,-44.0997,0,0,-29.3216,0
186,4,Box,4.4,-44.0997,0,0,-29.3216,0
186,5,Box,5.51271,-44.2093,0.153057,0.0231125,-29.4611,0.336213
186,6,Box,6.66177,-44.3915,0.377975,0.0289262,-29.5454,0.35685
186,7,Box,7.72153,-44.2014,0.204281,0.0527591,-29.479,0.355702
186,8,Box,8.80264,-44.1128,0.0262415,0.0214531,-29.4283,0.212624
186,9,Box,9.9,-44.0997,0,0,-29.3216,0
186,10,Box,0,-42.9997,0,0,-29.3216,0
186,11,Box,1.1,-42.9997,0,0,-29.3216,0
186,12,Box,2.2,-42.9997,0,0,-29.3216,0
186,13,Box,3.3,-42.9997,0,0,-29.3216,0
186,14,Box,4.40131,-43.014,-0.0416825,0.00480934,-29.3742,-0.153245
186,15,Box,5.49814,-43.2031,0.0478245,-0.00407586,-29.5874,0.0543726
186,16,Box,6.67531,-43.3502,0.267175,0.0620509,-29.5807,0.145422
186,17,Box,7.74537,-43.199,0.18792,0.0502235,-29.5261,0.109238
186,18,Box,8.81567,-43.0791,0.124968,0.0326173,-29.4638,0.120917
186,19,Box,9.90182,-43.0088,0.0177659,0.0227723,-29.4354,0.222073
186,20,Box,0,-41.8997,0,0,-29.3216,0
186,21,Box,1.1,-41.8997,0,0,-29.3216,0
186,22,Box,2.2,-41.8997,0,0,-29.3216,0
186,23,Box,3.3,-41.8997,0,0,-29.3216,0
186,24,Box,4.38289,-41.9928,-0.043069,-0.0236078,-29.4519,0.191794
186,25,Box,5.48428,-42.2033,0.126027,0.0109064,-29.5713,0.0838973
186,26,Box,6.67322,-42.3592,0.210078,0.0397394,-29.6234,0.0447396
186,27,Box,7.76271,-42.1965,0.205919,0.0457525,-29.5527,0.0110346
186,28,Box,8.83459,-42.0792,0.159637,0.0302312,-29.506,0.00563848
186,29,Box,9.91462,-41.9631,0.13623,0.0422488,-29.4415,0.157507
186,30,Box,0,-40.7997,0,0,-29.3216,0
186,31,Box,1.1,-40.7997,0,0,-29.3216,0
186,32,Box,2.2,-40.7997,0,0,-29.3216,0
186,33,Box,3.3,-40.7997,0,0,-29.3216,0
186,34,Box,4.38332,-40.9396,0.0460728,0.00103353,-29.4383,0.153217
186,35,Box,5.48974,-41.2043,0.172599,-0.0131975,-29.5816,0.0453075
186,36,Box,6.67492,-41.386,0.20368,0.0120336,-29.6036,0.0673495
186,37,Box,7.84279,-41.1888,0.183618,0.103588,-29.5866,-0.0513439
186,38,Box,8.85249,-41.0862,0.186858,0.0148343,-29.4989,0.0297924
186,39,Box,9.93431,-40.9458,0.215734,0.0391198,-29.4459,0.0458918
186,40,Box,0,-39.6997,0,0,-29.3216,0
186,41,Box,1.1,-39.6997,0,0,-29.3216,0
186,42,Box,2.2,-39.6997,0,0,-29.3216,0
186,43,Box,3.3,-39.6997,0,0,-29.3216,0
186,44,Box,4.36149,-39.9022,0.0891015,-0.061874,-29.4098,0.0159349
186,45,Box,5.43675,-40.2265,0.17817,-0.0364566,-29.6041,-0.0133054
186,46,Box,6.66989,-40.4062,0.21667,-0.00237051,-29.6434,-0.0326991
186,47,Box,7.84061,-40.1839,0.233994,0.0738334,-29.5884,-0.023664
186,48,Box,8.86,-40.1053,0.205287,0.00472413,-29.5223,-0.0191519
186,49,Box,9.92829,-39.9098,0.347913,-0.0336693,-29.4106,0.13586
186,50,Box,0,-38.5997,0,0,-29.3216,0
186,51,Box,1.1,-38.5997,0,0,-29.3216,0
186,52,Box,2.2,-38.5997,0,0,-29.3216,0
186,53,Box,3.24861,-38.6146,0.0882599,-0.103804,-29.3511,0.164547
186,54,Box,4.29046,-38.89,0.11969,-0.0862108,-29.4688,0.0574863
186,55,Box,5.34149,-39.2382,0.132148,-0.104264,-29.6469,-0.0765118
186,56,Box,6.41036,-39.4716,0.240393,-0.110487,-29.6709,-0.0356588
186,57,Box,7.68286,-39.2272,0.221655,-0.0399733,-29.6277,-0.0446626
186,58,Box,8.77887,-39.1488,0.176509,-0.087447,-29.596,-0.106223
186,59,Box,9.85281,-38.874,0.131206,0.00433901,-29.5018,-0.113488
186,60,Box,0,-37.4997,0,0,-29.3216,0
186,61,Box,1.1,-37.4997,0,0,-29.3216,0
186,62,Box,2.1259,-37.5103,0.0534026,-0.170822,-29.3368,-0.0767613
186,63,Box,3.15958,-37.5416,0.0237142,-0.100217,-29.3755,0.0219366
186,64,Box,4.21265,-37.8998,0.0798827,-0.109167,-29.5202,-0.0604919
186,65,Box,5.28777,-38.216,0.0331832,-0.10171,-29.6222,-0.0224573
186,66,Box,6.37645,-38.3888,-0.0111997,-0.0977003,-29.6811,-0.072892
186,67,Box,7.8226,-38.1828,0.0677367,-0.00277217,-29.6795,-0.116027
186,68,Box,8.85316,-38.1003,-0.0758621,0.0974492,-29.6355,-0.180212
186,69,Box,10.2656,-37.7443,-0.613683,0.29906,-29.5466,-0.326503
186,70,Box,0,-36.3997,0,0,-29.3216,0
186,71,Box,1.09588,-36.4072,0.00984201,-0.0813103,-29.3778,-0.0908305
186,72,Box,2.10441,-36.4462,-0.00746943,-0.0851366,-29.3757,0.102163
186,73,Box,3.12577,-36.4823,0.0139322,-0.130857,-29.3954,-0.0490031
186,74,Box,4.14808,-36.8303,0.0171459,-0.0823155,-29.4759,-0.00794418
186,75,Box,5.17542,-37.2324,0.052832,-0.0917424,-29.6131,-0.00685313
186,76,Box,6.95509,-37.3825,-0.551148,0.133433,-29.8303,-0.29431
186,77,Box,8.16731,-37.0868,-0.0590143,0.224938,-29.5495,-0.00538311
186,78,Box,9.27024,-37.1217,-0.269392,0.335789,-29.7378,-0.257612
186,79,Box,10.9788,-36.9238,-0.87143,0.987892,-29.7327,-0.851763
186,80,Box,-0.707691,-35.1472,-0.137554,-0.531933,-29.2073,-0.0136756
186,81,Box,0.305148,-35.3273,-0.100787,-0.523791,-29.3547,0.00609105
186,82,Box,1.32407,-35.3976,-0.0629589,-0.498044,-29.3284,-0.0310113
186,83,Box,2.32414,-35.4008,-0.0597396,-0.474656,-29.3667,0.00675542
186,84,Box,3.3311,-35.3356,-0.0845326,-0.482838,-29.3534,0.0287837
186,85,Box,4.30808,-35.6899,-0.10151,-0.48322,-29.4705,0.010999
186,86,Box,6.0561,-36.4251,0.431867,-0.059535,-29.6909,0.0600538
186,87,Box,10.502,-35.7213,-1.16896,1.49051,-29.1775,-1.13191
186,88,Box,12.2494,-35.8589,-0.260733,2.17891,-29.5912,-0.547505
186,89,Box,16.5895,-35.7881,0.416189,4.02847,-29.7486,0.323449
186,90,Box,-1.65807,-28.2012,4.65043,-0.879204,-26.3109,2.28378
186,91,Box,2.01805,-30.3591,-2.30606,0.487807,-27.3923,-1.31725
186,92,Box,1.88319,-33.3571,-2.28993,-0.254675,-28.7647,-1.26902
186,93,Box,5.15472,-34.0361,-0.0093105,1.05398,-29.2293,0.00815806
186,94,Box,33.8747,-9.3773,-39.5909,15.8267,-16.001,-21.0805
186,95,Box,12.4581,-34.6639,-4.83707,3.56843,-29.2646,-1.01174
186,96,Box,13.5276,-35.168,-1.3824,2.96824,-30.1553,-0.944071
186,97,Box,16.9478,-34.3937,0.732294,5.00107,-29.303,0.0726312
186,98,Box,18.427,-33.712,0.578813,5.37154,-29.0413,0.306996
186,99,Box,20.0555,-34.126,-0.746547,5.74186,-29.2772,-0.465199
186,100,Circle,12.7973,-34.8691,12.1392,3.25414,-29.6456,3.50481
187,0,Box,0,-44.5713,0,0,-29.4783,0
187,1,Box,1.1,-44.5713,0,0,-29.4783,0
187,2,Box,2.2,-44.5713,0,0,-29.4783,0
187,3,Box,3.3,-44.5713,0,0,-29.4783,0
187,4,Box,4.4,-44.5713,0,0,-29.4783,0
187,5,Box,5.51349,-44.6916,0.158436,0.0229828,-29.6187,0.337922
187,6,Box,6.66497,-44.8767,0.383685,0.0290906,-29.7026,0.358033
187,7,Box,7.72299,-44.6788,0.209973,0.0527591,-29.6358,0.355702
187,8,Box,8.80298,-44.5862,0.0296435,0.0226256,-29.5902,0.222065
187,9,Box,9.9,-44.5713,0,0,-29.4783,0
187,10,Box,0,-43.4713,0,0,-29.4783,0
187,11,Box,1.1,-43.4713,0,0,-29.4783,0
187,12,Box,2.2,-43.4713,0,0,-29.4783,0
187,13,Box,3.3,-43.4713,0,0,-29.4783,0
187,14,Box,4.40138,-43.4865,-0.0441344,0.00480934,-29.531,-0.153245
187,15,Box,5.49793,-43.6761,0.0486945,-0.00384326,-29.7437,0.0543478
187,16,Box,6.67604,-43.8277,0.269501,0.0619361,-29.7409,0.151125
187,17,Box,7.74598,-43.6729,0.189668,0.0547131,-29.6939,0.122625
187,18,Box,8.81647,-43.5552,0.126903,0.0346866,-29.6252,0.118387
187,19,Box,9.90219,-43.4823,0.021319,0.0227723,-29.5922,0.222073
187,20,Box,0,-42.3713,0,0,-29.4783,0
187,21,Box,1.1,-42.3713,0,0,-29.4783,0
187,22,Box,2.2,-42.3713,0,0,-29.4783,0
187,23,Box,3.3,-42.3713,0,0,-29.4783,0
187,24,Box,4.38251,-42.4666,-0.0400003,-0.0236078,-29.6087,0.191794
187,25,Box,5.48466,-42.6772,0.127369,0.0108796,-29.728,0.0828409
187,26,Box,6.67322,-42.8329,0.210793,0.0415358,-29.7808,0.0531411
187,27,Box,7.76389,-42.6744,0.206096,0.0409694,-29.7186,0.0151637
187,28,Box,8.83556,-42.5563,0.159727,0.0293187,-29.6676,-0.00217633
187,29,Box,9.91582,-42.4404,0.13875,0.0422488,-29.5983,0.157507
187,30,Box,0,-41.2713,0,0,-29.4783,0
187,31,Box,1.1,-41.2713,0,0,-29.4783,0
187,32,Box,2.2,-41.2713,0,0,-29.4783,0
187,33,Box,3.3,-41.2713,0,0,-29.4783,0
187,34,Box,4.38334,-41.4131,0.0485243,0.00103353,-29.5951,0.153217
187,35,Box,5.48959,-41.6795,0.173324,-0.0132737,-29.7382,0.0444912
187,36,Box,6.67485,-41.861,0.204757,0.0144407,-29.7661,0.0533461
187,37,Box,7.84447,-41.6648,0.182796,0.104344,-29.748,-0.0440229
187,38,Box,8.85346,-41.5638,0.187335,0.0176153,-29.6602,0.0183677
187,39,Box,9.93623,-41.424,0.216468,0.0391198,-29.6027,0.0458918
187,40,Box,0,-40.1713,0,0,-29.4783,0
187,41,Box,1.1,-40.1713,0,0,-29.4783,0
187,42,Box,2.2,-40.1713,0,0,-29.4783,0
187,43,Box,3.3,-40.1713,0,0,-29.4783,0
187,44,Box,4.3605,-40.3753,0.0893565,-0.0596837,-29.591,0.0844175
187,45,Box,5.43607,-40.703,0.177958,-0.036497,-29.7615,-0.0119784
187,46,Box,6.66986,-40.8819,0.216147,-0.00708576,-29.7656,0.0400801
187,47,Box,7.84212,-40.6605,0.233616,0.0550675,-29.7546,-0.0449354
187,48,Box,8.86066,-40.584,0.20498,0.0183726,-29.67,-0.00790465
187,49,Box,9.92755,-40.3871,0.350087,-0.0336693,-29.5674,0.13586
187,50,Box,0,-39.0713,0,0,-29.4783,0
187,51,Box,1.1,-39.0713,0,0,-29.4783,0
187,52,Box,2.2,-39.0713,0,0,-29.4783,0
187,53,Box,3.24695,-39.0867,0.0908927,-0.103804,-29.5079,0.164547
187,54,Box,4.28927,-39.3664,0.120609,-0.0913318,-29.6179,0.0223518
187,55,Box,5.33873,-39.7127,0.130923,-0.103358,-29.8041,-0.0770993
187,56,Box,6.40766,-39.9443,0.239822,-0.110362,-29.8278,-0.0358187
187,57,Box,7.68139,-39.7041,0.22094,-0.0409205,-29.7807,-0.0486031
187,58,Box,8.77448,-39.6247,0.174809,-0.0893189,-29.7502,-0.111734
187,59,Box,9.85194,-39.3425,0.12939,0.00743441,-29.6595,-0.118549
187,60,Box,0,-37.9713,0,0,-29.4783,0
187,61,Box,1.1,-37.9713,0,-0.0436041,-29.4725,0.138324
187,62,Box,2.12317,-37.9822,0.0521744,-0.127218,-29.4995,-0.182265
187,63,Box,3.15798,-38.0141,0.0240652,-0.100217,-29.5323,0.0219366
187,64,Box,4.21071,-38.3723,0.0789149,-0.109695,-29.6612,-0.0777052
187,65,Box,5.28614,-38.6921,0.0328239,-0.101474,-29.7787,-0.0217993
187,66,Box,6.37389,-38.8658,-0.012366,-0.0976781,-29.8378,-0.0728757
187,67,Box,7.82425,-38.6581,0.0658802,-0.000749566,-29.832,-0.118463
187,68,Box,8.85269,-38.5736,-0.0787455,0.0968457,-29.7869,-0.174967
187,69,Box,10.2733,-38.2154,-0.618907,0.29906,-29.7034,-0.326503
187,70,Box,0,-36.8713,0,0,-29.4783,0
187,71,Box,1.09458,-36.8798,0.00838872,-0.0813103,-29.5346,-0.0908305
187,72,Box,2.10304,-36.9187,-0.00583481,-0.0851366,-29.5325,0.102163
187,73,Box,3.12367,-36.9551,0.0131482,-0.130857,-29.5522,-0.0490031
187,74,Box,4.14676,-37.3044,0.0170188,-0.0823155,-29.6327,-0.00794418
187,75,Box,5.17393,-37.7082,0.0527223,-0.0907429,-29.7689,-0.00470385
187,76,Box,6.95274,-37.8572,-0.555857,0.132138,-29.9859,-0.301729
187,77,Box,8.17121,-37.557,-0.0591004,0.224544,-29.7034,-0.00638723
187,78,Box,9.27666,-37.5963,-0.273514,0.335789,-29.8946,-0.257612
187,79,Box,10.9959,-37.4001,-0.885058,0.987892,-29.8895,-0.851763
187,80,Box,-0.716202,-35.617,-0.137773,-0.531933,-29.3641,-0.0136756
187,81,Box,0.296767,-35.7995,-0.10069,-0.523791,-29.5115,0.00609105
187,82,Box,1.3161,-35.8694,-0.0634551,-0.498044,-29.4852,-0.0310113
187,83,Box,2.31655,-35.8732,-0.0596316,-0.474656,-29.5235,0.00675542
187,84,Box,3.32337,-35.8077,-0.0840721,-0.48287,-29.5102,0.0286734
187,85,Box,4.30035,-36.164,-0.101334,-0.483189,-29.6273,0.0110243
187,86,Box,6.05515,-36.9026,0.432828,-0.0583248,-29.8468,0.0599279
187,87,Box,10.5259,-36.1906,-1.18707,1.49051,-29.3343,-1.13191
187,88,Box,12.2842,-36.3349,-0.269493,2.17891,-29.748,-0.547505
187,89,Box,16.6539,-36.2666,0.421364,4.02847,-29.9054,0.323449
187,90,Box,-1.67213,-28.6247,4.68697,-0.879204,-26.4677,2.28378
187,91,Box,2.02586,-30.7999,-2.32714,0.487807,-27.5491,-1.31725
187,92,Box,1.87911,-33.8198,-2.31024,-0.254675,-28.9215,-1.26902
187,93,Box,5.17158,-34.5063,-0.00917997,1.05398,-29.3861,0.00815806
187,94,Box,34.1279,-9.63583,-39.9282,15.8267,-16.1578,-21.0805
187,95,Box,12.3533,-35.1117,-4.85326,3.48412,-29.3988,-1.0126
187,96,Box,13.5751,-35.653,-1.3975,3.03529,-30.3357,-1.02561
187,97,Box,17.0278,-34.8651,0.733456,5.00107,-29.4598,0.0726312
187,98,Box,18.5129,-34.1792,0.583725,5.37154,-29.1981,0.306996
187,99,Box,20.1473,-34.5969,-0.753991,5.74186,-29.434,-0.465199
187,100,Circle,13.0555,-35.3752,12.1953,3.27613,-29.8012,3.50481
188,0,Box,0,-45.0455,0,0,-29.6351,0
188,1,Box,1.1,-45.0455,0,0,-29.6351,0
188,2,Box,2.2,-45.0455,0,0,-29.6351,0
188,3,Box,3.3,-45.0455,0,0,-29.6351,0
188,4,Box,4.4,-45.0455,0,0,-29.6351,0
188,5,Box,5.51386,-45.168,0.163843,0.0229828,-29.7755,0.337922
188,6,Box,6.66544,-45.3544,0.389413,0.0290906,-29.8594,0.358033
188,7,Box,7.72383,-45.1555,0.215664,0.0527591,-29.7926,0.355702
188,8,Box,8.80334,-45.0621,0.0331965,0.0226256,-29.747,0.222065
188,9,Box,9.9,-45.0455,0,0,-29.6351,0
188,10,Box,0,-43.9455,0,0,-29.6351,0
188,11,Box,1.1,-43.9455,0,0,-29.6351,0
188,12,Box,2.2,-43.9455,0,0,-29.6351,0
188,13,Box,3.3,-43.9455,0,0,-29.6351,0
188,14,Box,4.40146,-43.9615,-0.0465863,0.00480934,-29.6878,-0.153245
188,15,Box,5.49787,-44.1545,0.0495641,-0.00384326,-29.9005,0.0543478
188,16,Box,6.67703,-44.3061,0.271919,0.0619361,-29.8977,0.151125
188,17,Box,7.74685,-44.1505,0.19163,0.0547131,-29.8507,0.122625
188,18,Box,8.81703,-44.0317,0.128797,0.0346866,-29.782,0.118387
188,19,Box,9.90255,-43.9582,0.0248722,0.0227723,-29.749,0.222073
188,20,Box,0,-42.8455,0,0,-29.6351,0
188,21,Box,1.1,-42.8455,0,0,-29.6351,0
188,22,Box,2.2,-42.8455,0,0,-29.6351,0
188,23,Box,3.3,-42.8455,0,0,-29.6351,0
188,24,Box,4.38214,-42.9428,-0.0369316,-0.0236078,-29.7655,0.191794
188,25,Box,5.48483,-43.1553,0.128695,0.0108796,-29.8848,0.0828409
188,26,Box,6.67388,-43.3119,0.211644,0.0415358,-29.9376,0.0531411
188,27,Box,7.76455,-43.1524,0.206338,0.0409694,-29.8754,0.0151637
188,28,Box,8.83602,-43.0335,0.159693,0.0293187,-29.8244,-0.00217633
188,29,Box,9.9165,-42.9165,0.14127,0.0422488,-29.7551,0.157507
188,30,Box,0,-41.7455,0,0,-29.6351,0
188,31,Box,1.1,-41.7455,0,0,-29.6351,0
188,32,Box,2.2,-41.7455,0,0,-29.6351,0
188,33,Box,3.3,-41.7455,0,0,-29.6351,0
188,34,Box,4.38336,-41.8891,0.0509757,0.00103353,-29.7519,0.153217
188,35,Box,5.48938,-42.1578,0.174036,-0.0132737,-29.895,0.0444912
188,36,Box,6.67508,-42.3397,0.205611,0.0144407,-29.9229,0.0533461
188,37,Box,7.84614,-42.1433,0.182092,0.104344,-29.9048,-0.0440229
188,38,Box,8.85374,-42.0409,0.187629,0.0176153,-29.817,0.0183677
188,39,Box,9.93686,-41.9001,0.217202,0.0391198,-29.7595,0.0458918
188,40,Box,0,-40.6455,0,0,-29.6351,0
188,41,Box,1.1,-40.6455,0,0,-29.6351,0
188,42,Box,2.2,-40.6455,0,0,-29.6351,0
188,43,Box,3.3,-40.6455,0,0,-29.6351,0
188,44,Box,4.35955,-40.8512,0.0907072,-0.0596837,-29.7478,0.0844175
188,45,Box,5.43549,-41.1817,0.177766,-0.036497,-29.9183,-0.0119784
188,46,Box,6.66975,-41.3607,0.216788,-0.00708576,-29.9224,0.0400801
188,47,Box,7.843,-41.1391,0.232897,0.0550675,-29.9114,-0.0449354
188,48,Box,8.86095,-41.0612,0.204854,0.0183726,-29.8268,-0.00790465
188,49,Box,9.92702,-40.8627,0.352261,-0.0336693,-29.7242,0.13586
188,50,Box,0,-39.5455,0,0,-29.6351,0
188,51,Box,1.1,-39.5455,0,0,-29.6351,0
188,52,Box,2.2,-39.5455,0,0,-29.6351,0
188,53,Box,3.24529,-39.5614,0.0935254,-0.103804,-29.6647,0.164547
188,54,Box,4.28781,-39.8428,0.120967,-0.0913318,-29.7747,0.0223518
188,55,Box,5.33707,-40.192,0.12969,-0.103358,-29.9609,-0.0770993
188,56,Box,6.40589,-40.4241,0.239249,-0.110362,-29.9846,-0.0358187
188,57,Box,7.68074,-40.1831,0.220163,-0.0409205,-29.9375,-0.0486031
188,58,Box,8.77305,-40.1032,0.173021,-0.0893189,-29.907,-0.111734
188,59,Box,9.85206,-39.8196,0.127493,0.00743441,-29.8163,-0.118549
188,60,Box,0,-38.4455,0,0,-29.6351,0
188,61,Box,1.0993,-38.4454,0.00221318,-0.0436041,-29.6293,0.138324
188,62,Box,2.12113,-38.4566,0.0492582,-0.127218,-29.6562,-0.182265
188,63,Box,3.15637,-38.4891,0.0244162,-0.100217,-29.6891,0.0219366
188,64,Box,4.20896,-38.8493,0.0776716,-0.109695,-29.818,-0.0777052
188,65,Box,5.28452,-39.1711,0.0324751,-0.101474,-29.9355,-0.0217993
188,66,Box,6.37233,-39.3457,-0.013532,-0.0976781,-29.9946,-0.0728757
188,67,Box,7.82424,-39.1379,0.0639848,-0.000749566,-29.9888,-0.118463
188,68,Box,8.85424,-39.0527,-0.081545,0.0968457,-29.9437,-0.174967
188,69,Box,10.2781,-38.6932,-0.624131,0.29906,-29.8602,-0.326503
188,70,Box,0,-37.3455,0,0,-29.6351,0
188,71,Box,1.09328,-37.3548,0.00693543,-0.0813103,-29.6914,-0.0908305
188,72,Box,2.10168,-37.3938,-0.0042002,-0.0851366,-29.6893,0.102163
188,73,Box,3.12158,-37.4305,0.0123641,-0.130857,-29.709,-0.0490031
188,74,Box,4.14544,-37.781,0.0168917,-0.0823155,-29.7895,-0.00794418
188,75,Box,5.17247,-38.1871,0.0526471,-0.0907429,-29.9257,-0.00470385
188,76,Box,6.95486,-38.3395,-0.560685,0.132138,-30.1427,-0.301729
188,77,Box,8.1748,-38.0348,-0.0592026,0.224544,-29.8602,-0.00638723
188,78,Box,9.28204,-38.0771,-0.277635,0.335789,-30.0514,-0.257612
188,79,Box,11.0117,-37.8809,-0.898686,0.987892,-30.0463,-0.851763
188,80,Box,-0.724713,-36.0893,-0.137992,-0.531933,-29.5209,-0.0136756
188,81,Box,0.288386,-36.2742,-0.100592,-0.523791,-29.6683,0.00609105
188,82,Box,1.30813,-36.3437,-0.0639513,-0.498044,-29.642,-0.0310113
188,83,Box,2.30895,-36.348,-0.0595235,-0.474656,-29.6803,0.00675542
188,84,Box,3.31564,-36.2824,-0.0836133,-0.48287,-29.667,0.0286734
188,85,Box,4.29262,-36.6405,-0.101158,-0.483189,-29.7841,0.0110243
188,86,Box,6.05421,-37.3827,0.433786,-0.0583248,-30.0036,0.0599279
188,87,Box,10.5497,-36.6625,-1.20518,1.49051,-29.4911,-1.13191
188,88,Box,12.3191,-36.8134,-0.278253,2.17891,-29.9048,-0.547505
188,89,Box,16.7184,-36.7476,0.426539,4.02847,-30.0622,0.323449
188,90,Box,-1.6862,-29.0506,4.72351,-0.879204,-26.6245,2.28378
188,91,Box,2.03366,-31.2432,-2.34822,0.487807,-27.7059,-1.31725
188,92,Box,1.87504,-34.2851,-2.33054,-0.254675,-29.0783,-1.26902
188,93,Box,5.18844,-34.979,-0.00904944,1.05398,-29.5429,0.00815806
188,94,Box,34.3812,-9.89686,-40.2655,15.8267,-16.3146,-21.0805
188,95,Box,12.4736,-35.5948,-4.86946,3.49408,-29.5593,-1.00902
188,96,Box,13.758,-36.1197,-1.41391,3.03529,-30.4925,-1.02561
188,97,Box,17.1078,-35.339,0.734618,5.00107,-29.6166,0.0726312
188,98,Box,18.5989,-34.6489,0.588637,5.37154,-29.3549,0.306996
188,99,Box,20.2392,-35.0704,-0.761434,5.74186,-29.5908,-0.465199
188,100,Circle,12.8547,-35.8686,12.2514,3.26344,-29.9533,3.49987
189,0,Box,0,-45.5222,0,0,-29.7919,0
189,1,Box,1.1,-45.5222,0,0,-29.7919,0
189,2,Box,2.2,-45.5222,0,0,-29.7919,0
189,3,Box,3.3,-45.5222,0,0,-29.7919,0
189,4,Box,4.4,-45.5222,0,0,-29.7919,0
189,5,Box,5.51423,-45.6469,0.16925,0.0229828,-29.9323,0.337922
189,6,Box,6.6659,-45.8347,0.395142,0.0290906,-30.0162,0.358033
189,7,Box,7.72468,-45.6347,0.221355,0.0527591,-29.9494,0.355702
189,8,Box,8.8037,-45.5406,0.0367496,0.0226256,-29.9038,0.222065
189,9,Box,9.9,-45.5222,0,0,-29.7919,0
189,10,Box,0,-44.4222,0,0,-29.7919,0
189,11,Box,1.1,-44.4222,0,0,-29.7919,0
189,12,Box,2.2,-44.4222,0,0,-29.7919,0
189,13,Box,3.3,-44.4222,0,0,-29.7919,0
189,14,Box,4.40154,-44.439,-0.0490383,0.00480934,-29.8446,-0.153245
189,15,Box,5.49781,-44.6354,0.0504336,-0.00384326,-30.0573,0.0543478
189,16,Box,6.67802,-44.7869,0.274337,0.0619361,-30.0545,0.151125
189,17,Box,7.74773,-44.6306,0.193592,0.0547131,-30.0075,0.122625
189,18,Box,8.81758,-44.5107,0.130691,0.0346866,-29.9388,0.118387
189,19,Box,9.90292,-44.4367,0.0284254,0.0227723,-29.9058,0.222073
189,20,Box,0,-43.3222,0,0,-29.7919,0
189,21,Box,1.1,-43.3222,0,0,-29.7919,0
189,22,Box,2.2,-43.3222,0,0,-29.7919,0
189,23,Box,3.3,-43.3222,0,0,-29.7919,0
189,24,Box,4.38176,-43.4216,-0.0338629,-0.0236078,-29.9223,0.191794
189,25,Box,5.48501,-43.636,0.13002,0.0108796,-30.0416,0.0828409
189,26,Box,6.67454,-43.7934,0.212494,0.0415358,-30.0944,0.0531411
189,27,Box,7.76521,-43.6329,0.206581,0.0409694,-30.0322,0.0151637
189,28,Box,8.83649,-43.5132,0.159658,0.0293187,-29.9812,-0.00217633
189,29,Box,9.91718,-43.3951,0.14379,0.0422488,-29.9119,0.157507
189,30,Box,0,-42.2222,0,0,-29.7919,0
189,31,Box,1.1,-42.2222,0,0,-29.7919,0
189,32,Box,2.2,-42.2222,0,0,-29.7919,0
189,33,Box,3.3,-42.2222,0,0,-29.7919,0
189,34,Box,4.38337,-42.3677,0.0534272,0.00103353,-29.9087,0.153217
189,35,Box,5.48917,-42.6387,0.174747,-0.0132737,-30.0518,0.0444912
189,36,Box,6.67531,-42.821,0.206464,0.0144407,-30.0797,0.0533461
189,37,Box,7.84781,-42.6242,0.181388,0.104344,-30.0616,-0.0440229
189,38,Box,8.85403,-42.5205,0.187923,0.0176153,-29.9738,0.0183677
189,39,Box,9.93748,-42.3788,0.217937,0.0391198,-29.9163,0.0458918
189,40,Box,0,-41.1222,0,0,-29.7919,0
189,41,Box,1.1,-41.1222,0,0,-29.7919,0
189,42,Box,2.2,-41.1222,0,0,-29.7919,0
189,43,Box,3.3,-41.1222,0,0,-29.7919,0
189,44,Box,4.35859,-41.3297,0.0920578,-0.0596837,-29.9046,0.0844175
189,45,Box,5.43491,-41.6629,0.177574,-0.036497,-30.0751,-0.0119784
189,46,Box,6.66963,-41.8419,0.21743,-0.00708576,-30.0792,0.0400801
189,47,Box,7.84388,-41.6202,0.232178,0.0550675,-30.0682,-0.0449354
189,48,Box,8.86124,-41.541,0.204727,0.0183726,-29.9836,-0.00790465
189,49,Box,9.92648,-41.3408,0.354434,-0.0336693,-29.881,0.13586
189,50,Box,0,-40.0222,0,0,-29.7919,0
189,51,Box,1.1,-40.0222,0,0,-29.7919,0
189,52,Box,2.2,-40.0222,0,0,-29.7919,0
189,53,Box,3.24363,-40.0385,0.0961582,-0.103804,-29.8215,0.164547
189,54,Box,4.28634,-40.3217,0.121325,-0.0913318,-29.9315,0.0223518
189,55,Box,5.33542,-40.6739,0.128456,-0.103358,-30.1177,-0.0770993
189,56,Box,6.40407,-40.9099,0.238676,-0.110377,-30.1414,-0.0357212
189,57,Box,7.68008,-40.6646,0.219385,-0.0409205,-30.0943,-0.0486031
189,58,Box,8.77162,-40.5842,0.171234,-0.0893189,-30.0638,-0.111734
189,59,Box,9.85218,-40.2991,0.125596,0.00743441,-29.9731,-0.118549
189,60,Box,0,-38.9221,0,0,-29.7919,0
189,61,Box,1.0986,-38.922,0.00442636,-0.0436041,-29.7861,0.138324
189,62,Box,2.11909,-38.9337,0.046342,-0.127218,-29.813,-0.182265
189,63,Box,3.15477,-38.9667,0.0247671,-0.100217,-29.8459,0.0219366
189,64,Box,4.2072,-39.3289,0.0764283,-0.109695,-29.9748,-0.0777052
189,65,Box,5.2829,-39.6525,0.0321263,-0.101474,-30.0923,-0.0217993
189,66,Box,6.36985,-39.8262,-0.014698,-0.0976633,-30.1513,-0.0728642
189,67,Box,7.82423,-39.6202,0.0620894,-0.000749566,-30.1456,-0.118463
189,68,Box,8.85579,-39.5343,-0.0843445,0.0968457,-30.1005,-0.174967
189,69,Box,10.2829,-39.1735,-0.629355,0.29906,-30.017,-0.326503
189,70,Box,0,-37.8221,0,0,-29.7919,0
189,71,Box,1.09198,-37.8324,0.00548214,-0.0813103,-29.8482,-0.0908305
189,72,Box,2.10032,-37.8713,-0.00256559,-0.0851366,-29.8461,0.102163
189,73,Box,3.11949,-37.9083,0.0115801,-0.130857,-29.8658,-0.0490031
189,74,Box,4.14412,-38.2602,0.0167646,-0.0823155,-29.9463,-0.00794418
189,75,Box,5.17102,-38.6684,0.0525718,-0.0907429,-30.0825,-0.00470385
189,76,Box,6.95794,-38.8228,-0.565512,0.132138,-30.2995,-0.301729
189,77,Box,8.1784,-38.515,-0.0593048,0.224544,-30.017,-0.00638723
189,78,Box,9.28741,-38.5604,-0.281757,0.335789,-30.2082,-0.257612
189,79,Box,11.0276,-38.3641,-0.912314,0.987892,-30.2031,-0.851763
189,80,Box,-0.733224,-36.5642,-0.138211,-0.531933,-29.6777,-0.0136756
189,81,Box,0.280006,-36.7514,-0.100495,-0.523791,-29.8251,0.00609105
189,82,Box,1.30016,-36.8205,-0.0644474,-0.498044,-29.7988,-0.0310113
189,83,Box,2.30136,-36.8254,-0.0594154,-0.474656,-29.8371,0.00675542
189,84,Box,3.30792,-36.7596,-0.0831545,-0.48287,-29.8238,0.0286734
189,85,Box,4.28489,-37.1196,-0.100982,-0.483189,-29.9409,0.0110243
189,86,Box,6.05328,-37.8652,0.434745,-0.0583248,-30.1604,0.0599279
189,87,Box,10.5736,-37.1368,-1.2233,1.49051,-29.6479,-1.13191
189,88,Box,12.354,-37.2944,-0.287013,2.17891,-30.0616,-0.547505
189,89,Box,16.7829,-37.2311,0.431714,4.02847,-30.219,0.323449
189,90,Box,-1.70027,-29.4791,4.76005,-0.879204,-26.7813,2.28378
189,91,Box,2.04147,-31.689,-2.36929,0.487807,-27.8627,-1.31725
189,92,Box,1.87096,-34.7528,-2.35085,-0.254675,-29.2351,-1.26902
189,93,Box,5.20531,-35.4542,-0.00891891,1.05398,-29.6997,0.00815806
189,94,Box,34.6344,-10.1604,-40.6028,15.8267,-16.4714,-21.0805
189,95,Box,12.3839,-36.0448,-4.8856,3.49408,-29.7161,-1.00902
189,96,Box,13.7738,-36.6147,-1.43032,2.99096,-30.6467,-0.95165
189,97,Box,17.1878,-35.8153,0.73578,5.00107,-29.7734,0.0726312
189,98,Box,18.6848,-35.1211,0.593549,5.37154,-29.5117,0.306996
189,99,Box,20.3311,-35.5463,-0.768877,5.74186,-29.7476,-0.465199
189,100,Circle,13.134,-36.3769,12.3074,3.31988,-30.1133,3.46844
190,0,Box,0,-46.0013,0,0,-29.9487,0
190,1,Box,1.1,-46.0013,0,0,-29.9487,0
190,2,Box,2.2,-46.0013,0,0,-29.9487,0
190,3,Box,3.3,-46.0013,0,0,-29.9487,0
190,4,Box,4.4,-46.0013,0,0,-29.9487,0
190,5,Box,5.51504,-46.137,0.174657,0.0228503,-30.09,0.339652
190,6,Box,6.66918,-46.3273,0.400871,0.0197438,-30.1811,0.332572
190,7,Box,7.72645,-46.1211,0.227046,0.0394508,-30.1091,0.302915
190,8,Box,8.80407,-46.0216,0.0403026,0.0476526,-30.0545,0.275133
190,9,Box,9.9,-46.0013,0,0,-29.9487,0
190,10,Box,0,-44.9013,0,0,-29.9487,0
190,11,Box,1.1,-44.9013,0,0,-29.9487,0
190,12,Box,2.2,-44.9013,0,0,-29.9487,0
190,13,Box,3.3,-44.9013,0,0,-29.9487,0
190,14,Box,4.40161,-44.919,-0.0514902,0.00480934,-30.0014,-0.153245
190,15,Box,5.49761,-45.1161,0.0513032,-0.00360488,-30.2136,0.0543403
190,16,Box,6.67872,-45.272,0.276755,0.0603466,-30.2116,0.13628
190,17,Box,7.74829,-45.1117,0.195554,0.0539855,-30.1625,0.111439
190,18,Box,8.81844,-44.9946,0.132585,0.0349827,-30.0964,0.119685
190,19,Box,9.90328,-44.9177,0.0319785,0.0227723,-30.0626,0.222073
190,20,Box,0,-43.8013,0,0,-29.9487,0
190,21,Box,1.1,-43.8013,0,0,-29.9487,0
190,22,Box,2.2,-43.8013,0,0,-29.9487,0
190,23,Box,3.3,-43.8013,0,0,-29.9487,0
190,24,Box,4.38138,-43.9028,-0.0307942,-0.0236078,-30.0791,0.191794
190,25,Box,5.48541,-44.1174,0.131346,0.0108522,-30.1982,0.0817653
190,26,Box,6.67463,-44.275,0.213344,0.041481,-30.2477,0.0455985
190,27,Box,7.76611,-44.1176,0.206824,0.0409694,-30.189,0.0151637
190,28,Box,8.83745,-43.9981,0.159623,0.0292942,-30.1388,-0.00215859
190,29,Box,9.9184,-43.8799,0.14631,0.0422488,-30.0687,0.157507
190,30,Box,0,-42.7013,0,0,-29.9487,0
190,31,Box,1.1,-42.7013,0,0,-29.9487,0
190,32,Box,2.2,-42.7013,0,0,-29.9487,0
190,33,Box,3.3,-42.7013,0,0,-29.9487,0
190,34,Box,4.38339,-42.8487,0.0558787,0.00103353,-30.0655,0.153217
190,35,Box,5.489,-43.1212,0.175459,-0.0133522,-30.2083,0.0436592
190,36,Box,6.67522,-43.3032,0.207318,0.0144407,-30.2365,0.0533461
190,37,Box,7.84948,-43.1078,0.180683,0.104344,-30.2184,-0.0440229
190,38,Box,8.85506,-43.0057,0.188217,0.017805,-30.1313,0.0178498
190,39,Box,9.93935,-42.8643,0.218671,0.0391198,-30.0731,0.0458918
190,40,Box,0,-41.6013,0,0,-29.9487,0
190,41,Box,1.1,-41.6013,0,0,-29.9487,0
190,42,Box,2.2,-41.6013,0,0,-29.9487,0
190,43,Box,3.3,-41.6013,0,0,-29.9487,0
190,44,Box,4.35764,-41.8107,0.0934085,-0.0596837,-30.0614,0.0844175
190,45,Box,5.43418,-42.1467,0.177383,-0.0365169,-30.2322,-0.0113592
190,46,Box,6.66948,-42.3245,0.218071,-0.00708576,-30.236,0.0400801
190,47,Box,7.84506,-42.1043,0.231459,0.0546802,-30.2259,-0.0437695
190,48,Box,8.86203,-42.027,0.204601,0.0182407,-30.1408,-0.00794348
190,49,Box,9.92565,-41.8254,0.356608,-0.0336693,-30.0378,0.13586
190,50,Box,0,-40.5013,0,0,-29.9487,0
190,51,Box,1.1,-40.5013,0,0,-29.9487,0
190,52,Box,2.2,-40.5013,0,-0.0616208,-29.9611,0.122897
190,53,Box,3.24197,-40.5182,0.098791,-0.0740678,-29.9757,-0.0411582
190,54,Box,4.28505,-40.8053,0.121682,-0.0745928,-30.1012,-0.0595892
190,55,Box,5.33266,-41.1557,0.127223,-0.0984663,-30.2789,-0.0937463
190,56,Box,6.40141,-41.3901,0.238105,-0.103119,-30.3011,-0.0475956
190,57,Box,7.6786,-41.1492,0.218607,-0.041108,-30.2514,-0.0477268
190,58,Box,8.76718,-41.0671,0.169446,-0.0896614,-30.2193,-0.113859
190,59,Box,9.85153,-40.7751,0.123699,0.00924672,-30.1304,-0.121499
190,60,Box,0,-39.4013,0,0,-29.9487,0
190,61,Box,1.09791,-39.4011,0.00663954,-0.0436041,-29.9429,0.138324
190,62,Box,2.11706,-39.4132,0.0434257,-0.127218,-29.9698,-0.182265
190,63,Box,3.15317,-39.4467,0.0251181,-0.100217,-30.0027,0.0219366
190,64,Box,4.20528,-39.8088,0.075185,-0.112148,-30.1145,-0.0960912
190,65,Box,5.28127,-40.1362,0.0317775,-0.100687,-30.2455,-0.0223535
190,66,Box,6.3673,-40.3107,-0.0158638,-0.0971652,-30.3058,-0.0724299
190,67,Box,7.82598,-40.1029,0.060194,8.85041e-05,-30.3019,-0.116697
190,68,Box,8.85559,-40.0149,-0.087144,0.0955848,-30.2562,-0.173875
190,69,Box,10.2908,-39.652,-0.634579,0.29906,-30.1738,-0.326503
190,70,Box,0,-38.3013,0,0,-29.9487,0
190,71,Box,1.09068,-38.3125,0.00402885,-0.0814047,-30.0054,-0.0900647
190,72,Box,2.09896,-38.3514,-0.000930971,-0.0851366,-30.0029,0.102163
190,73,Box,3.11739,-38.3887,0.010796,-0.130857,-30.0226,-0.0490031
190,74,Box,4.14281,-38.7418,0.0166375,-0.0823155,-30.1031,-0.00794418
190,75,Box,5.16955,-39.1518,0.0524965,-0.0898254,-30.2345,-0.00789293
190,76,Box,6.9555,-39.3049,-0.57034,0.131469,-30.4557,-0.305517
190,77,Box,8.18226,-38.9933,-0.059407,0.224412,-30.1729,-0.00679229
190,78,Box,9.29391,-39.0424,-0.285879,0.335789,-30.365,-0.257612
190,79,Box,11.0443,-38.8486,-0.925942,0.987892,-30.3599,-0.851763
190,80,Box,-0.741735,-37.0415,-0.138429,-0.531933,-29.8345,-0.0136756
190,81,Box,0.271625,-37.2311,-0.100397,-0.523791,-29.9819,0.00609105
190,82,Box,1.29219,-37.2997,-0.0649436,-0.49795,-29.9553,-0.0316286
190,83,Box,2.29377,-37.3053,-0.0593073,-0.474656,-29.9939,0.00675542
190,84,Box,3.30019,-37.2393,-0.0826957,-0.482901,-29.9806,0.0285635
190,85,Box,4.27715,-37.6011,-0.100805,-0.483158,-30.0977,0.0110483
190,86,Box,6.05235,-38.3503,0.435704,-0.055059,-30.3148,0.0594512
190,87,Box,10.5974,-37.6137,-1.24141,1.49051,-29.8047,-1.13191
190,88,Box,12.3888,-37.7779,-0.295773,2.17891,-30.2184,-0.547505
190,89,Box,16.8473,-37.7171,0.436889,4.02847,-30.3758,0.323449
190,90,Box,-1.71434,-29.9102,4.7966,-0.879204,-26.9381,2.28378
190,91,Box,2.04927,-32.1373,-2.39037,0.487807,-28.0195,-1.31725
190,92,Box,1.86689,-35.2231,-2.37115,-0.254675,-29.3919,-1.26902
190,93,Box,5.22217,-35.9319,-0.00878839,1.05398,-29.8565,0.00815806
190,94,Box,34.8876,-10.4265,-40.9401,15.8267,-16.6282,-21.0805
190,95,Box,12.487,-36.5318,-4.90175,3.54926,-29.8954,-0.976868
190,96,Box,13.7218,-37.1201,-1.44555,2.99096,-30.8035,-0.95165
190,97,Box,17.2678,-36.2942,0.736942,5.00107,-29.9302,0.0726312
190,98,Box,18.7708,-35.5958,0.598461,5.37154,-29.6685,0.306996
190,99,Box,20.423,-36.0248,-0.77632,5.74186,-29.9044,-0.465199
190,100,Circle,13.2541,-36.8336,12.3629,3.24963,-30.2415,3.433
191,0,Box,0,-46.483,0,0,-30.1055,0
191,1,Box,1.1,-46.483,0,0,-30.1055,0
191,2,Box,2.2,-46.483,0,0,-30.1055,0
191,3,Box,3.3,-46.483,0,0,-30.1055,0
191,4,Box,4.4,-46.483,0,0,-30.1055,0
191,5,Box,5.5154,-46.6209,0.180091,0.0228503,-30.2468,0.339652
191,6,Box,6.66949,-46.8127,0.406192,0.0197438,-30.3379,0.332572
191,7,Box,7.72708,-46.6053,0.231893,0.0394508,-30.2659,0.302915
191,8,Box,8.80483,-46.5049,0.0447047,0.0476526,-30.2113,0.275133
191,9,Box,9.9,-46.483,0,0,-30.1055,0
191,10,Box,0,-45.383,0,0,-30.1055,0
191,11,Box,1.1,-45.383,0,0,-30.1055,0
191,12,Box,2.2,-45.383,0,0,-30.1055,0
191,13,Box,3.3,-45.383,0,0,-30.1055,0
191,14,Box,4.40169,-45.4016,-0.0539421,0.00480934,-30.1582,-0.153245
191,15,Box,5.49755,-45.602,0.0521726,-0.00360488,-30.3704,0.0543403
191,16,Box,6.67968,-45.7579,0.278936,0.0603466,-30.3684,0.13628
191,17,Box,7.74916,-45.5968,0.197337,0.0539855,-30.3193,0.111439
191,18,Box,8.819,-45.4786,0.1345,0.0349827,-30.2532,0.119685
191,19,Box,9.90364,-45.4012,0.0355317,0.0227723,-30.2194,0.222073
191,20,Box,0,-44.283,0,0,-30.1055,0
191,21,Box,1.1,-44.283,0,0,-30.1055,0
191,22,Box,2.2,-44.283,0,0,-30.1055,0
191,23,Box,3.3,-44.283,0,0,-30.1055,0
191,24,Box,4.381,-44.3866,-0.0277255,-0.0236078,-30.2359,0.191794
191,25,Box,5.48559,-44.6031,0.132654,0.0108522,-30.355,0.0817653
191,26,Box,6.67529,-44.7615,0.214074,0.041481,-30.4045,0.0455985
191,27,Box,7.76677,-44.6031,0.207066,0.0409694,-30.3458,0.0151637
191,28,Box,8.83792,-44.4828,0.159588,0.0292942,-30.2956,-0.00215859
191,29,Box,9.91908,-44.3635,0.14883,0.0422488,-30.2255,0.157507
191,30,Box,0,-43.183,0,0,-30.1055,0
191,31,Box,1.1,-43.183,0,0,-30.1055,0
191,32,Box,2.2,-43.183,0,0,-30.1055,0
191,33,Box,3.3,-43.183,0,0,-30.1055,0
191,34,Box,4.38341,-43.3323,0.0583302,0.00103353,-30.2223,0.153217
191,35,Box,5.48879,-43.6071,0.176158,-0.0133522,-30.3651,0.0436592
191,36,Box,6.67545,-43.7895,0.208171,0.0144407,-30.3933,0.0533461
191,37,Box,7.85115,-43.5938,0.179979,0.104344,-30.3752,-0.0440229
191,38,Box,8.85534,-43.4904,0.188502,0.017805,-30.2881,0.0178498
191,39,Box,9.93998,-43.348,0.219405,0.0391198,-30.2299,0.0458918
191,40,Box,0,-42.083,0,0,-30.1055,0
191,41,Box,1.1,-42.083,0,0,-30.1055,0
191,42,Box,2.2,-42.083,0,0,-30.1055,0
191,43,Box,3.3,-42.083,0,0,-30.1055,0
191,44,Box,4.35668,-42.2942,0.0947592,-0.0596837,-30.2182,0.0844175
191,45,Box,5.43359,-42.633,0.177201,-0.0365169,-30.389,-0.0113592
191,46,Box,6.66937,-42.8108,0.218712,-0.00708576,-30.3928,0.0400801
191,47,Box,7.84594,-42.5904,0.230759,0.0546802,-30.3827,-0.0437695
191,48,Box,8.86232,-42.5118,0.204474,0.0182407,-30.2976,-0.00794348
191,49,Box,9.92511,-42.3085,0.358782,-0.0336693,-30.1946,0.13586
191,50,Box,0,-40.983,0,0,-30.1055,0
191,51,Box,1.1,-40.983,0,0,-30.1055,0
191,52,Box,2.19901,-40.9832,0.00196635,-0.0616208,-30.1179,0.122897
191,53,Box,3.24078,-41.0003,0.0981324,-0.0740678,-30.1325,-0.0411582
191,54,Box,4.28386,-41.2894,0.120729,-0.0745928,-30.258,-0.0595892
191,55,Box,5.33108,-41.6427,0.125723,-0.0984663,-30.4357,-0.0937463
191,56,Box,6.39976,-41.8775,0.237343,-0.103119,-30.4579,-0.0475956
191,57,Box,7.67795,-41.6357,0.217844,-0.041108,-30.4082,-0.0477268
191,58,Box,8.76575,-41.5532,0.167624,-0.0896614,-30.3761,-0.113859
191,59,Box,9.85168,-41.2597,0.121755,0.00924672,-30.2872,-0.121499
191,60,Box,0,-39.883,0,0,-30.1055,0
191,61,Box,1.09721,-39.8826,0.00885271,-0.0436041,-30.0997,0.138324
191,62,Box,2.11502,-39.8952,0.0405095,-0.127218,-30.1266,-0.182265
191,63,Box,3.15156,-39.9293,0.0254691,-0.100217,-30.1595,0.0219366
191,64,Box,4.20348,-40.2931,0.0736475,-0.112148,-30.2713,-0.0960912
191,65,Box,5.27966,-40.6227,0.0314199,-0.100687,-30.4023,-0.0223535
191,66,Box,6.36575,-40.7981,-0.0170227,-0.0971652,-30.4626,-0.0724299
191,67,Box,7.82598,-40.5903,0.0583268,8.85041e-05,-30.4587,-0.116697
191,68,Box,8.85712,-40.5015,-0.089926,0.0955848,-30.413,-0.173875
191,69,Box,10.2956,-40.1373,-0.639804,0.29906,-30.3306,-0.326503
191,70,Box,0,-38.783,0,0,-30.1055,0
191,71,Box,1.08938,-38.7951,0.00258782,-0.0814047,-30.1622,-0.0900647
191,72,Box,2.0976,-38.8339,0.000703643,-0.0851366,-30.1597,0.102163
191,73,Box,3.1153,-38.8715,0.010012,-0.130857,-30.1794,-0.0490031
191,74,Box,4.14149,-39.226,0.0165104,-0.0823155,-30.2599,-0.00794418
191,75,Box,5.16811,-39.638,0.0523703,-0.0898254,-30.3913,-0.00789293
191,76,Box,6.95761,-39.7947,-0.575228,0.131469,-30.6125,-0.305517
191,77,Box,8.18585,-39.4786,-0.0595157,0.224412,-30.3297,-0.00679229
191,78,Box,9.29929,-39.5308,-0.290001,0.335789,-30.5218,-0.257612
191,79,Box,11.0601,-39.3369,-0.939571,0.987892,-30.5167,-0.851763
191,80,Box,-0.750246,-37.5214,-0.138648,-0.531933,-29.9913,-0.0136756
191,81,Box,0.263244,-37.7133,-0.1003,-0.523791,-30.1387,0.00609105
191,82,Box,1.28423,-37.7815,-0.0654497,-0.49795,-30.1121,-0.0316286
191,83,Box,2.28617,-37.7877,-0.0591992,-0.474656,-30.1507,0.00675542
191,84,Box,3.29247,-37.7215,-0.0822387,-0.482901,-30.1374,0.0285635
191,85,Box,4.26942,-38.0852,-0.100628,-0.483158,-30.2545,0.0110483
191,86,Box,6.05147,-38.8379,0.436655,-0.055059,-30.4716,0.0594512
191,87,Box,10.6213,-38.0931,-1.25952,1.49051,-29.9615,-1.13191
191,88,Box,12.4237,-38.2639,-0.304533,2.17891,-30.3752,-0.547505
191,89,Box,16.9118,-38.2057,0.442065,4.02847,-30.5326,0.323449
191,90,Box,-1.7284,-30.3437,4.83314,-0.879204,-27.0949,2.28378
191,91,Box,2.05708,-32.5881,-2.41144,0.487807,-28.1763,-1.31725
191,92,Box,1.86281,-35.6959,-2.39146,-0.254675,-29.5487,-1.26902
191,93,Box,5.23903,-36.4121,-0.00865786,1.05398,-30.0133,0.00815806
191,94,Box,35.1408,-10.695,-41.2774,15.8267,-16.785,-21.0805
191,95,Box,12.588,-37.0218,-4.91738,3.54926,-30.0522,-0.976868
191,96,Box,13.9144,-37.5995,-1.46077,2.99096,-30.9603,-0.95165
191,97,Box,17.3479,-36.7756,0.738104,5.00107,-30.087,0.0726312
191,98,Box,18.8567,-36.073,0.603373,5.37154,-29.8253,0.306996
191,99,Box,20.5148,-36.5058,-0.783763,5.74186,-30.0612,-0.465199
191,100,Circle,13.0655,-37.3287,12.4178,3.24963,-30.3983,3.433
192,0,Box,0,-46.9672,0,0,-30.2623,0
192,1,Box,1.1,-46.9672,0,0,-30.2623,0
192,2,Box,2.2,-46.9672,0,0,-30.2623,0
192,3,Box,3.3,-46.9672,0,0,-30.2623,0
192,4,Box,4.4,-46.9672,0,0,-30.2623,0
192,5,Box,5.51577,-47.1074,0.185525,0.0228503,-30.4036,0.339652
192,6,Box,6.66981,-47.3006,0.411513,0.0197438,-30.4947,0.332572
192,7,Box,7.72771,-47.0921,0.23674,0.0394508,-30.4227,0.302915
192,8,Box,8.80559,-46.9908,0.0491069,0.0476526,-30.3681,0.275133
192,9,Box,9.9,-46.9672,0,0,-30.2623,0
192,10,Box,0,-45.8672,0,0,-30.2623,0
192,11,Box,1.1,-45.8672,0,0,-30.2623,0
192,12,Box,2.2,-45.8672,0,0,-30.2623,0
192,13,Box,3.3,-45.8672,0,0,-30.2623,0
192,14,Box,4.40177,-45.8866,-0.056394,0.00480934,-30.315,-0.153245
192,15,Box,5.49749,-46.0904,0.0530421,-0.00360488,-30.5272,0.0543403
192,16,Box,6.68065,-46.2463,0.281116,0.0603466,-30.5252,0.13628
192,17,Box,7.75002,-46.0844,0.19912,0.0539855,-30.4761,0.111439
192,18,Box,8.81956,-45.9652,0.136415,0.0349827,-30.41,0.119685
192,19,Box,9.90401,-45.8873,0.0390849,0.0227723,-30.3762,0.222073
192,20,Box,0,-44.7672,0,0,-30.2623,0
192,21,Box,1.1,-44.7672,0,0,-30.2623,0
192,22,Box,2.2,-44.7672,0,0,-30.2623,0
192,23,Box,3.3,-44.7672,0,0,-30.2623,0
192,24,Box,4.38063,-44.8729,-0.0246568,-0.0236078,-30.3927,0.191794
192,25,Box,5.48576,-45.0912,0.133962,0.0108522,-30.5118,0.0817653
192,26,Box,6.67595,-45.2505,0.214803,0.041481,-30.5613,0.0455985
192,27,Box,7.76742,-45.0911,0.207309,0.0409694,-30.5026,0.0151637
192,28,Box,8.83838,-44.97,0.159554,0.0292942,-30.4524,-0.00215859
192,29,Box,9.91975,-44.8496,0.15135,0.0422488,-30.3823,0.157507
192,30,Box,0,-43.6672,0,0,-30.2623,0
192,31,Box,1.1,-43.6672,0,0,-30.2623,0
192,32,Box,2.2,-43.6672,0,0,-30.2623,0
192,33,Box,3.3,-43.6672,0,0,-30.2623,0
192,34,Box,4.38342,-43.8183,0.0607816,0.00103353,-30.3791,0.153217
192,35,Box,5.48858,-44.0954,0.176856,-0.0133522,-30.5219,0.0436592
192,36,Box,6.67568,-44.2783,0.209025,0.0144407,-30.5501,0.0533461
192,37,Box,7.85282,-44.0823,0.179275,0.104344,-30.532,-0.0440229
192,38,Box,8.85563,-43.9775,0.188788,0.017805,-30.4449,0.0178498
192,39,Box,9.94061,-43.8342,0.220139,0.0391198,-30.3867,0.0458918
192,40,Box,0,-42.5672,0,0,-30.2623,0
192,41,Box,1.1,-42.5672,0,0,-30.2623,0
192,42,Box,2.2,-42.5672,0,0,-30.2623,0
192,43,Box,3.3,-42.5672,0,0,-30.2623,0
192,44,Box,4.35573,-42.7802,0.0961099,-0.0596837,-30.375,0.0844175
192,45,Box,5.43301,-43.1217,0.177019,-0.0365169,-30.5458,-0.0113592
192,46,Box,6.66925,-43.2996,0.219353,-0.00708576,-30.5496,0.0400801
192,47,Box,7.84681,-43.079,0.230058,0.0546802,-30.5395,-0.0437695
192,48,Box,8.86261,-42.999,0.204346,0.0182407,-30.4544,-0.00794348
192,49,Box,9.92457,-42.7942,0.360956,-0.0336693,-30.3514,0.13586
192,50,Box,0,-41.4672,0,0,-30.2623,0
192,51,Box,1.1,-41.4672,0,0,-30.2623,0
192,52,Box,2.19803,-41.4676,0.00393271,-0.0616208,-30.2747,0.122897
192,53,Box,3.2396,-41.4849,0.0974739,-0.0740678,-30.2893,-0.0411582
192,54,Box,4.28266,-41.7761,0.119775,-0.0745928,-30.4148,-0.0595892
192,55,Box,5.32951,-42.1322,0.124223,-0.0984663,-30.5925,-0.0937463
192,56,Box,6.39804,-42.3707,0.236582,-0.103119,-30.6147,-0.0475956
192,57,Box,7.67729,-42.1248,0.21708,-0.041108,-30.565,-0.0477268
192,58,Box,8.76431,-42.0417,0.165802,-0.0896614,-30.5329,-0.113859
192,59,Box,9.85182,-41.7468,0.119811,0.00924672,-30.444,-0.121499
192,60,Box,0,-40.3672,0,0,-30.2623,0
192,61,Box,1.09651,-40.3667,0.0110659,-0.0436041,-30.2565,0.138324
192,62,Box,2.11299,-40.3797,0.0375932,-0.127218,-30.2834,-0.182265
192,63,Box,3.14996,-40.4143,0.0258201,-0.100217,-30.3163,0.0219366
192,64,Box,4.20169,-40.78,0.0721101,-0.112148,-30.4281,-0.0960912
192,65,Box,5.27805,-41.1116,0.0310622,-0.100687,-30.5591,-0.0223535
192,66,Box,6.36328,-41.2861,-0.0181816,-0.0971652,-30.6194,-0.0724299
192,67,Box,7.82598,-41.0801,0.0564597,8.85041e-05,-30.6155,-0.116697
192,68,Box,8.85865,-40.9906,-0.092708,0.0955848,-30.5698,-0.173875
192,69,Box,10.3004,-40.6251,-0.645028,0.29906,-30.4874,-0.326503
192,70,Box,0,-39.2672,0,0,-30.2623,0
192,71,Box,1.08807,-39.2802,0.00114679,-0.0814047,-30.319,-0.0900647
192,72,Box,2.09623,-39.319,0.00233826,-0.0851366,-30.3165,0.102163
192,73,Box,3.1132,-39.3569,0.00922792,-0.130857,-30.3362,-0.0490031
192,74,Box,4.14017,-39.7127,0.0163833,-0.0823155,-30.4167,-0.00794418
192,75,Box,5.16667,-40.1268,0.052244,-0.0898254,-30.5481,-0.00789293
192,76,Box,6.96068,-40.2855,-0.580117,0.131469,-30.7693,-0.305517
192,77,Box,8.18944,-39.9664,-0.0596244,0.224412,-30.4865,-0.00679229
192,78,Box,9.30466,-40.0216,-0.294123,0.335789,-30.6786,-0.257612
192,79,Box,11.0759,-39.8277,-0.953199,0.987892,-30.6735,-0.851763
192,80,Box,-0.758757,-38.0038,-0.138867,-0.531933,-30.1481,-0.0136756
192,81,Box,0.254864,-38.1981,-0.100203,-0.523791,-30.2955,0.00609105
192,82,Box,1.27626,-38.2658,-0.0659557,-0.49795,-30.2689,-0.0316286
192,83,Box,2.27858,-38.2727,-0.0590911,-0.474656,-30.3075,0.00675542
192,84,Box,3.28474,-38.2062,-0.0817817,-0.482901,-30.2942,0.0285635
192,85,Box,4.26169,-38.5718,-0.100452,-0.483158,-30.4113,0.0110483
192,86,Box,6.05059,-39.3279,0.437607,-0.055059,-30.6284,0.0594512
192,87,Box,10.6451,-38.575,-1.27763,1.49051,-30.1183,-1.13191
192,88,Box,12.4586,-38.7524,-0.313294,2.17891,-30.532,-0.547505
192,89,Box,16.9762,-38.6967,0.44724,4.02847,-30.6894,0.323449
192,90,Box,-1.74247,-30.7797,4.86968,-0.879204,-27.2517,2.28378
192,91,Box,2.06488,-33.0415,-2.43252,0.487807,-28.3331,-1.31725
192,92,Box,1.85874,-36.1712,-2.41176,-0.254675,-29.7055,-1.26902
192,93,Box,5.2559,-36.8948,-0.00852733,1.05398,-30.1701,0.00815806
192,94,Box,35.3941,-10.9661,-41.6146,15.8267,-16.9418,-21.0805
192,95,Box,12.6448,-37.5052,-4.93301,3.54926,-30.209,-0.976868
192,96,Box,13.9622,-38.0974,-1.476,2.99096,-31.1171,-0.95165
192,97,Box,17.4279,-37.2595,0.739266,5.00107,-30.2438,0.0726312
192,98,Box,18.9426,-36.5527,0.608285,5.37154,-29.9821,0.306996
192,99,Box,20.6067,-36.9893,-0.791207,5.74186,-30.218,-0.465199
192,100,Circle,13.1175,-37.8175,12.4727,3.24963,-30.5551,3.433
193,0,Box,0,-47.4539,0,0,-30.4191,0
193,1,Box,1.1,-47.4539,0,0,-30.4191,0
193,2,Box,2.2,-47.4539,0,0,-30.4191,0
193,3,Box,3.3,-47.4539,0,0,-30.4191,0
193,4,Box,4.4,-47.4539,0,0,-30.4191,0
193,5,Box,5.5166,-47.6051,0.19096,-0.055265,-30.5936,0.275485
193,6,Box,6.67293,-47.8007,0.416834,0.102139,-30.6569,0.161878
193,7,Box,7.72941,-47.5866,0.241586,0.0405554,-30.5821,0.312688
193,8,Box,8.80635,-47.4792,0.053509,0.0476526,-30.5249,0.275133
193,9,Box,9.9,-47.4539,0,0,-30.4191,0
193,10,Box,0,-46.3539,0,0,-30.4191,0
193,11,Box,1.1,-46.3539,0,0,-30.4191,0
193,12,Box,2.2,-46.3539,0,0,-30.4191,0
193,13,Box,3.3,-46.3539,0,0,-30.4191,0
193,14,Box,4.40184,-46.3741,-0.0588459,-0.00270549,-30.5468,0.0634585
193,15,Box,5.49729,-46.5787,0.0539115,-0.00327791,-30.6833,0.0543559
193,16,Box,6.68133,-46.7391,0.283297,0.0564047,-30.6733,0.0912592
193,17,Box,7.75065,-46.5734,0.200903,0.0580477,-30.6426,0.10941
193,18,Box,8.82046,-46.4566,0.13833,0.03502,-30.5669,0.119844
193,19,Box,9.90437,-46.3758,0.042638,0.0227723,-30.533,0.222073
193,20,Box,0,-45.2539,0,0,-30.4191,0
193,21,Box,1.1,-45.2539,0,0,-30.4191,0
193,22,Box,2.2,-45.2539,0,0,-30.4191,0
193,23,Box,3.3,-45.2539,0,0,-30.4191,0
193,24,Box,4.38025,-45.3617,-0.021588,-0.0160929,-30.4745,0.030461
193,25,Box,5.48619,-45.5801,0.13527,0.0108196,-30.6683,0.0803223
193,26,Box,6.67607,-45.7397,0.215533,0.0434969,-30.7035,0.0241207
193,27,Box,7.76817,-45.5827,0.207551,0.0378205,-30.6655,0.0180194
193,28,Box,8.83934,-45.4625,0.159519,0.0292724,-30.6092,-0.00237031
193,29,Box,9.92099,-45.3418,0.15387,0.0422488,-30.5391,0.157507
193,30,Box,0,-44.1539,0,0,-30.4191,0
193,31,Box,1.1,-44.1539,0,0,-30.4191,0
193,32,Box,2.2,-44.1539,0,0,-30.4191,0
193,33,Box,3.3,-44.1539,0,0,-30.4191,0
193,34,Box,4.38344,-44.3069,0.0632331,0.00103353,-30.5359,0.153217
193,35,Box,5.48843,-44.5856,0.177555,-0.0134653,-30.6784,0.0424726
193,36,Box,6.67558,-44.7681,0.209878,0.0148131,-30.7065,0.0223917
193,37,Box,7.85444,-44.573,0.17857,0.0695533,-30.6736,-0.00636906
193,38,Box,8.85667,-44.4702,0.189073,0.0504194,-30.6109,-0.0382299
193,39,Box,9.94243,-44.3271,0.220874,0.0391198,-30.5435,0.0458918
193,40,Box,0,-43.0539,0,0,-30.4191,0
193,41,Box,1.1,-43.0539,0,0,-30.4191,0
193,42,Box,2.2,-43.0539,0,0,-30.4191,0
193,43,Box,3.3,-43.0539,0,0,-30.4191,0
193,44,Box,4.35477,-43.2687,0.0974605,-0.0596837,-30.5318,0.0844175
193,45,Box,5.43222,-43.6129,0.176837,-0.0365169,-30.7026,-0.0113592
193,46,Box,6.66903,-43.7896,0.219995,-0.00952984,-30.7048,0.0276967
193,47,Box,7.84798,-43.5706,0.229358,0.0534373,-30.6966,-0.0457943
193,48,Box,8.86329,-43.4924,0.204219,0.0194699,-30.6095,-0.0086826
193,49,Box,9.92366,-43.2862,0.363129,-0.0336693,-30.5082,0.13586
193,50,Box,0,-41.9539,0,0,-30.4191,0
193,51,Box,1.1,-41.9539,0,0,-30.4191,0
193,52,Box,2.19704,-41.9545,0.00589906,-0.0616208,-30.4315,0.122897
193,53,Box,3.23841,-41.972,0.0968153,-0.0740678,-30.4461,-0.0411582
193,54,Box,4.28156,-42.2665,0.118822,-0.0745928,-30.5716,-0.0595892
193,55,Box,5.32689,-42.6211,0.122723,-0.0984663,-30.7493,-0.0937463
193,56,Box,6.39543,-42.8585,0.23582,-0.105033,-30.766,-0.0501553
193,57,Box,7.67579,-42.6169,0.216317,-0.0415907,-30.7206,-0.0483123
193,58,Box,8.75987,-42.5318,0.163981,-0.0908033,-30.6873,-0.117223
193,59,Box,9.85146,-42.23,0.117867,0.0116392,-30.6016,-0.125379
193,60,Box,0,-40.8539,0,0,-30.4191,0
193,61,Box,1.09581,-40.8534,0.0132791,-0.0436041,-30.4133,0.138324
193,62,Box,2.11095,-40.8668,0.034677,-0.127218,-30.4402,-0.182265
193,63,Box,3.14836,-40.9019,0.0261711,-0.100217,-30.4731,0.0219366
193,64,Box,4.1998,-41.268,0.0705726,-0.112148,-30.5849,-0.0960912
193,65,Box,5.27644,-41.6029,0.0307046,-0.100687,-30.7159,-0.0223535
193,66,Box,6.36076,-41.7781,-0.0193405,-0.0957143,-30.7697,-0.0709705
193,67,Box,7.82783,-41.5705,0.0545926,0.00141731,-30.7703,-0.116185
193,68,Box,8.85865,-41.4787,-0.09549,0.0948394,-30.7233,-0.169872
193,69,Box,10.3084,-41.1111,-0.650252,0.29906,-30.6442,-0.326503
193,70,Box,0,-39.7539,0,0,-30.4191,0
193,71,Box,1.08677,-39.7678,-0.000294249,-0.0814994,-30.4761,-0.0892968
193,72,Box,2.09487,-39.8066,0.00397287,-0.0851366,-30.4733,0.102163
193,73,Box,3.11111,-39.8448,0.00844387,-0.130857,-30.493,-0.0490031
193,74,Box,4.13886,-40.2018,0.0162562,-0.0823155,-30.5735,-0.00794418
193,75,Box,5.16522,-40.6177,0.0521177,-0.0900761,-30.7051,-0.00762826
193,76,Box,6.95815,-40.7751,-0.585005,0.130546,-30.9251,-0.310663
193,77,Box,8.19327,-40.4526,-0.0597331,0.22414,-30.6413,-0.00776769
193,78,Box,9.31124,-40.5111,-0.298244,0.335789,-30.8354,-0.257612
193,79,Box,11.0921,-40.3204,-0.966827,0.987892,-30.8303,-0.851763
193,80,Box,-0.767268,-38.4886,-0.139086,-0.531933,-30.3049,-0.0136756
193,81,Box,0.246483,-38.6853,-0.100105,-0.523791,-30.4523,0.00609105
193,82,Box,1.26829,-38.7527,-0.0664618,-0.497855,-30.4253,-0.0322014
193,83,Box,2.27098,-38.7601,-0.058983,-0.474656,-30.4643,0.00675542
193,84,Box,3.27701,-38.6934,-0.0813247,-0.482933,-30.451,0.0284526
193,85,Box,4.25396,-39.0609,-0.100275,-0.483126,-30.5681,0.0110712
193,86,Box,6.04971,-39.8205,0.438558,-0.0548083,-30.785,0.059404
193,87,Box,10.669,-39.0594,-1.29574,1.49051,-30.2751,-1.13191
193,88,Box,12.4934,-39.2434,-0.322054,2.17891,-30.6888,-0.547505
193,89,Box,17.0407,-39.1902,0.452415,4.02847,-30.8462,0.323449
193,90,Box,-1.75654,-31.2182,4.90622,-0.879204,-27.4085,2.28378
193,91,Box,2.07269,-33.4973,-2.4536,0.487807,-28.4899,-1.31725
193,92,Box,1.85466,-36.649,-2.43206,-0.254675,-29.8623,-1.26902
193,93,Box,5.27276,-37.38,-0.0083968,1.05398,-30.3269,0.00815806
193,94,Box,35.6473,-11.2397,-41.9519,15.8267,-17.0986,-21.0805
193,95,Box,12.8173,-38.0189,-4.94864,3.55315,-30.3676,-0.974355
193,96,Box,13.9666,-38.6012,-1.49123,2.97338,-31.2718,-0.925127
193,97,Box,17.5079,-37.7459,0.740428,5.00107,-30.4006,0.0726312
193,98,Box,19.0286,-37.0349,0.613197,5.37154,-30.1389,0.306996
193,99,Box,20.6986,-37.4753,-0.79865,5.74186,-30.3748,-0.465199
193,100,Circle,13.0776,-38.2691,12.5276,3.26705,-30.7122,3.42162
194,0,Box,0,-47.9431,0,0,-30.5759,0
194,1,Box,1.1,-47.9431,0,0,-30.5759,0
194,2,Box,2.2,-47.9431,0,0,-30.5759,0
194,3,Box,3.3,-47.9431,0,0,-30.5759,0
194,4,Box,4.4,-47.9431,0,0,-30.5759,0
194,5,Box,5.51572,-48.0971,0.195368,-0.055265,-30.7504,0.275485
194,6,Box,6.67457,-48.2937,0.419424,0.102139,-30.8137,0.161878
194,7,Box,7.73006,-48.0784,0.246589,0.0405554,-30.7389,0.312688
194,8,Box,8.80711,-47.9701,0.0579111,0.0476526,-30.6817,0.275133
194,9,Box,9.9,-47.9431,0,0,-30.5759,0
194,10,Box,0,-46.8432,0,0,-30.5759,0
194,11,Box,1.1,-46.8432,0,0,-30.5759,0
194,12,Box,2.2,-46.8432,0,0,-30.5759,0
194,13,Box,3.3,-46.8432,0,0,-30.5759,0
194,14,Box,4.4018,-46.8654,-0.0578306,-0.00270549,-30.7036,0.0634585
194,15,Box,5.49724,-47.0722,0.0547812,-0.00327791,-30.8401,0.0543559
194,16,Box,6.68223,-47.2324,0.284757,0.0564047,-30.8301,0.0912592
194,17,Box,7.75158,-47.0661,0.202653,0.0580477,-30.7994,0.10941
194,18,Box,8.82102,-46.9482,0.140248,0.03502,-30.7237,0.119844
194,19,Box,9.90474,-46.8668,0.0461912,0.0227723,-30.6898,0.222073
194,20,Box,0,-45.7431,0,0,-30.5759,0
194,21,Box,1.1,-45.7431,0,0,-30.5759,0
194,22,Box,2.2,-45.7431,0,0,-30.5759,0
194,23,Box,3.3,-45.7431,0,0,-30.5759,0
194,24,Box,4.37999,-45.8518,-0.0211007,-0.0160929,-30.6313,0.030461
194,25,Box,5.48636,-46.0733,0.136556,0.0108196,-30.8251,0.0803223
194,26,Box,6.67677,-46.2335,0.215919,0.0434969,-30.8603,0.0241207
194,27,Box,7.76877,-46.0759,0.20784,0.0378205,-30.8223,0.0180194
194,28,Box,8.83981,-45.9547,0.159481,0.0292724,-30.766,-0.00237031
194,29,Box,9.92167,-45.833,0.156391,0.0422488,-30.6959,0.157507
194,30,Box,0,-44.6431,0,0,-30.5759,0
194,31,Box,1.1,-44.6431,0,0,-30.5759,0
194,32,Box,2.2,-44.6431,0,0,-30.5759,0
194,33,Box,3.3,-44.6431,0,0,-30.5759,0
194,34,Box,4.38346,-44.798,0.0656846,0.00103353,-30.6927,0.153217
194,35,Box,5.48821,-45.079,0.178234,-0.0134653,-30.8352,0.0424726
194,36,Box,6.67582,-45.2619,0.210237,0.0148131,-30.8633,0.0223917
194,37,Box,7.85556,-45.0663,0.178468,0.0695533,-30.8304,-0.00636906
194,38,Box,8.85748,-44.9625,0.188462,0.0504194,-30.7677,-0.0382299
194,39,Box,9.94305,-44.8183,0.221608,0.0391198,-30.7003,0.0458918
194,40,Box,0,-43.5431,0,0,-30.5759,0
194,41,Box,1.1,-43.5431,0,0,-30.5759,0
194,42,Box,2.2,-43.5431,0,0,-30.5759,0
194,43,Box,3.3,-43.5431,0,0,-30.5759,0
194,44,Box,4.35382,-43.7597,0.0988112,-0.0596837,-30.6886,0.0844175
194,45,Box,5.43164,-44.1067,0.176656,-0.0365169,-30.8594,-0.0113592
194,46,Box,6.66888,-44.2834,0.220438,-0.00952984,-30.8616,0.0276967
194,47,Box,7.84884,-44.0643,0.228625,0.0534373,-30.8534,-0.0457943
194,48,Box,8.8636,-43.9847,0.20408,0.0194699,-30.7663,-0.0086826
194,49,Box,9.92312,-43.7768,0.365303,-0.0336693,-30.665,0.13586
194,50,Box,0,-42.4431,0,0,-30.5759,0
194,51,Box,1.1,-42.4431,0,0,-30.5759,0
194,52,Box,2.19606,-42.4439,0.00786542,-0.0616208,-30.5883,0.122897
194,53,Box,3.23723,-42.4617,0.0961568,-0.0740678,-30.6029,-0.0411582
194,54,Box,4.28037,-42.7582,0.117868,-0.0745928,-30.7284,-0.0595892
194,55,Box,5.32531,-43.1156,0.121223,-0.0984663,-30.9061,-0.0937463
194,56,Box,6.39375,-43.3532,0.235018,-0.105033,-30.9228,-0.0501553
194,57,Box,7.67512,-43.111,0.215544,-0.0415907,-30.8774,-0.0483123
194,58,Box,8.75841,-43.0253,0.162105,-0.0908033,-30.8441,-0.117223
194,59,Box,9.85165,-42.7221,0.115861,0.0116392,-30.7584,-0.125379
194,60,Box,0,-41.3431,0,0,-30.5759,0
194,61,Box,1.09512,-41.3425,0.0154922,-0.0436041,-30.5701,0.138324
194,62,Box,2.10892,-41.3563,0.0317608,-0.127218,-30.597,-0.182265
194,63,Box,3.14675,-41.392,0.0265221,-0.100217,-30.6299,0.0219366
194,64,Box,4.19801,-41.7599,0.0690352,-0.112148,-30.7417,-0.0960912
194,65,Box,5.27483,-42.0969,0.0303469,-0.100687,-30.8727,-0.0223535
194,66,Box,6.35923,-42.2729,-0.020476,-0.0957143,-30.9265,-0.0709705
194,67,Box,7.82786,-42.0653,0.0527336,0.00141731,-30.9271,-0.116185
194,68,Box,8.86017,-41.9728,-0.0982079,0.0948394,-30.8801,-0.169872
194,69,Box,10.3132,-41.6039,-0.655476,0.29906,-30.801,-0.326503
194,70,Box,0,-40.2431,0,0,-30.5759,0
194,71,Box,1.08547,-40.2579,-0.001723,-0.0814994,-30.6329,-0.0892968
194,72,Box,2.09351,-40.2966,0.00560749,-0.0851366,-30.6301,0.102163
194,73,Box,3.10902,-40.3352,0.00765982,-0.130857,-30.6498,-0.0490031
194,74,Box,4.13754,-40.6935,0.0161291,-0.0823155,-30.7302,-0.00794418
194,75,Box,5.16378,-41.1115,0.0519956,-0.0900761,-30.8619,-0.00762826
194,76,Box,6.96024,-41.2724,-0.589976,0.130546,-31.0819,-0.310663
194,77,Box,8.19686,-40.9454,-0.0598573,0.22414,-30.7981,-0.00776769
194,78,Box,9.31661,-41.0069,-0.302366,0.335789,-30.9922,-0.257612
194,79,Box,11.1079,-40.8162,-0.980455,0.987892,-30.9871,-0.851763
194,80,Box,-0.775779,-38.976,-0.139305,-0.531933,-30.4617,-0.0136756
194,81,Box,0.238102,-39.1751,-0.100008,-0.523791,-30.6091,0.00609105
194,82,Box,1.26033,-39.242,-0.066977,-0.497855,-30.5821,-0.0322014
194,83,Box,2.26339,-39.25,-0.058875,-0.474656,-30.6211,0.00675542
194,84,Box,3.26929,-39.1831,-0.0808694,-0.482933,-30.6078,0.0284526
194,85,Box,4.24623,-39.5525,-0.100098,-0.483126,-30.7249,0.0110712
194,86,Box,6.04883,-40.3156,0.439508,-0.0548083,-30.9418,0.059404
194,87,Box,10.6928,-39.5463,-1.31385,1.49051,-30.4319,-1.13191
194,88,Box,12.5283,-39.7369,-0.330814,2.17891,-30.8456,-0.547505
194,89,Box,17.1051,-39.6863,0.45759,4.02847,-31.003,0.323449
194,90,Box,-1.77061,-31.6593,4.94276,-0.879204,-27.5653,2.28378
194,91,Box,2.08049,-33.9556,-2.47467,0.487807,-28.6467,-1.31725
194,92,Box,1.85059,-37.1293,-2.45237,-0.254675,-30.0191,-1.26902
194,93,Box,5.28963,-37.8678,-0.00826627,1.05398,-30.4837,0.00815806
194,94,Box,35.9005,-11.5157,-42.2892,15.8267,-17.2554,-21.0805
194,95,Box,12.7032,-38.4633,-4.96423,3.54578,-30.524,-0.985058
194,96,Box,14.0142,-39.1041,-1.50603,2.97338,-31.4286,-0.925127
194,97,Box,17.5879,-38.2348,0.74159,5.00107,-30.5574,0.0726312
194,98,Box,19.1145,-37.5196,0.618109,5.37154,-30.2957,0.306996
194,99,Box,20.7904,-37.9638,-0.806093,5.74186,-30.5316,-0.465199
194,100,Circle,13.3474,-38.819,12.5824,3.27644,-30.8696,3.42162
195,0,Box,0,-48.4349,0,0,-30.7327,0
195,1,Box,1.1,-48.4349,0,0,-30.7327,0
195,2,Box,2.2,-48.4349,0,0,-30.7327,0
195,3,Box,3.3,-48.4349,0,0,-30.7327,0
195,4,Box,4.4,-48.4349,0,0,-30.7327,0
195,5,Box,5.51484,-48.5916,0.199775,-0.055265,-30.9072,0.275485
195,6,Box,6.6762,-48.7893,0.422014,0.102139,-30.9705,0.161878
195,7,Box,7.73071,-48.5728,0.251592,0.0405554,-30.8957,0.312688
195,8,Box,8.80788,-48.4636,0.0623133,0.0476526,-30.8385,0.275133
195,9,Box,9.9,-48.4349,0,0,-30.7327,0
195,10,Box,0,-47.3349,0,0,-30.7327,0
195,11,Box,1.1,-47.3349,0,0,-30.7327,0
195,12,Box,2.2,-47.3349,0,0,-30.7327,0
195,13,Box,3.3,-47.3349,0,0,-30.7327,0
195,14,Box,4.40176,-47.3592,-0.0568152,-0.00270549,-30.8604,0.0634585
195,15,Box,5.49719,-47.5681,0.0556509,-0.00327791,-30.9969,0.0543559
195,16,Box,6.68314,-47.7282,0.286217,0.0564047,-30.9869,0.0912592
195,17,Box,7.7525,-47.5614,0.204404,0.0580477,-30.9562,0.10941
195,18,Box,8.82158,-47.4423,0.142165,0.03502,-30.8805,0.119844
195,19,Box,9.9051,-47.3604,0.0497444,0.0227723,-30.8466,0.222073
195,20,Box,0,-46.2349,0,0,-30.7327,0
195,21,Box,1.1,-46.2349,0,0,-30.7327,0
195,22,Box,2.2,-46.2349,0,0,-30.7327,0
195,23,Box,3.3,-46.2349,0,0,-30.7327,0
195,24,Box,4.37973,-46.3444,-0.0206133,-0.0160929,-30.7881,0.030461
195,25,Box,5.48654,-46.569,0.137841,0.0108196,-30.9819,0.0803223
195,26,Box,6.67746,-46.7298,0.216305,0.0434969,-31.0171,0.0241207
195,27,Box,7.76938,-46.5715,0.208128,0.0378205,-30.9791,0.0180194
195,28,Box,8.84027,-46.4495,0.159443,0.0292724,-30.9228,-0.00237031
195,29,Box,9.92234,-46.3266,0.158911,0.0422488,-30.8527,0.157507
195,30,Box,0,-45.1349,0,0,-30.7327,0
195,31,Box,1.1,-45.1349,0,0,-30.7327,0
195,32,Box,2.2,-45.1349,0,0,-30.7327,0
195,33,Box,3.3,-45.1349,0,0,-30.7327,0
195,34,Box,4.38347,-45.2916,0.0681361,0.00103353,-30.8495,0.153217
195,35,Box,5.488,-45.5749,0.178914,-0.0134653,-30.992,0.0424726
195,36,Box,6.67605,-45.7582,0.210595,0.0148131,-31.0201,0.0223917
195,37,Box,7.85667,-45.5621,0.178366,0.0695533,-30.9872,-0.00636906
195,38,Box,8.85828,-45.4573,0.18785,0.0504194,-30.9245,-0.0382299
195,39,Box,9.94368,-45.312,0.222342,0.0391198,-30.8571,0.0458918
195,40,Box,0,-44.0349,0,0,-30.7327,0
195,41,Box,1.1,-44.0349,0,0,-30.7327,0
195,42,Box,2.2,-44.0349,0,0,-30.7327,0
195,43,Box,3.3,-44.0349,0,0,-30.7327,0
195,44,Box,4.35286,-44.2532,0.100162,-0.0596837,-30.8454,0.0844175
195,45,Box,5.43106,-44.6029,0.176474,-0.0365169,-31.0162,-0.0113592
195,46,Box,6.66873,-44.7797,0.220881,-0.00952984,-31.0184,0.0276967
195,47,Box,7.84969,-44.5605,0.227893,0.0534373,-31.0102,-0.0457943
195,48,Box,8.86391,-44.4795,0.203942,0.0194699,-30.9231,-0.0086826
195,49,Box,9.92259,-44.27,0.367477,-0.0336693,-30.8218,0.13586
195,50,Box,0,-42.9349,0,0,-30.7327,0
195,51,Box,1.1,-42.9349,0,0,-30.7327,0
195,52,Box,2.19507,-42.9359,0.00983177,-0.0616208,-30.7451,0.122897
195,53,Box,3.23604,-42.9539,0.0954983,-0.0740678,-30.7597,-0.0411582
195,54,Box,4.27918,-43.2524,0.116915,-0.0745928,-30.8852,-0.0595892
195,55,Box,5.32374,-43.6126,0.119723,-0.0984663,-31.0629,-0.0937463
195,56,Box,6.392,-43.8538,0.234215,-0.105043,-31.0797,-0.0500951
195,57,Box,7.67446,-43.6075,0.214771,-0.0415907,-31.0342,-0.0483123
195,58,Box,8.75696,-43.5213,0.16023,-0.0908033,-31.0009,-0.117223
195,59,Box,9.85184,-43.2168,0.113855,0.0116392,-30.9152,-0.125379
195,60,Box,0,-41.8349,0,0,-30.7327,0
195,61,Box,1.09442,-41.8341,0.0177054,-0.0436041,-30.7269,0.138324
195,62,Box,2.10688,-41.8484,0.0288445,-0.127218,-30.7538,-0.182265
195,63,Box,3.14515,-41.8846,0.0268731,-0.100217,-30.7867,0.0219366
195,64,Box,4.19621,-42.2543,0.0674977,-0.112148,-30.8985,-0.0960912
195,65,Box,5.27322,-42.5934,0.0299892,-0.100687,-31.0295,-0.0223535
195,66,Box,6.35678,-42.7684,-0.0216115,-0.0957049,-31.0832,-0.0709607
195,67,Box,7.82788,-42.5626,0.0508746,0.00141731,-31.0839,-0.116185
195,68,Box,8.86168,-42.4694,-0.100926,0.0948394,-31.0369,-0.169872
195,69,Box,10.318,-42.0992,-0.6607,0.29906,-30.9578,-0.326503
195,70,Box,0,-40.7349,0,0,-30.7327,0
195,71,Box,1.08416,-40.7506,-0.00315175,-0.0814994,-30.7897,-0.0892968
195,72,Box,2.09215,-40.7892,0.0072421,-0.0851366,-30.7869,0.102163
195,73,Box,3.10692,-40.8281,0.00687577,-0.130857,-30.8066,-0.0490031
195,74,Box,4.13622,-41.1877,0.016002,-0.0823155,-30.887,-0.00794418
195,75,Box,5.16234,-41.6078,0.0518736,-0.0900761,-31.0187,-0.00762826
195,76,Box,6.96332,-41.7708,-0.594946,0.130546,-31.2387,-0.310663
195,77,Box,8.20044,-41.4407,-0.0599816,0.22414,-30.9549,-0.00776769
195,78,Box,9.32199,-41.5053,-0.306488,0.335789,-31.149,-0.257612
195,79,Box,11.1237,-41.3145,-0.994083,0.987892,-31.1439,-0.851763
195,80,Box,-0.78429,-39.4659,-0.139523,-0.531933,-30.6185,-0.0136756
195,81,Box,0.229722,-39.6673,-0.0999101,-0.523791,-30.7659,0.00609105
195,82,Box,1.25236,-39.7338,-0.0674922,-0.497855,-30.7389,-0.0322014
195,83,Box,2.25579,-39.7425,-0.0587669,-0.474656,-30.7779,0.00675542
195,84,Box,3.26156,-39.6754,-0.0804142,-0.482933,-30.7646,0.0284526
195,85,Box,4.2385,-40.0466,-0.0999206,-0.483126,-30.8817,0.0110712
195,86,Box,6.04795,-40.8131,0.440459,-0.0548083,-31.0986,0.059404
195,87,Box,10.7166,-40.0357,-1.33196,1.49051,-30.5887,-1.13191
195,88,Box,12.5631,-40.233,-0.339574,2.17891,-31.0024,-0.547505
195,89,Box,17.1696,-40.1848,0.462765,4.02847,-31.1598,0.323449
195,90,Box,-1.78467,-32.1028,4.9793,-0.879204,-27.7221,2.28378
195,91,Box,2.0883,-34.4165,-2.49575,0.487807,-28.8035,-1.31725
195,92,Box,1.84651,-37.6121,-2.47267,-0.254675,-30.1759,-1.26902
195,93,Box,5.30649,-38.358,-0.00813574,1.05398,-30.6405,0.00815806
195,94,Box,36.1538,-11.7943,-42.6265,15.8267,-17.4122,-21.0805
195,95,Box,12.828,-38.9728,-4.97999,3.55028,-30.683,-0.98271
195,96,Box,13.9739,-39.6138,-1.52083,2.97338,-31.5854,-0.925127
195,97,Box,17.6679,-38.7263,0.742753,5.00107,-30.7142,0.0726312
195,98,Box,19.2005,-38.0069,0.623021,5.37154,-30.4525,0.306996
195,99,Box,20.8823,-38.4548,-0.813536,5.74186,-30.6884,-0.465199
195,100,Circle,13.4252,-39.286,12.6371,3.2707,-31.0235,3.41948
196,0,Box,0,-48.9291,0,0,-30.8895,0
196,1,Box,1.1,-48.9291,0,0,-30.8895,0
196,2,Box,2.2,-48.9291,0,0,-30.8895,0
196,3,Box,3.3,-48.9291,0,0,-30.8895,0
196,4,Box,4.4,-48.9291,0,0,-30.8895,0
196,5,Box,5.51441,-49.0966,0.204183,-0.0553734,-31.0647,0.276881
196,6,Box,6.68023,-49.2954,0.424604,0.102324,-31.1279,0.16355
196,7,Box,7.7326,-49.0755,0.256595,0.0405554,-31.0525,0.312688
196,8,Box,8.80864,-48.9595,0.0667154,0.0476526,-30.9953,0.275133
196,9,Box,9.9,-48.9291,0,0,-30.8895,0
196,10,Box,0,-47.8291,0,0,-30.8895,0
196,11,Box,1.1,-47.8291,0,0,-30.8895,0
196,12,Box,2.2,-47.8291,0,0,-30.8895,0
196,13,Box,3.3,-47.8291,0,0,-30.8895,0
196,14,Box,4.40171,-47.8554,-0.0557999,-0.00270549,-31.0172,0.0634585
196,15,Box,5.49704,-48.0649,0.0565206,-0.00308201,-31.1533,0.054356
196,16,Box,6.68412,-48.2296,0.287677,0.0562475,-31.1445,0.0914203
196,17,Box,7.75317,-48.058,0.206154,0.0580477,-31.113,0.10941
196,18,Box,8.8225,-47.9414,0.144083,0.0350404,-31.0374,0.119929
196,19,Box,9.90547,-47.8564,0.0532976,0.0227723,-31.0034,0.222073
196,20,Box,0,-46.7291,0,0,-30.8895,0
196,21,Box,1.1,-46.7291,0,0,-30.8895,0
196,22,Box,2.2,-46.7291,0,0,-30.8895,0
196,23,Box,3.3,-46.7291,0,0,-30.8895,0
196,24,Box,4.37948,-46.8395,-0.0201259,-0.0160929,-30.9449,0.030461
196,25,Box,5.487,-47.0655,0.139126,0.0107768,-31.1385,0.0793614
196,26,Box,6.67773,-47.2269,0.216691,0.0435572,-31.1739,0.0245822
196,27,Box,7.76992,-47.0701,0.208416,0.037941,-31.1364,0.0195254
196,28,Box,8.8412,-46.9493,0.159406,0.0292521,-31.0796,-0.00258224
196,29,Box,9.92359,-46.8263,0.161431,0.0422488,-31.0095,0.157507
196,30,Box,0,-45.6291,0,0,-30.8895,0
196,31,Box,1.1,-45.6291,0,0,-30.8895,0
196,32,Box,2.2,-45.6291,0,0,-30.8895,0
196,33,Box,3.3,-45.6291,0,0,-30.8895,0
196,34,Box,4.38349,-45.7877,0.0705875,0.00103353,-31.0063,0.153217
196,35,Box,5.48793,-46.0731,0.179594,-0.01351,-31.1487,0.0420081
196,36,Box,6.67592,-46.2553,0.210953,0.0151063,-31.1773,0.0215328
196,37,Box,7.85778,-46.0604,0.178265,0.0694082,-31.1448,-0.00584091
196,38,Box,8.85986,-45.9579,0.187238,0.0504118,-31.082,-0.0365067
196,39,Box,9.94545,-45.8123,0.223076,0.0391198,-31.0139,0.0458918
196,40,Box,0,-44.5291,0,0,-30.8895,0
196,41,Box,1.1,-44.5291,0,0,-30.8895,0
196,42,Box,2.2,-44.5291,0,0,-30.8895,0
196,43,Box,3.3,-44.5291,0,0,-30.8895,0
196,44,Box,4.3519,-44.7493,0.101513,-0.0596837,-31.0022,0.0844175
196,45,Box,5.43013,-45.101,0.176292,-0.0365169,-31.173,-0.0113592
196,46,Box,6.66842,-45.277,0.221324,-0.00983738,-31.1754,0.027204
196,47,Box,7.85079,-45.0594,0.22716,0.0534903,-31.1674,-0.0446645
196,48,Box,8.86454,-44.9803,0.203803,0.0194278,-31.0804,-0.00760231
196,49,Box,9.9216,-44.7694,0.369651,-0.0336693,-30.9786,0.13586
196,50,Box,0,-43.4291,0,0,-30.8895,0
196,51,Box,1.1,-43.4291,0,0,-30.8895,0
196,52,Box,2.19408,-43.4303,0.0117981,-0.0616208,-30.9019,0.122897
196,53,Box,3.23485,-43.4485,0.0948397,-0.0740678,-30.9165,-0.0411582
196,54,Box,4.27805,-43.75,0.115962,-0.0745928,-31.042,-0.0595892
196,55,Box,5.32115,-44.1088,0.118223,-0.0984663,-31.2197,-0.0937463
196,56,Box,6.38933,-44.349,0.233414,-0.105379,-31.2356,-0.0503371
196,57,Box,7.67293,-44.1073,0.213998,-0.0418765,-31.1911,-0.0475673
196,58,Box,8.75251,-44.0186,0.158354,-0.090847,-31.1567,-0.118465
196,59,Box,9.8518,-43.7073,0.111849,0.0133172,-31.0725,-0.128092
196,60,Box,0,-42.3291,0,0,-30.8895,0
196,61,Box,1.09372,-42.3283,0.0199186,-0.0436041,-30.8837,0.138324
196,62,Box,2.10485,-42.343,0.0259283,-0.127218,-30.9106,-0.182265
196,63,Box,3.14355,-42.3797,0.027224,-0.100217,-30.9435,0.0219366
196,64,Box,4.19436,-42.7502,0.0659603,-0.112148,-31.0553,-0.0960912
196,65,Box,5.27161,-43.0922,0.0296316,-0.100687,-31.1863,-0.0223535
196,66,Box,6.35428,-43.2679,-0.0227469,-0.0954426,-31.2388,-0.0706663
196,67,Box,7.82983,-43.0606,0.0490157,0.00247738,-31.2398,-0.114333
196,68,Box,8.86187,-42.965,-0.103644,0.093352,-31.1936,-0.169025
196,69,Box,10.3261,-42.5928,-0.665924,0.29906,-31.1146,-0.326503
196,70,Box,0,-41.2291,0,0,-30.8895,0
196,71,Box,1.08286,-41.2457,-0.0045805,-0.0815991,-30.9469,-0.0884887
196,72,Box,2.09079,-41.2843,0.00887672,-0.0851366,-30.9437,0.102163
196,73,Box,3.10483,-41.3235,0.00609173,-0.130857,-30.9634,-0.0490031
196,74,Box,4.1349,-41.6844,0.0158749,-0.0823155,-31.0438,-0.00794418
196,75,Box,5.16088,-42.1064,0.0517515,-0.0902721,-31.1757,-0.00742421
196,76,Box,6.96073,-42.2677,-0.599917,0.129744,-31.3947,-0.315075
196,77,Box,8.20426,-41.9346,-0.0601059,0.224043,-31.111,-0.00816386
196,78,Box,9.32864,-42.0022,-0.31061,0.335789,-31.3058,-0.257612
196,79,Box,11.1395,-41.8153,-1.00771,0.987892,-31.3007,-0.851763
196,80,Box,-0.792801,-39.9583,-0.139742,-0.531933,-30.7753,-0.0136756
196,81,Box,0.221341,-40.1621,-0.0998127,-0.523791,-30.9227,0.00609105
196,82,Box,1.24439,-40.2281,-0.0680075,-0.497755,-30.8953,-0.0327561
196,83,Box,2.2482,-40.2374,-0.0586588,-0.474656,-30.9347,0.00675542
196,84,Box,3.25383,-40.1701,-0.0799589,-0.482965,-30.9214,0.0283406
196,85,Box,4.23077,-40.5432,-0.0997434,-0.483094,-31.0385,0.0110932
196,86,Box,6.04708,-41.3132,0.441409,-0.0546124,-31.2553,0.059359
196,87,Box,10.7405,-40.5277,-1.35007,1.49051,-30.7455,-1.13191
196,88,Box,12.598,-40.7315,-0.348334,2.17891,-31.1592,-0.547505
196,89,Box,17.234,-40.6859,0.46794,4.02847,-31.3166,0.323449
196,90,Box,-1.79874,-32.5489,5.01584,-0.879204,-27.8789,2.28378
196,91,Box,2.0961,-34.8799,-2.51682,0.487807,-28.9603,-1.31725
196,92,Box,1.84244,-38.0974,-2.49298,-0.254675,-30.3327,-1.26902
196,93,Box,5.32335,-38.8508,-0.00800521,1.05398,-30.7973,0.00815806
196,94,Box,36.407,-12.0754,-42.9638,15.8267,-17.569,-21.0805
196,95,Box,12.8848,-39.4663,-4.99571,3.55028,-30.8398,-0.98271
196,96,Box,13.9032,-40.1259,-1.53563,2.96732,-31.7413,-0.915879
196,97,Box,17.7479,-39.2202,0.743915,5.00107,-30.871,0.0726312
196,98,Box,19.2864,-38.4966,0.627933,5.37154,-30.6093,0.306996
196,99,Box,20.9742,-38.9483,-0.820979,5.74186,-30.8452,-0.465199
196,100,Circle,13.6281,-39.7796,12.6918,3.27843,-31.1815,3.41909
197,0,Box,0,-49.4258,0,0,-31.0463,0
197,1,Box,1.1,-49.4258,0,0,-31.0463,0
197,2,Box,2.2,-49.4258,0,0,-31.0463,0
197,3,Box,3.3,-49.4258,0,0,-31.0463,0
197,4,Box,4.4,-49.4258,0,0,-31.0463,0
197,5,Box,5.51352,-49.5962,0.208613,-0.0553734,-31.2215,0.276881
197,6,Box,6.68187,-49.7959,0.427221,0.102324,-31.2847,0.16355
197,7,Box,7.73325,-49.5749,0.261598,0.0405554,-31.2093,0.312688
197,8,Box,8.8094,-49.4579,0.0711175,0.0476526,-31.1521,0.275133
197,9,Box,9.9,-49.4258,0,0,-31.0463,0
197,10,Box,0,-48.3258,0,0,-31.0463,0
197,11,Box,1.1,-48.3258,0,0,-31.0463,0
197,12,Box,2.2,-48.3258,0,0,-31.0463,0
197,13,Box,3.3,-48.3258,0,0,-31.0463,0
197,14,Box,4.40167,-48.3542,-0.0547846,-0.00270549,-31.174,0.0634585
197,15,Box,5.49699,-48.5659,0.0573903,-0.00308201,-31.3101,0.054356
197,16,Box,6.68502,-48.7305,0.28914,0.0562475,-31.3013,0.0914203
197,17,Box,7.7541,-48.5583,0.207905,0.0580477,-31.2698,0.10941
197,18,Box,8.82306,-48.4405,0.146001,0.0350404,-31.1942,0.119929
197,19,Box,9.90583,-48.355,0.0568507,0.0227723,-31.1602,0.222073
197,20,Box,0,-47.2258,0,0,-31.0463,0
197,21,Box,1.1,-47.2258,0,0,-31.0463,0
197,22,Box,2.2,-47.2258,0,0,-31.0463,0
197,23,Box,3.3,-47.2258,0,0,-31.0463,0
197,24,Box,4.37922,-47.3371,-0.0196385,-0.0160929,-31.1017,0.030461
197,25,Box,5.48717,-47.5663,0.140396,0.0107768,-31.2953,0.0793614
197,26,Box,6.67843,-47.7281,0.217084,0.0435572,-31.3307,0.0245822
197,27,Box,7.77052,-47.5708,0.208729,0.037941,-31.2932,0.0195254
197,28,Box,8.84166,-47.4491,0.159364,0.0292521,-31.2364,-0.00258224
197,29,Box,9.92427,-47.325,0.163951,0.0422488,-31.1663,0.157507
197,30,Box,0,-46.1258,0,0,-31.0463,0
197,31,Box,1.1,-46.1258,0,0,-31.0463,0
197,32,Box,2.2,-46.1258,0,0,-31.0463,0
197,33,Box,3.3,-46.1258,0,0,-31.0463,0
197,34,Box,4.38351,-46.2863,0.073039,0.00103353,-31.1631,0.153217
197,35,Box,5.48771,-46.574,0.180266,-0.01351,-31.3055,0.0420081
197,36,Box,6.67616,-46.7567,0.211298,0.0151063,-31.3341,0.0215328
197,37,Box,7.85889,-46.5612,0.178171,0.0694082,-31.3016,-0.00584091
197,38,Box,8.86067,-46.4578,0.186654,0.0504118,-31.2388,-0.0365067
197,39,Box,9.94608,-46.311,0.223811,0.0391198,-31.1707,0.0458918
197,40,Box,0,-45.0258,0,0,-31.0463,0
197,41,Box,1.1,-45.0258,0,0,-31.0463,0
197,42,Box,2.2,-45.0258,0,0,-31.0463,0
197,43,Box,3.3,-45.0258,0,0,-31.0463,0
197,44,Box,4.35095,-45.2478,0.102863,-0.0596837,-31.159,0.0844175
197,45,Box,5.42954,-45.6023,0.17611,-0.0365169,-31.3298,-0.0113592
197,46,Box,6.66826,-45.7783,0.221759,-0.00983738,-31.3322,0.027204
197,47,Box,7.85165,-45.5606,0.226445,0.0534903,-31.3242,-0.0446645
197,48,Box,8.86485,-45.4801,0.203681,0.0194278,-31.2372,-0.00760231
197,49,Box,9.92106,-45.2675,0.371824,-0.0336693,-31.1354,0.13586
197,50,Box,0,-43.9258,0,0,-31.0463,0
197,51,Box,1.1,-43.9258,0,0,-31.0463,0
197,52,Box,2.1931,-43.9272,0.0137645,-0.0616208,-31.0587,0.122897
197,53,Box,3.23367,-43.9457,0.0941812,-0.0740678,-31.0733,-0.0411582
197,54,Box,4.27685,-44.2492,0.115008,-0.0745928,-31.1988,-0.0595892
197,55,Box,5.31957,-44.6109,0.116723,-0.0984663,-31.3765,-0.0937463
197,56,Box,6.38765,-44.8512,0.232608,-0.105379,-31.3924,-0.0503371
197,57,Box,7.67226,-44.6088,0.213236,-0.0418765,-31.3479,-0.0475673
197,58,Box,8.75105,-44.5196,0.156459,-0.090847,-31.3135,-0.118465
197,59,Box,9.85201,-44.2069,0.1098,0.0133172,-31.2293,-0.128092
197,60,Box,0,-42.8258,0,0,-31.0463,0
197,61,Box,1.09302,-42.8249,0.0221318,-0.0436041,-31.0405,0.138324
197,62,Box,2.10281,-42.84,0.023012,-0.127218,-31.0674,-0.182265
197,63,Box,3.14194,-42.8773,0.027575,-0.100217,-31.1003,0.0219366
197,64,Box,4.19256,-43.2496,0.0644228,-0.112148,-31.2121,-0.0960912
197,65,Box,5.27,-43.5936,0.0292739,-0.100687,-31.3431,-0.0223535
197,66,Box,6.35275,-43.7702,-0.0238775,-0.0954426,-31.3956,-0.0706663
197,67,Box,7.82987,-43.5629,0.0471863,0.00247738,-31.3966,-0.114333
197,68,Box,8.86336,-43.4666,-0.106348,0.093352,-31.3504,-0.169025
197,69,Box,10.3309,-43.0931,-0.671148,0.29906,-31.2714,-0.326503
197,70,Box,0,-41.7258,0,0,-31.0463,0
197,71,Box,1.08155,-41.7434,-0.00599632,-0.0815991,-31.1037,-0.0884887
197,72,Box,2.08942,-41.7819,0.0105113,-0.0851366,-31.1005,0.102163
197,73,Box,3.10274,-41.8215,0.00530768,-0.130857,-31.1202,-0.0490031
197,74,Box,4.13359,-42.1836,0.0157478,-0.0823155,-31.2006,-0.00794418
197,75,Box,5.15944,-42.6077,0.0516327,-0.0902721,-31.3325,-0.00742421
197,76,Box,6.9628,-42.7726,-0.604958,0.129744,-31.5515,-0.315075
197,77,Box,8.20784,-42.4349,-0.0602365,0.224043,-31.2678,-0.00816386
197,78,Box,9.33401,-42.5056,-0.314731,0.335789,-31.4626,-0.257612
197,79,Box,11.1554,-42.3186,-1.02134,0.987892,-31.4575,-0.851763
197,80,Box,-0.801312,-40.4532,-0.139961,-0.531933,-30.9321,-0.0136756
197,81,Box,0.21296,-40.6594,-0.0997152,-0.523791,-31.0795,0.00609105
197,82,Box,1.23643,-40.725,-0.0685316,-0.497755,-31.0521,-0.0327561
197,83,Box,2.2406,-40.7349,-0.0585507,-0.474656,-31.0915,0.00675542
197,84,Box,3.2461,-40.6673,-0.0795055,-0.482965,-31.0782,0.0283406
197,85,Box,4.22304,-41.0423,-0.099566,-0.483094,-31.1953,0.0110932
197,86,Box,6.0462,-41.8158,0.442359,-0.0546124,-31.4121,0.059359
197,87,Box,10.7643,-41.0221,-1.36818,1.49051,-30.9023,-1.13191
197,88,Box,12.6329,-41.2326,-0.357094,2.17891,-31.316,-0.547505
197,89,Box,17.2985,-41.1895,0.473116,4.02847,-31.4734,0.323449
197,90,Box,-1.81281,-32.9975,5.05238,-0.879204,-28.0357,2.28378
197,91,Box,2.10391,-35.3457,-2.5379,0.487807,-29.1171,-1.31725
197,92,Box,1.83836,-38.5852,-2.51328,-0.254675,-30.4895,-1.26902
197,93,Box,5.34022,-39.346,-0.00787469,1.05398,-30.9541,0.00815806
197,94,Box,36.6602,-12.3591,-43.3011,15.8267,-17.7258,-21.0805
197,95,Box,12.987,-39.9762,-5.01143,3.55028,-30.9966,-0.98271
197,96,Box,13.954,-40.7997,-1.55029,2.96732,-31.8981,-0.915879
197,97,Box,17.828,-39.7166,0.745077,5.00107,-31.0278,0.0726312
197,98,Box,19.3724,-38.9889,0.632845,5.37154,-30.7661,0.306996
197,99,Box,21.066,-39.4443,-0.828422,5.74186,-31.002,-0.465199
197,100,Circle,13.6185,-40.0551,12.7466,3.27843,-31.3383,3.41909
198,0,Box,0,-49.9251,0,0,-31.2031,0
198,1,Box,1.1,-49.9251,0,0,-31.2031,0
198,2,Box,2.2,-49.9251,0,0,-31.2031,0
198,3,Box,3.3,-49.9251,0,0,-31.2031,0
198,4,Box,4.4,-49.9251,0,0,-31.2031,0
198,5,Box,5.51263,-50.0982,0.213043,-0.0553734,-31.3783,0.276881
198,6,Box,6.6835,-50.299,0.429838,0.102324,-31.4415,0.16355
198,7,Box,7.7339,-50.0767,0.266601,0.0405554,-31.3661,0.312688
198,8,Box,8.81016,-49.9589,0.0755197,0.0476526,-31.3089,0.275133
198,9,Box,9.9,-49.9251,0,0,-31.2031,0
198,10,Box,0,-48.8251,0,0,-31.2031,0
198,11,Box,1.1,-48.8251,0,0,-31.2031,0
198,12,Box,2.2,-48.8251,0,0,-31.2031,0
198,13,Box,3.3,-48.8251,0,0,-31.2031,0
198,14,Box,4.40163,-48.8555,-0.0537692,-0.00270549,-31.3308,0.0634585
198,15,Box,5.49694,-49.0694,0.05826,-0.00308201,-31.4669,0.054356
198,16,Box,6.68592,-49.2338,0.290603,0.0562475,-31.4581,0.0914203
198,17,Box,7.75503,-49.0612,0.209655,0.0580477,-31.4266,0.10941
198,18,Box,8.82362,-48.9421,0.14792,0.0350404,-31.351,0.119929
198,19,Box,9.90619,-48.8561,0.0604039,0.0227723,-31.317,0.222073
198,20,Box,0,-47.7251,0,0,-31.2031,0
198,21,Box,1.1,-47.7251,0,0,-31.2031,0
198,22,Box,2.2,-47.7251,0,0,-31.2031,0
198,23,Box,3.3,-47.7251,0,0,-31.2031,0
198,24,Box,4.37896,-47.8373,-0.0191512,-0.0160929,-31.2585,0.030461
198,25,Box,5.48734,-48.0695,0.141665,0.0107768,-31.4521,0.0793614
198,26,Box,6.67912,-48.2319,0.217477,0.0435572,-31.4875,0.0245822
198,27,Box,7.77113,-48.074,0.209041,0.037941,-31.45,0.0195254
198,28,Box,8.84213,-47.9514,0.159323,0.0292521,-31.3932,-0.00258224
198,29,Box,9.92495,-47.8261,0.166471,0.0422488,-31.3231,0.157507
198,30,Box,0,-46.6251,0,0,-31.2031,0
198,31,Box,1.1,-46.6251,0,0,-31.2031,0
198,32,Box,2.2,-46.6251,0,0,-31.2031,0
198,33,Box,3.3,-46.6251,0,0,-31.2031,0
198,34,Box,4.38352,-46.7874,0.0754905,0.00103353,-31.3199,0.153217
198,35,Box,5.4875,-47.0774,0.180938,-0.01351,-31.4623,0.0420081
198,36,Box,6.67641,-47.2605,0.211642,0.0151063,-31.4909,0.0215328
198,37,Box,7.86,-47.0646,0.178078,0.0694082,-31.4584,-0.00584091
198,38,Box,8.86147,-46.9601,0.18607,0.0504118,-31.3956,-0.0365067
198,39,Box,9.9467,-46.8123,0.224545,0.0391198,-31.3275,0.0458918
198,40,Box,0,-45.5251,0,0,-31.2031,0
198,41,Box,1.1,-45.5251,0,0,-31.2031,0
198,42,Box,2.2,-45.5251,0,0,-31.2031,0
198,43,Box,3.3,-45.5251,0,0,-31.2031,0
198,44,Box,4.34999,-45.7489,0.104214,-0.0596837,-31.3158,0.0844175
198,45,Box,5.42896,-46.1061,0.175929,-0.0365169,-31.4866,-0.0113592
198,46,Box,6.6681,-46.2822,0.222195,-0.00983738,-31.489,0.027204
198,47,Box,7.85251,-46.0643,0.225731,0.0534903,-31.481,-0.0446645
198,48,Box,8.86516,-45.9824,0.203559,0.0194278,-31.394,-0.00760231
198,49,Box,9.92052,-45.7682,0.373998,-0.0336693,-31.2922,0.13586
198,50,Box,0,-44.4251,0,0,-31.2031,0
198,51,Box,1.1,-44.4251,0,0,-31.2031,0
198,52,Box,2.19211,-44.4267,0.0157308,-0.0616208,-31.2155,0.122897
198,53,Box,3.23248,-44.4454,0.0935227,-0.0740678,-31.2301,-0.0411582
198,54,Box,4.27566,-44.7508,0.114055,-0.0745928,-31.3556,-0.0595892
198,55,Box,5.318,-45.1154,0.115223,-0.0984663,-31.5333,-0.0937463
198,56,Box,6.38588,-45.3593,0.231803,-0.105391,-31.5492,-0.0502614
198,57,Box,7.67159,-45.1129,0.212475,-0.0418765,-31.5047,-0.0475673
198,58,Box,8.7496,-45.0231,0.154563,-0.090847,-31.4703,-0.118465
198,59,Box,9.85223,-44.7091,0.10775,0.0133172,-31.3861,-0.128092
198,60,Box,0,-43.3251,0,0,-31.2031,0
198,61,Box,1.09233,-43.3241,0.024345,-0.0436041,-31.1973,0.138324
198,62,Box,2.10078,-43.3396,0.0200958,-0.127218,-31.2242,-0.182265
198,63,Box,3.14034,-43.3774,0.027926,-0.100217,-31.2571,0.0219366
198,64,Box,4.19077,-43.7515,0.0628853,-0.112148,-31.3689,-0.0960912
198,65,Box,5.26839,-44.0976,0.0289163,-0.100687,-31.4999,-0.0223535
198,66,Box,6.35032,-44.2732,-0.0250082,-0.0954305,-31.5524,-0.0706524
198,67,Box,7.82991,-44.0678,0.045357,0.00247738,-31.5534,-0.114333
198,68,Box,8.86485,-43.9708,-0.109053,0.093352,-31.5072,-0.169025
198,69,Box,10.3357,-43.596,-0.676372,0.29906,-31.4282,-0.326503
198,70,Box,0,-42.2251,0,0,-31.2031,0
198,71,Box,1.08025,-42.2435,-0.00741214,-0.0815991,-31.2605,-0.0884887
198,72,Box,2.08806,-42.2821,0.0121459,-0.0851366,-31.2573,0.102163
198,73,Box,3.10064,-42.3219,0.00452363,-0.130857,-31.277,-0.0490031
198,74,Box,4.13227,-42.6853,0.0156207,-0.0823155,-31.3574,-0.00794418
198,75,Box,5.15799,-43.1115,0.051514,-0.0902721,-31.4893,-0.00742421
198,76,Box,6.96586,-43.2785,-0.609999,0.129744,-31.7083,-0.315075
198,77,Box,8.21143,-42.9377,-0.0603672,0.224043,-31.4246,-0.00816386
198,78,Box,9.33939,-43.0115,-0.318853,0.335789,-31.6194,-0.257612
198,79,Box,11.1712,-42.8245,-1.03497,0.987892,-31.6143,-0.851763
198,80,Box,-0.809823,-40.9507,-0.14018,-0.531933,-31.0889,-0.0136756
198,81,Box,0.20458,-41.1591,-0.0996178,-0.523791,-31.2363,0.00609105
198,82,Box,1.22847,-41.2243,-0.0690556,-0.497755,-31.2089,-0.0327561
198,83,Box,2.23301,-41.2349,-0.0584426,-0.474656,-31.2483,0.00675542
198,84,Box,3.23838,-41.1671,-0.079052,-0.482965,-31.235,0.0283406
198,85,Box,4.21531,-41.544,-0.0993885,-0.483094,-31.3521,0.0110932
198,86,Box,6.04533,-42.3209,0.443309,-0.0546124,-31.5689,0.059359
198,87,Box,10.7882,-41.519,-1.38629,1.49051,-31.0591,-1.13191
198,88,Box,12.6677,-41.7361,-0.365854,2.17891,-31.4728,-0.547505
198,89,Box,17.3629,-41.6956,0.478291,4.02847,-31.6302,0.323449
198,90,Box,-1.82687,-33.4485,5.08892,-0.879204,-28.1925,2.28378
198,91,Box,2.11171,-35.8141,-2.55898,0.487807,-29.2739,-1.31725
198,92,Box,1.83429,-39.0756,-2.53359,-0.254675,-30.6463,-1.26902
198,93,Box,5.35708,-39.8438,-0.00774416,1.05398,-31.1109,0.00815806
198,94,Box,36.9134,-12.6452,-43.6384,15.8267,-17.8826,-21.0805
198,95,Box,13.1335,-40.5039,-5.02716,3.55028,-31.1534,-0.98271
198,96,Box,14.0011,-41.2533,-1.56494,2.99324,-31.9212,-1.25727
198,97,Box,17.908,-40.2156,0.746239,5.00107,-31.1846,0.0726312
198,98,Box,19.4583,-39.4837,0.637757,5.37154,-30.9229,0.306996
198,99,Box,21.1579,-39.9429,-0.835866,5.74186,-31.1588,-0.465199
198,100,Circle,13.5571,-40.5973,12.8013,3.24543,-31.6653,3.34961
199,0,Box,0,-50.4269,0,0,-31.3599,0
199,1,Box,1.1,-50.4269,0,0,-31.3599,0
199,2,Box,2.2,-50.4269,0,0,-31.3599,0
199,3,Box,3.3,-50.4269,0,0,-31.3599,0
199,4,Box,4.4,-50.4269,0,0,-31.3599,0
199,5,Box,5.51221,-50.6106,0.217473,-0.0554799,-31.5359,0.278247
199,6,Box,6.68736,-50.812,0.432454,0.102402,-31.5986,0.164243
199,7,Box,7.73591,-50.5874,0.271604,0.0405554,-31.5229,0.312688
199,8,Box,8.81097,-50.4629,0.0799218,0.0480637,-31.4671,0.277553
199,9,Box,9.9,-50.4269,0,0,-31.3599,0
199,10,Box,0,-49.3269,0,0,-31.3599,0
199,11,Box,1.1,-49.3269,0,0,-31.3599,0
199,12,Box,2.2,-49.3269,0,0,-31.3599,0
199,13,Box,3.3,-49.3269,0,0,-31.3599,0
199,14,Box,4.40158,-49.3593,-0.0527539,-0.00270549,-31.4876,0.0634585
199,15,Box,5.49681,-49.5739,0.0591297,-0.00288188,-31.6233,0.0543978
199,16,Box,6.68696,-49.7429,0.292065,0.056183,-31.6153,0.0916233
199,17,Box,7.75578,-49.5657,0.211406,0.0580477,-31.5834,0.10941
199,18,Box,8.82452,-49.4482,0.149839,0.0365622,-31.5117,0.12274
199,19,Box,9.90662,-49.3606,0.0639571,0.0227723,-31.4738,0.222073
199,20,Box,0,-48.2268,0,0,-31.3599,0
199,21,Box,1.1,-48.2268,0,0,-31.3599,0
199,22,Box,2.2,-48.2268,0,0,-31.3599,0
199,23,Box,3.3,-48.2268,0,0,-31.3599,0
199,24,Box,4.3787,-48.3399,-0.0186638,-0.0160929,-31.4153,0.030461
199,25,Box,5.48787,-48.574,0.142935,0.0107551,-31.6088,0.0784498
199,26,Box,6.67951,-48.7371,0.217871,0.0435643,-31.6444,0.0249336
199,27,Box,7.7715,-48.5794,0.209354,0.0380382,-31.6071,0.0206898
199,28,Box,8.84305,-48.4588,0.159282,0.0306239,-31.5535,-0.0103934
199,29,Box,9.92615,-48.3323,0.168991,0.0422488,-31.4799,0.157507
199,30,Box,0,-47.1269,0,0,-31.3599,0
199,31,Box,1.1,-47.1269,0,0,-31.3599,0
199,32,Box,2.2,-47.1269,0,0,-31.3599,0
199,33,Box,3.3,-47.1269,0,0,-31.3599,0
199,34,Box,4.38354,-47.291,0.0779419,0.00103353,-31.4767,0.153217
199,35,Box,5.48742,-47.5831,0.18161,-0.0135819,-31.6189,0.0412674
199,36,Box,6.67629,-47.7652,0.211987,0.0153047,-31.6479,0.0214806
199,37,Box,7.86109,-47.5703,0.177984,0.0692915,-31.6158,-0.00542427
199,38,Box,8.86303,-47.4682,0.185486,0.046899,-31.561,-0.0284395
199,39,Box,9.94842,-47.3199,0.225279,0.0391198,-31.4843,0.0458918
199,40,Box,0,-46.0268,0,0,-31.3599,0
199,41,Box,1.1,-46.0268,0,0,-31.3599,0
199,42,Box,2.2,-46.0268,0,0,-31.3599,0
199,43,Box,3.3,-46.0268,0,-0.0419822,-31.3683,0.0300038
199,44,Box,4.34904,-46.2524,0.105565,-0.018819,-31.4764,-0.0147912
199,45,Box,5.42797,-46.6116,0.175747,-0.0365372,-31.6436,-0.0108437
199,46,Box,6.66774,-46.7869,0.22263,-0.0100121,-31.6462,0.0272657
199,47,Box,7.8536,-46.5708,0.225016,0.0522307,-31.639,-0.0449202
199,48,Box,8.86572,-46.4906,0.203438,-0.0136167,-31.5335,0.0585748
199,49,Box,9.91945,-46.275,0.376172,0.000207508,-31.4562,0.086616
199,50,Box,0,-44.9268,0,0,-31.3599,0
199,51,Box,1.1,-44.9268,0,0,-31.3599,0
199,52,Box,2.19113,-44.9286,0.0176972,-0.0616208,-31.3723,0.122897
199,53,Box,3.2313,-44.9476,0.0928641,-0.0740678,-31.3869,-0.0411582
199,54,Box,4.27452,-45.2559,0.113101,-0.074765,-31.5075,-0.0724761
199,55,Box,5.3154,-45.6188,0.113723,-0.098098,-31.6899,-0.0946038
199,56,Box,6.38322,-45.862,0.230999,-0.105609,-31.7055,-0.0503286
199,57,Box,7.67001,-45.6201,0.211714,-0.0422121,-31.6613,-0.046885
199,58,Box,8.74515,-45.5277,0.152668,-0.090847,-31.6271,-0.118465
199,59,Box,9.85249,-45.207,0.105701,0.0152172,-31.5358,-0.132597
199,60,Box,0,-43.8268,0,0,-31.3599,0
199,61,Box,1.09163,-43.8257,0.0265581,-0.0436041,-31.3541,0.138324
199,62,Box,2.09874,-43.8417,0.0171796,-0.127218,-31.381,-0.182265
199,63,Box,3.13874,-43.88,0.028277,-0.100217,-31.4139,0.0219366
199,64,Box,4.18892,-44.2551,0.0613479,-0.11117,-31.5186,-0.102191
199,65,Box,5.26677,-44.6039,0.0285586,-0.100723,-31.6565,-0.0230593
199,66,Box,6.34783,-44.7802,-0.0261386,-0.0952567,-31.7084,-0.0704381
199,67,Box,7.83193,-44.5733,0.0435277,0.00363509,-31.7092,-0.112494
199,68,Box,8.86528,-44.4739,-0.111757,0.0921829,-31.6639,-0.168923
199,69,Box,10.3435,-44.0977,-0.681596,0.356776,-31.6547,-0.0242996
199,70,Box,0,-42.7268,0,0,-31.3599,0
199,71,Box,1.07894,-42.7462,-0.00882796,-0.111652,-31.417,-0.00571772
199,72,Box,2.0867,-42.7847,0.0137806,-0.0550835,-31.4144,0.0140623
199,73,Box,3.09855,-42.8248,0.00373958,-0.130857,-31.4338,-0.0490031
199,74,Box,4.13095,-43.1896,0.0154936,-0.0823155,-31.5142,-0.00794418
199,75,Box,5.15654,-43.6177,0.0513952,-0.0902721,-31.6461,-0.00742421
199,76,Box,6.96322,-43.7828,-0.61504,0.128891,-31.8642,-0.319692
199,77,Box,8.21523,-43.4395,-0.0604978,0.223997,-31.5811,-0.00837098
199,78,Box,9.34609,-43.516,-0.322975,0.278073,-31.7066,-0.34489
199,79,Box,11.187,-43.3328,-1.0486,0.987892,-31.7711,-0.851763
199,80,Box,-0.818334,-41.4506,-0.140399,-0.531933,-31.2457,-0.0136756
199,81,Box,0.196199,-41.6614,-0.0995203,-0.523791,-31.3931,0.00609105
199,82,Box,1.2205,-41.7261,-0.0695797,-0.497755,-31.3657,-0.0327561
199,83,Box,2.22541,-41.7373,-0.0583345,-0.474656,-31.4051,0.00675542
199,84,Box,3.23065,-41.6694,-0.0785986,-0.482997,-31.3918,0.028228
199,85,Box,4.20758,-42.0481,-0.099211,-0.483062,-31.5089,0.0111141
199,86,Box,6.04445,-42.8285,0.444258,-0.0546124,-31.7257,0.059359
199,87,Box,10.812,-42.0185,-1.4044,1.49051,-31.2159,-1.13191
199,88,Box,12.7026,-42.2422,-0.374614,2.17891,-31.6296,-0.547505
199,89,Box,17.4274,-42.2041,0.483466,4.02847,-31.787,0.323449
199,90,Box,-1.84094,-33.9021,5.12546,-0.879204,-28.3493,2.28378
199,91,Box,2.11952,-36.285,-2.58005,0.487807,-29.4307,-1.31725
199,92,Box,1.83021,-39.5684,-2.55389,-0.254675,-30.8031,-1.26902
199,93,Box,5.37395,-40.3441,-0.00761363,1.05398,-31.2677,0.00815806
199,94,Box,37.1667,-12.9338,-43.9757,15.8267,-18.0394,-21.0805
199,95,Box,13.1903,-41.0048,-5.04288,3.55028,-31.3102,-0.98271
199,96,Box,14.049,-41.7665,-1.58506,2.99324,-32.078,-1.25727
199,97,Box,17.988,-40.7171,0.747401,5.00107,-31.3414,0.0726312
199,98,Box,19.5443,-39.9809,0.642669,5.37154,-31.0797,0.306996
199,99,Box,21.2498,-40.4439,-0.843309,5.74186,-31.3156,-0.465199
199,100,Circle,13.609,-41.1065,12.8548,3.24543,-31.8221,3.34961
